id_item,chave,ficha,variavel,tipo,valor_original,valor_revalidacao,status,score,sugestao_terceiro_leitor,valor_sugerido,trecho,pagina,justificativa_ia,decisao_humana,valor_final,motivo_humano
C025,Agranov2017a,Agranov2017a,moderadores_relatados,categorica,competitividade + outro (outro: pertencimento ao grupo majoritário ou minoritário esperado; custo de votar de 25 contra 50 centavos; tratamento informacional; extremidade das crenças),competitividade + preferencia_previa,discorda,0.0,nenhum,competitividade + outro + preferencia_previa,Table 3 contains the observed voting propensities as a function of whether an individual is part of the expected minority or majority,21,"Ser da maioria ou da minoria esperada é preferir a opção mostrada à frente ou atrás, isto é, preferencia_previa, como diz a revalidação. Mas o texto também relata resultados por custo de votar e por extremidade das crenças (outro), que a original registra. Os dois estão incompletos.",,,
C059,Cornejo2023a,Cornejo2023a,dias_ate_eleicao,numerica_int,7,4 a 6 dias,discorda,0.0,nenhum,5,"The polling firm BGC Beltrán y Asocs. conducted a telephone survey between the 1st and 3rd of June7. The election was held on Sunday, June 7th.",18,"A exposição ocorreu entre 1 e 3 de junho e a eleição foi em 7 de junho: 4 a 6 dias, com ponto médio 5. O '7' vem do 'a week before' aproximado do autor (p. 17), e a revalidação não é um inteiro.",,,
C132,Lammers2022a,Lammers2022a,b2_significancia_05,categorica,apoio_ao_lider: sim,"apoio_ao_lider: 999 — mesma razão da variável anterior: a Tabela 2 reporta significância de sete preditores distintos (não de um único ""efeito principal"" da exposição), o que impede uma resposta única sem inferência. Ver Notas.",discorda,0.0,nenhum,apoio_ao_lider: nao_reportada,"showed the predicted interaction-effect, F(1, 198) = 29.71, p < .0001",10,"Os autores reportam só a significância da interação e dos efeitos simples do fator heurístico vs. moral, não a do contraste à frente vs. atrás; pela regra 'como reportado', a significância do efeito da exposição não foi reportada.",,,
C154,Meffert2011,Meffert2011,outcome_medida,textual,"Voto insincero, indicador individual dicotômico: voto declarado no experimento em partido diferente do ranqueado em primeiro lugar pelo próprio participante, medido na votação final após a busca de informação; medida secundária, descritiva, de voto estratégico explícito (voto insincero somado a razão estratégica declarada espontaneamente). O apoio medido é o desvio para fora do partido preferido, majoritariamente para o pequeno partido mostrado atrás, perto da cláusula. Individual, não agregado.","Indicador de ""voto insincero"" (dicotômico): qualquer voto para partido diferente do mais preferido/melhor ranqueado (ou empatado com ele) pelo próprio participante no ranking inicial; subconjunto de ""voto estratégico"" exige, além disso, que o participante tenha oferecido espontaneamente uma razão estratégica na tarefa aberta pós-voto. Medida individual, escolha declarada dentro do experimento (não outcome eleitoral real).",discorda_parcial,0.5,nenhum,"Voto insincero, indicador individual dicotômico: voto final no experimento em partido diferente do mais bem ranqueado pelo participante (ou de um empatado com ele); subconjunto de voto estratégico explícito, que exige também uma razão estratégica dada espontaneamente na pergunta aberta. Mede a defecção do próprio partido preferido, que é o líder (partido grande a 41%) para apoiadores de partido grande e o pequeno partido perto ou abaixo da cláusula para apoiadores de partido pequeno; o texto não informa para qual partido vão os votos desertores. Individual, não agregado.","To be classiﬁed as a strategic voter,participants not only had to vote for a party other than the one ranked highest – or any other party that was tied (rated the same) with this party",25,"O original diz que a defecção vai 'majoritariamente para o pequeno partido perto da cláusula', o que o texto não informa. A revalidação não diz se o apoio é ao líder ou a quem está atrás, informação que o codebook exige.",,,
C181,Morton2015a,Morton2015a,b2_hipoteses_testes,textual,"Hipótese de tendências paralelas, sustentada pela inspeção gráfica das trajetórias de comparecimento antes da reforma (Figuras 2 e 3) e pela inclusão de tendências temporais lineares e quadráticas específicas por departamento; testes apresentados: placebo com 1994 como ano falso da reforma, placebo com os OST orientais como grupo tratado falso, placebo com o comparecimento nas eleições legislativas, dummy para a Guiana no primeiro turno de 2002 e reestimação excluindo o primeiro turno de 2002","Testes de robustez reportados: (i) estimativas placebo usando 1994 como falso ano de reforma; (ii) OST orientais como falso grupo tratado; (iii) tendências temporais lineares e quadráticas específicas por departamento (teste de tendências paralelas); (iv) placebo com dados de eleições parlamentares (mesmas unidades, resultado não deveria ser afetado); (v) exclusão do primeiro turno de 2002 (""efeito Le Pen"") e de outliers de margem de voto.",discorda_parcial,0.5,nenhum,"Hipótese de tendências paralelas (nota 27), sustentada pela inspeção gráfica das trajetórias pré-reforma (Figuras 2 e 3) e por tendências lineares e quadráticas específicas por departamento; testes: placebo com 1994 como falso ano da reforma; placebo com os OST orientais como falso tratado; placebo com o comparecimento nas eleições legislativas (Tabelas 7 e 13); dummy para a Guiana no 1º turno de 2002; reestimação sem o 1º turno de 2002 (Le Pen); no bandwagon, reestimação excluindo as observações com vantagem no continente acima de 20 p.p. (Tabela 8).","In order to check for robustness, we ﬁrst calculate placebo estimates using 1994 as the year in which reform was implemented",28,Cada versão omite algo que o texto reporta: o original não traz a exclusão de outliers da Tabela 8; a revalidação não declara a hipótese de tendências paralelas como hipótese nem registra a dummy da Guiana. O valor sugerido junta as duas.,,,
C183,Morton2015a,Morton2015a,b2_controles,textual,dummy de OST ; dummy de turno (round dummy) ; tendência temporal linear específica por departamento,"mobilizacao: dummy de OST ; dummy de turno (round) ; tendência temporal linear específica por departamento ; tendência temporal quadrática específica por departamento (variando por especificação, ver Tabelas 4 e 5). apoio_ao_lider: nenhum controle adicional — a equação (2) usa apenas a diferença de votos no continente, uma dummy pós-2005 e a interação entre ambos.",discorda_parcial,0.5,nenhum,"mobilizacao: dummy de OST ; dummy de turno ; tendência temporal linear específica por departamento. apoio_ao_lider: nenhum (a equação 2 tem só a diferença no continente, a dummy pós-2005 e a interação).","X a vector of controls that contains time trends, second round election dummy and OST dummies",20,"Na Tabela 5, col. (1), o modelo tem dummy de OST, dummy de turno e tendência linear por departamento, sem a quadrática (col. 2 e 4); a revalidação inclui a quadrática por engano, e o original omite que o modelo de apoio ao líder (Tabela 8) não tem controles.",,,
C201,Schlegel2023,Schlegel2023,limitacoes_autores,textual,"Ausência de uma condição contrafactual em que os respondentes não enfrentem incentivos para o voto estratégico, o que impede saber se quem desvia do voto sincero o faz apenas por incentivo estratégico; os aumentos de voto estratégico com informação mais precisa observados no piloto não se replicam no estudo principal; e, no piloto, o tratamento alternativo de carga cognitiva por história de distração não afetou o desempenho no teste de lógica.","Os próprios autores reconhecem a ausência de uma condição contrafactual sem qualquer incentivo estratégico, o que limita a interpretação causal do papel isolado do incentivo.",discorda,0.0,nenhum,"Ausência de uma condição contrafactual em que os respondentes não enfrentem incentivos para o voto estratégico, o que impede saber se quem desvia do voto sincero o faz apenas em resposta aos incentivos estratégicos ou por outros fatores.","However, it is crucial to acknowledge the lack of a counterfactual condition in which respondents face no incentives for strategic voting.",4,"A única limitação declarada como tal é a falta de contrafactual sem incentivo, que impede saber se o desvio responde ao incentivo estratégico ou a outros fatores (não o 'papel isolado do incentivo', como diz a revalidação). A não replicação do piloto e a falha da história de distração são resultados, não limitações declaradas, como a original lista.",,,
C210,Schlegel2023,Schlegel2023,mecanismo_testado,categorica,informacao + viabilidade_estrategico,informacao + outro (recursos cognitivos / carga cognitiva),discorda,0.0,nenhum,informacao + outro + viabilidade_estrategico,pro- viding respondents with more accurate polling information reduces the perceived likelihood of Candidate A (most preferred candidate) winning the election.,5,"O estudo testa com dados a informação (tratamento de incerteza), os recursos cognitivos (outro: carga cognitiva) e o canal de viabilidade estratégica (probabilidade percebida de vitória de A e voto no viável B). A original omite 'outro'; a revalidação omite viabilidade_estrategico.",,,
C257,Witsman2016a,Witsman2016a,margem_mostrada,textual,"cenário 1: 1 ponto percentual entre o democrata e o republicano, tratado como empate estatístico, com o independente em 5%, 15%, 25%, 35% ou 45% ; cenário 2: 3 pontos percentuais entre o democrata e o republicano, com o independente em 25% ; cenário 3: 999 quanto à margem entre primeiro e segundo colocado, sendo relatada apenas a variação de 10 pontos percentuais do independente entre as duas pesquisas",cenário 1 (exemplo do Apêndice): Independente 25% vs. Republicano 38% vs. Democrata 37% (margem de 1 ponto entre os dois maiores) ; cenário 2: Republicano 39% vs. Democrata 36% (ou o inverso) — margem de 3 pontos entre o segundo e o terceiro colocados,discorda,0.0,nenhum,"cenário 1, braços de 5%, 15% e 25%: 1 ponto percentual entre republicano e democrata, que lideram (ex.: 38% vs. 37% com o independente em 25%) ; cenário 1, braços de 35% e 45%: 999 (o independente passa à frente e os percentuais exatos de republicano e democrata não são reportados; pela regra de dividir o restante ao meio, a margem seria de cerca de 2 e 17 pontos) ; cenário 2: 3 pontos percentuais (39% vs. 36%) ; cenário 3, pesquisa mais recente: 0 ponto percentual (democrata 35% vs. republicano 35%, apêndice)","For this reason, a one percent difference between the democratic and republican candidates in the first scenario was deemed a statistical tie",30,"A margem pedida é entre o primeiro e o segundo colocado. Nos braços de 35% e 45% o primeiro é o independente, logo 1 ponto entre D e R não é essa margem (erro da original). No cenário 2, os 3 pontos separam o primeiro do segundo, não o segundo do terceiro (erro da revalidação). O cenário 3 tem margem de 0 na pesquisa recente, que é igual em todos os braços (p. 39 impressa e apêndice na p. 61).",,,
C019,Agranov2017a,Agranov2017a,b2_direcao_estimativa_principal,categorica,apoio_ao_lider: benefica ; mobilizacao: benefica,mobilizacao: zero,discorda,0.0,indecidivel,"apoio_ao_lider: benefica para vantagens previstas moderadas e danosa para vantagens > 3, sem estimativa única ; mobilizacao: benefica na maioria esperada e danosa na minoria, sem estimativa agregada","In other words, both eﬀects gain support in our data, but which one prevails depends on whether or not the poll ends up in a close or landslide outcome.",37,"A Figura 4 não dá estimativa pontual única: é bandwagon com vantagem prevista moderada e underdog acima de 3. Na Tabela 3, a maioria vota mais que no No Polls (0,63 contra 0,55 com custo 25) e a minoria menos (0,38), e não há propensão total nos braços com pesquisa. O 'benefica' da original simplifica demais, e o 'zero' da revalidação contraria a regra (zero só com estimativa exatamente 0).",,,
C165,Meffert2011,Meffert2011,b2_direcao_estimativa_principal,categorica,apoio_ao_lider: benefica,"voto_insincero (pesquisa fechada manipulada): zero/não significativa, sinal negativo (redutor da defecção, oposto ao esperado, não significativo) ; voto_insincero (sinal de coalizão manipulado): zero/não significativa, sinal positivo (aumenta a defecção, conforme esperado, não significativo). A convenção ""benéfica/danosa"" do protocolo (definida para apoio_ao_lider/mobilizacao) não é aplicável a este outcome — ver Notas.",discorda,0.0,indecidivel,"apoio_ao_lider: 999 (estimativa pontual da pesquisa apertada B = -0,51, menos voto insincero; a orientação em relação ao líder não é determinável)",Major party supporters might decide to defect from their safe and dominant major party and cast a rental vote for the preferred small coalition partner to ensure this party’s entry into,12,"O outcome junta dois grupos em que a defecção tem sentidos opostos. Para apoiadores de partido grande, defecção é sair do líder rumo ao pequeno partido na cláusula; para apoiadores de partido pequeno, é abandonar o partido abaixo dela. B = -0,51 não se traduz em 'benefica' nem em 'danosa', e o 'zero' da revalidação viola a regra (zero só para estimativa exatamente 0).",,,
C187,Morton2015a,Morton2015a,b2_significancia_05,categorica,apoio_ao_lider: nao ; mobilizacao: sim,mobilizacao: sim ; apoio_ao_lider: sim,discorda,0.0,indecidivel,"mobilizacao: sim ; apoio_ao_lider: nao com EP OLS ou agrupado (p < 0,10), sim com bootstrap ou bootstrap em blocos (p < 0,01)","The diﬀerence δ between both coeﬃcients is therefore negative (−5.22) and statistically signiﬁcant at the 10% level using ordinary clustered, and bootstrapped standard error estimates (middle of Table 8) in the t-test.",33,"Na mobilização os dois dizem sim (0,11, EP 0,02). No apoio ao líder, a Tabela 8 marca δ com * (10%) para EP OLS e agrupado e com *** para bootstrap e bootstrap em blocos, e o texto afirma só 10%; o artigo não diz qual EP é o principal. A regra dos próprios autores para poucos clusters (bootstrap em blocos, p. 23) apontaria para sim, mas o texto não fecha a questão.",,,
C010,Agranov2017a,Agranov2017a,efeitos_nao_intencionais,textual,"A disponibilidade de informação reduz a probabilidade de participação do grupo minoritário, isto é, desmobiliza quem apoia a alternativa mostrada atrás, e torna as eleições de goleada significativamente mais frequentes do que no tratamento sem pesquisa. Os autores também registram que a pesquisa pré-eleitoral superestima sistematicamente o comparecimento declarado: 82% dos sujeitos disseram que votariam e menos de 50% votaram.","Desmobilização do grupo minoritário associada à disponibilidade de informação sobre a distribuição de preferências (redução da participação da minoria quando há Perfect Polls ou Lab Polls, em contraste com a previsão teórica de maior participação da minoria informada).",discorda,0.0,revalidacao,"Desmobilização do grupo minoritário quando há informação (Perfect Polls ou Lab Polls): a participação da minoria cai em relação ao No Polls, ao contrário da previsão teórica de mais participação da minoria informada.","Furthermore, the availability of information reduces the probability of minority participation and increases the probability of majority partic- ipation.",21,"O efeito não intencional que o texto relata é a desmobilização da minoria, e as duas extrações o registram. O excesso de comparecimento declarado na pesquisa (82% contra menos de 50%) mede a pesquisa, não é efeito da exposição. As goleadas mais frequentes são consequência agregada, fora da lista do codebook.",,,
C016,Agranov2017a,Agranov2017a,b2_teste_falsificacao,categorica,"Sim — os autores reportam ausência de viés persistente a favor das alternativas blue ou red, teste sobre um rótulo irrelevante equivalente a um placebo, além de dummies de grupo e de período não significativas.","Não — justificativa: não há menção a placebo, pré-tendência, outcome falso ou corte falso no texto lido; há apenas testes de ausência de efeitos de grupo/tempo na regressão (não configuram teste de falsificação no sentido do codebook).",discorda,0.0,revalidacao,"Não — não há placebo, pré-tendência, outcome falso ou corte falso; há só checagens de efeitos de grupo, de período, de ordem dos custos e dos rótulos das cores.",We note that there were no persistent biases toward the blue or red alternatives: behavior was not signiﬁcantly diﬀerent across the labels of the alternatives.,33,"Pelo codebook, Sim exige placebo, pré-tendência, outcome falso ou corte falso. A checagem dos rótulos red/blue verifica a neutralidade dos rótulos num desenho em que a cor é induzida, não é placebo do efeito da pesquisa. Por isso, Não.",,,
C022,Agranov2017a,Agranov2017a,nivel_desfecho,categorica,comparecimento_individual,escolha_incentivada_experimento,discorda,0.0,revalidacao,escolha_incentivada_experimento,Voting (for either red or blue) entails a cost of either 25 cents or 50 cents.,13,"O desfecho é a decisão de votar ou se abster em laboratório, com custo e prêmio monetários, ou seja, uma escolha incentivada em experimento. Comparecimento_individual é para o comparecimento a uma eleição real, e a vantagem agregada da Figura 4 também vem dessas escolhas.",,,
C082,Gasperoni2015a,Gasperoni2015a,mecanismo_testado,categorica,conformidade + viabilidade_estrategico,consenso_heuristica + viabilidade_estrategico,discorda,0.0,revalidacao,consenso_heuristica + viabilidade_estrategico,This paper explores Italian voters’ perception of pre-election polls and the latter’s role as a heuristic influencing voter choice.,2,"O estudo trata a pesquisa como heurística (autoridade epistêmica) e compara o Grupo 1 com o Grupo 2 (estratégico) e os eleitores pela confiança nas pesquisas; o texto não fala de pressão social nem do desejo de estar do lado vencedor, o que corresponderia a conformidade.",,,
C092,Grillo2024c,Grillo2024c,mecanismo_tipo_evidencia,categorica,hipotese_dos_autores,"teste_de_canal (testam heterogeneidade por participação de eleitores de esquerda no 1º turno como proxy do mecanismo, embora com significância fraca)",discorda,0.0,revalidacao,teste_de_canal,"Speciﬁcally, given the ideological positions of Macron and Le Pen, voters with left-wing preferences could be more likely to opt for abstention after the information shock, instead of voting for a candidate that was only weakly preferred.",10,"Além de enunciar o mecanismo (voto instrumental), os autores testam implicações dele por heterogeneidade (proximidade da Bélgica como exposição; departamentos de esquerda com preferência fraca), o que é teste de canal, embora fraco (p = 0,113). O valor no vocabulário é só teste_de_canal, sem o parêntese.",,,
C105,Grillo2024c,Grillo2024c,margem_mostrada,textual,999,"Macron previsto com pelo menos 60% dos votos, depois atualizado para 62%-64%, ante Le Pen (margem implícita de aproximadamente 24 a 28 pontos percentuais)",discorda,0.0,revalidacao,"Macron previsto com pelo menos 60% dos votos (margem implícita de pelo menos 20 p.p.), depois atualizado para 62%-64% (margem implícita de 24 a 28 p.p.) contra Le Pen","RTBF reported already at around 16:00 that Macron was predicted to win with at least 60% of the votes, and updated his vote share to 62%-64% at around 16:20.",6,"A informação divulgada está no texto, então 999 está errado; num segundo turno com dois candidatos a margem decorre das parcelas reportadas. A revalidação está certa em substância; o valor sugerido só acrescenta a margem do primeiro anúncio (pelo menos 20 p.p.).",,,
C155,Meffert2011,Meffert2011,mecanismo_tipo_evidencia,categorica,teste_de_canal,mediacao_estatistica,discorda,0.0,revalidacao,mediacao_estatistica,"However, as shown above, the objective conditions affect the respective perceptions and thus exert an indirect effect.",27,"Os autores estimam o efeito da manipulação sobre as percepções (Figura 5, Tabela 3) e comparam o modelo de voto com e sem as percepções (Tabela 4). É a lógica de mediação estatística, sem teste formal do efeito indireto.",,,
C158,Meffert2011,Meffert2011,efeitos_nao_intencionais,textual,"Os autores relatam que a defecção induzida pela percepção do sinal de coalizão, quando as pesquisas não a justificam, é em termos instrumentais uma decisão errada, e que os eleitores que seguem esses sinais são seguidores passivos dos partidos, não eleitores estratégicos informados; registram ainda que eleitores partidários sensíveis ao sinal podem se abster caso não gostem do parceiro de coalizão indicado. Desmobilização (comparecimento, interesse, busca de informação) não é medida nem testada.",999,discorda,0.0,revalidacao,999,"Second, perceived coalition signals by the parties also seem to persuade some voters to defect. If the polls do not justify such behaviour, it is, in instrumental or rational terms, in fact a wrong decision.",28,"Os dois efeitos listados no original vêm dos sinais de coalizão, não da exposição à pesquisa, e a abstenção aparece só como conjectura entre parênteses (folha 28). O texto não relata nem testa efeito não intencional das pesquisas. Caso limítrofe: o revisor pode querer registrar a nota do original.",,,
C171,Morton2015a,Morton2015a,pais_estudo,textual,"França — territórios ultramarinos a oeste (Polinésia Francesa, São Pedro e Miquelão, Guadalupe, Guiana Francesa e Martinica), com os OST orientais e a França metropolitana como comparação",França,discorda,0.0,revalidacao,França,we exploit a 2005 voting reform in France to estimate the causal eﬀect of exit poll information on turnout and bandwagon,5,"A eleição é a presidencial nacional francesa e os dados cobrem os 105 departamentos (continente e OST); o codebook só pede o subnacional quando o estudo é subnacional. A descrição de tratados e controles do original pertence a comparador/populacao, não ao país.",,,
C189,Morton2015a,Morton2015a,margem_mostrada,textual,"Varia por eleição e turno: a Tabela 1 reporta a diferença prevista às 20h entre os candidatos pivotais em cada uma das seis eleições (por exemplo, diferença prevista de 3,4% entre os dois candidatos no segundo turno de 1981); na análise de outliers os autores excluem as observações em que a vantagem no continente superou 20 pontos percentuais","2º turno, diferença 1º vs. 2º colocado nas previsões de boca de urna (Tabela 1, coluna ""Diff pivotal candidates"", Forecast): 1981: 3.4 ; 1988: 7.8 ; 1995: 4 ; 2002: 64.2 ; 2007: 6 ; 2012: 3.80. 1º turno: 999 (a tabela reporta a diferença entre o 2º e o 3º colocados, não entre 1º e 2º — ver Notas).",discorda,0.0,revalidacao,"2º turno, diferença 1º vs. 2º colocado nas previsões de boca de urna (Tabela 1, coluna ""Diff pivotal candidates"", Forecast): 1981: 3.4 ; 1988: 7.8 ; 1995: 4 ; 2002: 64.2 ; 2007: 6 ; 2012: 3.80. 1º turno: 999 (a tabela reporta a diferença entre o 2º e o 3º colocados, não entre 1º e 2º — ver Notas).",“Pivotal candidates” refers to the ﬁrst and second candidate in the second round and the second and the third candidate in the ﬁrst round.,13,"A revalidação traz, como reportado na Tabela 1, a diferença prevista entre primeiro e segundo no 2º turno de cada eleição, e marca o 1º turno como não reportado, porque a coluna dá o 2º contra o 3º; o original é vago. Se o revisor aceitar subtração das previsões, o 1º turno seria 3,1; 14,9; 3,4; 3,0; 4,5; 2,9.",,,
C200,Schlegel2023,Schlegel2023,efeitos_nao_intencionais,textual,"O texto não testa efeitos não intencionais da exposição a pesquisas: não há medida de comparecimento, de deserção estratégica de terceiros candidatos nem de qualidade informacional do voto. Relata apenas, como consideração normativa e não como resultado estimado, que o voto estratégico pode inflar o apoio aparente a certas plataformas políticas e que diferenças sistemáticas em recursos cognitivos entre grupos sociais podem comprometer a representação igualitária.",999,discorda,0.0,revalidacao,999,"At the same time, there is a potential downside of strategic voting, since it may inflate perceived support for certain policy platforms.",3,"O texto não relata nem testa efeitos não intencionais da exposição; a observação sobre inflar apoio é normativa, na revisão de literatura. A original ainda erra ao dizer que não há deserção de terceiro candidato, pois o próprio outcome é abandonar A, mostrado sem chance.",,,
C204,Schlegel2023,Schlegel2023,b2_modelo_principal,textual,"apoio_ao_lider: Fig. 2, painel High Incentive, linha Information & Cognitive Resources, estudo principal pré-registrado (tabelas de regressão completas em SM A.VI) ; apoio_ao_lider: Fig. 2, painel High Incentive, linha Information & Cognitive Resources, estudo piloto","apoio_ao_lider: Fig. 2, estimativas condicionais do estudo principal pré-registrado (condição de alto incentivo, alta informação e recursos cognitivos)",discorda,0.0,revalidacao,"apoio_ao_lider: Fig. 2, estimativas condicionais do estudo principal pré-registrado (condição de alto incentivo, alta informação e recursos cognitivos)","In the high incentive condition, the prob- ability to vote strategically is increased by 11 percentage points in the high information/cognitive resources condition (17 percentage points in the pilot study).",5,"Os autores tratam o estudo pré-registrado como o principal: o resumo e a introdução repetem só os 11 p.p. dele, e o piloto aparece entre parênteses como réplica. Piloto e principal não são igualmente centrais, então não se listam os dois.",,,
C205,Schlegel2023,Schlegel2023,b2_criterio_modelo_principal,categorica,declarado_pelos_autores ; declarado_pelos_autores,apoio_ao_lider: declarado_pelos_autores,discorda,0.0,revalidacao,apoio_ao_lider: declarado_pelos_autores,"In order to directly test our hypothesis, we present conditional treatment effects of information and cognitive resources for different levels of incentives in Fig. 2.",5,"Segue o C204: uma única especificação principal (Fig. 2, estudo principal), indicada pelos autores como o teste direto da hipótese.",,,
C208,Schlegel2023,Schlegel2023,sistema_eleitoral,categorica,pluralidade,regra_do_experimento,discorda,0.0,revalidacao,regra_do_experimento,"Subjects participate in a mock election between three candidates 𝐴, 𝐵, and 𝐶—leaving out explicit party labels.",4,"A eleição é simulada, com candidatos fictícios e payoff definido pelo desenho (voto sempre pivotal entre B e C); o texto não declara a regra de apuração da eleição simulada. O distrito uninominal britânico é só a referência de familiaridade dos participantes.",,,
C227,Tyszler2013,Tyszler2013,b2_estrategia_identificacao,categorica,experimento_aleatorizado_cluster,"outro — experimento de laboratório controlado, com o nível de informação atribuído por eleitorado (grupo de 12 sujeitos), desenho entre-sujeitos; o texto não declara explicitamente o mecanismo (aleatório ou não) de alocação dos eleitorados/sessões aos três tratamentos de informação — apenas que o desenho é ""between-subject"".",discorda,0.0,revalidacao,"outro — experimento de laboratório com o nível de informação atribuído por eleitorado de 12 sujeitos, entre sujeitos; o texto não declara que a alocação dos eleitorados ou sessões aos tratamentos foi aleatória",We vary information across treatments in a between-subject design.,10,"O artigo diz só que o desenho é entre sujeitos e em nenhum lugar declara alocação aleatória de sessões ou eleitorados aos tratamentos (o sorteio descrito é o das preferências, igual em todos os grupos). Classificar como experimento_aleatorizado_cluster seria inferir uma randomização que o texto não relata; o revisor pode optar por ela se aceitar a convenção de que tratamentos de laboratório são atribuídos ao acaso.",,,
C233,Tyszler2013,Tyszler2013,b2_significancia_05,categorica,apoio_ao_lider: sim,"apoio_ao_lider: sim para valor intermediário baixo (MW, p=0,013); não significativo a 5% para valor intermediário alto (MW, p=0,058), reportado como significativo apenas de forma geral pelos autores.",discorda,0.0,revalidacao,"apoio_ao_lider: sim (valor intermediário baixo, MW p = 0,013) ; nao (valor intermediário alto, MW p = 0,058)","The differences are statistically significant (for low intermediate values: MW, Z = −2.485, p = 0.013, N = 17; for high intermediate values: MW, Z = −1.899, p = 0.058, N = 17).",15,"O codebook define sim como p < 0,05 conforme reportado. O contraste principal vem em dois testes igualmente centrais, e o de valor alto tem p = 0,058, embora os autores chamem as duas diferenças de significativas. A revalidação está certa no conteúdo; o valor sugerido só a põe no vocabulário do codebook.",,,
C235,Tyszler2013,Tyszler2013,sistema_eleitoral,categorica,regra_do_experimento,pluralidade,discorda,0.0,revalidacao,pluralidade,"Plurality rule determines the winner, with ties broken by equal probability random draw.",10,"A regra de decisão do experimento é a pluralidade, e esse rótulo está no vocabulário do codebook. regra_do_experimento serve para regras de laboratório que não correspondem a um sistema nomeado, o que não é o caso aqui.",,,
C237,Tyszler2013,Tyszler2013,mecanismo_testado,categorica,informacao + viabilidade_estrategico,viabilidade_estrategico,discorda,0.0,revalidacao,viabilidade_estrategico,"Moreover, information about the realized aggregate distribution of preferences seems to be the element that best explains observed differences in voting behavior.",1,"Todos os testes tratam do voto estratégico em resposta à distribuição de apoio (pivô, Rank-Type). A comparação aggregate × full só identifica qual conteúdo alimenta esse cálculo, e como as opções são abstratas não há outro canal informativo, como aprender sobre a qualidade dos candidatos, para testar.",,,
C238,Witsman2016a,Witsman2016a,pais_estudo,textual,Estados Unidos,Estados Unidos - Kansas,discorda_parcial,0.5,revalidacao,Estados Unidos — Kansas,were asked if they were 18 years of age and eligible to vote in the United States,26,"Participantes de uma universidade do Meio-Oeste aptos a votar nos EUA, e a eleição dos três cenários é a de senador do Kansas (apêndice, p. 60, só em imagem: 'voting for Kansas' senator'); o codebook manda acrescentar o estado depois de travessão quando a eleição é subnacional.",,,
C003,Agranov2017a,Agranov2017a,populacao,textual,"Sujeitos de laboratório recrutados no CASSEL/UCLA, 198 no total, organizados em 22 grupos fixos de 9 pessoas que jogaram 440 eleições entre duas alternativas.","Sujeitos de laboratório (pool de participantes do CASSEL/UCLA), organizados em grupos de 9 por sessão.",discorda,0.0,original,"Sujeitos de laboratório do CASSEL/UCLA, 198 no total, em 22 grupos fixos de 9 pessoas que disputaram 440 eleições entre duas alternativas.","In detail, 22 groups of 9 subjects each participated in a total of 440 elections between two alternatives.",6,"As duas descrevem a mesma população, mas a original inclui o número de sujeitos, de grupos e de eleições relatados no texto (198; 22 × 9; 440), e os grupos são mesmo fixos ao longo da sessão (nota 11).",,,
C005,Agranov2017a,Agranov2017a,comparador,textual,"Tratamento de linha de base No Polls, em que os sujeitos conhecem apenas o próprio sorteio privado e a probabilidade a priori de 50-50 entre as urnas; a comparação se dá entre sessões e grupos designados a No Polls, Perfect Polls e Lab Polls.",Tratamento No Polls (sem qualquer informação sobre a distribuição de preferências) como linha de base; Perfect Polls (informação perfeita) como comparador do extremo oposto ao Lab Polls (pesquisa ruidosa e não vinculante).,discorda,0.0,original,"Tratamento No Polls: os sujeitos conhecem só o próprio sorteio privado e a probabilidade a priori de 50-50 entre as urnas; comparação entre sessões designadas a No Polls, Perfect Polls e Lab Polls.","No Polls Subjects know that each jar had a 50 −50 probability of being selected, but observe no information on the realized jar other than their private draw.",12,"Os dois usam No Polls como linha de base, mas a revalidação diz que ali não há 'qualquer informação', e o texto diz que os sujeitos conhecem o próprio sorteio e o prior 50-50. A original descreve o comparador com precisão.",,,
C006,Agranov2017a,Agranov2017a,construto_outcome,categorica,apoio_ao_lider + mobilizacao,mobilizacao,discorda,0.0,original,apoio_ao_lider + mobilizacao,"Figure 4 depicts the realized lead as a function of the lead predicted by the polls. As can be seen, for moderate predicted leads, realized leads surpass those suggested by the poll, thereby conﬁrming to a Bandwagon Eﬀect.",37,"O construto é o que o texto analisa. Além do comparecimento (Tabela 3), a Seção 6 analisa a vantagem em votos do vencedor da pesquisa (bandwagon/underdog), que é apoio agregado ao líder. Ressalva: as preferências são fixas, então essa vantagem só muda pelo comparecimento, e não há comparador sem pesquisa.",,,
C007,Agranov2017a,Agranov2017a,outcome_medida,textual,"Mobilização: decisão individual de pagar o custo e votar ou se abster em cada período, medida como propensão a votar observada e reportada separadamente para membros do grupo majoritário esperado (o lado que a pesquisa mostra à frente) e do minoritário (o lado mostrado atrás); medida individual. Apoio ao líder: vantagem efetiva em votos do vencedor indicado pela pesquisa na eleição realizada, comparada à vantagem prevista pela própria pesquisa; medida agregada por eleição.","Decisão binária de votar (red ou blue, sempre pela alternativa preferida do próprio sujeito) versus abster-se em cada período (comparecimento individual), com recompensa de $2 condicionada à vitória da alternativa preferida e custo de participação de 25 ou 50 centavos.",discorda,0.0,original,"Mobilização: decisão individual de votar ou se abster em cada período, com propensões separadas para a maioria esperada e a minoria; individual. Apoio ao líder: vantagem em votos do vencedor indicado pela pesquisa de laboratório, comparada à vantagem prevista; agregada por eleição.","Table 3 contains the observed voting propensities as a function of whether an individual is part of the expected minority or majority, when such indication exists",21,"Coerente com C006: o codebook pede a medida de cada outcome, se é apoio ao líder ou a quem está atrás e se é individual ou agregada. A original cobre os dois construtos com esses atributos; a revalidação só cobre o comparecimento.",,,
C008,Agranov2017a,Agranov2017a,mecanismo_descricao,textual,"Recurso: informação sobre a distribuição de preferências divulgada por pesquisa perfeita ou por pesquisa de laboratório, somada à eliciação incentivada das crenças de cada sujeito sobre a composição do grupo e sobre a vantagem da alternativa preferida; Raciocínio: as pesquisas alteram as crenças sobre a vantagem esperada da alternativa preferida e, pelo modelo do eleitor pivotal, isso deveria elevar a participação da minoria e reduzir a da maioria, mas os autores encontram propensão a votar crescente na vantagem esperada, padrão que atribuem à coexistência de dois grupos, um que responde à probabilidade de ser pivotal e outro movido pelo desejo de votar no vencedor a-la Callander (2007); Contexto: grupos de nove sujeitos em laboratório, com custo de votar de 25 ou 50 centavos e prêmio de $2, ambiente em que as probabilidades de ser pivotal são substanciais.","Recurso: benefício adicional 'a' por votar com o vencedor da eleição (além do benefício V/2 de ser decisivo); Raciocínio: sujeitos com utilidade u_i = V/2·Prob[alternativa preferida vence] + a·Prob[votar com o vencedor] − c votam mais quando esperam grande vantagem, pois o segundo termo cresce com a probabilidade de estar do lado vencedor; Contexto: estimado por sujeito, ajustando 'a' às 20 decisões de cada um, comparado entre os três tratamentos informacionais.",discorda,0.0,original,"Recurso: informação sobre a distribuição de preferências (pesquisa perfeita ou de laboratório), que muda as crenças sobre a vantagem da alternativa preferida; Raciocínio: pelo modelo do eleitor pivotal, a minoria deveria votar mais, mas a propensão a votar cresce com a vantagem esperada, o que os autores atribuem a um grupo que responde à pivotalidade e a outro movido pelo desejo de votar no vencedor (a-la Callander); Contexto: grupos de 9 em laboratório, custo de 25 ou 50 centavos, prêmio de $2.","Regardless of the information treatment, there is a signiﬁcant group of subjects who base their voting decisions almost entirely on the probability of being pivotal (low values of a). At the same time, voting behavior of other subjects",32,"No formato recurso-raciocínio-contexto, o recurso é o que a exposição oferece: informação que muda as crenças. A revalidação põe como recurso um parâmetro de utilidade do modelo, que é raciocínio, e omite o grupo que responde à pivotalidade.",,,
C009,Agranov2017a,Agranov2017a,moderador_descricao,textual,"Moderadores relatados: (i) pertencimento ao grupo majoritário ou minoritário esperado, com propensões observadas separadas na Tabela 3 e com termos de crença específicos por condição na Tabela 4 (""Lead of the majority if in majority"" e ""Lead of the majority if in minority""), sendo que as minorias participam menos que as maiorias e a informação reduz a participação da minoria e aumenta a da maioria; (ii) custo de votar, 25 contra 50 centavos, com participação menor no custo alto; (iii) tratamento informacional, com a resposta às crenças estatisticamente indistinguível entre tratamentos nos últimos 10 períodos; (iv) proximidade percebida da eleição, com participação significativamente maior nas eleições percebidas como apertadas nos tratamentos com pesquisa; (v) extremidade das crenças, com resultados replicados nos dois subgrupos.","Pertencimento a maioria/minoria (conforme a distribuição de preferências revelada ou percebida) modera o efeito da informação: com Perfect Polls e Lab Polls, a probabilidade de participação da maioria aumenta e a da minoria diminui, em comparação com o tratamento No Polls.",discorda,0.0,original,"Maioria/minoria esperada (a informação eleva a participação da maioria e reduz a da minoria; Tabelas 3 e 4); custo de votar (25 vs 50 centavos, participação menor no custo alto); proximidade percebida da eleição (mais participação quando percebida como apertada, nos tratamentos com pesquisa); tratamento informacional (resposta às crenças indistinguível entre tratamentos nos últimos 10 períodos); extremidade das crenças (resultados replicados nos dois subgrupos).","However, in both our Perfect Polls and Lab Polls treatments, minorities participate less than majorities (diﬀerences signiﬁcant at any reasonable level). Furthermore, the availability of information reduces the probability of minority participation and increases the probability of majority partic- ipation.",21,"Os dois acertam o moderador central (maioria/minoria), mas o texto também relata resultados por custo, pela proximidade percebida (p. 22) e pela extremidade das crenças (nota 35). A original lista todos esses.",,,
C011,Agranov2017a,Agranov2017a,limitacoes_autores,textual,"Os autores reconhecem que o experimento não captura motivos de participação relevantes em eleições reais de grande escala, como dever cívico e pressão social; que a análise do conjunto completo de equilíbrios com mistura na etapa da pesquisa está fora do escopo do artigo; e, em nota final, que o desenho não foi talhado para separar o motivo de votar com o vencedor do motivo de votar com a maioria.",Os próprios autores reconhecem que o desenho não permite separar o desejo de votar com o vencedor do desejo de votar com a maioria.,discorda,0.0,original,"O experimento não captura motivos de participação das eleições reais, como dever cívico e pressão social; a análise de todos os equilíbrios com mistura na etapa da pesquisa fica fora do escopo; o desenho não separa o motivo de votar com o vencedor do de votar com a maioria.","For instance, it would be interesting to disentangle motives to vote with the winner from motives to vote with the majority (as in Goeree and Yariv, 2014), which the current design is not tailored for.",39,"As três limitações da original estão no texto (p. 8, p. 20 e nota 49). A revalidação só traz a terceira.",,,
C012,Agranov2017a,Agranov2017a,b2_hipoteses_testes,textual,"Os autores reportam que as dummies de grupo não diferem de zero em nenhum dos três tratamentos, que não há efeitos de período (pouco aprendizado), que as sessões com a ordem dos custos invertida geram resultados qualitativamente idênticos, que os resultados se replicam quando a atenção se restringe aos últimos 10 períodos e que testes de Kolmogorov-Smirnov comparam as distribuições do parâmetro estimado entre tratamentos. Não há teste de balanceamento de covariáveis pré-tratamento nem plano de análise registrado.",999,discorda,0.0,original,Sujeitos randomizados em grupos de 9; dummies de grupo não diferem de zero em nenhum tratamento; não há efeitos de período; as sessões com a ordem dos custos invertida dão resultados qualitativamente idênticos; resultados replicados nos últimos 10 períodos; testes de Kolmogorov-Smirnov entre tratamentos. Não há teste de balanceamento de covariáveis nem plano de análise registrado.,"In order to check for order eﬀects, we ran several sessions in each information treatment with the order of costs reversed",13,"O texto traz esses testes (p. 13, p. 26 e nota 37), então 999 não se aplica. A original os descreve corretamente e registra a falta de teste de balanceamento.",,,
C014,Agranov2017a,Agranov2017a,b2_n_total,numerica_int,"198 (sujeitos; a Tabela 4 reporta 879, 1174 e 1024 observações nas colunas No Polls, Perfect Polls e Lab Polls, depois das exclusões)",No Polls: 879 observações; Perfect Polls: 1174 observações; Lab Polls: 1024 observações (198 sujeitos no total do experimento).,discorda,0.0,original,198,"Overall, 198 subjects participated.",13,"Coerente com C017, o modelo principal de mobilização é a Tabela 3, que não informa N. O único N do estudo é o de 198 sujeitos. Os 879, 1174 e 1024 da revalidação são as observações da Tabela 4, que é a análise de mecanismo.",,,
C015,Agranov2017a,Agranov2017a,b2_controles,textual,"Na Tabela 3 (modelo principal para mobilizacao) não há controles: são propensões observadas estratificadas por tratamento, custo e pertencimento ao grupo majoritário ou minoritário. Na Tabela 4, que é a regressão individual de mecanismo, os controles são: dummies de grupo (Group 2 a Group 8) ; Period ; High Cost of Voting ; Cumulative profit at t-1 ; Profit at t-1 ; Voted at t-1 ; Voted and Won at t-1 ; Abstained and Won at t-1 ; Composition lead of the preferred alternative (belief) ; Lead of the majority if in majority (belief) ; Lead of the majority if in minority (belief) ; Lead of the preferred candidate (poll), este último só na coluna Lab Polls.","Dummies de grupo (Group 2 a Group 8) ; Period ; High Cost of Voting ; Cumulative profit at t-1 ; Profit at t-1 ; Voted at t-1 ; Voted and won at t-1 ; Abstained and won at t-1 ; Composition lead of the preferred alternative (belief) ; Lead of the majority if in majority (belief) ; Lead of the majority if in minority (belief) ; Lead of the preferred candidate (poll, apenas Lab Polls)",discorda_parcial,0.5,original,nenhum,,21,"O modelo principal (Tabela 3) traz propensões observadas por tratamento, custo e maioria/minoria, sem controles, e a original registra isso. A revalidação lista os regressores da Tabela 4, que não é o modelo principal. O valor sai de C017 e da Tabela 3, que não tem frase de texto a citar.",,,
C017,Agranov2017a,Agranov2017a,b2_modelo_principal,textual,"apoio_ao_lider: Figura 4 (Bandwagon and Underdog Effects), Seção 6 ; mobilizacao: Tabela 3 (Observed Participation Propensities), comparação entre as colunas No Polls, Perfect Polls e Lab Polls","mobilizacao: Tabela 4, regressões Probit por tratamento (colunas No Polls, Perfect Polls, Lab Polls)",discorda,0.0,original,"apoio_ao_lider: Figura 4 (Bandwagon and Underdog Effects), Seção 6 ; mobilizacao: Tabela 3 (Observed Participation Propensities), colunas No Polls, Perfect Polls e Lab Polls","Furthermore, the availability of information reduces the probability of minority participation and increases the probability of majority partic- ipation.",21,"Não há especificação declarada nem número repetido no resumo ou na conclusão. As probits da Tabela 4 rodam separadas por tratamento, sem termo de tratamento, e não estimam o contraste da exposição. No corpo do artigo, só a Tabela 3 compara o comparecimento entre os tratamentos. Ambiguidade: se a regra 3 fosse lida como 'mais controles' sem exigir o contraste, a Tabela 4 venceria.",,,
C018,Agranov2017a,Agranov2017a,b2_criterio_modelo_principal,categorica,regra_do_protocolo ; regra_do_protocolo,regra_do_protocolo,discorda,0.0,original,regra_do_protocolo ; regra_do_protocolo,,0,"Variável derivada de C017: dois construtos, e os dois pela regra do protocolo, sem declaração dos autores nem número repetido no resumo ou na conclusão.",,,
C020,Agranov2017a,Agranov2017a,b2_significancia_05,categorica,apoio_ao_lider: nao_reportada ; mobilizacao: nao_reportada,mobilizacao: nao,discorda,0.0,original,apoio_ao_lider: nao_reportada ; mobilizacao: nao_reportada,"However, in both our Perfect Polls and Lab Polls treatments, minorities participate less than majorities (diﬀerences signiﬁcant at any reasonable level).",21,"A significância reportada na Tabela 3 compara maioria e minoria dentro dos braços com pesquisa, não os braços com pesquisa contra o No Polls, e a Figura 4 não traz teste. O 'nao' da revalidação vem do coeficiente da pesquisa na Tabela 4, que não é o modelo principal.",,,
C023,Agranov2017a,Agranov2017a,margem_mostrada,textual,"A vantagem é informada em votos, não em pontos percentuais, e não é fixada por braço: no Lab Polls a pesquisa informa o número de sujeitos que declaram abstenção, voto em red e voto em blue num grupo de nove, de modo que a vantagem prevista varia endogenamente a cada período (a Figura 4 cobre vantagens previstas de 0 a 5 votos); no Perfect Polls revela-se a urna sorteada, o que implica probabilidade 2/3 de cada sujeito preferir a cor da urna.",999,discorda,0.0,original,"Não reportada em pontos percentuais: no Lab Polls a pesquisa informa o número de abstenções, votos red e votos blue em 9, e a vantagem prevista varia a cada período (0 a 5 votos na Figura 4); no Perfect Polls revela-se a urna (cada sujeito prefere a cor da urna com probabilidade 2/3).",The color of the drawn ball matches the jar’s color with probability p = 2/3.,12,"O texto informa a margem mostrada em votos, não em pontos percentuais, e ela varia por período em vez de ser fixa por braço. A original registra o que o texto diz; 999 esconderia essa informação. O revisor pode preferir 999 se ler o codebook como exigindo pontos percentuais.",,,
C024,Agranov2017a,Agranov2017a,mecanismo_testado,categorica,conformidade + informacao + viabilidade_estrategico,conformidade,discorda,0.0,original,conformidade + informacao + viabilidade_estrategico,Our data reveals a monotonic pattern that is not in line with the pivotal voter model,7,"O artigo testa com dados o cálculo do eleitor pivotal (estratégico), a resposta a crenças formadas pela informação (Figura 2, e os tratamentos mudam as percepções) e o desejo de votar no vencedor (parâmetro a, Figura 3). A revalidação só traz a conformidade. As rejeições de aversão ao risco, arrependimento e voto ético poderiam entrar como outro.",,,
C026,Agranov2017a,Agranov2017a,ajuste_mediador,categorica,"Não — o modelo principal escolhido para mobilizacao é a Tabela 3, que traz propensões observadas por tratamento sem qualquer controle; as crenças sobre a vantagem esperada entram como regressores apenas na Tabela 4, que é a análise de mecanismo.",Sim,discorda,0.0,original,Não,,21,"Com a Tabela 3 como modelo principal (C017), não há controle algum, e portanto nenhum pela expectativa de vitória. O 'Sim' da revalidação vale para a Tabela 4, que inclui as crenças sobre a vantagem, o mediador. A resposta depende de C017.",,,
C027,Cornejo2023a,Cornejo2023a,pais_estudo,textual,México — Michoacán e Nuevo León (experimento nas eleições estaduais de 2015); também dados nacionais da eleição presidencial mexicana de 2006,México,discorda,0.0,original,México — Michoacán e Nuevo León (experimento nas eleições estaduais de 2015); também dados nacionais da eleição presidencial mexicana de 2006,This study focuses on the 2006 presidential election and the 2015 gubernatorial elections in Mexico,6,"O estudo usa dados nacionais de 2006 e um experimento subnacional em dois estados; o codebook manda acrescentar o estado depois de travessão quando subnacional, o que só a original faz.",,,
C029,Cornejo2023a,Cornejo2023a,populacao,textual,"Dados observacionais: eleitores mexicanos entrevistados em três pesquisas nacionalmente representativas conduzidas nas semanas anteriores à eleição presidencial de 2006, face a face, com cidadãos maiores de 18 anos e com credencial de eleitor. Experimento: cerca de 650 respondentes da segunda onda de um painel telefônico representativo no nível estadual em Michoacán e Nuevo León",Amostra nacional representativa de eleitores mexicanos entrevistados face a face nos meses anteriores à eleição presidencial de 2006.,discorda,0.0,original,"Dados observacionais: eleitores mexicanos maiores de 18 anos com credencial de eleitor, entrevistados face a face em três pesquisas nacionais antes da eleição presidencial de 2006. Experimento: cerca de 650 respondentes da segunda onda de um painel telefônico representativo no nível estadual em Michoacán e Nuevo León","The sample of the survey experiment roughly consisted of 650 respondents, representative at the state level",18,"O estudo tem duas populações; a revalidação descreve só a amostra de 2006 e omite a do experimento de 2015, que a original descreve corretamente.",,,
C030,Cornejo2023a,Cornejo2023a,periodo_dados,textual,"2006 (três pesquisas nacionais realizadas no mês anterior ao dia da eleição, 2 de julho de 2006) e 2015 (painel de duas ondas: 1ª onda de 14 a 16 de março de 2015; 2ª onda de 1 a 3 de junho de 2015; eleição em 7 de junho de 2015)",Maio-junho de 2006 (três pesquisas: 31 mai-3 jun; 16-19 jun; 24-26 jun),discorda,0.0,original,"2006 (três pesquisas nacionais: 31 mai–3 jun, 16–19 jun e 24–26 jun; eleição em 2 jul) e 2015 (painel: 1ª onda 14–16 mar; 2ª onda 1–3 jun; eleição em 7 jun)","First Wave: Mar, 14-16, 2015. Second Wave: June 1-3, 2015",18,O período cobre os dois conjuntos de dados; a revalidação omite as ondas de 2015 do painel com o experimento.,,,
C031,Cornejo2023a,Cornejo2023a,fonte_dados,categorica,ambos,secundarios,discorda,0.0,original,ambos,The survey experiment was embedded in the second-wave of an original gubernatorial panel survey conducted in two Mexican states,18,"Os dados de 2006 são pesquisas da BGC Beltrán y Asocs. (secundários) e o experimento vem de painel original do autor (primários), logo ambos.",,,
C032,Cornejo2023a,Cornejo2023a,intervencao_descricao,textual,"Duas exposições. (i) Nos dados observacionais de 2006, estar informado sobre os resultados das pesquisas de intenção de voto divulgadas na campanha presidencial mexicana, medido por o respondente ter uma resposta definida sobre qual candidato lidera as pesquisas, um mês antes do dia da eleição. (ii) No experimento de survey de 2015, uma vinheta atribuída aleatoriamente dentro de um survey telefônico, informando o resultado de uma pesquisa recém-divulgada por um jornal nacional: em Michoacán, o candidato do PRI e o do PRD empatados com 36 % e o do PAN com 23 %; em Nuevo León, o candidato do PRI à frente com 38 %, o candidato independente em segundo com 32 % e o do PAN em terceiro com 20 %. O texto é lido ao respondente (sem gráfico e sem o nome do jornal ou do instituto), sem qualquer apelo à deserção, a poucos dias da votação de 7 de junho de 2015","Exposição (autorreportada) à informação de pesquisas eleitorais nacionais divulgadas pela mídia sobre a posição dos candidatos (PAN, PRI, PRD) nos dias/semanas antes da eleição presidencial de 2006; não é uma manipulação experimental, é medida pela pergunta sobre quem lidera as pesquisas.",discorda,0.0,original,"Duas exposições. (i) Nos dados observacionais de 2006, estar informado sobre os resultados das pesquisas de intenção de voto divulgadas na campanha presidencial mexicana, medido por o respondente ter uma resposta definida sobre qual candidato lidera as pesquisas, um mês antes do dia da eleição. (ii) No experimento de survey de 2015, uma vinheta atribuída aleatoriamente dentro de um survey telefônico, informando o resultado de uma pesquisa recém-divulgada por um jornal nacional: em Michoacán, o candidato do PRI e o do PRD empatados com 36 % e o do PAN com 23 %; em Nuevo León, o candidato do PRI à frente com 38 %, o candidato independente em segundo com 32 % e o do PAN em terceiro com 20 %. O texto é lido ao respondente (sem gráfico e sem o nome do jornal ou do instituto), sem qualquer apelo à deserção, a poucos dias da votação de 7 de junho de 2015","MICHOACÁN: Did you know that an electoral poll, recently released by a national newspaper, reports that the PRI candidate, Ascensión Orihuela, and the PRD candidate, Silvano Aureoles, are tied with the 36 percent of the vote",19,"A exposição analisada inclui a vinheta randomizada do experimento de 2015 (conteúdo, margens e momento), que a revalidação omite; a original descreve as duas exposições conforme o texto.",,,
C033,Cornejo2023a,Cornejo2023a,comparador,textual,"Sem pesquisa: no experimento, o grupo de controle não foi perguntado sobre os resultados da pesquisa e não recebeu a informação; nos dados observacionais, eleitores não informados sobre o que as pesquisas mostravam","Eleitores não informados/conscientes do resultado das pesquisas (resposta ""não sei"" à pergunta sobre quem lidera) versus eleitores informados.",discorda,0.0,original,"Sem pesquisa: no experimento, o grupo de controle não foi perguntado sobre os resultados da pesquisa e não recebeu a informação; nos dados observacionais, eleitores não informados sobre o que as pesquisas mostravam",Respondents who were randomly assigned to the control group were not asked whether they were aware of the results of such a poll.,18,No experimento o controle não recebe a informação (sem pesquisa); a revalidação só descreve o comparador observacional de 2006.,,,
C034,Cornejo2023a,Cornejo2023a,outcome_medida,textual,"Medidas individuais e declaradas em survey. No experimento, indicador binário de intenção de voto igual a 1 quando o respondente apoia o candidato anti-PRI mais bem colocado nas pesquisas, isto é, o adversário mostrado atrás do líder da vinheta, e 0 caso contrário. Nos dados observacionais de 2006, intenção de voto declarada entre partidários do PRI, com voto no candidato do PRI (mostrado atrás nas pesquisas) como categoria de referência e as categorias ""Not PRI"" e ""DK"", além de um indicador de resposta ""não sei"" à pergunta de intenção de voto","Escolha de voto declarada (para quem o eleitor votaria), operacionalizada nos modelos como defecção do voto no PRI (partido então em queda nas pesquisas) para PAN/PRD (candidatos líderes); indicador individual, autorreportado.",discorda,0.0,original,"Medidas individuais e declaradas em survey. No experimento, indicador binário de intenção de voto igual a 1 quando o respondente apoia o candidato anti-PRI mais bem colocado nas pesquisas, isto é, o adversário mostrado atrás do líder da vinheta, e 0 caso contrário. Nos dados observacionais de 2006, intenção de voto declarada entre partidários do PRI, com voto no candidato do PRI (mostrado atrás nas pesquisas) como categoria de referência e as categorias ""Not PRI"" e ""DK"", além de um indicador de resposta ""não sei"" à pergunta de intenção de voto",which constitutes the dependent variable in the following section (1=support for anti-PRI leading candidate; 0=otherwise),19,"A original descreve os indicadores dos dois componentes, inclusive o binário do experimento, e diz de quem é o apoio medido, como pede o codebook; a revalidação cobre só 2006.",,,
C035,Cornejo2023a,Cornejo2023a,mecanismo_tipo_evidencia,categorica,teste_de_canal,hipotese_dos_autores,discorda,0.0,original,teste_de_canal,"The main independent variable is PRI partisans’ expectation that (1) the PRI was trailing in the polls; (2) the PRI was leading in the polls, and; (3) they were unaware of the polling information",14,"O autor não só propõe o canal das expectativas: testa a assimilação enviesada da informação por partidarismo (Tabela 1, H1) e estima a ligação entre expectativa de derrota e deserção (Tabela 3). Classificação discutível, pois no experimento as expectativas não são medidas após o tratamento.",,,
C036,Cornejo2023a,Cornejo2023a,mecanismo_descricao,textual,"Recurso: a informação divulgada por pesquisas de intenção de voto durante a campanha e a percepção que o eleitor forma sobre quem lidera; Raciocínio: a informação atualiza as expectativas sobre as chances de vitória de cada candidato; partidários que percebem que seu candidato co-partidário não pode vencer superam o viés partidário e desertam para uma alternativa viável, votando estrategicamente, enquanto o partidarismo prioriza motivos expressivos e leva a superestimar as chances do próprio candidato; Contexto: democracia jovem com sistema multipartidário e regra de pluralidade em turno único no México, em que um terceiro competidor aparece atrás nas pesquisas","Recurso: informação sobre o resultado das pesquisas eleitorais divulgada pela mídia; Raciocínio: a informação permite ao eleitor partidário compreender que seu candidato está atrás e por isso reduz o reforço partidário/wishful thinking, liberando-o para votar estrategicamente; Contexto: campanha presidencial mexicana de 2006, disputa tripartidária competitiva.",discorda,0.0,original,"Recurso: a informação divulgada por pesquisas de intenção de voto durante a campanha e a percepção que o eleitor forma sobre quem lidera; Raciocínio: a informação atualiza as expectativas sobre as chances de vitória de cada candidato; partidários que percebem que seu candidato co-partidário não pode vencer superam o viés partidário e desertam para uma alternativa viável, votando estrategicamente, enquanto o partidarismo prioriza motivos expressivos e leva a superestimar as chances do próprio candidato; Contexto: democracia jovem com sistema multipartidário e regra de pluralidade em turno único no México, em que um terceiro competidor aparece atrás nas pesquisas",a three-party system where a party or a candidate wins if it or he gets the most votes and a third-party trails in the polls,6,"Recurso e raciocínio coincidem nas duas; o contexto da revalidação se limita a 2006, enquanto o texto descreve o contexto comum às duas eleições (três partidos, pluralidade, terceiro atrás nas pesquisas), como a original.",,,
C037,Cornejo2023a,Cornejo2023a,moderador_descricao,textual,"O moderador central é o partidarismo. Nos dados observacionais, os modelos da Tabela 2 são estimados separadamente para ""All Voters"", ""Partisans"" e ""Independents"", e a Tabela 3 restringe a análise a partidários do PRI. No experimento, os resultados aparecem por subgrupo na Figura 4 (""3rd Parties + DK"", ""Partisans"", ""Independents"", ""3rd Party Partisans""), na Figura 5 (eleitores anti-PRI) e na Tabela A6, cujas colunas são efeito agregado, partidários, partidários de partidos atrás nas pesquisas, independentes, anti-PRI > PRI e PRI > anti-PRI. O efeito do tratamento é maior entre partidários e entre partidários que apoiam candidatos atrás nas pesquisas do que no agregado, e é maior entre eleitores anti-PRI; entre independentes o efeito é pequeno. A preferência prévia também segmenta a amostra, já que a análise se restringe a quem apoia partidos atrás nas pesquisas e a indecisos","Partidarismo (partidário vs. independente) modera a probabilidade de resposta ""não sei"" à intenção de voto: cai de 43% para 22% entre independentes e de 10% para 5% entre partidários quando informados sobre as pesquisas. Entre partidários do PRI, a expectativa de que o PRI vai perder (vs. vencer) aumenta a defecção para outro candidato.",discorda,0.0,original,"O moderador central é o partidarismo. Nos dados observacionais, os modelos da Tabela 2 são estimados separadamente para ""All Voters"", ""Partisans"" e ""Independents"", e a Tabela 3 restringe a análise a partidários do PRI. No experimento, os resultados aparecem por subgrupo na Figura 4 (""3rd Parties + DK"", ""Partisans"", ""Independents"", ""3rd Party Partisans""), na Figura 5 (eleitores anti-PRI) e na Tabela A6, cujas colunas são efeito agregado, partidários, partidários de partidos atrás nas pesquisas, independentes, anti-PRI > PRI e PRI > anti-PRI. O efeito do tratamento é maior entre partidários e entre partidários que apoiam candidatos atrás nas pesquisas do que no agregado, e é maior entre eleitores anti-PRI; entre independentes o efeito é pequeno. A preferência prévia também segmenta a amostra, já que a análise se restringe a quem apoia partidos atrás nas pesquisas e a indecisos","Among voters who support parties trailing in the polls and don’t-know voters, the effect is stronger among partisans (12 percentage points, p < 0.05)",20,"A original descreve os subgrupos do experimento (partidários, partidários de partidos atrás, independentes, anti-PRI) e da análise de 2006; a revalidação trata só do efeito de aprendizado de 2006 e omite a moderação do efeito sobre o voto no experimento.",,,
C038,Cornejo2023a,Cornejo2023a,het_pre_especificada,categorica,sim,nao_declarado,discorda,0.0,original,sim,Polling information also triggers a strategic voting effect and this effect is also moderated by partisan attachments.,8,"A moderação pelo partidarismo é declarada como hipótese a priori (H2 e H3, seção teórica, e de novo no desenho do experimento), o que o codebook aceita como trecho para sim.",,,
C039,Cornejo2023a,Cornejo2023a,efeitos_nao_intencionais,textual,"O texto relata deserção estratégica de apoiadores de terceiros candidatos: o tratamento enfraquece a ligação entre partidarismo e escolha de voto entre apoiadores do PAN, terceiro colocado na vinheta, reduzindo o apoio ao próprio candidato co-partidário; nos dados observacionais, partidários do PRI, cujo candidato aparecia atrás, abandonam o candidato do próprio partido quando informados das pesquisas. Os autores tratam esses movimentos como voto estratégico, não como efeito indesejado. Não há medida de comparecimento nem de desmobilização",deserção estratégica de terceiro candidato (PAN): apoio dos partidários do PAN ao próprio candidato cai de 82% no controle para 76% no tratamento.,discorda,0.0,original,"O texto relata deserção estratégica de apoiadores de terceiros candidatos: o tratamento enfraquece a ligação entre partidarismo e escolha de voto entre apoiadores do PAN, terceiro colocado na vinheta, reduzindo o apoio ao próprio candidato co-partidário; nos dados observacionais, partidários do PRI, cujo candidato aparecia atrás, abandonam o candidato do próprio partido quando informados das pesquisas. Os autores tratam esses movimentos como voto estratégico, não como efeito indesejado. Não há medida de comparecimento nem de desmobilização","While 82 percent of PAN respondents supported their co-partisan candidate in the control group, this number declined to 76 % in the treatment group.",21,"Ambas registram a deserção de partidários do PAN; a original também traz a deserção de partidários do PRI em 2006 e a ausência de medida de comparecimento, e é mais completa.",,,
C040,Cornejo2023a,Cornejo2023a,limitacoes_autores,textual,"Os autores reconhecem que a generalização do experimento para contextos reais é uma questão em aberto, já que efeitos de tratamento no mundo real podem ser atenuados por outros eventos de campanha ou pela desatenção dos eleitores à mídia; que, como todo experimento de survey, o estudo não permite dizer como não respondentes reagiriam ao estímulo; que parte do grupo de controle provavelmente já conhecia a informação das pesquisas, o que torna os resultados conservadores e faz do artigo um limite inferior para o comportamento estratégico; que o estudo não analisa endossos de terceiros, sinais de coordenação ou endossos da mídia; que não há observações suficientes para estudar variações entre os dois estados; e que a variável de informação política só estava em duas das três pesquisas de 2006","O estudo não analisa a influência de endossos de candidatos de terceiros partidos, sinais de coordenação ou endossos da mídia, entre outros eventos que também podem gerar comportamento estratégico; por isso o artigo apresenta um limite inferior (lower bound) do comportamento estratégico.",discorda,0.0,original,"Os autores reconhecem que a generalização do experimento para contextos reais é uma questão em aberto, já que efeitos de tratamento no mundo real podem ser atenuados por outros eventos de campanha ou pela desatenção dos eleitores à mídia; que, como todo experimento de survey, o estudo não permite dizer como não respondentes reagiriam ao estímulo; que parte do grupo de controle provavelmente já conhecia a informação das pesquisas, o que torna os resultados conservadores e faz do artigo um limite inferior para o comportamento estratégico; que o estudo não analisa endossos de terceiros, sinais de coordenação ou endossos da mídia; que não há observações suficientes para estudar variações entre os dois estados; e que a variável de informação política só estava em duas das três pesquisas de 2006",how this result generalizes to real-life settings remains an open question. Treatment effects in real world contexts could be diminished by other campaign events or voters’ inattention to the media.,23,"O texto reconhece várias limitações (generalização, não respondentes, controle possivelmente informado, endossos não analisados, N insuficiente por estado na nota 8); a revalidação lista só uma.",,,
C041,Cornejo2023a,Cornejo2023a,b2_estrategia_identificacao,categorica,experimento_aleatorizado_individual,regressao_com_controles,discorda,0.0,original,experimento_aleatorizado_individual,The sample was divided into two randomly-assigned groups that varied according to whether the respondent was informed about the results of an electoral poll.,18,A identificação causal declarada pelo autor é a aleatorização individual do experimento de 2015; regressão com controles só descreve o componente observacional de 2006.,,,
C042,Cornejo2023a,Cornejo2023a,b2_hipoteses_testes,textual,"A hipótese de identificação declarada é a aleatorização, que garantiria grupos de tratamento e controle idênticos em média em características observáveis e não observáveis. O texto apresenta teste de balanceamento entre tratamento e controle na Tabela A4, com número de observações, médias, erros-padrão e p-valores para sexo, idade, escolaridade, partidarismo por partido, condição de independente e probabilidades declaradas de voto em cada candidato, e reporta a taxa de atrito da segunda onda do painel na Tabela A3. Não há placebo, corte falso, outcome falso nem análise de tendências prévias",Teste de balanceamento entre tratamento e controle apresentado na Tabela A4; o texto indica que os grupos ficaram balanceados nas covariáveis observadas.,discorda,0.0,original,"A hipótese de identificação declarada é a aleatorização, que garantiria grupos de tratamento e controle idênticos em média em características observáveis e não observáveis. O texto apresenta teste de balanceamento entre tratamento e controle na Tabela A4, com número de observações, médias, erros-padrão e p-valores para sexo, idade, escolaridade, partidarismo por partido, condição de independente e probabilidades declaradas de voto em cada candidato, e reporta a taxa de atrito da segunda onda do painel na Tabela A3. Não há placebo, corte falso, outcome falso nem análise de tendências prévias",Randomization guarantees that the treatment and control groups in the sample are on average identical in both observable and unobservable characteristics.,18,"A original traz a hipótese declarada (aleatorização), o balanceamento da Tabela A4 e o atrito da Tabela A3; a revalidação só menciona o balanceamento.",,,
C043,Cornejo2023a,Cornejo2023a,b2_estimador,categorica,logit_probit,outro — regressão logística multinomial (multinomial logit),discorda,0.0,original,logit_probit,"To account for potential state variations, the logistic models reported in the next section include a state dummy variable.",19,"O modelo do experimento é logístico (Tabela A6) e o de 2006 é logit multinomial, da mesma família; logit_probit cabe nos dois e dispensa o 'outro'.",,,
C044,Cornejo2023a,Cornejo2023a,b2_estimando,categorica,ATE,associacao,discorda,0.0,original,ATE,Any systematic difference in the answers to the treatment provides an estimate of the impact of being informed about the electoral poll on vote choice.,18,"Com atribuição aleatória e sem discussão explícita de adesão imperfeita ao tratamento, a regra do codebook dá ATE; associacao só valeria se o principal fosse o componente de 2006.",,,
C046,Cornejo2023a,Cornejo2023a,b2_n_total,numerica_int,545,494,discorda,0.0,original,545,Observations 545 257 198 288 218 73,34,"Com o experimento como principal (Tabela A6, col. 1, efeito agregado), N = 545; 494 é o N da Tabela 3 com controles, do componente de 2006.",,,
C047,Cornejo2023a,Cornejo2023a,b2_controles,textual,"Modelo principal do experimento (Tabela A6): State dummy, sem nenhum outro controle. Modelo observacional principal (Tabela 3, bloco com controles): Education ; Campaign Interest ; Female ; Age ; Survey 1 ; Survey 2",Education ; Campaign Interest ; Female ; Age ; Survey 1 ; Survey 2,discorda,0.0,original,"Modelo principal do experimento (Tabela A6): State dummy, sem nenhum outro controle. Modelo observacional principal (Tabela 3, bloco com controles): Education ; Campaign Interest ; Female ; Age ; Survey 1 ; Survey 2","To account for potential state variations, the logistic models reported in the next section include a state dummy variable.",19,O modelo do experimento só tem dummy de estado; a revalidação lista apenas os controles do modelo de 2006 e omite o do experimento.,,,
C048,Cornejo2023a,Cornejo2023a,b2_modelo_principal,textual,"apoio_ao_lider (experimento de 2015, amostra de potenciais eleitores estratégicos): Figura 4, primeiro painel ""3rd Parties + DK"", cuja regressão completa é a Tabela A6, col. (1) ""Aggregate Effect"" ; apoio_ao_lider (dados observacionais de 2006, partidários do PRI): Tabela 3, bloco ""PRI Partisans"" com controles, cols. (1) ""Other"" e (2) ""DK""","apoio_ao_lider: Tabela 3, colunas com controles (3-4)",discorda,0.0,original,"apoio_ao_lider (experimento de 2015, amostra de potenciais eleitores estratégicos): Figura 4, primeiro painel ""3rd Parties + DK"", cuja regressão completa é a Tabela A6, col. (1) ""Aggregate Effect"" ; apoio_ao_lider (dados observacionais de 2006, partidários do PRI): Tabela 3, bloco ""PRI Partisans"" com controles, cols. (1) ""Other"" e (2) ""DK""","When voters are informed of polling results, on average, the strategic voting effect is seven percentage points in the treatment group (p < 0.06, figure 4",20,"O autor trata os dois componentes como centrais (o experimento para identificar o efeito causal); o codebook manda listar os dois. A revalidação omite o experimento, e suas 'colunas (3-4)' coincidem com o bloco com controles da Tabela 3 da original.",,,
C049,Cornejo2023a,Cornejo2023a,b2_criterio_modelo_principal,categorica,regra_do_protocolo ; regra_do_protocolo,regra_do_protocolo,discorda,0.0,original,regra_do_protocolo ; regra_do_protocolo,,0,"Derivada de b2_modelo_principal: com duas especificações listadas, o critério se repete para cada uma, separado por ' ; '.",,,
C050,Cornejo2023a,Cornejo2023a,b2_direcao_estimativa_principal,categorica,apoio_ao_lider (experimento de 2015): danosa ; apoio_ao_lider (dados observacionais de 2006): benefica,apoio_ao_lider: benefica,discorda,0.0,original,apoio_ao_lider (experimento de 2015): danosa ; apoio_ao_lider (dados observacionais de 2006): benefica,"the vignette gave the lead to the PRI candidate who was tied, or closely tied with an opposition candidate",18,"No experimento, a estimativa positiva (0,35) aumenta o apoio ao candidato anti-PRI mostrado atrás do PRI na vinheta, o que a regra literal do codebook chama de danosa; em 2006, a expectativa de derrota do PRI aumenta o voto nos líderes (benefica). Atenção: se o alvo for tratado como segundo_viavel com direção aumentar, o experimento vira benefica.",,,
C051,Cornejo2023a,Cornejo2023a,b2_significancia_05,categorica,apoio_ao_lider (experimento de 2015): nao ; apoio_ao_lider (dados observacionais de 2006): sim,apoio_ao_lider: sim,discorda,0.0,original,apoio_ao_lider (experimento de 2015): nao ; apoio_ao_lider (dados observacionais de 2006): sim,"When voters are informed of polling results, on average, the strategic voting effect is seven percentage points in the treatment group (p < 0.06, figure 4",20,"O efeito agregado do experimento tem p < 0,06 (0,35*, só a 10%), logo nao; o coeficiente de 2006 com controles (2,43***) é significativo a 5%.",,,
C052,Cornejo2023a,Cornejo2023a,b2_interpretacao_autores,textual,"Os autores concluem que a informação de pesquisas eleitorais leva eleitores, sobretudo partidários informados de que seu candidato não pode vencer, a superar o viés partidário, abandonar o candidato co-partidário e votar estrategicamente, o que explica parte das mudanças de intenção de voto no fim das campanhas",Partidários do PRI que sabiam que seu candidato provavelmente perderia a eleição tinham maior probabilidade de defeccionar do que os que não sabiam; um em cada três partidários do PRI defeccionou estrategicamente nos últimos dias da campanha.,discorda,0.0,original,"Os autores concluem que a informação de pesquisas eleitorais leva eleitores, sobretudo partidários informados de que seu candidato não pode vencer, a superar o viés partidário, abandonar o candidato co-partidário e votar estrategicamente, o que explica parte das mudanças de intenção de voto no fim das campanhas",Some voters are willing to abandon their co-partisan candidate as a product of strategic considerations: partisans who are informed of polls are able to overcome their partisan bias and engage in strategic voting.,23,"A conclusão geral do autor, na discussão, é a da original; a revalidação resume só o resultado de 2006 com os partidários do PRI.",,,
C053,Cornejo2023a,Cornejo2023a,desenho_fino,categorica,survey_experiment,"outro — pesquisas transversais repetidas e agrupadas (pooled cross-sectional), sem atribuição aleatória",discorda,0.0,original,survey_experiment,The survey experiment was embedded in the second-wave of an original gubernatorial panel survey conducted in two Mexican states,18,O desenho que identifica o efeito é um experimento de survey com vinheta aleatória; classificar como transversal agrupado descreve só o componente de 2006.,,,
C054,Cornejo2023a,Cornejo2023a,ano_eleicao,numerica_int,2015,2006,discorda,0.0,original,2015,a survey experiment conducted during the 2015 gubernatorial elections in Mexico,17,"Com duas eleições (2006 e 2015), o codebook manda registrar a mais recente, 2015, com 2006 nas Notas.",,,
C055,Cornejo2023a,Cornejo2023a,comparador_tipo,categorica,sem_pesquisa,unidades_nao_expostas,discorda,0.0,original,sem_pesquisa,Respondents who were randomly assigned to the control group were not asked whether they were aware of the results of such a poll.,18,"No experimento, o controle não recebe nenhuma informação de pesquisa (sem_pesquisa); unidades_nao_expostas só descreve o comparador observacional de 2006.",,,
C057,Cornejo2023a,Cornejo2023a,moderadores_relatados,categorica,partidarismo + preferencia_previa,partidarismo,discorda,0.0,original,partidarismo + preferencia_previa,"The results also include an analysis of anti-PRI voters; specifically, it identifies voters who are more likely to support the leading opposition candidate over the PRI candidate, and vice versa",19,"Além do partidarismo, o texto relata resultados por preferência prévia entre candidatos (anti-PRI > PRI e PRI > anti-PRI, Figura 5 e Tabela A6, cols. 5 e 6).",,,
C058,Cornejo2023a,Cornejo2023a,alvo_efeito,categorica,segundo_viavel + terceiro_inviavel,lider,discorda,0.0,original,segundo_viavel + terceiro_inviavel,which constitutes the dependent variable in the following section (1=support for anti-PRI leading candidate; 0=otherwise),19,"No experimento, o apoio medido é o do candidato anti-PRI mais bem colocado, segundo numa disputa de três (segundo_viavel); em 2006, o desfecho é o voto no PRI, terceiro atrás nas pesquisas (terceiro_inviavel). Em nenhum dos dois o apoio medido é o do líder mostrado.",,,
C062,Gasperoni2015a,Gasperoni2015a,problema_pesquisa,textual,"Explorar a percepção das pesquisas pré-eleitorais pelos eleitores e o papel da exposição a resultados de pesquisa sobre as decisões de voto, bem como sua associação com outras características do eleitor",Explorar a percepção dos eleitores sobre pesquisas pré-eleitorais e o papel da exposição a resultados de pesquisa nas decisões de voto,discorda_parcial,0.5,original,"Explorar a percepção das pesquisas pré-eleitorais pelos eleitores e o papel da exposição a resultados de pesquisa sobre as decisões de voto, bem como sua associação com outras características do eleitor","Our study aims to explore the perception of pre-election polls by voters and the role of exposure to poll findings on voting decisions, and their association with other voter characteristics.",7,"A frase de objetivo declarada tem três partes; a original reproduz todas, a revalidação omite a associação com características do eleitor.",,,
C064,Gasperoni2015a,Gasperoni2015a,intervencao_descricao,textual,"Exposição forçada a resultados de pesquisas de intenção de voto dentro de uma campanha eleitoral municipal simulada online (DPTE). Para os participantes dos Grupos 1 e 2 (unidades de pesquisa E e F), a campanha foi interrompida aos nove minutos para registrar o candidato mais preferido, o segundo preferido e o menos preferido; após a retomada, dois timed items (caixas que aparecem na tela independentemente da vontade do eleitor), um dois minutos depois e outro cerca de um minuto antes do fim da simulação, apresentaram os achados de duas pesquisas pré-eleitorais distintas. No Grupo 1, as pesquisas previam que o segundo candidato preferido bateria o mais preferido por 4 ou 5 pontos percentuais, com os outros dois fora da disputa; no Grupo 2, mostravam o candidato menos preferido à frente, batendo o segundo preferido por 4 ou 5 pontos, que por sua vez estava à frente do mais preferido por outros 4 ou 5 pontos. Além disso, todos os participantes tinham acesso a 4 flow items com resultados de pesquisa que não tratavam especificamente de intenção de voto","Exposição forçada, via ""timed items"" (caixas de informação exibidas independentemente da vontade do eleitor) na campanha simulada online, a dois resultados distintos de pesquisas pré-eleitorais mostrando o candidato preferido do eleitor perdendo (Grupo 1: segundo colocado bate o preferido por 4-5 p.p., demais fora de disputa; Grupo 2: o menos preferido lidera sobre o segundo preferido, que por sua vez lidera sobre o preferido, cada margem de 4-5 p.p.). Exibida cerca de 1 minuto antes do fim da campanha simulada (~14,5 min de duração total)",discorda_parcial,0.5,original,"Exposição forçada, por dois timed items na campanha municipal simulada online, a duas pesquisas pré-eleitorais: Grupo 1, o segundo preferido bate o mais preferido por 4 ou 5 p.p., com os outros dois fora da disputa; Grupo 2, o menos preferido à frente do segundo preferido por 4 ou 5 p.p., que está à frente do mais preferido por outros 4 ou 5 p.p. O primeiro item aparece dois minutos após a retomada (aos nove minutos) e o segundo cerca de um minuto antes do fim","After another two minutes, a timed item appeared on the screen and after another two minutes (i.e. about one minute before the end of the simulation), another timed item appeared.",19,"O codebook pede o momento da exposição; a original registra os dois timed items corretamente, enquanto a revalidação situa a exposição só cerca de um minuto antes do fim, o que vale apenas para o segundo item.",,,
C066,Gasperoni2015a,Gasperoni2015a,outcome_medida,textual,"Voto declarado ao fim da campanha simulada, entre os quatro candidatos, operacionalizado como transferência (ou não) do voto do candidato mais preferido, declarado aos nove minutos, para o segundo candidato preferido, que a pesquisa mostrava à frente dele; medida individual de apoio ao candidato mostrado à frente do preferido do eleitor","Escolha final de voto (individual, autorrelatada) entre os quatro candidatos ao final da campanha simulada; indicador de troca de voto do candidato inicialmente mais preferido para o segundo preferido",discorda_parcial,0.5,original,"Voto declarado ao fim da campanha simulada entre os quatro candidatos, operacionalizado como transferência do voto do candidato mais preferido para o segundo preferido, que a pesquisa mostrava à frente dele; medida individual de apoio ao candidato mostrado à frente do preferido",Incidence of Voters Who Transferred Their Vote from the Most Preferred to the Second Preferred Candidate After Exposure to Pre-Election Polls Unfavourable towards the Former,37,O codebook exige dizer se a medida é apoio ao líder ou ao candidato atrás e se é individual ou agregada; só a original diz que é apoio individual ao candidato mostrado à frente do preferido.,,,
C068,Gasperoni2015a,Gasperoni2015a,moderador_descricao,textual,"Segundo a Tabela 5 e o texto, trocam mais de voto os eleitores jovens, com alta escolaridade, com pouco conhecimento político, mais interessados em política, com posições ideológicas extremas e que se identificam fortemente com uma coalizão; contra a expectativa, os eleitores hostis às pesquisas (que as julgam nem confiáveis nem úteis) foram os mais propensos a ceder a elas, e os adeptos do voto sincero, os menos propensos; quem trocou também julga as pesquisas comparativamente menos confiáveis e menos úteis. Trocaram mais também os eleitores que preferiam inicialmente candidatos extremos e aqueles cujos dois candidatos preferidos pertenciam à mesma metade do espectro político. Nenhuma das diferenças comentadas é estatisticamente significativa","Atitude quanto às pesquisas: eleitores ""hostis"" às pesquisas (que as consideram nem confiáveis nem úteis) foram os mais propensos a trocar de voto, ao contrário do esperado; apoiadores do voto ""sincero"" foram consistentemente menos propensos a trocar. Congruência ideológica: quando os dois candidatos preferidos pertenciam à mesma metade do espectro político, a troca de voto foi mais frequente do que quando pertenciam a lados diferentes. Extremismo ideológico: eleitores que inicialmente preferiam candidatos extremos trocaram de voto com mais frequência do que os que preferiam candidatos moderados (estimativas por subgrupo no CSV de efeitos)",discorda_parcial,0.5,original,"Tabela 5 e texto: trocam mais os jovens, os mais escolarizados, os de pouco conhecimento político, os mais interessados, os de posições ideológicas extremas e os que se identificam fortemente com uma coalizão; os hostis às pesquisas trocam mais e os adeptos do voto sincero, menos; trocam mais os que preferiam candidatos extremos e aqueles cujos dois preferidos estão na mesma metade do espectro; as diferenças da Tabela 5 não são estatisticamente significativas","The actual findings suggest that voters more likely to switch are young, well- educated, poor in political knowledge, more interested in politics, hold extreme ideological stances and strongly identify with a political coalition.",22,"O codebook pede todas as variáveis moderadoras e o que muda em cada subgrupo; a revalidação omite idade, escolaridade, conhecimento, interesse e identificação com coalizão, relatados no texto e na Tabela 5.",,,
C070,Gasperoni2015a,Gasperoni2015a,efeitos_nao_intencionais,textual,"O texto trata a própria troca de voto como deserção da preferência sincera, descrita como voto tático preventivo para evitar a vitória do candidato menos preferido, e relata que quem trocou de voto ficou menos resoluto e admitiu mais dificuldade na decisão. Desmobilização não é examinada, pois a simulação não mede comparecimento",999,discorda,0.0,original,Deserção estratégica: no Grupo 2 o preferido aparece em terceiro e 10% dos eleitores migram para o segundo preferido como voto tático preventivo; quem trocou ficou menos resoluto e admitiu mais dificuldade na decisão (Tabela 6); desmobilização não é examinada,voters who were influenced by pre-election polls that were negative for their preferred candidate: such voters are less resolute and more prone to admitting to difficulty in their decision- making.,23,"O texto relata a deserção estratégica de um candidato mostrado em terceiro (Grupo 2) e efeitos sobre resolução e dificuldade da decisão, logo 999 não se sustenta.",,,
C071,Gasperoni2015a,Gasperoni2015a,limitacoes_autores,textual,"Ausência de grupo de controle, isto é, de eleitores cujas intenções de voto fossem registradas no mesmo marco de nove minutos; suposição de que os participantes identificaram corretamente seus candidatos preferidos nas duas medições; possibilidade de que registrar a preferência inicial tenha induzido confirmação por consistência (subestimando a influência) ou maior sensibilidade às pesquisas (superestimando-a); amostra por cotas não representativa do eleitorado; margem de 4 a 5 pontos percentuais possivelmente pequena demais para induzir troca; técnica possivelmente menos eficaz entre eleitores mais velhos","Ausência de grupo controle; possível viés de consistência (eleitor confirma a preferência inicial no voto final) ou de sensibilização (eleitor fica mais sensível a notícias negativas de pesquisa), o que pode subestimar ou sobrestimar a influência das pesquisas; amostra por cotas não representativa do eleitorado geral",discorda,0.0,original,Ausência de grupo de controle registrado aos nove minutos; suposição de que os participantes identificaram corretamente seus preferidos; possível viés de consistência (subestima) ou de sensibilização (superestima); amostra por cotas não representativa; margem de 4 a 5 p.p. possivelmente pequena; técnica possivelmente menos eficaz entre eleitores mais velhos,We are well aware that any causal inference is also constrained by the fact that voters were asked an initial preference and may have confirmed it in their final choice in order to maintain an image of consistency,21,"A revalidação está correta mas incompleta; a original acrescenta limitações que os autores também reconhecem (suposição da nota 10, margem pequena na p. 25 do PDF, técnica menos eficaz entre os mais velhos).",,,
C072,Gasperoni2015a,Gasperoni2015a,b2_estrategia_identificacao,categorica,antes_depois,experimento_aleatorizado_individual,discorda,0.0,original,antes_depois,The remaining 19 voters (10% of the total) voted for the second preferred candidate; their behaviour may be plausibly attributed to knowledge of the pre-election poll findings,20,"O efeito é estimado pela comparação da preferência aos nove minutos com o voto final dentro dos Grupos 1 e 2, ambos expostos e sem grupo de controle (nota 10); a aleatorização entre grupos não identifica o efeito da exposição, então a categoria é antes_depois.",,,
C073,Gasperoni2015a,Gasperoni2015a,b2_hipoteses_testes,textual,"Os autores declaram, em nota de rodapé, a suposição de que os participantes identificaram corretamente seus candidatos preferidos nas duas medições e reconhecem que a inferência causal é limitada pela ausência de grupo de controle e por possíveis efeitos de consistência ou de sensibilização. Nenhum teste de balanceamento, placebo, tendências prévias ou primeiro estágio é apresentado",999,discorda,0.0,original,Os autores declaram supor que os participantes identificaram corretamente seus preferidos nas duas medições e reconhecem que a inferência causal é limitada pela ausência de grupo de controle e por possíveis efeitos de consistência ou sensibilização; nenhum teste é apresentado,"We are, of course, assuming that participants correctly identified their preferred candidates in both instances; insofar as voters misrepresented these preferences, the latter’s stability in our data is being overestimated (to an unknown extent).",21,"A nota 10 declara uma hipótese de identificação explícita, então 999 é incorreto; a original registra também a ausência de testes.",,,
C074,Gasperoni2015a,Gasperoni2015a,b2_estimando,categorica,associacao,"ATE — não há instrumentalização (afasta LATE), nenhuma discussão explícita de adesão/exposição imperfeita ao item forçado (""timed item"", exibido independentemente da vontade do eleitor, afasta ITT), e há atribuição aleatória (afasta ATT)",discorda,0.0,original,associacao,"Moreover, unfortunately, there is no control group, that is, a set of voters whose voting intentions were recorded at the same 9-minute mark as they were for members of Groups 1 and 2.",21,"Pela regra (5) do codebook, com b2_estrategia_identificacao = antes_depois o estimando é associacao; o ATE da revalidação depende de uma atribuição aleatória que não separa expostos de não expostos.",,,
C079,Gasperoni2015a,Gasperoni2015a,comparador_tipo,categorica,"outro — especifique: preferência declarada pelo próprio eleitor antes da exposição, aos nove minutos de simulação, versus voto final, sem grupo de controle",mesmo_candidato_atras,discorda,0.0,original,"outro — especifique: preferência declarada pelo próprio eleitor antes da exposição, aos nove minutos de simulação, versus voto final, sem grupo de controle",the campaign was suspended after nine minutes (i.e. more than halfway through the simulation) in order to ask the participant to indicate which candidate she/he would most likely vote for,19,"Não há braço com o mesmo candidato mostrado atrás em vez de à frente: todos os expostos veem o preferido atrás. O contraste é a preferência do próprio eleitor antes da exposição, que não cabe nas categorias fechadas; por isso, outro.",,,
C080,Gasperoni2015a,Gasperoni2015a,nivel_desfecho,categorica,intencao_declarada,"outro — escolha de voto simulada, declarada ao final da campanha online, sem incentivo monetário e sem eleição real subsequente",discorda,0.0,original,intencao_declarada,"After the end of the simulated campaign, participants are invited to ‘vote’ for one of the four candidates and respond to other questions concerning the candidates’ qualities and the simulated campaign",10,"O desfecho é um voto hipotético declarado numa eleição simulada, sem incentivo e sem eleição real; entre as categorias fechadas, a de preferência declarada não incentivada é intencao_declarada. O revisor pode preferir outro, se reservar intencao_declarada para surveys de intenção.",,,
C083,Gasperoni2015a,Gasperoni2015a,moderadores_relatados,categorica,confianca_pesquisas + escolaridade + idade + outro + partidarismo + preferencia_previa + sofisticacao_interesse,confianca_pesquisas + escolaridade + idade + outro + partidarismo + sofisticacao_interesse,discorda,0.0,original,confianca_pesquisas + escolaridade + idade + outro + partidarismo + preferencia_previa + sofisticacao_interesse,"16 per cent of voters (13 out of 80) initially preferring extreme candidates switched to the second preferred candidate, versus 6 per cent of voters (5 out of 87) initially preferring moderate candidates.",24,"O texto relata resultados por subgrupos definidos pela preferência inicial do eleitor (candidato extremo ou moderado, dois preferidos na mesma metade do espectro), o que corresponde a preferencia_previa; as demais categorias coincidem nas duas extrações.",,,
C089,Grillo2024c,Grillo2024c,intervencao_descricao,textual,"Divulgação antecipada de resultados de boca de urna por mídias francófonas da Bélgica e da Suíça no dia do segundo turno, com as urnas ainda abertas até 19:00 ou 20:00: a emissora belga RTBF informou por volta das 16:00 que Macron venceria com pelo menos 60% dos votos e às 16:20 atualizou sua projeção de votação, notícia replicada rapidamente por outras mídias estrangeiras e por redes sociais como o Twitter. A fonte da variação é a lei francesa que proíbe a publicação antes do fechamento das urnas e à qual as mídias estrangeiras não se submetem, somada ao fato de que, em 2017, a vantagem prevista era grande o bastante para que essas mídias divulgassem mais cedo e com mais confiança do que em 2012 e 2007","Exposição à divulgação antecipada, no dia da eleição e antes do fechamento das urnas, de resultados de exit poll do segundo turno (Macron amplamente na frente), por emissoras belgas e suíças (rádio, TV, Twitter), difundida a partir de cerca de 16h enquanto as urnas seguiam abertas até 19h/20h",discorda,0.0,original,"Divulgação antecipada de resultados de boca de urna por mídias francófonas da Bélgica e da Suíça no dia do segundo turno, com as urnas ainda abertas até 19:00 ou 20:00: a emissora belga RTBF informou por volta das 16:00 que Macron venceria com pelo menos 60% dos votos e às 16:20 atualizou sua projeção de votação, notícia replicada rapidamente por outras mídias estrangeiras e por redes sociais como o Twitter. A fonte da variação é a lei francesa que proíbe a publicação antes do fechamento das urnas e à qual as mídias estrangeiras não se submetem, somada ao fato de que, em 2017, a vantagem prevista era grande o bastante para que essas mídias divulgassem mais cedo e com mais confiança do que em 2012 e 2007","While in France it is forbidden to publish exit polls before polling stations close, foreign media do not abide by this law.",3,"O codebook pede, em experimentos naturais, a fonte da variação (proibição/embargo); o original a descreve (lei francesa que as mídias estrangeiras não seguem, e a margem de 2017 que permitiu divulgar mais cedo), e a revalidação a omite.",,,
C091,Grillo2024c,Grillo2024c,outcome_medida,textual,"Taxa de comparecimento por departamento, medida agregada e não individual, registrada às 12:00, às 17:00 e no fechamento das urnas; o estudo não mede apoio ao líder nem ao candidato mostrado atrás","Taxa de comparecimento eleitoral agregada por departamento, medida em três momentos do dia do pleito (12h, 17h, fechamento das urnas)",discorda,0.0,original,"Taxa de comparecimento por departamento, medida agregada e não individual, registrada às 12:00, às 17:00 e no fechamento das urnas; o estudo não mede apoio ao líder nem ao candidato mostrado atrás","Voter turnout is measured at 12:00, 17:00 and when polling stations closed.",6,"Os dois descrevem a mesma taxa agregada por departamento nos três horários, mas o codebook pede que se diga se a medida é apoio ao líder ou ao candidato atrás; só o original responde (não mede apoio a candidato).",,,
C095,Grillo2024c,Grillo2024c,efeitos_nao_intencionais,textual,"Desmobilização, isto é, queda do comparecimento depois da divulgação da boca de urna; e possível efeito underdog, com abstenção relativamente maior entre eleitores de esquerda e nos departamentos em que o candidato à frente havia vencido o primeiro turno, o que segundo os autores teria reduzido a margem de vitória","Possível efeito underdog não intencional sobre a margem de vitória (distinto do comparecimento, que é o outcome principal): a queda diferencial de comparecimento por preferência política pode ter reduzido levemente a margem de vitória de Macron",discorda,0.0,original,"Desmobilização, isto é, queda do comparecimento depois da divulgação da boca de urna; e possível efeito underdog, com abstenção relativamente maior entre eleitores de esquerda e nos departamentos em que o candidato à frente havia vencido o primeiro turno, o que segundo os autores teria reduzido a margem de vitória","We do not ﬁnd clear evidence that either candidate beneﬁted from the decrease in turnout, yet we cannot exclude the presence of a small underdog eﬀect which reduced the winning margin by around 1 percentage point.",2,"O codebook lista a desmobilização (comparecimento) como efeito não intencional, e a queda de comparecimento é exatamente isso; a revalidação a exclui por ser o outcome principal, contra a regra. O possível efeito underdog aparece nos dois.",,,
C096,Grillo2024c,Grillo2024c,limitacoes_autores,textual,"Tendências semelhantes de comparecimento ao longo do dia já apareciam em eleições anteriores, o que enfraquece a leitura causal; a identificação de efeito causal com dados de eleições reais é difícil porque o voto é secreto e os efeitos podem vir tanto do comparecimento quanto da escolha de voto; a leitura de efeito underdog depende de supor que eleitores de esquerda preferiam em média Macron a Le Pen","Os próprios autores reconhecem que tendências semelhantes de comparecimento já eram observadas em eleições anteriores, o que atenua a força causal da inferência",discorda,0.0,original,"Tendências semelhantes de comparecimento ao longo do dia já apareciam em eleições anteriores, o que enfraquece a leitura causal; a identificação de efeito causal com dados de eleições reais é difícil porque o voto é secreto e os efeitos podem vir tanto do comparecimento quanto da escolha de voto; a leitura de efeito underdog depende de supor que eleitores de esquerda preferiam em média Macron a Le Pen","Based on our results and under the assumption that left-wing voters in the 2017 French elections preferred on average Macron to Le Pen, we cannot exclude a mild underdog eﬀect,",5,"As três limitações do original estão no texto (tendências semelhantes em eleições anteriores, dificuldade de identificação com dados reais por voto secreto, e a suposição sobre a preferência da esquerda); a revalidação registra só a primeira.",,,
C098,Grillo2024c,Grillo2024c,b2_estimador,categorica,did_twfe,mqo,discorda,0.0,original,did_twfe,"As in a diﬀerence-in-diﬀerences setting, we use turnout rates at 12:00 as the pre-period and turnout rates at 17:00 and at the closing time as post-periods,",6,"O modelo principal é a regressão canônica 2x2 de diferenças em diferenças (indicadores de período, de turno e a interação, erros agrupados), que é o caso de efeitos fixos de grupo e tempo; mqo descreve só o método de cálculo, não o estimador do desenho.",,,
C099,Grillo2024c,Grillo2024c,b2_estimando,categorica,ATT,ATE,discorda,0.0,original,ATT,"that, if the exit polls had not been released, voter turnout would have followed the same trend as in the ﬁrst round.",7,"Pela regra 3 do codebook, DiD sem atribuição aleatória com comparação entre unidades tratadas observadas é ATT; não há nada que leve a ATE.",,,
C100,Grillo2024c,Grillo2024c,b2_nivel_atribuicao_cluster,textual,"A exposição não foi atribuída por desenho: a divulgação atingiu todo o país no mesmo horário e os dados são agregados por departamento, que é o nível efetivo de análise. Os erros-padrão são agrupados no nível do departamento e os departamentos são ponderados pelo número de eleitores registrados; tamanho médio de cluster e ICC não são reportados",Exposição varia no nível do departamento (e do tempo/turno); erros-padrão agrupados por departamento; tamanho médio de cluster e ICC não reportados,discorda_parcial,0.5,original,"A exposição não foi atribuída por desenho: a divulgação atingiu todo o país no mesmo horário e os dados são agregados por departamento, que é o nível efetivo de análise. Os erros-padrão são agrupados no nível do departamento e os departamentos são ponderados pelo número de eleitores registrados; tamanho médio de cluster e ICC não são reportados",Standard errors are clustered at the department level and departments are weighted by the number of registered voters.,7,"A exposição do modelo principal varia por turno e horário, não por departamento (a divulgação vale para todo o país); o original diz isso, enquanto a revalidação a situa no departamento. Ambos acertam o agrupamento por departamento e a ausência de ICC.",,,
C102,Grillo2024c,Grillo2024c,b2_dp_y_tipo,categorica,controle,nao_reportado,discorda,0.0,original,controle,Final voter turnout round 1 80.072 2.648 67.239 84.290,17,"A Tabela 5 informa o DP do comparecimento final no primeiro turno (2,648), que é o grupo de controle do DiD, e separadamente o do segundo turno; logo há DP do controle, e nao_reportado está errado.",,,
C104,Grillo2024c,Grillo2024c,voto_obrigatorio,categorica,Não,999,discorda,0.0,original,Não,"If the uncertainty is drastically reduced, will citizens still make the eﬀort to vote?",3,"O texto não afirma a regra, mas o codebook admite responder pela eleição descrita, e a presidencial francesa de 2017 tem voto facultativo; o próprio estudo trata o comparecimento como escolha. 999 fica reservado a experimento sem eleição real.",,,
C106,Grillo2024c,Grillo2024c,alvo_efeito,categorica,999,lider,discorda,0.0,original,999,Our baseline speciﬁcation compares turnout rates before (at 12:00) and after (at 17:00 and at the closing time) the information shock with respect to the ﬁrst round in the 2017 elections.,6,"O efeito principal é sobre o comparecimento agregado, não sobre o apoio a um candidato; nenhuma categoria de alvo_efeito se aplica, e lider supõe apoio medido ao líder, que o estudo não mede (a análise de underdog é heterogeneidade, não o efeito principal).",,,
C107,Lammers2022a,Lammers2022a,pais_estudo,textual,"Polônia (Estudo 1) ; Estados Unidos (Estudo 2a) ; União Europeia ou Reino Unido (Estudo 2b, país não especificado)",Polônia,discorda,0.0,original,Polônia (Estudo 1) ; Estados Unidos (Estudo 2a) ; União Europeia ou Reino Unido (Estudo 2b),Participants in Study 2a were 202 American Amazon Mechanical Turk users,9,O artigo tem três estudos e o codebook pede os países dos participantes; a revalidação lista só a Polônia do Estudo 1 e omite os EUA (2a) e a UE/Reino Unido (2b).,,,
C108,Lammers2022a,Lammers2022a,problema_pesquisa,textual,"Identificar quais fatores psicológicos (interpessoais, estratégicos, morais e epistêmicos) produzem as mudanças de intenção de voto em direção ao partido que lidera as pesquisas (efeito bandwagon) ou ao que está atrás (efeito underdog)","Testar como diferenças interpessoais em motivos psicológicos (interpessoais, estratégicos, morais/justiça e epistêmicos) predizem mudanças individuais de intenção de voto em direção a partidos à frente (bandwagon) ou atrás (underdog) nas pesquisas antes das eleições parlamentares polonesas de 2019.",discorda_parcial,0.5,original,"Identificar quais fatores psicológicos (interpessoais, estratégicos, morais e epistêmicos) produzem as mudanças de intenção de voto em direção ao partido que lidera as pesquisas (efeito bandwagon) ou ao que está atrás (efeito underdog)",we aim to take an individual perspective and tests how interpersonal differences in psychological motives predict individual shifts in voting intentions toward trailing parties (underdog effect) or toward leading parties (bandwagon effect),3,"O objetivo declarado vale para os três estudos; a revalidação o restringe às eleições polonesas de 2019, que são só o contexto do Estudo 1.",,,
C109,Lammers2022a,Lammers2022a,populacao,textual,Estudo 1: eleitores adultos poloneses recrutados por agência externa antes das eleições parlamentares de 2019; Estudo 2a: usuários adultos do Amazon Mechanical Turk nos Estados Unidos; Estudo 2b: usuários do Prolific Academic da União Europeia ou do Reino Unido,"Painel online de participantes adultos poloneses, recrutado por agência externa; amostra final de 1.007 participantes válidos (58,6% homens, 41,4% mulheres; idade média 40,9 anos) após exclusão de quem não indicou preferência inicial ou votou em branco/""contra todos"".",discorda,0.0,original,Estudo 1: eleitores adultos poloneses recrutados por agência externa antes das eleições parlamentares de 2019; Estudo 2a: usuários adultos do Amazon Mechanical Turk nos Estados Unidos; Estudo 2b: usuários do Prolific Academic da União Europeia ou do Reino Unido,Participants in Study 2b were 200 Prolific Academic users from the EU or UK,9,"A população inclui as amostras dos Estudos 2a e 2b, que são as do desenho experimental; a revalidação descreve só o painel polonês do Estudo 1.",,,
C110,Lammers2022a,Lammers2022a,periodo_dados,textual,Estudo 1: um mês antes das eleições parlamentares polonesas de 2019 e um ou dois dias depois delas; Estudos 2a e 2b: 999 (data de coleta não informada),Cerca de um mês antes das eleições parlamentares polonesas de 2019 (medidas iniciais) até um ou dois dias após a eleição (voto declarado).,discorda_parcial,0.5,original,Estudo 1: um mês antes das eleições parlamentares polonesas de 2019 e um ou dois dias depois delas; Estudos 2a e 2b: 999 (data de coleta não informada),"Participants indicated their initial voting prefer­ ence (and completed additional measures) one month before the 2019 Polish parliamentary elections. After the elections, they disclosed their actual voting decision.",5,O período do Estudo 1 está correto nas duas; o original acrescenta corretamente que o texto não informa quando os Estudos 2a e 2b foram coletados (as datas das citações dos pré-registros não são datas de coleta).,,,
C111,Lammers2022a,Lammers2022a,intervencao_descricao,textual,"Nos Estudos 2a e 2b (desenho que identifica o efeito), participantes de uma eleição simulada para um novo membro do conselho de uma organização escolhem entre dois candidatos (A e B) e, em seguida, recebem em texto (vinheta) a informação sobre a posição do candidato que escolheram: na condição líder, que 90% dos demais eleitores também pretendem apoiá-lo; na condição atrás, que apenas 10% pretendem. A informação é apresentada como intenção declarada dos demais eleitores, antes de uma votação que ocorreria imediatamente depois (""o tempo passou e a eleição vai acontecer agora""). No Estudo 1, não há exposição manipulada: o contexto é o das pesquisas públicas das eleições parlamentares polonesas de 2019, em que dois partidos lideravam consistentemente com 40% e 25% e três partidos ficavam atrás, e os participantes declaram a intenção um mês antes e o voto efetivo depois","Não há manipulação experimental: mede-se a posição inicial de voto dos participantes (partido líder vs. partido atrás) num contexto real de pesquisas eleitorais divulgadas antes das eleições parlamentares polonesas de 2019, em que dois partidos lideravam consistentemente (40% e 25%) e três seguiam atrás (15%, 8% e 7%), medido cerca de um mês antes da eleição.",discorda,0.0,original,"Nos Estudos 2a e 2b (desenho que identifica o efeito), participantes de uma eleição simulada para um novo membro do conselho de uma organização escolhem entre dois candidatos (A e B) e, em seguida, recebem em texto (vinheta) a informação sobre a posição do candidato que escolheram: na condição líder, que 90% dos demais eleitores também pretendem apoiá-lo; na condição atrás, que apenas 10% pretendem. A informação é apresentada como intenção declarada dos demais eleitores, antes de uma votação que ocorreria imediatamente depois (""o tempo passou e a eleição vai acontecer agora""). No Estudo 1, não há exposição manipulada: o contexto é o das pesquisas públicas das eleições parlamentares polonesas de 2019, em que dois partidos lideravam consistentemente com 40% e 25% e três partidos ficavam atrás, e os participantes declaram a intenção um mês antes e o voto efetivo depois","participants assigned to the leading position condition were told that 90% of the other voters were also planning to support the candidate favored by the participant, while in the trailing position condition they read that only 10%",9,"A exposição a resultado de pesquisa efetivamente manipulada está nos Estudos 2a e 2b (90% vs. 10%); a revalidação diz que não há manipulação, o que só vale para o Estudo 1.",,,
C112,Lammers2022a,Lammers2022a,comparador,textual,"O mesmo candidato preferido pelo participante mostrado atrás (apoio de apenas 10% dos demais eleitores) em vez de à frente (90%), por atribuição aleatória; no Estudo 1, a comparação é entre participantes cuja preferência inicial era por um partido líder e participantes cuja preferência inicial era por um partido atrás nas pesquisas","Comparação intraindividual entre manter a intenção inicial de voto e mudar para o lado oposto (líder vs. atrás), estratificada pela posição inicial de voto (líder vs. atrás), sem grupo não exposto (todos os participantes estavam expostos ao mesmo ambiente real de pesquisas).",discorda,0.0,original,"O mesmo candidato preferido pelo participante mostrado atrás (apoio de apenas 10% dos demais eleitores) em vez de à frente (90%), por atribuição aleatória; no Estudo 1, a comparação é entre participantes cuja preferência inicial era por um partido líder e participantes cuja preferência inicial era por um partido atrás nas pesquisas",Participants were randomly assigned to one of four cells of a 2 (position of initial party: leading vs. trailing) × 2 (factor: heuristic vs. moral) between-participants design.,9,"O comparador do desenho aleatorizado é o mesmo candidato mostrado atrás em vez de à frente, categoria do codebook; a revalidação só descreve a comparação observacional do Estudo 1.",,,
C113,Lammers2022a,Lammers2022a,outcome_medida,textual,"Probabilidade autodeclarada de troca de voto, medida em dois itens de 7 pontos (de 1 muito improvável a 7 muito provável) sobre manter o candidato escolhido ou migrar para o outro, recodificados e combinados em um índice único; medida individual. Na condição em que o candidato preferido aparece atrás, a troca é apoio ao líder mostrado (bandwagon); na condição em que aparece à frente, a troca é apoio ao candidato atrás (underdog). No Estudo 1, a medida é individual e comportamental declarada: partido escolhido entre os nove registrados um mês antes e partido efetivamente votado, informado um ou dois dias depois da eleição","Escolha declarada de partido: intenção de voto declarada um mês antes da eleição e voto efetivamente declarado após a eleição, entre nove partidos registrados; medida individual, recodificada em mudança sim/não entre partido líder e partido atrás.",discorda,0.0,original,"Probabilidade autodeclarada de troca de voto, medida em dois itens de 7 pontos (de 1 muito improvável a 7 muito provável) sobre manter o candidato escolhido ou migrar para o outro, recodificados e combinados em um índice único; medida individual. Na condição em que o candidato preferido aparece atrás, a troca é apoio ao líder mostrado (bandwagon); na condição em que aparece à frente, a troca é apoio ao candidato atrás (underdog). No Estudo 1, a medida é individual e comportamental declarada: partido escolhido entre os nove registrados um mês antes e partido efetivamente votado, informado um ou dois dias depois da eleição",Participants then indicated on two items the likelihood (between 1 very unlikely and 7 very likely) that they would stick with their candidate or switch to the other candidate,9,"O original descreve as medidas dos três estudos, incluindo o índice de probabilidade de troca dos Estudos 2a e 2b; a revalidação cobre só a escolha declarada do Estudo 1.",,,
C114,Lammers2022a,Lammers2022a,mecanismo_tipo_evidencia,categorica,teste_de_canal,hipotese_dos_autores,discorda,0.0,original,teste_de_canal,"To provide experimental evidence, Studies 2a and 2b manipulate these two factors in a simulated election design.",1,"Os autores manipulam experimentalmente os canais propostos (processamento heurístico vs. preocupação com igualdade) e medem seu efeito sobre a troca; isso é teste de canal, não só hipótese dos autores.",,,
C115,Lammers2022a,Lammers2022a,mecanismo_descricao,textual,"Recurso: informação de pesquisa sobre a posição do candidato preferido (apoio de 90% ou de 10% dos demais eleitores) numa eleição simulada, combinada à indução, por vinheta, de processamento heurístico (imaginar que se esqueceu dos detalhes e não tem conhecimento para decidir de forma informada) ou de preocupação moral com igualdade distributiva (imaginar que é justo que os dois candidatos sejam incluídos em decisões importantes); no Estudo 1, os mesmos fatores são medidos como diferenças interpessoais, estratégicas, morais e epistêmicas. Raciocínio: quem processa a informação de forma superficial, por falta de expertise política, segue a heurística de que a maioria está certa e migra para o partido que lidera (bandwagon); quem tem preocupação moral com igualdade e sente pena do partido que deve perder migra para o partido que está atrás (underdog); os autores sustentam que os dois canais são assimétricos, isto é, o fator que aumenta um efeito não reduz o outro. Contexto: eleições parlamentares polonesas de 2019 (Estudo 1) e eleição simulada para um conselho de organização, com dois candidatos sem conteúdo político (Estudos 2a e 2b)","Recurso: baixa expertise política (baixo escore no teste de conhecimento sobre política polonesa); Raciocínio: baixa expertise leva a processamento superficial da informação e ao uso do atalho heurístico de que a maioria/o líder nas pesquisas é provavelmente a escolha superior, produzindo o efeito bandwagon (o mesmo mecanismo não reduz o efeito underdog); Contexto: interpretação dos autores sobre os resultados correlacionais do Estudo 1 (Tabela 2).",discorda,0.0,original,"Recurso: informação de pesquisa sobre a posição do candidato preferido (apoio de 90% ou de 10% dos demais eleitores) numa eleição simulada, combinada à indução, por vinheta, de processamento heurístico (imaginar que se esqueceu dos detalhes e não tem conhecimento para decidir de forma informada) ou de preocupação moral com igualdade distributiva (imaginar que é justo que os dois candidatos sejam incluídos em decisões importantes); no Estudo 1, os mesmos fatores são medidos como diferenças interpessoais, estratégicas, morais e epistêmicas. Raciocínio: quem processa a informação de forma superficial, por falta de expertise política, segue a heurística de que a maioria está certa e migra para o partido que lidera (bandwagon); quem tem preocupação moral com igualdade e sente pena do partido que deve perder migra para o partido que está atrás (underdog); os autores sustentam que os dois canais são assimétricos, isto é, o fator que aumenta um efeito não reduz o outro. Contexto: eleições parlamentares polonesas de 2019 (Estudo 1) e eleição simulada para um conselho de organização, com dois candidatos sem conteúdo político (Estudos 2a e 2b)","Results suggest that the bandwagon effect reflects a lack of political expertise, whereas the underdog effect reflects fairness concerns.",1,"O mecanismo declarado tem dois canais (expertise/heurística para bandwagon, igualdade para underdog) testados nos três estudos; a revalidação omite o canal moral e os Estudos 2a e 2b.",,,
C116,Lammers2022a,Lammers2022a,moderador_descricao,textual,"Moderador manipulado nos Estudos 2a e 2b: o modo de decisão induzido (processamento heurístico vs. consideração moral de igualdade), cruzado com a posição inicial do candidato preferido (à frente vs. atrás). Entre quem apoiava inicialmente o candidato mostrado atrás, a probabilidade declarada de migrar para o líder é maior sob processamento heurístico do que sob consideração moral (nos dois estudos); entre quem apoiava o candidato mostrado à frente, a migração para o candidato atrás é maior sob consideração moral de igualdade (significativa no Estudo 2a e apenas marginal no Estudo 2b). Moderadores no Estudo 1: a amostra é dividida pela preferência inicial (partido líder vs. partido atrás) e a expertise política prevê a migração para o partido líder mas não a migração para o partido atrás, enquanto o motivo de igualdade prevê o inverso; notas de rodapé relatam interação significativa entre expertise política e preferência inicial e entre preocupação com igualdade e preferência inicial, além de a idade prever negativamente o efeito underdog. As estimativas por subgrupo vão para o CSV de efeitos","Idade foi adicionada como preditor extra às análises principais: idade previu negativamente o efeito underdog (participantes mais jovens mudaram mais para um partido atrás do que os mais velhos); adicionalmente, uma regressão logística testando expertise política, preferência inicial de voto e a interação entre ambas sobre a decisão final de voto (amostra combinada) mostrou interação significativa, confirmando que os efeitos de expertise sobre bandwagon e underdog são assimétricos.",discorda,0.0,original,"Moderador manipulado nos Estudos 2a e 2b: o modo de decisão induzido (processamento heurístico vs. consideração moral de igualdade), cruzado com a posição inicial do candidato preferido (à frente vs. atrás). Entre quem apoiava inicialmente o candidato mostrado atrás, a probabilidade declarada de migrar para o líder é maior sob processamento heurístico do que sob consideração moral (nos dois estudos); entre quem apoiava o candidato mostrado à frente, a migração para o candidato atrás é maior sob consideração moral de igualdade (significativa no Estudo 2a e apenas marginal no Estudo 2b). Moderadores no Estudo 1: a amostra é dividida pela preferência inicial (partido líder vs. partido atrás) e a expertise política prevê a migração para o partido líder mas não a migração para o partido atrás, enquanto o motivo de igualdade prevê o inverso; notas de rodapé relatam interação significativa entre expertise política e preferência inicial e entre preocupação com igualdade e preferência inicial, além de a idade prever negativamente o efeito underdog. As estimativas por subgrupo vão para o CSV de efeitos","were marginally more likely to switch to the trailing candidate (show an underdog effect) if they based their decision on moral considerations for equality (M = 2.83, SD = 1.21)",10,O original descreve o moderador manipulado nos Estudos 2a e 2b e os do Estudo 1 (inclusive as interações das notas 3 e 4 e a idade); a revalidação cobre só as notas de rodapé.,,,
C117,Lammers2022a,Lammers2022a,het_pre_especificada,categorica,sim,"nao_declarado — a divisão da amostra por posição inicial é o desenho central e pré-registrado do estudo, mas as análises adicionais de idade e da interação expertise×posição (notas de rodapé) não têm declaração explícita de pré-especificação; parecem exploratórias, motivadas por achados de outros autores.",discorda,0.0,original,sim,"A 2 (position of initial party: leading vs. trailing) × 2 (factor: heuristic vs. moral) ANOVA on the likelihood of switching voting intentions index, showed the predicted interaction-effect",10,"Os estudos são pré-registrados e a interação posição × fator é declarada como prevista, o que satisfaz a exigência de trecho com hipótese a priori; as análises de idade são extras, mas não mudam a classificação da heterogeneidade central.",,,
C120,Lammers2022a,Lammers2022a,limitacoes_autores,textual,"(1) o Estudo 1 é correlacional e não permite conclusão causal; (2) a operacionalização é frouxa, tratando como bandwagon ou underdog toda troca de partido, sem testar se a troca foi de fato motivada por consciência da informação das pesquisas, de modo que parte das trocas captadas pode não resultar de mudanças nas pesquisas; (3) as manipulações por vinheta têm baixa validade, pois instruem o participante a imaginar uma perspectiva em vez de induzi-la, e as eleições fictícias dos Estudos 2a e 2b são desprovidas do significado e da emoção de eleições reais; (4) os Estudos 2a e 2b usam amostras de conveniência pequenas e não representativas, com pouca validade externa; (5) o Estudo 1 observa uma única eleição parlamentar nacional na Polônia; (6) os desenhos só permitiram testar efeitos estáticos de pesquisa, não efeitos dinâmicos de mudanças de curto prazo nas pesquisas; (7) o desenho não permitiu estudar expectativas de coalizão, e nas eleições simuladas essa informação não foi fornecida; (8) a seleção de sete estilos de personalidade não é exaustiva","Os autores reconhecem que operacionalizaram o efeito bandwagon/underdog como qualquer mudança de voto entre partido líder e atrás, sem testar se a mudança foi de fato motivada pela consciência das pesquisas (podendo captar mudanças não relacionadas a pesquisas); e que o Estudo 1 correlacional se baseou em uma única eleição nacional na Polônia, limitando a generalização a outros sistemas eleitorais.",discorda,0.0,original,"(1) o Estudo 1 é correlacional e não permite conclusão causal; (2) a operacionalização é frouxa, tratando como bandwagon ou underdog toda troca de partido, sem testar se a troca foi de fato motivada por consciência da informação das pesquisas, de modo que parte das trocas captadas pode não resultar de mudanças nas pesquisas; (3) as manipulações por vinheta têm baixa validade, pois instruem o participante a imaginar uma perspectiva em vez de induzi-la, e as eleições fictícias dos Estudos 2a e 2b são desprovidas do significado e da emoção de eleições reais; (4) os Estudos 2a e 2b usam amostras de conveniência pequenas e não representativas, com pouca validade externa; (5) o Estudo 1 observa uma única eleição parlamentar nacional na Polônia; (6) os desenhos só permitiram testar efeitos estáticos de pesquisa, não efeitos dinâmicos de mudanças de curto prazo nas pesquisas; (7) o desenho não permitiu estudar expectativas de coalizão, e nas eleições simuladas essa informação não foi fornecida; (8) a seleção de sete estilos de personalidade não é exaustiva",A limitation to our Approach in Studies 2a/b is that we relied on relatively small convenience samples.,13,"O original lista as limitações que os autores declaram nas seções de pesquisa futura e de limitações, incluindo as dos Estudos 2a e 2b; a revalidação traz só duas delas.",,,
C121,Lammers2022a,Lammers2022a,b2_estrategia_identificacao,categorica,experimento_aleatorizado_individual,regressao_com_controles,discorda,0.0,original,experimento_aleatorizado_individual,Participants were randomly assigned to one of four cells of a 2 (position of initial party: leading vs. trailing) × 2 (factor: heuristic vs. moral) between-participants design.,9,"Só nos Estudos 2a e 2b a posição do candidato na pesquisa é atribuída ao acaso, e é esse o desenho que estima o contraste da exposição; o Estudo 1 é declaradamente correlacional e não compara expostos com não expostos.",,,
C122,Lammers2022a,Lammers2022a,b2_hipoteses_testes,textual,"A hipótese de identificação declarada é a atribuição aleatória individual às quatro células do desenho fatorial entre participantes, com os dois estudos pré-registrados e cálculo de poder a priori (N fixado em 200 para mais de 90% de poder de detectar uma interação de tamanho médio, com G*Power). O Estudo 2b é descrito como replicação pré-registrada do Estudo 2a na União Europeia. Não há teste de balanceamento das covariáveis entre braços, checagem de manipulação, teste de placebo nem análise de tendências prévias reportados",999,discorda,0.0,original,"A hipótese de identificação declarada é a atribuição aleatória individual às quatro células do desenho fatorial entre participantes, com os dois estudos pré-registrados e cálculo de poder a priori (N fixado em 200 para mais de 90% de poder de detectar uma interação de tamanho médio, com G*Power). O Estudo 2b é descrito como replicação pré-registrada do Estudo 2a na União Europeia. Não há teste de balanceamento das covariáveis entre braços, checagem de manipulação, teste de placebo nem análise de tendências prévias reportados","The sample size was set to N = 200, to provide more than 90% power to detect a medium-sized interaction (using G*Power; Faul et al., 2007).",9,"O texto declara atribuição aleatória, pré-registro e cálculo de poder, e não relata balanceamento nem placebo; há informação, então 999 está errado.",,,
C123,Lammers2022a,Lammers2022a,b2_estimador,categorica,"outro — ANOVA fatorial 2 x 2 entre participantes sobre o índice contínuo de probabilidade de troca, com testes t de efeitos simples dentro de cada posição inicial (equivalente a mínimos quadrados sobre dummies, mas o texto nomeia ANOVA)",logit_probit,discorda,0.0,original,"outro — ANOVA fatorial 2 x 2 entre participantes sobre o índice contínuo de probabilidade de troca, com testes t de efeitos simples dentro de cada posição inicial (equivalente a mínimos quadrados sobre dummies, mas o texto nomeia ANOVA)",A 2 (position of initial party: leading vs. trailing) × 2 (factor: heuristic vs. moral) ANOVA on the likelihood of switching voting intentions index,10,"O modelo dos Estudos 2a e 2b é uma ANOVA fatorial com testes t; logit é o estimador do Estudo 1, que não estima o contraste da exposição.",,,
C124,Lammers2022a,Lammers2022a,b2_estimando,categorica,ATE,associacao,discorda,0.0,original,ATE,Participants were randomly assigned to one of four cells of a 2 (position of initial party: leading vs. trailing) × 2 (factor: heuristic vs. moral) between-participants design.,9,"Há atribuição aleatória e o texto não discute adesão imperfeita, então a regra do codebook dá ATE; associacao só se aplicaria ao Estudo 1.",,,
C126,Lammers2022a,Lammers2022a,b2_n_total,numerica_int,"202 ; 200 (Estudo 2a ; Estudo 2b, na mesma ordem de b2_modelo_principal)",1007,discorda,0.0,original,202 ; 200,Participants in Study 2a were 202 American Amazon Mechanical Turk users,9,"Com os modelos principais nas Tabelas 3 e 4, os N são 202 e 200 (gl de F(1, 198) e F(1, 196)); 1007 é o N do Estudo 1.",,,
C128,Lammers2022a,Lammers2022a,b2_dp_y_tipo,categorica,controle,nao_reportado,discorda,0.0,original,controle,Data show cell means (SDs) and the difference between participants who rely on heuristics and who follow moral motives for equality.,10,"As Tabelas 3 e 4 trazem o DP de cada célula, inclusive a do braço de comparação, então há DP do grupo controle; nao_reportado só valeria para o Estudo 1.",,,
C129,Lammers2022a,Lammers2022a,b2_modelo_principal,textual,"apoio_ao_lider: Estudo 2a, Tabela 3 (ANOVA 2 x 2 sobre o índice de probabilidade de troca; colunas Heuristic e Moral: Equality, nas linhas Trailing e Leading) ; apoio_ao_lider: Estudo 2b, Tabela 4 (mesma especificação na amostra de replicação da União Europeia)","apoio_ao_lider: Tabela 2 (""Main Analyses""), regressão logística com os sete preditores padronizados — coluna esquerda (""Bandwagon Effect"") para mudança de partido atrás→líder, coluna direita (""Underdog Effect"") para mudança de líder→atrás.",discorda,0.0,original,"apoio_ao_lider: Estudo 2a, Tabela 3 (ANOVA 2 x 2 sobre o índice de probabilidade de troca; colunas Heuristic e Moral: Equality, nas linhas Trailing e Leading) ; apoio_ao_lider: Estudo 2b, Tabela 4 (mesma especificação na amostra de replicação da União Europeia)","showed the predicted interaction-effect, F(1, 198) = 29.71, p < .0001, ηp 2 = .130. See Table 3.",10,"O contraste da exposição (mesmo candidato à frente vs. atrás) só existe nas Tabelas 3 e 4; a Tabela 2 estima preditores psicológicos no Estudo 1, não a exposição. As réplicas 2a e 2b são igualmente centrais e são listadas juntas, como pede o codebook.",,,
C130,Lammers2022a,Lammers2022a,b2_criterio_modelo_principal,categorica,regra_do_protocolo ; regra_do_protocolo,"declarado_pelos_autores — a seção é explicitamente intitulada ""Main Analyses"" e remete diretamente à Tabela 2, não havendo outro modelo alternativo apresentado no corpo do texto.",discorda,0.0,original,regra_do_protocolo ; regra_do_protocolo,,0,"Para as Tabelas 3 e 4 não há frase de especificação preferida nem número repetido no resumo ou conclusão, então vale o passo 3; o 'Main Analyses' citado pela revalidação se refere à Tabela 2 do Estudo 1.",,,
C131,Lammers2022a,Lammers2022a,b2_direcao_estimativa_principal,categorica,apoio_ao_lider: benefica,"apoio_ao_lider: 999 — o ""modelo principal"" (Tabela 2) estima o efeito de sete preditores individuais (traços psicológicos) sobre a probabilidade de mudança de voto, e não o efeito de uma exposição a pesquisa em si; não há uma estimativa pontual única de ""efeito da exposição"" cuja direção (benéfica/danosa) possa ser lida sem inferir além do texto. Ver Notas.",discorda,0.0,original,apoio_ao_lider: benefica,"Trailing 4.02 (1.41) 2.92 (1.60) p < .001, d = .73 Leading 2.36 (1.23) 3.57 (1.74) p < .001, d = .80",10,"Pelas médias das células, a probabilidade de trocar é maior quando o candidato preferido aparece atrás (2a: 3,47 vs. 2,97; 2b: 3,33 vs. 2,62), ou seja, o candidato mostrado à frente retém mais apoio: estimativa na direção bandwagon. A direção é calculada das médias porque os autores não reportam o efeito principal da posição.",,,
C133,Lammers2022a,Lammers2022a,b2_interpretacao_autores,textual,"Os autores concluem que a informação sobre a posição nas pesquisas muda a intenção de voto nas duas direções, e que o efeito bandwagon reflete processamento heurístico superficial associado à falta de expertise política, enquanto o efeito underdog reflete preocupação moral com igualdade e justiça, sendo os dois efeitos assimétricos","Os autores concluem que a expertise política é o único preditor significativo do efeito bandwagon (efeito pequeno) e que apenas a preocupação com equidade distributiva prediz significativamente o efeito underdog (efeito também pequeno), sendo esses efeitos assimétricos entre si.",discorda,0.0,original,"Os autores concluem que a informação sobre a posição nas pesquisas muda a intenção de voto nas duas direções, e que o efeito bandwagon reflete processamento heurístico superficial associado à falta de expertise política, enquanto o efeito underdog reflete preocupação moral com igualdade e justiça, sendo os dois efeitos assimétricos",The results confirm that low expertise increases the bandwagon effect and that fairness concerns increase the underdog effect.,1,"A conclusão do artigo cobre os três estudos (bandwagon por processamento heurístico, underdog por preocupação com igualdade, efeitos assimétricos); a revalidação resume só a discussão do Estudo 1.",,,
C134,Lammers2022a,Lammers2022a,tipo_eleicao,categorica,simulada_abstrata,candidato_partido,discorda,0.0,original,simulada_abstrata,Participants took part in a simulated upcoming election for a new board member of an organization that they were a member of.,9,"No desenho que estima a exposição, a eleição é simulada, com candidatos A e B sem conteúdo político; candidato_partido só vale para o Estudo 1.",,,
C135,Lammers2022a,Lammers2022a,sistema_eleitoral,categorica,regra_do_experimento,proporcional,discorda,0.0,original,regra_do_experimento,"Participants were first shown the two candidates (A and B), well before the actual elections.",9,"A eleição dos Estudos 2a e 2b é definida pelo experimento (um cargo, dois candidatos); proporcional descreve a eleição polonesa do Estudo 1.",,,
C136,Lammers2022a,Lammers2022a,desenho_fino,categorica,survey_experiment,painel_individual,discorda,0.0,original,survey_experiment,"We use a vignette manipulation (Atzmüller & Steiner, 2010) to experimentally manipulate those factors that Study 1 identified to be most relevant.",9,"Os Estudos 2a e 2b são experimentos de vinheta em amostras online (MTurk e Prolific), isto é, survey_experiment; painel_individual descreve o Estudo 1.",,,
C137,Lammers2022a,Lammers2022a,realismo_contexto,categorica,hipotetico,real,discorda,0.0,original,hipotetico,Participants resolved a hypothetical voting decision,9,Os candidatos A e B são fictícios e não há pagamentos que induzam preferências; o mais próximo no codebook é hipotetico. Real só vale para o Estudo 1.,,,
C138,Lammers2022a,Lammers2022a,ano_eleicao,numerica_int,999,2019,discorda,0.0,original,999,,0,"Os Estudos 2a e 2b não têm eleição real e o texto não informa o ano de coleta (os anos das citações dos pré-registros não são datas de coleta), daí 999; 2019 é a eleição do Estudo 1, que não estima a exposição.",,,
C139,Lammers2022a,Lammers2022a,comparador_tipo,categorica,mesmo_candidato_atras,"outro — posição inicial de voto observacional (líder vs. atrás), não manipulada pelos pesquisadores.",discorda,0.0,original,mesmo_candidato_atras,"Independent of their choice, participants assigned to the leading position condition were told that 90% of the other voters were also planning to support the candidate favored by the participant",9,"O mesmo candidato preferido aparece à frente ou atrás por atribuição aleatória, que é a categoria mesmo_candidato_atras.",,,
C140,Lammers2022a,Lammers2022a,nivel_desfecho,categorica,intencao_declarada,escolha_declarada_pos_eleicao,discorda,0.0,original,intencao_declarada,Participants then indicated on two items the likelihood (between 1 very unlikely and 7 very likely) that they would stick with their candidate or switch to the other candidate,9,"No desenho experimental, o desfecho é intenção declarada de manter ou trocar; escolha pós-eleição é só do Estudo 1.",,,
C141,Lammers2022a,Lammers2022a,margem_mostrada,textual,"Disputa de dois candidatos com 90% contra 10% das intenções dos demais eleitores; a mesma distribuição aparece nos dois braços, invertida conforme a posição do candidato preferido pelo participante (90% na condição líder, 10% na condição atrás). O texto não imprime a diferença em pontos percentuais","40% (líder 1) vs. 25% (líder 2) nas pesquisas reais, ou seja, cerca de 15 p.p. entre os dois primeiros colocados; partidos atrás em 15%, 8% e 7%.",discorda,0.0,original,"Disputa de dois candidatos com 90% contra 10% das intenções dos demais eleitores; a mesma distribuição aparece nos dois braços, invertida conforme a posição do candidato preferido pelo participante (90% na condição líder, 10% na condição atrás). O texto não imprime a diferença em pontos percentuais","participants assigned to the leading position condition were told that 90% of the other voters were also planning to support the candidate favored by the participant, while in the trailing position condition they read that only 10%",9,"A informação mostrada é 90% vs. 10% nos dois braços, com a posição invertida; 40% vs. 25% são as pesquisas reais do Estudo 1, que não são manipuladas.",,,
C142,Lammers2022a,Lammers2022a,moderadores_relatados,categorica,idade + outro + preferencia_previa + sofisticacao_interesse,idade,discorda,0.0,original,idade + outro + preferencia_previa + sofisticacao_interesse,"a logistic regression testing the effect of political expertise, initial voting preference, and their interaction on final voting decision (using the combined sample) showed a significant interaction",7,"Há resultados relatados para idade, expertise política (sofisticacao_interesse), preferência inicial (interações nas notas 3 e 4 e no desenho 2 × 2) e motivo de igualdade (outro); a revalidação lista só idade.",,,
C143,Lammers2022a,Lammers2022a,n_competidores,numerica_int,2,9,discorda,0.0,original,2,"Participants were first shown the two candidates (A and B), well before the actual elections.",9,A informação de pesquisa no desenho experimental envolve dois candidatos; 9 é o número de partidos registrados no Estudo 1.,,,
C144,Lammers2022a,Lammers2022a,dias_ate_eleicao,numerica_int,999,30,discorda,0.0,original,999,Then participants learned that time had passed and the actual elections would now take place.,9,"Pelo codebook, experimento sem eleição real recebe 999; os 30 dias são do Estudo 1.",,,
C145,Lammers2022a,Lammers2022a,ajuste_mediador,categorica,Não,999,discorda,0.0,original,Não,,0,"O modelo principal (ANOVA 2 × 2) não controla expectativa de vitória nem viabilidade percebida, então a resposta é Não, e não 999.",,,
C152,Meffert2011,Meffert2011,comparador,textual,"Outro resultado de pesquisa: as condições foram agrupadas em pesquisa que criava resultado apertado (close/failure) versus resultado seguro (controle e competition); para o sinal de coalizão, condição com sinal versus sem sinal. Não há braço sem pesquisa alguma.","Comparação entre três condições de pesquisa pré-eleitoral de proximidade variável para o partido pequeno preferido (controle ≈10% vs. fechada/fracasso 5%/4% vs. competição ≈7% cada), cruzada ortogonalmente com a presença vs. ausência do sinal de coalizão nas manchetes.",discorda,0.0,original,"Outro resultado de pesquisa: pesquisa com resultado apertado (close/failure) versus resultado seguro (controle e competição agrupados); para o sinal de coalizão, com sinal versus sem sinal. Não há braço sem pesquisa.","For the analyses reported below, the different conditions are combined in two categories depending on whether or not the poll created a close election outcome assumed to facilitate strategic voting or a safe outcome",13,"A comparação analisada é a dicotomia apertado × seguro que os autores declaram, não as três condições separadas. O original a registra e usa o rótulo 'outro resultado' do codebook.",,,
C153,Meffert2011,Meffert2011,construto_outcome,categorica,apoio_ao_lider,999 (não corresponde a nenhum dos construtos do protocolo — ver Notas),discorda,0.0,original,apoio_ao_lider,"we carefully distinguish explicit strategic voting from so-called ‘insincere voting’ – that is, any vote for a different party than the one preferred most or ranked highest.",25,"O outcome é escolha de voto dentro do experimento, e o codebook põe escolha de voto em apoio_ao_lider mesmo quando o apoio medido não é o do líder. '999' não pertence ao vocabulário da variável.",,,
C156,Meffert2011,Meffert2011,mecanismo_descricao,textual,"Recurso: pesquisas pré-eleitorais manipuladas e sinais de coalizão embutidos num fluxo de informação de campanha, mais os artigos de pesquisa que o participante escolhe ler; Raciocínio: as pistas objetivas só mudam o voto se forem atendidas e traduzidas em percepções, de modo que a manipulação altera as previsões de resultado, a proximidade percebida da cláusula e a percepção do sinal, e são essas percepções que aumentam a defecção do partido preferido, restando às pistas objetivas um efeito apenas indireto; Contexto: sistema proporcional com cláusula de 5 por cento e governos de coalizão, em duas campanhas estaduais alemãs reais.","Recurso: pesquisa pré-eleitoral manipulada (proximidade do limiar de 5%) e sinal de coalizão manipulado; Raciocínio: a manipulação objetiva altera a percepção subjetiva de proximidade/viabilidade e a percepção do sinal de coalizão, e é essa percepção que aumenta a probabilidade de defecção do partido preferido (voto insincero), não a condição objetiva diretamente; Contexto: laboratório embutido em campanha eleitoral real, comparando modelos com e sem as variáveis de percepção.",discorda,0.0,original,"Recurso: pesquisas pré-eleitorais manipuladas e sinais de coalizão num fluxo de informação de campanha, mais os artigos de pesquisa que o participante escolhe ler; Raciocínio: a manipulação altera as previsões, a proximidade percebida da cláusula e a percepção do sinal, e são essas percepções que aumentam a defecção do partido preferido, restando às pistas objetivas efeito apenas indireto; Contexto: sistema proporcional com cláusula de 5% e governos de coalizão, em duas campanhas estaduais alemãs reais.",Parties have to pass a 5 per cent minimum vote threshold to enter parliament.,8,"Recurso e Raciocínio coincidem nos dois. No Contexto, o original descreve o cenário institucional que os autores apontam como condição do mecanismo. A revalidação põe ali o desenho de análise (modelos com e sem percepções), que é método e não contexto.",,,
C157,Meffert2011,Meffert2011,moderador_descricao,textual,"Moderador principal: conhecimento político (sofisticação), em interação com o número de artigos de pesquisa lidos, no modelo de erro de previsão (Tabela 2, Figura 6): o efeito de ler mais artigos sobre a redução do erro diminui conforme a sofisticação aumenta e desaparece entre os mais sofisticados, de modo que ler mais artigos beneficia sobretudo os pouco sofisticados. No modelo de percepção do sinal de coalizão (Tabela 3) a mesma interação não é significativa e o conhecimento não prediz a percepção do sinal, ao passo que a força da identificação partidária a aumenta. Apoiadores de pequenos partidos aparecem como mais precisos nas previsões que os de grandes partidos. Nos modelos de voto insincero (Tabela 4) não há termo de interação: conhecimento, apoiador de pequeno partido e sexo entram apenas como controles.","Conhecimento político modera o efeito de ler mais artigos de pesquisa manipulados sobre a acurácia da previsão do resultado eleitoral (erro médio absoluto, MAE): o efeito redutor de erro de ler mais artigos diminui conforme aumenta a sofisticação política, desaparecendo para os participantes mais sofisticados (Tabela 2; Figura 6).",discorda,0.0,original,"Conhecimento político modera o efeito de ler mais artigos de pesquisa sobre o erro de previsão (Tabela 2, Figura 6): o efeito redutor de erro diminui com a sofisticação e desaparece entre os mais sofisticados. No modelo de percepção do sinal de coalizão (Tabela 3) a mesma interação não é significativa. Nos modelos de voto insincero (Tabela 4) não há termo de interação.",Both political knowledge and poll articles signiﬁcantly reduce the errors in the forecasts and show a signiﬁcant interaction effect as well.,21,"Os dois acertam o moderador principal. Só o original registra que a interação não é significativa na Tabela 3 e que não há moderação testada no outcome de voto, o que o texto sustenta e importa para a revisão.",,,
C159,Meffert2011,Meffert2011,limitacoes_autores,textual,"Amostra pequena e não representativa (estudantes) e contexto específico de um país, o que torna as conclusões tentativas e exige corroboração futura; número muito baixo de eleitores estratégicos explícitos (dez casos), que impede análises aprofundadas desse grupo; a operacionalização de voto estratégico deixa de contar eleitores estratégicos que não verbalizam uma razão estratégica na tarefa aberta.","Amostra pequena e não representativa (estudantes) e contexto específico de um país, o que torna as conclusões tentativas e carentes de corroboração futura.",discorda_parcial,0.5,original,"Amostra pequena e não representativa (estudantes) e contexto de um só país, o que torna as conclusões tentativas; número muito baixo de eleitores estratégicos explícitos (dez), que impede análises aprofundadas desse grupo; a operacionalização de voto estratégico não conta os eleitores estratégicos que não verbalizam uma razão estratégica na tarefa aberta.","Given the low number of just ten explicitly strategic voters, it is not possible to conduct further in-depth analyses of this group.",25,"Os autores reconhecem as três limitações: amostra (folha 27), dez casos (folha 25) e operacionalização (nota 12, folha 30). A revalidação traz só a primeira.",,,
C160,Meffert2011,Meffert2011,b2_hipoteses_testes,textual,"A identificação declarada é a atribuição aleatória individual das condições de pesquisa (com probabilidades 20, 50 e 30 por cento) e de sinal de coalizão (probabilidade igual e independente da condição de pesquisa), combinada à designação sistemática, não aleatória, do estado e do partido usado na manipulação segundo o ranking de preferências do participante. Não há tabela de balanceamento de covariáveis nem teste placebo. São apresentadas checagens de manipulação: ANOVA das previsões de voto do pequeno partido preferido por condição de pesquisa e comparação das percepções corretas do sinal de coalizão entre condições, ambas bem-sucedidas; uma nota verifica ainda que a exposição a pesquisas reais publicadas durante o estudo não afetou as previsões.","Testes de verificação da manipulação (manipulation checks), não testes de falsificação: (1) ANOVA mostrando que a previsão do participante para o percentual do partido pequeno caiu significativamente conforme a condição de pesquisa ficava mais fechada (F[3,196]=9,85, p<0,001); (2) qui-quadrado mostrando que a percepção correta do sinal de coalizão aumentou significativamente quando o sinal estava presente (χ²[3]=24,83, p<0,001). Nenhum teste de pré-tendência, placebo ou corte falso é reportado.",discorda,0.0,original,"Identificação pela atribuição aleatória individual das condições de pesquisa (probabilidades de 20, 50 e 30%) e do sinal de coalizão (probabilidade igual, independente da pesquisa), com designação sistemática, não aleatória, do estado e do partido manipulado segundo o ranking do participante. Sem tabela de balanceamento nem placebo. Checagens de manipulação: ANOVA das previsões do pequeno partido por condição (F[3,196] = 9,85, p < 0,001) e qui-quadrado da percepção correta do sinal (χ²[3] = 24,83, p < 0,001); nota sobre exposição a pesquisa real publicada durante o estudo.","Participants were assigned to the three conditions with 20, 50 and 30 per cent probability",13,O codebook pede as hipóteses de identificação declaradas e os testes. Só o original registra a hipótese (atribuição aleatória com designação sistemática). As checagens de manipulação aparecem nos dois.,,,
C162,Meffert2011,Meffert2011,b2_controles,textual,distância ideológica absoluta em relação ao partido preferido ; força da identificação partidária ; preferência partidária (distância avaliativa entre o partido preferido e o segundo mais bem avaliado) ; concordância com a afirmação de eleitor habitual do partido ; concordância com a afirmação de que o partido preferido não tem chance ; conhecimento político ; apoiador de pequeno partido ; sexo (masculino) ; além das duas variáveis de percepção incluídas na coluna com percepções (distância percebida da cláusula e percepção do sinal de coalizão),"distância ideológica do partido preferido ; preferência pelo partido (distância avaliativa do segundo colocado) ; força da identificação partidária ; concordância com ""sempre voto neste partido"" (eleitor habitual) ; conhecimento político ; apoiador de partido pequeno ; sexo",discorda_parcial,0.5,original,"distância ideológica absoluta em relação ao partido preferido ; força da identificação partidária ; preferência partidária (distância avaliativa do segundo partido mais bem avaliado) ; concordância com 'eleitor habitual do partido' ; concordância com 'o partido preferido não tem chance' ; conhecimento político ; apoiador de pequeno partido ; sexo (masculino) ; na coluna com percepções, também a distância percebida da cláusula e a percepção do sinal de coalizão","Finally, political knowledge, small party supporter and sex of the participant were included as control variables.",26,A Tabela 4 (folhas 26-27) inclui 'Party no chance' (agreement) nas duas colunas. O original o lista e a revalidação o omite; nas demais variáveis os dois coincidem.,,,
C163,Meffert2011,Meffert2011,b2_modelo_principal,textual,"apoio_ao_lider: Tabela 4, coluna 'With perceptions' (B)","voto_insincero (outcome não corresponde a construto do protocolo — ver Notas): Tabela 4, coluna ""With perceptions"" (modelo com as variáveis de percepção subjetiva — distância percebida do limiar e percepção do sinal de coalizão — incluídas como mediadoras); esta é a especificação cujos resultados (percepções, não condições objetivas) sustentam a interpretação central dos autores na discussão.",discorda,0.0,original,"apoio_ao_lider: Tabela 4, coluna 'With perceptions' (B)","In order to make the effects of objective and perceived indicators more transparent, the model is reported with and without the perceptions.",25,"Os dois apontam a mesma coluna. O codebook pede o rótulo do construto do protocolo (apoio_ao_lider, ver C153), não 'voto_insincero'.",,,
C164,Meffert2011,Meffert2011,b2_criterio_modelo_principal,categorica,regra_do_protocolo,usado_na_interpretacao,discorda,0.0,original,regra_do_protocolo,,25,"Os autores não declaram a especificação preferida, e nenhum coeficiente da Tabela 4 é repetido no resumo ou na conclusão. Pela ordem do codebook vale o passo 3, a especificação com mais controles, que é a coluna 'With perceptions'.",,,
C166,Meffert2011,Meffert2011,b2_significancia_05,categorica,apoio_ao_lider: nao,voto_insincero (pesquisa fechada manipulada): nao ; voto_insincero (sinal de coalizão manipulado): nao,discorda,0.0,original,apoio_ao_lider: nao,"As expected, the manipulated poll condition did not have any direct effect on insincere voting, no matter whether or not perceived closeness is included in the model (Table 4).",26,"Pesquisa apertada: B = -0,51 (EP 0,52), não significativo a 5%. Os dois concordam no 'nao'. O original usa o rótulo do construto do protocolo; a revalidação acrescenta o sinal de coalizão, que não é exposição a pesquisa.",,,
C169,Meffert2011,Meffert2011,alvo_efeito,categorica,lider + partido_abaixo_clausula,partido_abaixo_clausula,discorda,0.0,original,lider + partido_abaixo_clausula,"Third, depending on which party was ranked highest overall, participants were categorised as either major-party (CDU, SPD) or small-party (FDP, Green Party, Left Party) supporters.",12,"O apoio medido é o voto no próprio partido preferido. Para apoiadores de partido grande esse partido é o líder (41%); para apoiadores de partido pequeno, é o partido posto na cláusula ou abaixo dela. Por isso o alvo é duplo, como no original.",,,
C175,Morton2015a,Morton2015a,intervencao_descricao,textual,"Exposição ao resultado eleitoral já divulgado do continente: às 20h CET, no fechamento das urnas metropolitanas, as TVs francesas divulgam estimativas muito precisas do resultado final (percentuais e ranking dos candidatos), baseadas em grandes pesquisas de boca de urna e nos primeiros resultados apurados. Antes da reforma de 2005, os eleitores dos territórios ultramarinos a oeste do continente ainda tinham urnas abertas quando essa informação circulava e, portanto, votavam sabendo quem venceria. A fonte de variação exógena é a reforma constitucional de 2003, efetiva em 2005, que passou a votação desses territórios para sábado, eliminando o acesso à informação","Conhecimento do resultado eleitoral por boca de urna/apuração precoce, divulgado por canais de TV às 20h CET no dia da eleição na França continental, antes de os territórios ultramarinos ocidentais fecharem suas urnas (antes da reforma de 2005); meio = televisão/mídia; momento = mesmo dia da votação, antes do fechamento das seções ocidentais.",discorda,0.0,original,"Exposição ao resultado eleitoral já divulgado do continente: às 20h CET, no fechamento das urnas metropolitanas, as TVs francesas divulgam estimativas muito precisas do resultado final (percentuais e ranking dos candidatos), baseadas em grandes pesquisas de boca de urna e nos primeiros resultados apurados. Antes da reforma de 2005, os eleitores dos territórios ultramarinos a oeste do continente ainda tinham urnas abertas quando essa informação circulava e, portanto, votavam sabendo quem venceria. A fonte de variação exógena é a reforma constitucional de 2003, efetiva em 2005, que passou a votação desses territórios para sábado, eliminando o acesso à informação","it was decided to change the voting day to Saturday in all territories to the west of the mainland: French Polynesia, St. Pierre and Miquelon, Guadeloupe, French Guiana and Martinique. This reform became eﬀective in 2005.",17,"O codebook exige, em experimento natural, a fonte da variação; o original descreve formato, conteúdo, meio, momento e a reforma (lei constitucional de 2003, efetiva em 2005), enquanto a revalidação cita a reforma só como marco temporal e não a descreve como fonte da variação.",,,
C176,Morton2015a,Morton2015a,comparador,textual,"Os mesmos territórios ultramarinos ocidentais depois da reforma de 2005, quando passaram a votar sem conhecer o resultado do continente, tendo como grupo de controle unidades não expostas (os OST orientais e, nas especificações maiores, os departamentos do continente)","Unidades expostas à informação de boca de urna (OST ocidentais antes da reforma de 2005, quando votavam depois do resultado do continente ser conhecido) comparadas com si mesmas após a reforma (quando passaram a votar sem essa informação) e com as OST orientais, que nunca tiveram acesso a essa informação (grupo de controle não exposto).",discorda_parcial,0.5,original,"Os mesmos territórios ultramarinos ocidentais depois da reforma de 2005, quando passaram a votar sem conhecer o resultado do continente, tendo como grupo de controle unidades não expostas (os OST orientais e, nas especificações maiores, os departamentos do continente)",later on we use all elections from 1981 to 2012 and also include the departments from the mainland as an additional control group.,20,"O modelo principal de comparecimento (Tabela 5) usa os 105 departamentos, com o continente como controle adicional; o original registra isso e a revalidação menciona só os OST orientais e o próprio grupo depois da reforma.",,,
C178,Morton2015a,Morton2015a,mecanismo_descricao,textual,"Recurso: divulgação, no fechamento das urnas do continente, de estimativas precisas do resultado final, acessíveis a eleitores ultramarinos cujas urnas ainda estavam abertas; Raciocínio: ao aprender que a eleição já está decidida, o eleitor conclui que seu voto não será pivotal e, sendo o voto custoso, tende a se abster; entre os que comparecem, parte obtém utilidade de votar no vencedor (ou de conformar-se à maioria) e desconsidera sua informação ou preferência privada, produzindo voto bandwagon, seja por troca de voto, seja por comparecimento seletivo, canais que os dados não permitem separar; Contexto: eleições presidenciais francesas em dois turnos, com cerca de 96% do eleitorado no continente, o que torna o resultado praticamente definido antes de os territórios ocidentais votarem","Recurso: teoria da votação sequencial com informação incompleta e utilidade de conformidade (Battaglini 2005; Battaglini, Morton e Palfrey 2007; Callander 2007); Raciocínio: ao saber o resultado provável (via boca de urna), o eleitor tardio percebe menor probabilidade de seu voto ser pivotal — o que, dado custo de votar, reduz o incentivo a comparecer — e/ou obtém utilidade própria em votar pelo candidato que já parece vencedor, gerando bandwagon; Contexto: modelo teórico de votação sequencial testado no cenário do vazamento de boca de urna na eleição presidencial francesa.",discorda,0.0,original,"Recurso: divulgação, no fechamento das urnas do continente, de estimativas precisas do resultado final, acessíveis a eleitores ultramarinos cujas urnas ainda estavam abertas; Raciocínio: ao aprender que a eleição já está decidida, o eleitor conclui que seu voto não será pivotal e, sendo o voto custoso, tende a se abster; entre os que comparecem, parte obtém utilidade de votar no vencedor (ou de conformar-se à maioria) e desconsidera sua informação ou preferência privada, produzindo voto bandwagon, seja por troca de voto, seja por comparecimento seletivo, canais que os dados não permitem separar; Contexto: eleições presidenciais francesas em dois turnos, com cerca de 96% do eleitorado no continente, o que torna o resultado praticamente definido antes de os territórios ocidentais votarem","Hence, both theory and the experimental evidence suggest that if the act of voting is costly, when later voters learn from exit poll information that their decision is unlikely to be pivotal, they are more likely to abstain.",10,"No formato CMMO, Recurso é o que a exposição entrega ao eleitor (a estimativa precisa do resultado às 20h), não a teoria citada, como pôs a revalidação; o original também dá o contexto empírico (96% do eleitorado no continente) que os autores usam.",,,
C179,Morton2015a,Morton2015a,efeitos_nao_intencionais,textual,"Desmobilização (queda de cerca de 11 pontos percentuais no comparecimento quando os eleitores conhecem o resultado) e vantagem eleitoral para candidatos e partidos favorecidos pelos eleitores que votam primeiro, via voto bandwagon; os autores também apontam o incentivo de candidatos e partidos a manipular o momento da votação e o tipo e a acurácia da informação divulgada",999,discorda,0.0,original,"Desmobilização (queda de cerca de 11 pontos percentuais no comparecimento quando os eleitores conhecem o resultado) e vantagem eleitoral para candidatos e partidos favorecidos pelos eleitores que votam primeiro, via voto bandwagon; os autores também apontam o incentivo de candidatos e partidos a manipular o momento da votação e o tipo e a acurácia da informação divulgada","These eﬀects on voting behavior (lower participation and a bandwagon eﬀect) provide advantages to candidates and political parties favored by early voters, which do not exist in the absence of the information.",36,"O codebook lista desmobilização (comparecimento) como efeito não intencional, e o artigo estima a queda de cerca de 11 p.p. e discute a vantagem aos candidatos dos primeiros eleitores e o incentivo à manipulação; 999 está errado.",,,
C180,Morton2015a,Morton2015a,limitacoes_autores,textual,"Os dados não permitem distinguir entre o canal de troca de voto e o canal de comparecimento seletivo no efeito bandwagon; o número pequeno de clusters quando se descartam os departamentos do continente impede erros-padrão agrupados, obrigando ao bootstrap em blocos, e reduz a precisão nas amostras menores; há ainda a escolha do grupo de controle em desenhos de diferenças em diferenças e eventos atípicos do período (candidato guianense em 2002 e a eleição 'Le Pen')",Os próprios autores reconhecem que os dados não permitem distinguir entre as duas explicações possíveis para o efeito bandwagon encontrado (troca de voto por bandwagon vs. efeito de comparecimento por bandwagon).,discorda,0.0,original,"Os dados não permitem distinguir entre o canal de troca de voto e o canal de comparecimento seletivo no efeito bandwagon; o número pequeno de clusters quando se descartam os departamentos do continente impede erros-padrão agrupados, obrigando ao bootstrap em blocos, e reduz a precisão nas amostras menores; há ainda a escolha do grupo de controle em desenhos de diferenças em diferenças e eventos atípicos do período (candidato guianense em 2002 e a eleição 'Le Pen')","However, when dropping the departments from the mainland we have nine clusters which is not enough to estimate clustered standard errors.",23,"A limitação central (não separar troca de voto de comparecimento seletivo, p. 35) está nas duas; o original acrescenta limitações que os autores também reconhecem no texto (poucos clusters, menor precisão na amostra pequena, escolha do grupo de controle na nota 26), todas sustentadas.",,,
C185,Morton2015a,Morton2015a,b2_criterio_modelo_principal,categorica,regra_do_protocolo ; usado_na_interpretacao,mobilizacao: declarado_pelos_autores ; apoio_ao_lider: usado_na_interpretacao,discorda,0.0,original,apoio_ao_lider: regra_do_protocolo ; mobilizacao: usado_na_interpretacao,We ﬁnd that knowing the outcome of early voting decreases turnout by about 12 percentage points in our preferred speciﬁcation.,36,"A frase 'preferred specification' não nomeia tabela ou coluna e seu número (12) não é o da Tabela 5, col. (1), então não vale como declarado_pelos_autores; o 11 p.p. do resumo e da p. 26 vem da Tabela 5 (usado_na_interpretacao). O δ = −5,22 do bandwagon não se repete no resumo nem na conclusão, o que leva à regra_do_protocolo.",,,
C190,Schlegel2023,Schlegel2023,problema_pesquisa,textual,"Separar experimentalmente o efeito da informação política do efeito da capacidade cognitiva sobre o voto estratégico, e verificar se esses dois componentes da sofisticação política só operam quando o eleitor tem incentivo para votar estrategicamente.",Desentrelaçar o efeito da informação política do efeito da capacidade cognitiva sobre o voto estratégico.,discorda_parcial,0.5,original,"Separar experimentalmente o efeito da informação política do efeito da capacidade cognitiva sobre o voto estratégico, e verificar se esses dois componentes da sofisticação política só operam quando o eleitor tem incentivo para votar estrategicamente.","we develop an experiment that allows us to (1) independently manipulate incentives for strategic voting, and the two factors of political sophistication (political information and cognitive resources) and (2) examine the conditional effects of information and cognitive resources.",3,O objetivo declarado tem duas partes: separar informação e recursos cognitivos e examinar seus efeitos condicionais ao incentivo. A revalidação registra só a primeira.,,,
C192,Schlegel2023,Schlegel2023,periodo_dados,textual,Coletas em 29 de janeiro de 2020 (piloto) e 24 de setembro de 2020 (estudo principal); a análise observacional complementar de validade externa usa o British Election Study de 2015.,"Coleta em janeiro e setembro de 2020 (piloto e estudo principal, respectivamente).",discorda,0.0,original,Coletas em 29 de janeiro de 2020 (piloto) e 24 de setembro de 2020 (estudo principal); a análise observacional complementar de validade externa usa o British Election Study de 2015.,"In order to answer whether our experimental results transfer to real- world elections, we leverage data from the 2015 British Election Study.",6,"O período coberto pelos dados inclui, além das coletas de 2020 (p. 5), o BES 2015 usado na análise de validade externa relatada no texto; a revalidação omite essa fonte.",,,
C193,Schlegel2023,Schlegel2023,fonte_dados,categorica,ambos,primarios,discorda,0.0,original,ambos,"In order to answer whether our experimental results transfer to real- world elections, we leverage data from the 2015 British Election Study.",6,"O experimento gera dados primários e a análise de validade externa usa dados secundários do British Election Study 2015, relatada no corpo do artigo; logo, ambos.",,,
C195,Schlegel2023,Schlegel2023,comparador,textual,"A comparação é entre condições da própria exposição a pesquisas, não com ausência de pesquisa: condição de alta informação (pesquisas com pouca variação entre institutos, portanto incerteza baixa sobre o resultado provável) contra condição de baixa informação (maior variação entre institutos), com o resultado médio das pesquisas mantido constante. Esse contraste é cruzado com a manipulação de recursos cognitivos e com o nível de incentivo monetário, num desenho fatorial entre sujeitos. Todos os participantes veem pesquisas e todos recebem incentivo para o voto estratégico; os próprios autores registram que não há condição contrafactual sem incentivo.","Condição de níveis baixos de informação, recursos cognitivos e incentivo (grupo controle) versus níveis altos desses fatores, em desenho fatorial 2x2x2.",discorda,0.0,original,"A comparação é entre condições da própria exposição a pesquisas, não com ausência de pesquisa: condição de alta informação (pesquisas com pouca variação entre institutos, portanto incerteza baixa sobre o resultado provável) contra condição de baixa informação (maior variação entre institutos), com o resultado médio das pesquisas mantido constante. Esse contraste é cruzado com a manipulação de recursos cognitivos e com o nível de incentivo monetário, num desenho fatorial entre sujeitos. Todos os participantes veem pesquisas e todos recebem incentivo para o voto estratégico; os próprios autores registram que não há condição contrafactual sem incentivo.",we present conditional treatment effects of information and cognitive resources for different levels of incentives in Fig. 2.,5,"Os efeitos são estimados dentro de cada nível de incentivo, contra baixa informação e carga cognitiva (""vs. Low Levels in Control Condition"", Fig. 2); o incentivo não faz parte do grupo controle, como afirma a revalidação.",,,
C196,Schlegel2023,Schlegel2023,outcome_medida,textual,"Voto estratégico na eleição simulada, medido no nível individual como a escolha do candidato B, que as pesquisas mostram empatado na liderança, em vez do candidato A, o mais próximo das preferências do respondente mas mostrado sem chance. É, portanto, apoio a um candidato mostrado à frente, medido por escolha individual incentivada por bônus monetário e não por intenção declarada.","Escolha de voto declarada (individual) na eleição simulada, classificada como voto estratégico quando o participante muda do candidato preferido (A) para o candidato viável (B).",discorda,0.0,original,"Voto estratégico na eleição simulada, medido no nível individual como a escolha do candidato B, que as pesquisas mostram empatado na liderança, em vez do candidato A, o mais próximo das preferências do respondente mas mostrado sem chance. É, portanto, apoio a um candidato mostrado à frente, medido por escolha individual incentivada por bônus monetário e não por intenção declarada.","After reviewing the polls, participants are asked to cast their vote for one of the candidates.",4,"É uma escolha no experimento (com bônus na condição de alto incentivo, onde está o efeito principal), não intenção declarada, e o codebook pede dizer se o apoio é ao líder ou ao candidato atrás, o que só a original faz.",,,
C197,Schlegel2023,Schlegel2023,mecanismo_tipo_evidencia,categorica,teste_de_canal,hipotese_dos_autores,discorda,0.0,original,teste_de_canal,"By experimentally isolating and testing differ- ent underlying mechanisms, we show that information and cognitive resources have to go hand in hand to help voters find optimal electoral outcomes.",2,"Os canais (informação e recursos cognitivos) são manipulados de forma independente e testados com dados, com checagem de manipulação da probabilidade percebida de vitória; é teste de canal, não só hipótese dos autores.",,,
C202,Schlegel2023,Schlegel2023,b2_hipoteses_testes,textual,"Aleatorização individual entre oito condições de um fatorial entre sujeitos, com checagem de balanceamento das covariáveis relevantes relatada no material suplementar (SM IV) e checagens de manipulação para os três tratamentos (SM V), que mostram que a informação mais precisa reduz a probabilidade percebida de vitória do candidato preferido, que a carga cognitiva piorou o desempenho em tarefa de lógica e que quem estava na condição de alto incentivo justificou mais o voto pela chance realista de vitória. A análise do estudo principal é pré-registrada.","Os autores reportam testes de manipulação (checagem de que os tratamentos de informação, incentivo e carga cognitiva funcionaram como planejado), descritos no material suplementar (SM V) e apenas resumidos no texto principal.",discorda,0.0,original,"Aleatorização individual entre oito condições de um fatorial entre sujeitos, com checagem de balanceamento das covariáveis relevantes relatada no material suplementar (SM IV) e checagens de manipulação para os três tratamentos (SM V), que mostram que a informação mais precisa reduz a probabilidade percebida de vitória do candidato preferido, que a carga cognitiva piorou o desempenho em tarefa de lógica e que quem estava na condição de alto incentivo justificou mais o voto pela chance realista de vitória. A análise do estudo principal é pré-registrada.",SM IV shows that randomization assured balance with respect to covariates that are considered relevant to strategic voting,4,"O codebook pede os testes apresentados, incluindo balanceamento; o texto cita a checagem de balanceamento (nota 4) além das checagens de manipulação, e a revalidação omite o balanceamento.",,,
C206,Schlegel2023,Schlegel2023,b2_significancia_05,categorica,apoio_ao_lider: sim,apoio_ao_lider: nao_reportada,discorda,0.0,original,apoio_ao_lider: sim,Results from experimental study. Conditional treatment effects of information and cognitive resources on strategic voting (including 95% and 90% confidence intervals).,6,"Na Fig. 2 (renderizada), o IC95% do estudo principal para Information & Cognitive Resources sob alto incentivo vai de cerca de 0,045 a 0,18 e exclui zero; o texto contrasta esse efeito com os tratamentos isolados, sem aumento significativo replicável.",,,
C209,Schlegel2023,Schlegel2023,comparador_tipo,categorica,"outro — especifique: pesquisas com baixa variação entre institutos, isto é, informação mais precisa, contra pesquisas com alta variação entre institutos, mantendo constante o resultado médio mostrado; não há braço sem exposição a pesquisa.",unidades_nao_expostas,discorda,0.0,original,"outro — especifique: pesquisas com baixa variação entre institutos, isto é, informação mais precisa, contra pesquisas com alta variação entre institutos, mantendo constante o resultado médio mostrado; não há braço sem exposição a pesquisa.",we induce uncertainty about each candidate’s electoral prospects by increasing the between-poll variation in pre- election candidate support (holding constant average support for each candidate).,5,"Todos veem pesquisas, com o mesmo resultado médio; o que muda é a dispersão entre pesquisas. Não há unidades não expostas. Vale acrescentar ao 'outro' que o contraste principal também cruza a carga cognitiva.",,,
C211,Schlegel2023,Schlegel2023,alvo_efeito,categorica,lider,segundo_viavel,discorda,0.0,original,lider,"According to the polls, Candidate 𝐴(the most preferred candidate) has the lowest chance of winning the election, while Candidate 𝐵and 𝐶are tied for the lead",4,"O apoio medido é a B, que as pesquisas mostram empatado na liderança com C; pelo critério posicional do codebook, é quem aparece à frente (lider), não um segundo colocado. O caso é limítrofe, porque B ganha voto por ser viável.",,,
C212,Schlegel2023,Schlegel2023,ajuste_mediador,categorica,"Não — a expectativa de vitória (probabilidade percebida de o candidato preferido vencer) aparece no texto apenas como checagem de manipulação, não como controle do modelo principal.",999,discorda,0.0,original,Não,"We conducted a set of manipulation checks for all three treatments. SM V presents results that show that the treatments work. First, pro- viding respondents with more accurate polling information reduces the perceived likelihood of Candidate A",5,"A expectação de vitória aparece só como checagem de manipulação; os efeitos da Fig. 2 são contrastes de tratamento contra o controle, sem indicação de que controlem pelo mediador. As tabelas de regressão estão no SM A.VI, fora do PDF.",,,
C213,Tyszler2013,Tyszler2013,pais_estudo,textual,Países Baixos — Amsterdã,Holanda,discorda,0.0,original,Países Baixos — Amsterdã,Ten sessions were run at the CREED laboratory at the University of Amsterdam in June 2009.,11,"Os dois apontam o mesmo país, mas o codebook manda acrescentar o município depois de travessão quando o local é subnacional, e os participantes são do laboratório CREED, em Amsterdã. O nome oficial do país é Países Baixos; Holanda é uma de suas províncias.",,,
C214,Tyszler2013,Tyszler2013,problema_pesquisa,textual,"Saber se os resultados sobre voto estratégico e informação obtidos com preferências homogêneas se mantêm quando o eleitorado é heterogêneo na intensidade da preferência pela segunda opção, e qual componente da informação explica o comportamento observado.","Estudar o voto estratégico num ambiente com três opções e possíveis ciclos de Condorcet, quando as preferências do eleitorado são heterogêneas na importância relativa atribuída à opção intermediária.",discorda,0.0,original,"Saber se os resultados sobre voto estratégico e informação obtidos com preferências homogêneas se mantêm quando o eleitorado é heterogêneo na intensidade da preferência pela opção intermediária, e qual componente da informação (distribuição agregada das ordenações ou intensidade das preferências) explica o comportamento.","It is possible, however, that such results do not carry over to an environment with heterogeneous preferences. This is the main question we will pursue here.",3,"Os autores declaram como pergunta central se os resultados do caso homogêneo valem com heterogeneidade, e a Seção 4 acrescenta qual componente da informação importa mais. A revalidação descreve o cenário, não a pergunta declarada.",,,
C215,Tyszler2013,Tyszler2013,unidade_analise,categorica,"outro (eleitorado experimental, grupo de 12 votantes por sessão, usado como unidade de observação nos testes; as decisões de voto são individuais)",individuo,discorda,0.0,original,"outro — eleitorado experimental (grupo de 12 votantes); as decisões são individuais, mas os testes usam a média por eleitorado como unidade de observação","Statistical tests are non-parametric, using average behavior of (sub-groups of) voters per electorate as the unit of observation.",11,"Os autores tratam o eleitorado como unidade de observação em todos os testes. As decisões são individuais, mas a análise não é feita no nível do indivíduo, então o valor é outro.",,,
C216,Tyszler2013,Tyszler2013,populacao,textual,"Sujeitos recrutados para o laboratório CREED da Universidade de Amsterdã: 204 participantes em dez sessões, formando 17 eleitorados independentes de 12 votantes cada; quem participara das sessões homogêneas anteriores foi excluído.",Sujeitos de laboratório (estudantes) formando eleitorados experimentais de 12 votantes cada.,discorda,0.0,original,"Sujeitos recrutados para o laboratório CREED da Universidade de Amsterdã: 204 participantes em dez sessões, formando 17 eleitorados independentes de 12 votantes; quem participou das sessões homogêneas anteriores foi excluído.","Ten sessions were run at the CREED laboratory at the University of Amsterdam in June 2009. 204 subjects11 participated, allowing for 17 independent electorates12.",11,"O texto fala em subjects do laboratório CREED e nunca diz que são estudantes. A revalidação acrescenta um dado que o texto não traz, e a original descreve os participantes como os autores os descrevem.",,,
C218,Tyszler2013,Tyszler2013,fonte_dados,categorica,ambos,primarios,discorda,0.0,original,ambos,Results for the homogenous case are taken from TS11.,14,"Os dados das sessões heterogêneas foram coletados para este artigo, e as comparações com o caso homogêneo reusam dados publicados no estudo anterior TS11. Se o revisor considerar que o experimento anterior dos mesmos autores também é dado primário, o valor passa a ser primarios; o contraste com e sem informação no caso heterogêneo usa só dados novos.",,,
C219,Tyszler2013,Tyszler2013,intervencao_descricao,textual,"Nos tratamentos informados, antes de cada votação o experimentador exibe em tabela a distribuição agregada realizada das preferências do eleitorado de 12 votantes, isto é, quantos participantes receberam cada uma das três ordenações (A B C, B C A, C A B). No tratamento aggregate information aparecem apenas as ordenações agregadas (primeira e última colunas da Tabela 1); no full information aparece também a distribuição realizada da intensidade da preferência, ou seja, quantos votantes de cada ordenação recebem 3 e quantos recebem 8 pela opção intermediária. No tratamento uninformed nada disso é exibido e o votante conhece apenas as distribuições a priori, a própria ordenação e o próprio valor intermediário. A informação é apresentada na tela, em texto/tabela, imediatamente antes do voto, em cada uma das 40 rodadas de uma eleição de laboratório entre três opções abstratas.","Antes de votar em cada rodada (eleição simulada com 3 opções, A/B/C), os sujeitos recebem um de três níveis de informação sobre as preferências do eleitorado: nenhuma informação além das distribuições a priori (uninformed); a distribuição agregada realizada das ordens de preferência do eleitorado, análoga a um resultado de pesquisa eleitoral (aggregate information); ou essa mesma distribuição agregada acrescida da distribuição realizada da intensidade de preferência dentro de cada grupo (full information).",discorda,0.0,original,"Antes de cada uma das 40 votações (eleição de laboratório entre três opções abstratas, A, B e C), os tratamentos informados mostram em tabela a distribuição agregada realizada das ordenações de preferência do eleitorado de 12 votantes (aggregate information: primeira e última colunas da Tabela 1); o full information mostra também quantos votantes de cada ordenação têm valor intermediário 3 ou 8. O uninformed não mostra nada além das distribuições a priori e da própria preferência.","With full information in each round, before casting their vote, subjects are informed about the realization of the aggregate preferences orderings and for each preference ordering, they are also told the realized distribution of intermediate preferences.",10,"As duas descrevem a mesma manipulação. A original cobre formato, conteúdo, meio (tabela, Tabela 1) e momento (antes de cada rodada), como pede o codebook, e a revalidação omite o meio e o número de rodadas.",,,
C220,Tyszler2013,Tyszler2013,comparador,textual,"O tratamento uninformed, em que o votante conhece apenas as distribuições a priori e a própria preferência; e, para separar os dois componentes da informação, o tratamento aggregate information comparado ao full information.","Tratamento sem informação (uninformed): sujeito só conhece as distribuições a priori, não a distribuição realizada do eleitorado.",discorda,0.0,original,"Tratamento uninformed (o votante conhece só as distribuições a priori e a própria preferência); para separar os componentes da informação, o aggregate information também é comparado ao full information.",In the uninformed treatment this is all that the subjects know when deciding whether or not to vote.,10,"Os dois valores trazem o comparador sem informação. A original acrescenta a comparação aggregate × full, que o artigo testa explicitamente (Seções 4.1 a 4.3), e o codebook não limita o comparador a um só.",,,
C221,Tyszler2013,Tyszler2013,outcome_medida,textual,"Duas medidas. (i) Fração de votos estratégicos: voto na segunda opção preferida em vez da preferida, escolha individual incentivada em pontos convertidos em euros, agregada em média por eleitorado. (ii) Fração de eleições vencidas pelo ""Majoritarian Candidate"", o candidato com maior apoio sincero, isto é, apoio ao líder medido de forma agregada no nível da eleição.","Fração de votos estratégicos (voto no segundo colocado em vez do preferido) e probabilidade de vitória do ""candidato majoritário"" (a opção com maior apoio sincero a priori), agregadas por eleitorado/período.",discorda,0.0,original,"Duas medidas: (i) fração de votos estratégicos (voto na segunda opção preferida em vez da preferida), escolha individual incentivada e agregada em média por eleitorado; (ii) fração de eleições vencidas pelo Majoritarian Candidate, o candidato com maior apoio sincero na distribuição realizada, uma medida agregada de apoio ao líder.",we define a sincere vote as a vote for one’s preferred option and a strategic vote as a vote for one’s second best option.,5,"O voto estratégico é o voto na segunda opção preferida do próprio votante, não no segundo colocado, como diz a revalidação. O candidato majoritário é o de maior apoio sincero na distribuição realizada, não a priori. A original também diz se a medida é individual ou agregada, como pede o codebook.",,,
C222,Tyszler2013,Tyszler2013,mecanismo_tipo_evidencia,categorica,teste_de_canal,hipotese_dos_autores,discorda,0.0,original,teste_de_canal,"For each intermediate value, Rank 3rd voters are most likely to vote strategically.",15,"Os autores derivam do modelo de pivô (QRE) implicações do canal estratégico, como a maior deserção dos Rank 3rd e o papel da informação agregada contra o da informação sobre intensidade, e testam essas implicações com dados. Só a explicação da heterogeneidade por heurísticas simples fica como hipótese.",,,
C223,Tyszler2013,Tyszler2013,mecanismo_descricao,textual,"Recurso: informação, entregue antes do voto, sobre a distribuição agregada realizada das ordenações de preferência do eleitorado e, no full information, também sobre a distribuição realizada da intensidade das preferências. Raciocínio: com essa informação o votante atualiza por Bayes as probabilidades de ser pivô e compara os ganhos esperados de votar na primeira, na segunda ou na última opção, de modo que votar na segunda compensa quando a opção intermediária vale mais e quando o candidato preferido tem o menor apoio sincero; quando as preferências são heterogêneas o ambiente fica mais complexo e o votante recorre a heurísticas mais simples, como o voto sincero. Contexto: eleitorado de 12 votantes, regra de pluralidade, voto obrigatório dentro do experimento, ciclo de Condorcet entre três opções, preferências induzidas por pagamento, 40 rodadas em laboratório.","Recurso: aumento da complexidade do ambiente (heterogeneidade na intensidade de preferências); Raciocínio: reduz o valor esperado de votar estrategicamente (pois depende do comportamento esperado de outros votantes com a mesma ordenação), levando à adoção de heurísticas mais simples (voto sincero); Contexto: eleitorados de laboratório com ciclos de Condorcet potenciais e informação sobre a distribuição de preferências.",discorda,0.0,original,"Recurso: informação, antes do voto, sobre a distribuição agregada realizada das ordenações de preferência (e, no full information, sobre a intensidade); Raciocínio: o votante atualiza por Bayes a probabilidade de ser pivô e compara os ganhos esperados de votar na primeira, na segunda ou na última opção, e votar na segunda compensa quando a opção intermediária vale mais e quando o preferido tem o menor apoio sincero; com heterogeneidade, o ambiente fica mais complexo e o votante recorre a heurísticas como o voto sincero; Contexto: eleitorado de 12, pluralidade, voto obrigatório, ciclo de Condorcet, preferências induzidas, 40 rodadas.","With the latter information, the voter can update the probability distributions using Bayes’ rule and use this to calculate the probability of being pivotal given others’ strategies.",4,"O codebook pede o mecanismo pelo qual a intervenção (a informação) produz o resultado. A revalidação descreve só o mecanismo da heterogeneidade, que é outra manipulação, e a original descreve o canal da informação sem deixar de fora a heurística.",,,
C224,Tyszler2013,Tyszler2013,moderador_descricao,textual,"(i) Valor induzido da opção intermediária: o voto estratégico é maior quando ela vale 8 do que quando vale 3, em todos os tratamentos de informação. (ii) Rank-Type: os votantes Rank 3rd, cujo candidato preferido tem o menor apoio sincero, são os que mais votam estrategicamente, e os Rank 1st quase nunca o fazem. (iii) Heterogeneidade das preferências: sem efeito nos eleitorados sem informação, mas com redução do voto estratégico nos eleitorados informados, diferença estatisticamente significativa entre os votantes de valor intermediário baixo e não significativa entre os de valor alto. (iv) Tipo de informação: aggregate e full information não diferem em nenhum subgrupo, exceto entre os Rank 3rd heterogêneos com valor intermediário alto.","Moderadores: (i) ""Rank-Type"" do votante — se sua opção preferida é a 1ª, 2ª ou 3ª mais votada sinceramente no eleitorado — sendo que votantes Rank 3rd votam estrategicamente com muito mais frequência que Rank 1st/2nd; (ii) valor da opção intermediária (baixo=3 vs. alto=8), aumentando o voto estratégico quando alto; (iii) o próprio tratamento de heterogeneidade interage com esses dois fatores (efeitos de sinal oposto para Rank 2nd vs. Rank 3rd com valor alto).",discorda,0.0,original,"(i) Valor intermediário: mais voto estratégico com valor 8 do que com 3, em todos os tratamentos; (ii) Rank-Type: os Rank 3rd votam estrategicamente mais, os Rank 1st raramente; (iii) heterogeneidade: sem efeito sem informação, e redução do voto estratégico com informação, significativa para valor baixo e não para valor alto; (iv) tipo de informação: aggregate e full não diferem em nenhum subgrupo, exceto nos Rank 3rd heterogêneos com valor alto.","In contrast to the case without information, when information is provided, heterogeneity does reduce the extent of strategic voting for voters who attribute a relatively low value to the intermediate option.",13,"No item (iii), a revalidação dá como resultado os efeitos de sinal oposto para Rank 2nd e Rank 3rd, que são previsões do QRE (7 e 8) não confirmadas pelos dados (p. 638-639). A original relata o que se observou por subgrupo.",,,
C225,Tyszler2013,Tyszler2013,efeitos_nao_intencionais,textual,"A deserção estratégica de candidatos em desvantagem é o próprio desfecho central do estudo: os votantes Rank 3rd, cujo candidato preferido tem o menor apoio sincero, são os que mais abandonam o preferido, e a informação aumenta a probabilidade de vitória do candidato majoritário. O texto não relata desmobilização (o voto é obrigatório dentro do experimento), voto menos informado nem uso estratégico de pesquisas enviesadas.",999,discorda,0.0,original,"Deserção estratégica de candidatos em desvantagem: os votantes Rank 3rd, cujo preferido tem o menor apoio sincero, são os que mais abandonam o preferido. O texto não relata desmobilização (voto obrigatório no experimento), voto menos informado nem uso de pesquisas enviesadas.","For each intermediate value, Rank 3rd voters are most likely to vote strategically.",15,"O codebook lista a deserção estratégica de terceiros candidatos como efeito não intencional a registrar quando o texto a relata. O artigo relata e testa essa deserção, então 999 não serve.",,,
C231,Tyszler2013,Tyszler2013,b2_modelo_principal,textual,"apoio_ao_lider: Seção 4.2 ""Aggregate Behavior"" (Figuras 6 e 7 e os testes não paramétricos relatados no corpo do texto; o contraste entre o tratamento sem informação e os tratamentos informados está na p. 638) e, para o desfecho agregado de vitória do candidato com maior apoio sincero, Seção 4.1, Figura 5 (p. 635)","apoio_ao_lider: comparação da fração de votos estratégicos (e da probabilidade de vitória do candidato majoritário) entre eleitorados informados (aggregate/full information) e não informados (uninformed), Figuras 1, 3, 5, 6 e 7, com testes de Mann-Whitney reportados na Seção 4.2 (predição comportamental 5).",discorda,0.0,original,"apoio_ao_lider: Seção 4.2, Figuras 6 e 7, testes de Mann-Whitney entre uninformed e informados (p. 638) ; vitória do candidato majoritário: Seção 4.1, Figura 5 (p. 635)","Finally, behavioral prediction 5 concerns the comparative static of strategic behavior in the uninformed treatments versus the informed treatments.",14,"As Figuras 1 e 3 que a revalidação cita são correspondências teóricas do QRE, não dados, e não podem ser o modelo principal. A original aponta a seção, as figuras e os testes empíricos do contraste com e sem informação.",,,
C232,Tyszler2013,Tyszler2013,b2_criterio_modelo_principal,categorica,regra_do_protocolo,usado_na_interpretacao,discorda,0.0,original,regra_do_protocolo,"In particular, we observe (i) that strategic voting increases as the value of a voter’s second best option increases and (ii) more strategic voting occurs with information than without.",16,"Os autores não declaram uma especificação preferida, e o resumo e a conclusão repetem o achado só em palavras, sem nenhum número. O passo usado_na_interpretacao exige que o número se repita, então vale o passo 3, regra_do_protocolo.",,,
C234,Tyszler2013,Tyszler2013,b2_interpretacao_autores,textual,"Os autores concluem que há mais voto estratégico com informação do que sem, que a heterogeneidade das preferências reduz o nível geral de voto estratégico e que o componente determinante é a informação sobre a distribuição agregada das ordenações, não sobre a intensidade das preferências.","Os autores concluem que mais voto estratégico ocorre com informação do que sem informação, e que a heterogeneidade reduz o nível geral de voto estratégico.",discorda_parcial,0.5,original,"Os autores concluem que há mais voto estratégico com informação do que sem, que a heterogeneidade das preferências reduz o nível geral de voto estratégico e que o que determina o comportamento é a informação sobre a distribuição agregada das ordenações, não a sobre a intensidade.","Finally, data support the behavioral prediction that (vi) information about the aggregate preferences is determinant for behavior.",17,"As duas trazem a mesma conclusão sobre o efeito da informação. A original também traz a conclusão sobre qual componente da informação importa, que os autores destacam no resumo e na conclusão e que diz respeito à própria exposição.",,,
C236,Tyszler2013,Tyszler2013,voto_obrigatorio,categorica,999,Sim,discorda,0.0,original,999,They are set in an environment characterized by plurality rule and mandatory voting.,3,"O voto é obrigatório dentro do experimento, mas o codebook manda registrar 999 em experimento sem eleição real, e a eleição aqui é de laboratório com opções abstratas.",,,
C243,Witsman2016a,Witsman2016a,outcome_medida,textual,"Escolha de voto declarada entre os três candidatos do cenário hipotético (republicano, democrata, independente), recodificada em binária para indicar se o participante votou ou não no candidato independente preferido; é apoio ao candidato preferido, que aparece atrás nos braços de percentual baixo e à frente nos de percentual alto; medida individual","Escolha declarada hipotética entre três candidatos (Republicano/Democrata/Independente) numa vinheta de pesquisa online; individual, não incentivada.",discorda,0.0,original,"Escolha de voto declarada entre os três candidatos do cenário hipotético (republicano, democrata, independente), recodificada em binária para indicar se o participante votou ou não no candidato independente preferido; é apoio ao candidato preferido, que aparece atrás nos braços de percentual baixo e à frente nos de percentual alto; medida individual","the data in the five permutations (levels) was changed from three possible values (Republican, Democrat, Independent) to binary values (2=voted Independent, 1=didn’t vote Independent)",32,O codebook pede dizer de quem é o apoio e se é individual ou agregado; só a original diz que o desfecho é o voto binário no independente e a posição dele na pesquisa.,,,
C244,Witsman2016a,Witsman2016a,mecanismo_descricao,textual,"Recurso: os percentuais de pesquisa mostrados para o candidato independente preferido e para os dois candidatos dos grandes partidos; Raciocínio: ao ver que o candidato preferido carrega pouco na pesquisa, o eleitor conclui que ele não tem chance de ganhar e desloca o voto para o segundo mais preferido, a fim de impedir a vitória do menos preferido, o que a autora testa pelo item de chance de vitória como preditor do voto na condição de 5%; Contexto: eleição de três candidatos em sistema de pluralidade, na qual o candidato independente é tratado como terceira via","Recurso: item ""Chance of Winning"" (percepção de que o candidato Independente não tem chance de vencer); Raciocínio: quanto mais o respondente concorda que o candidato pode não vencer, menor a probabilidade de votar nele mesmo o preferindo, consistente com voto estratégico; Contexto: condição de 5% do cenário 1, testado por regressão logística.",discorda,0.0,original,"Recurso: os percentuais de pesquisa mostrados para o candidato independente preferido e para os dois candidatos dos grandes partidos; Raciocínio: ao ver que o candidato preferido carrega pouco na pesquisa, o eleitor conclui que ele não tem chance de ganhar e desloca o voto para o segundo mais preferido, a fim de impedir a vitória do menos preferido, o que a autora testa pelo item de chance de vitória como preditor do voto na condição de 5%; Contexto: eleição de três candidatos em sistema de pluralidade, na qual o candidato independente é tratado como terceira via","when a preferred candidate is not seen as likely to win, a voter will often vote for the second most preferred candidate to prevent a win for the least preferred candidate",8,"O recurso é a informação que a exposição entrega (os percentuais), não o item de survey usado para testar o mecanismo; e 'condição de 5% testada por regressão' não é contexto. A original preenche os três campos como o codebook pede.",,,
C245,Witsman2016a,Witsman2016a,moderador_descricao,textual,"Gênero e etnia: examinados em cada um dos três cenários, sem relação significativa com a tendência de votar no independente. Grau de partidarismo: escala de quatro pontos construída a partir do histórico de voto e comparada às respostas na condição de 45% do cenário 1; não foi preditor significativo, embora todos os participantes da metade menos partidária tenham escolhido o independente. Filiação partidária: regressões logísticas nos três cenários, todas fortemente não significativas. Idade: as tendências encontradas se mantiveram consistentes entre faixas etárias, mas a idade se correlacionou positivamente com o item de chance de vitória e com a atenção às pesquisas","Gênero e etnia não se relacionaram nem previram o voto Independente em nenhum cenário; grau de partidarismo não foi preditor significativo na condição de 45% do cenário 1, apesar de tamanho de efeito quase moderado (phi=.291) e de 100% dos respondentes menos partidários terem votado no Independente nessa condição.",discorda,0.0,original,"Gênero e etnia: examinados em cada um dos três cenários, sem relação significativa com a tendência de votar no independente. Grau de partidarismo: escala de quatro pontos construída a partir do histórico de voto e comparada às respostas na condição de 45% do cenário 1; não foi preditor significativo (phi = 0,291), embora todos os participantes da metade menos partidária tenham escolhido o independente. Filiação partidária: regressões logísticas nos três cenários, todas fortemente não significativas. Idade: as tendências encontradas se mantiveram consistentes entre faixas etárias, mas a idade se correlacionou positivamente com o item de chance de vitória e com a atenção às pesquisas",Logistic regressions were conducted for all three scenarios but in each case the results came back strongly insignificant,46,"A revalidação omite filiação partidária (p. 40 impressa) e idade (p. 44 impressa), que o texto examina como moderadores; a original cobre todos. O valor sugerido só acrescenta o phi da revalidação.",,,
C246,Witsman2016a,Witsman2016a,equidade_progress_plus,textual,"escolaridade: 999 ; posição socioeconômica ou classe social: 999 ; idade: o texto relata que as tendências encontradas para o voto no independente se mantiveram consistentes entre faixas etárias, sem diferença perceptível entre grupos, mas que a idade se relacionou positivamente com o item de chance de vitória e com a atenção às pesquisas","escolaridade: 999 ; posição socioeconômica ou classe social: 999 ; idade: relação positiva pequena entre idade e a percepção de baixa chance de vitória do candidato Independente (mediador/item Chance of Winning), sem teste direto de idade x voto Independente por percentual de pesquisa",discorda_parcial,0.5,original,"escolaridade: 999 ; posição socioeconômica ou classe social: 999 ; idade: o texto relata que as tendências encontradas para o voto no independente se mantiveram consistentes entre faixas etárias, sem diferença perceptível entre grupos, mas que a idade se relacionou positivamente com o item de chance de vitória e com a atenção às pesquisas","Gender, ethnicity and age were all examined as they related to the tendency to vote strategically. In this case, there was no noticeable difference between these groups in likelihood to vote for the preferred Independent candidate.",45,"O texto examina idade frente ao voto no independente e não acha diferença; a revalidação diz que não há esse teste, o que o trecho contradiz.",,,
C247,Witsman2016a,Witsman2016a,efeitos_nao_intencionais,textual,"Deserção estratégica do candidato terceiro: é o próprio objeto do estudo, que mede o abandono do candidato independente preferido quando ele aparece mal na pesquisa, e registra que parte dos respondentes já deixou de votar num candidato preferido por causa das pesquisas. Desmobilização: não foi medida; a autora reconhece que o questionário deveria ter incluído um item sobre supressão de voto e levanta o efeito sobre o comparecimento apenas como questão para pesquisa futura",999,discorda,0.0,original,"Deserção estratégica do candidato terceiro: é o próprio objeto do estudo, que mede o abandono do candidato independente preferido quando ele aparece mal na pesquisa, e registra que parte dos respondentes (12,5%) já deixou de votar num candidato preferido por causa das pesquisas. Desmobilização: não foi medida; a autora reconhece que o questionário deveria ter incluído um item sobre supressão de voto e levanta o efeito sobre o comparecimento apenas como questão para pesquisa futura",12.5% indicated they had in fact not voted for a preferred candidate because of the polls.,32,"O codebook lista a deserção estratégica de terceiros candidatos como efeito não intencional, e o texto a relata e testa; 999 não se sustenta.",,,
C249,Witsman2016a,Witsman2016a,b2_hipoteses_testes,textual,"Não há declaração formal de hipóteses de identificação. A autora reporta checagens de equilíbrio entre condições: distribuições iguais de republicanos e democratas entre as duas versões do cenário 2 e ausência de diferenças significativas entre os grupos de respondentes do cenário 1; a ordem dos candidatos na tabela foi permutada para afastar efeito de ordem. Não há placebo, pré-tendências nem primeiro estágio",Controle de efeito de ordem por permutação da ordem de apresentação dos candidatos (3 permutações por percentual); não há teste formal de balanceamento pré-tratamento além da checagem descritiva de gênero/etnia por condição.,discorda,0.0,original,"Não há declaração formal de hipóteses de identificação. A autora reporta checagens de equilíbrio entre condições: distribuições iguais de republicanos e democratas entre as duas versões do cenário 2 e ausência de diferenças significativas entre os grupos de respondentes do cenário 1; a ordem dos candidatos na tabela foi permutada para afastar efeito de ordem. Não há placebo, pré-tendências nem primeiro estágio",despite no other changes to the model and no significant differences between the groups of respondents.,43,"O texto reporta equilíbrio de partido entre as versões do cenário 2 e ausência de diferenças entre grupos no cenário 1, que a revalidação omite; a checagem de gênero e etnia é sobre o voto, não por condição, como a revalidação diz.",,,
C252,Witsman2016a,Witsman2016a,b2_teste_falsificacao,categorica,"Não — o texto só traz checagens de equilíbrio e de confundimento (partido, gênero, etnia), sem placebo, pré-tendências, desfecho falso ou corte falso","Sim — checagem de balanceamento por gênero e etnia entre as condições experimentais, mostrando ausência de relação com o voto Independente em qualquer cenário, compatível com sucesso da randomização",discorda,0.0,original,"Não — o texto só traz checagens de equilíbrio e de confundimento (partido, gênero, etnia), sem placebo, pré-tendências, desfecho falso ou corte falso",This result was not impacted by differences in the distribution of Republicans or Democrats between the,35,"O codebook só aceita Sim para placebo, pré-tendências, desfecho ou corte falso; checagem de balanceamento não é teste de falsificação.",,,
C255,Witsman2016a,Witsman2016a,sistema_eleitoral,categorica,pluralidade,999,discorda,0.0,original,pluralidade,"This is not the case, however, under simple plurality electoral rules where more than two parties compete.",16,"A eleição hipotética é para senador do Kansas, e o estudo se enquadra em eleições de três partidos sob regra de pluralidade (Duverger, voto estratégico). O experimento não tem regra de decisão própria, e o contexto sustenta pluralidade em vez de 999.",,,
C256,Witsman2016a,Witsman2016a,comparador_tipo,categorica,outro_resultado,"outro — variação de percentuais atribuídos ao candidato Independente e variação de qual dos dois grandes partidos lidera, sem grupo sem-pesquisa",discorda,0.0,original,outro_resultado,"in the second question the preferred independent candidate was polling at 25%, while in one version of the two randomly assigned versions of the question, the Republican candidate was polling at 39%",29,"Os braços se comparam entre si por percentuais ou líderes diferentes, que é exatamente a categoria outro_resultado do codebook; 'outro' só vale quando nenhuma categoria serve.",,,
C258,Witsman2016a,Witsman2016a,alvo_efeito,categorica,lider + terceiro_inviavel,azarao + lider — nas condições de 5/15/25% o Independente está atrás dos outros dois candidatos; nas condições de 35/45% ele passa a liderar,discorda,0.0,original,lider + terceiro_inviavel,"When the Democratic candidate was in the lead in the poll, with the preferred candidate trailing in third",44,"A disputa tem três candidatos, e o codebook reserva azarao para disputas de dois. O independente aparece em terceiro nos braços de 5% a 25% e à frente nos de 35% e 45%, o que dá lider + terceiro_inviavel.",,,
C259,Witsman2016a,Witsman2016a,dias_ate_eleicao,numerica_int,999,0,discorda,0.0,original,999,One important question that was addressed in this research was whether hypothetical candidates can be used to measure the influence of polls.,46,"A eleição é hipotética, e o codebook manda 999 para experimento sem eleição real, ainda que a vinheta diga 'today you will be voting'.",,,
C001,Agranov2017a,Agranov2017a,pais_estudo,textual,"Estados Unidos — Los Angeles, Califórnia (laboratório CASSEL, UCLA)","Estados Unidos — Califórnia, Los Angeles (local do experimento; não a afiliação institucional dos autores)",discorda_parcial,0.5,equivalentes,"Estados Unidos — Califórnia, Los Angeles","The experiments were conducted at the California Social Sciences Experimental Lab- oratory (CASSEL) at UCLA. Overall, 198 subjects participated.",13,"Ambos dão o local do experimento (EUA, Los Angeles, Califórnia), como pede o codebook para experimentos; a diferença é só de redação e ordem.",,,
C002,Agranov2017a,Agranov2017a,problema_pesquisa,textual,Testar se os eleitores respondem à probabilidade de serem pivotais e qual é o impacto da informação revelada por pesquisas sobre a decisão custosa de participar e sobre o bem-estar coletivo.,"Testar se eleitores respondem a probabilidades de serem decisivos (pivotal) e como crenças eliciadas sobre o resultado, formadas via pesquisas de intenção de voto, afetam a decisão de participar.",discorda,0.0,equivalentes,"Testar se os eleitores respondem à probabilidade de serem pivotais e qual o efeito da informação sobre a distribuição de preferências, revelada por pesquisas, sobre a decisão custosa de participar.",We use laboratory experiments to test for one of the foundations of the rational voter paradigm – that voters respond to probabilities of being pivotal. We exploit a setup that entails stark theoretical effects of information,4,"As duas versões trazem o mesmo objetivo declarado no resumo: testar a resposta à pivotalidade e o efeito da informação das pesquisas sobre a participação. A original acrescenta o bem-estar, que o resumo também menciona.",,,
C004,Agranov2017a,Agranov2017a,intervencao_descricao,textual,"Em eleições de laboratório com preferências induzidas entre duas cores (Red ou Blue), em grupos de nove sujeitos, a exposição analisada é a informação sobre a distribuição de preferências do grupo, entregue logo antes da decisão de votar no mesmo período. No tratamento Perfect Polls os sujeitos são informados com precisão da urna sorteada, o que equivale a uma pesquisa que revela perfeitamente a distribuição de preferências. No tratamento Lab Polls os sujeitos declaram antes a ação pretendida (abster-se, votar red, votar blue) e recebem as estatísticas agregadas dessa pesquisa antes de decidir se pagam o custo de votar. No tratamento de linha de base No Polls não há informação além do sorteio privado.","Informação sobre a distribuição de preferências do grupo (o ""jarro""/estado) fornecida antes da decisão de votar em cada período: no tratamento No Polls, nenhuma informação além do próprio sorteio; no Perfect Polls, revelação do jarro realizado (informação perfeita); no Lab Polls, pesquisa de intenção de voto entre os 9 sujeitos do grupo, com o resultado agregado (nº de abstenções, votos red, votos blue) divulgado antes do voto real. Meio: tela do experimento; momento: imediatamente antes de cada decisão de voto.",discorda,0.0,equivalentes,"Informação sobre a distribuição de preferências do grupo dada na tela logo antes de cada decisão de votar: No Polls (só o sorteio privado), Perfect Polls (revelação da urna sorteada) e Lab Polls (pesquisa de intenção entre os 9 sujeitos, com o número de abstenções, votos red e votos blue divulgado antes do voto).","The resulting overall statistics (number of subjects intending to abstain, vote for red, and vote for blue) are then reported to subjects.",12,"As duas descrevem os três tratamentos informacionais, o conteúdo mostrado e o momento (antes do voto em cada período) do mesmo jeito; só a redação muda.",,,
C013,Agranov2017a,Agranov2017a,b2_nivel_atribuicao_cluster,textual,"A exposição à pesquisa foi atribuída no nível da sessão experimental, com cada sessão rodando um dos três tratamentos informacionais, e os sujeitos foram alocados em grupos fixos de nove no início da sessão (Tabela 1: 7 grupos em No Polls, 8 em Perfect Polls e 7 em Lab Polls, todos com 9 sujeitos). Os erros-padrão da Tabela 4 são agrupados por indivíduo, não pelo grupo; testes agregados reportados em notas de rodapé agrupam por grupo. Tamanho médio de cluster de 9 sujeitos por grupo; ICC não reportado.",Atribuição do tratamento informacional ao nível da sessão/grupo (9 sujeitos por grupo); os erros-padrão da regressão Probit (Tabela 4) foram agrupados por indivíduo (não por grupo/sessão); tamanho médio do cluster de tratamento = 9; ICC não reportado.,discorda_parcial,0.5,equivalentes,"Tratamento atribuído por sessão, com sujeitos em grupos fixos de 9; erros-padrão da Tabela 4 agrupados por indivíduo, não por grupo ou sessão; testes agregados das notas agrupam por grupo; tamanho médio de cluster 9; ICC não reportado.","For each treatment, we run a Probit regression predicting the dependence of participa- tion decisions on various explanatory variables, clustering standard errors by individuals.",26,"As duas dão o mesmo nível de atribuição (sessão/grupo), o mesmo agrupamento dos erros-padrão (indivíduo), o cluster de 9 e o ICC ausente. A original só acrescenta o agrupamento por grupo das notas 43 e 46.",,,
C021,Agranov2017a,Agranov2017a,b2_interpretacao_autores,textual,"Os autores concluem que a propensão a votar cresce com a vantagem prevista da alternativa preferida, contrariando o modelo do eleitor pivotal, e que as pesquisas pré-eleitorais não produzem os efeitos negativos de bem-estar previstos pela teoria, levando a mais participação da maioria esperada e a mais eleições de goleada.","As pesquisas pré-eleitorais não geram os efeitos negativos de bem-estar previstos pela teoria; ao contrário, aumentam a participação da maioria esperada e geram mais eleições com grande margem.",discorda_parcial,0.5,equivalentes,"As pesquisas pré-eleitorais não produzem os efeitos negativos de bem-estar previstos pela teoria; aumentam a participação da maioria esperada e geram mais eleições de goleada, e a propensão a votar cresce com a vantagem prevista da alternativa preferida.","pre-election polls do not exhibit the detrimental eﬀects on welfare that the extant theoretical work on the eﬀects of polls predicts. In fact, pre- election polls lead to more participation by the expected majority and generate more landslide elections.",38,"As duas reproduzem a mesma conclusão do resumo e da conclusão. A original só acrescenta a primeira mensagem, sobre a propensão crescente com a vantagem prevista.",,,
C028,Cornejo2023a,Cornejo2023a,problema_pesquisa,textual,"Qual o efeito da informação de pesquisas eleitorais sobre o comportamento do eleitor e, em particular, qual o papel do partidarismo em moderar a interpretação dessa informação e os incentivos para desertar do candidato co-partidário e votar estrategicamente","Investigar se a informação sobre o resultado das pesquisas eleitorais afeta o comportamento estratégico dos eleitores, e como o partidarismo modera essa resposta.",discorda,0.0,equivalentes,Qual o efeito da informação de pesquisas eleitorais sobre o comportamento do eleitor e qual o papel do partidarismo em moderar a resposta a essa informação e os incentivos para votar estrategicamente,"this research focuses on electoral polls’ effects on voters’ behavior. Specifically, it studies the role that partisanship plays in moderating voters’ responsiveness to polling information",2,"As duas versões dizem o mesmo objetivo (efeito da informação de pesquisas no voto estratégico, moderado pelo partidarismo); a diferença é só de redação.",,,
C045,Cornejo2023a,Cornejo2023a,b2_nivel_atribuicao_cluster,textual,"A exposição foi atribuída no nível do indivíduo, dentro da segunda onda de um painel telefônico conduzido em dois estados. Os modelos incluem uma dummy de estado, mas o texto não afirma que os erros-padrão foram agrupados em qualquer nível e não informa tamanho médio de cluster nem ICC",Atribuição no nível individual (sorteio aleatório entre tratamento e controle); não há menção de agrupamento de erros-padrão por cluster; o modelo inclui apenas uma variável dummy de estado como controle.,discorda,0.0,equivalentes,A exposição foi atribuída no nível do indivíduo; os modelos incluem dummy de estado; o texto não diz que os erros-padrão foram agrupados e não informa tamanho de cluster nem ICC,The sample was divided into two randomly-assigned groups,18,"As duas dizem atribuição individual, dummy de estado e nenhuma menção a erros agrupados; a diferença é só de forma.",,,
C056,Cornejo2023a,Cornejo2023a,margem_mostrada,textual,"Michoacán: 0 ponto percentual, com o candidato do PRI e o do PRD empatados com 36 % e o do PAN com 23 % ; Nuevo León: 6 pontos percentuais, com o candidato do PRI à frente com 38 %, o independente com 32 % e o do PAN com 20 %",Michoacán: 0 pontos percentuais (empate 36% PRI vs. 36% PRD) ; Nuevo León: 6 pontos percentuais (38% PRI vs. 32% independente),discorda_parcial,0.5,equivalentes,"Michoacán: 0 ponto percentual (PRI e PRD empatados com 36 %) ; Nuevo León: 6 pontos percentuais (PRI 38 %, independente 32 %)","the PRI candidate, Ivonne Álvarez, is leading with 38 percent of vote intention? The independent candidate is in second place with 32 percent of vote intention",19,As duas dão as mesmas margens (0 e 6 p.p.) por estado; a original só acrescenta a parcela do PAN.,,,
C060,Gasperoni2015a,Gasperoni2015a,titulo,textual,The Impact of Exposure to Pre-Election Polls on Voting Behaviour,The Impact of Exposure to Pre-Election Polls on Voting Behaviour,discorda_parcial,0.5,equivalentes,The Impact of Exposure to Pre-Election Polls on Voting Behaviour,The Impact of Exposure to Pre-Election Polls on Voting Behaviour,1,Os dois valores são idênticos e copiam o título da primeira folha; não há divergência de fato.,,,
C061,Gasperoni2015a,Gasperoni2015a,pais_estudo,textual,Itália,Itália,discorda_parcial,0.5,equivalentes,Itália,"The final sample comprises 895 participants, distributed among six different research units, which operated in different areas of Italy",9,"Valores idênticos; os participantes são eleitores italianos, e não há eleição real (campanha municipal simulada).",,,
C063,Gasperoni2015a,Gasperoni2015a,populacao,textual,"Eleitores recrutados por amostragem por cotas em seis unidades de pesquisa que operaram em diferentes áreas da Itália, com espectro completo de idades; a amostra não pretendia ser representativa do eleitorado","Amostra por cotas de eleitores adultos italianos (espectro etário completo), recrutados em seis unidades de pesquisa em diferentes áreas da Itália para participar de uma campanha eleitoral simulada online; amostra não representativa do eleitorado geral",discorda_parcial,0.5,equivalentes,"Eleitores recrutados por amostragem por cotas em seis unidades de pesquisa em diferentes áreas da Itália, com espectro completo de idades, para uma campanha eleitoral simulada online; amostra não representativa do eleitorado",Recruitment of study participants was performed thorugh quota sampling; the ensuing sample was not intended to be representative of the general electorate.,9,"Ambas descrevem a mesma população (cotas, seis unidades, todas as idades, não representativa); diferem só na redação.",,,
C065,Gasperoni2015a,Gasperoni2015a,comparador,textual,"Comparação antes e depois dentro do próprio eleitor: a preferência declarada aos nove minutos de campanha simulada versus o voto declarado no fim da simulação; os autores afirmam explicitamente que não existe grupo de controle. Os Grupos 0A e 0B, que não receberam estímulos particulares, são usados apenas para comparar resolução e dificuldade da decisão, não a troca de voto",Sem grupo controle explícito; a comparação é entre a preferência inicial do eleitor (registrada aos 9 minutos de campanha) e o voto final após a exposição forçada aos dois resultados de pesquisa desfavoráveis; os autores reconhecem a ausência de um grupo não exposto medido no mesmo momento,discorda,0.0,equivalentes,"Comparação antes e depois no próprio eleitor (preferência declarada aos nove minutos versus voto final), sem grupo de controle","Moreover, unfortunately, there is no control group, that is, a set of voters whose voting intentions were recorded at the same 9-minute mark as they were for members of Groups 1 and 2.",21,"As duas dizem o mesmo: comparação intraindivíduo antes e depois, sem grupo não exposto; a menção da original aos Grupos 0A e 0B é detalhe acessório correto.",,,
C067,Gasperoni2015a,Gasperoni2015a,mecanismo_descricao,textual,"Recurso: resultados de duas pesquisas pré-eleitorais mostrando o candidato preferido do eleitor atrás, exibidos como timed items no fim da campanha simulada; Raciocínio: a informação dá ao eleitor boa razão para transferir a preferência ao segundo candidato, seja aderindo ao vencedor presumido (jumping on the bandwagon, Grupo 1), seja votando taticamente para evitar a vitória do candidato menos preferido (Grupo 2), desde que ele considere as pesquisas confiáveis e úteis, pré-requisito que os autores dizem ser amplamente ausente; Contexto: campanha eleitoral municipal simulada online, com quatro candidatos fictícios sobre os quais o eleitor nada sabe","Recurso: pesquisa pré-eleitoral apontando derrota do candidato preferido do eleitor; Raciocínio: (Grupo 1) o eleitor migraria para o candidato indicado como vencedor sem violar apreciavelmente seu perfil de preferências (bandwagon); (Grupo 2) o eleitor migraria estrategicamente para o segundo colocado, um candidato ""aceitável"", para ajudar a evitar o pior resultado possível (voto estratégico preventivo); Contexto: campanha eleitoral simulada online (DPTE), com exposição forçada a dois resultados de pesquisa desfavoráveis ao candidato preferido",discorda,0.0,equivalentes,"Recurso: duas pesquisas mostrando o candidato preferido atrás, exibidas como timed items; Raciocínio: aderir ao vencedor sem violar o perfil de preferências (Grupo 1, bandwagon) ou votar taticamente no segundo preferido para evitar a vitória do menos preferido (Grupo 2); Contexto: campanha municipal simulada online, com quatro candidatos fictícios","in that doing so would mean voting for an ‘acceptable’ candidate in order to help prevent the worst possible outcome (i.e. victory of the least preferred candidate); this is a typical example of preventative tactical, or strategic, voting",20,"As duas trazem os mesmos recurso, raciocínio (bandwagon no Grupo 1, voto estratégico preventivo no Grupo 2) e contexto; a condição de confiança nas pesquisas acrescentada pela original também vem dos autores.",,,
C069,Gasperoni2015a,Gasperoni2015a,equidade_progress_plus,textual,"escolaridade: o texto relata que os eleitores que trocaram de voto são mais escolarizados, com diferença não estatisticamente significativa ; posição socioeconômica ou classe social: 999 ; idade: o texto relata que os eleitores que trocaram de voto são mais jovens, com diferença não estatisticamente significativa, e que os mais jovens expressam atitudes mais desfavoráveis às pesquisas",escolaridade: eleitores mais escolarizados (com diploma universitário) trocaram de voto com mais frequência ; idade: eleitores mais jovens trocaram de voto com mais frequência ; posição socioeconômica/classe social: 999 (não relatado),discorda_parcial,0.5,equivalentes,escolaridade: os mais escolarizados trocaram mais de voto (diferença não significativa) ; posição socioeconômica ou classe social: 999 ; idade: os mais jovens trocaram mais de voto (diferença não significativa),"The actual findings suggest that voters more likely to switch are young, well- educated, poor in political knowledge, more interested in politics, hold extreme ideological stances and strongly identify with a political coalition.",22,"As duas relatam o mesmo efeito diferencial por escolaridade e idade e 999 para classe; a menção à não significância na original é informação correta, não conteúdo diferente.",,,
C075,Gasperoni2015a,Gasperoni2015a,b2_nivel_atribuicao_cluster,textual,"Atribuição individual: dentro de cada unidade de pesquisa, os participantes foram alocados aleatoriamente, segundo cotas pré-estabelecidas, a um de quatro grupos, sendo os Grupos 1 e 2 das unidades E e F os expostos às pesquisas pré-eleitorais. O texto não reporta agrupamento de erros-padrão, tamanho médio de cluster nem ICC; o modelo principal não apresenta erros-padrão","Atribuição no nível individual, dentro de cada uma das seis unidades de pesquisa, por cotas pré-estabelecidas; não há menção de agrupamento (cluster) na atribuição nem de erros-padrão agrupados; tamanho médio de cluster e ICC não informados",discorda_parcial,0.5,equivalentes,"Atribuição individual, aleatória por cotas dentro de cada unidade de pesquisa; sem erros-padrão agrupados; tamanho de cluster e ICC não informados","Within each research unit, participants were randomly assigned—according to pre- established quotas—to one of four groups that were associated with different potential heuristic profiles",9,"As duas dizem o mesmo (nível individual, dentro das unidades, sem agrupamento nem ICC); a original só acrescenta que o modelo principal não tem erros-padrão.",,,
C076,Gasperoni2015a,Gasperoni2015a,b2_controles,textual,nenhum,nenhum,discorda_parcial,0.5,equivalentes,nenhum,"In Table 5, the results for Groups 1 and 2 are pooled, underlining the percentage of voters enacting a vote change compatible with an effect due to pre-election poll exposure.",21,"Valores idênticos; o resultado principal é um percentual descritivo, sem controles.",,,
C077,Gasperoni2015a,Gasperoni2015a,b2_modelo_principal,textual,"apoio_ao_lider: Tabela 5, linha ""Total"" (Grupos 1 e 2 agrupados, incidência de eleitores que transferiram o voto do candidato mais preferido para o segundo preferido), número retomado no texto da p. 20 e no resumo","apoio_ao_lider: Tabela 5 (percentuais agregados de troca de voto, Grupos 1 e 2 combinados, N=188)",discorda,0.0,equivalentes,"apoio_ao_lider: Tabela 5, linha Total (Grupos 1 e 2 agrupados, N = 188)","only one-tenth of voters switched votes: not many, if one considers that such voters had a good incentive to switch, but usually more than enough to decide an election.",2,"As duas apontam a linha Total da Tabela 5, com os grupos agrupados; o número é repetido no resumo (critério 2 do codebook).",,,
C078,Gasperoni2015a,Gasperoni2015a,b2_interpretacao_autores,textual,"Os autores concluem que as pesquisas pré-eleitorais tiveram pouca tração sobre o voto e não são uma heurística importante para os eleitores italianos, ainda que reconheçam que um décimo dos eleitores costuma ser mais do que suficiente para decidir uma eleição","As pesquisas pré-eleitorais tiveram pouca influência sobre a troca de voto, mas a proporção observada ainda é relevante porque normalmente seria suficiente para decidir uma eleição",discorda_parcial,0.5,equivalentes,"As pesquisas pré-eleitorais tiveram pouca tração sobre o voto e não são uma heurística importante para os eleitores italianos, embora um décimo dos eleitores costume bastar para decidir uma eleição",our findings should nevertheless be taken seriously: pre-election polls are not an important heuristic for Italian voters.,25,"As duas trazem a mesma conclusão (pouca influência, mas proporção capaz de decidir uma eleição); a original só acrescenta a frase final dos autores.",,,
C081,Gasperoni2015a,Gasperoni2015a,margem_mostrada,textual,Grupo 1: 4 ou 5 pontos percentuais do segundo candidato preferido sobre o mais preferido ; Grupo 2: 4 ou 5 pontos percentuais do candidato menos preferido sobre o segundo preferido e outros 4 ou 5 pontos do segundo preferido sobre o mais preferido,"Grupo 1: 4-5 p.p. (segundo colocado preferido bate o mais preferido) ; Grupo 2: 4-5 p.p. entre o líder mostrado (candidato menos preferido) e o segundo colocado, que por sua vez está 4-5 p.p. acima do candidato mais preferido",discorda,0.0,equivalentes,Grupo 1: 4 ou 5 p.p. ; Grupo 2: 4 ou 5 p.p.,predicted the voter’s second preferred candidate would beat the most preferred candidate (by 4 or 5 percentage points); the other two candidates were described as being out of the running.,19,"As duas registram 4 a 5 p.p. entre primeiro e segundo colocados em cada braço, com a mesma descrição.",,,
C084,Grillo2024c,Grillo2024c,titulo,textual,Exit polls and voter turnout in the 2017 French elections,Exit polls and voter turnout in the 2017 French elections,discorda_parcial,0.5,equivalentes,Exit polls and voter turnout in the 2017 French elections,Exit polls and voter turnout in the 2017 French elections,2,Os dois valores são idênticos e reproduzem o título da folha de rosto do artigo.,,,
C085,Grillo2024c,Grillo2024c,pais_estudo,textual,França,França,discorda_parcial,0.5,equivalentes,França,The 2017 French presidential elections took place on April 23 and May 7 2017.,5,Os dois valores são idênticos; a eleição estudada é a presidencial francesa de 2017.,,,
C086,Grillo2024c,Grillo2024c,problema_pesquisa,textual,Estimar o efeito da divulgação antecipada de bocas de urna por mídias estrangeiras sobre o comparecimento eleitoral no segundo turno da eleição presidencial francesa de 2017,"Investigar o efeito causal da divulgação antecipada (por mídia belga/suíça) de exit polls, no segundo turno das eleições presidenciais francesas de 2017, sobre o comparecimento eleitoral",discorda_parcial,0.5,equivalentes,Estimar o efeito da divulgação antecipada de bocas de urna por mídias estrangeiras sobre o comparecimento eleitoral no segundo turno da eleição presidencial francesa de 2017,We exploit the unusual timing and degree of conﬁdence with which exit polls were released in the second round of the 2017 presidential elections to investigate their eﬀect on voter turnout.,2,As duas formulações descrevem o mesmo objetivo (efeito da divulgação antecipada de bocas de urna por mídia estrangeira no segundo turno de 2017 sobre o comparecimento); a diferença é só de redação.,,,
C087,Grillo2024c,Grillo2024c,populacao,textual,"Os 96 departamentos da França metropolitana nas eleições presidenciais de 2017 e, na análise de tripla diferença, também em 2012 e 2007",Dados agregados de comparecimento eleitoral dos 96 departamentos da França continental (não indivíduos),discorda,0.0,equivalentes,"Os 96 departamentos da França continental (metropolitana), com dados agregados de comparecimento; em 2017 e, na tripla diferença, também em 2012 e 2007","Our dataset contains turnout rates, election results for each candidate, and the number of registered voter at the department level in 2017, 2012 and 2007",6,"Ambos identificam as unidades como os 96 departamentos continentais com dados agregados; um acrescenta os anos, o outro frisa que não são indivíduos, sem contradição.",,,
C088,Grillo2024c,Grillo2024c,periodo_dados,textual,"Dias de votação das eleições presidenciais francesas de 2007, 2012 e 2017, com o segundo turno de 2017 em 7 de maio de 2017; comparecimento medido às 12:00, às 17:00 e no fechamento das urnas","Eleições presidenciais francesas de 2007, 2012 e 2017 (primeiro e segundo turnos)",discorda_parcial,0.5,equivalentes,"2007 a 2017 (eleições presidenciais de 2007, 2012 e 2017, primeiro e segundo turnos; comparecimento às 12:00, 17:00 e no fechamento)","the number of registered voter at the department level in 2017, 2012 and 2007, obtained from the French interior ministry. Voter turnout is measured at 12:00, 17:00 and when polling stations closed.",6,"Os dois cobrem as eleições de 2007, 2012 e 2017 com os dois turnos; o original só detalha datas e horários de medição, o que não muda o período.",,,
C090,Grillo2024c,Grillo2024c,comparador,textual,"Comparecimento às 12:00, antes da divulgação, contra o comparecimento às 17:00 e no fechamento, depois dela, tendo o primeiro turno de 2017 como grupo de controle e, na tripla diferença, as eleições de 2012 e 2007","Comparecimento antes do choque informacional (12h) versus depois (17h e fechamento), tomando o primeiro turno da mesma eleição como grupo de controle (delineamento de diferenças-em-diferenças)",discorda,0.0,equivalentes,"Comparecimento às 12:00, antes da divulgação, contra o comparecimento às 17:00 e no fechamento, depois dela, tendo o primeiro turno de 2017 como grupo de controle e, na tripla diferença, as eleições de 2012 e 2007","As in a diﬀerence-in-diﬀerences setting, we use turnout rates at 12:00 as the pre-period and turnout rates at 17:00 and at the closing time as post-periods, with the ﬁrst round as the “control group”.",6,"Ambos descrevem o mesmo contraste antes (12h) e depois (17h e fechamento), com o primeiro turno como controle; o original só acrescenta a comparação com 2012 e 2007 da tripla diferença.",,,
C093,Grillo2024c,Grillo2024c,mecanismo_descricao,textual,"Recurso: divulgação antecipada da boca de urna mostrando o candidato à frente com larga vantagem enquanto as urnas seguiam abertas; Raciocínio: a incerteza sobre o resultado cai drasticamente e, sendo o voto ao menos em parte estratégico e instrumental, parte do eleitorado deixa de fazer o esforço de votar mais tarde no dia; Contexto: segundo turno de 2017 apresentado como já decidido, com mídias belgas e suíças fora do alcance da proibição francesa de publicar antes do fechamento","Recurso: divulgação antecipada de exit poll indicando vitória folgada de Macron; Raciocínio: ao tornar o resultado da eleição percebido como já decidido, reduz o benefício instrumental/estratégico de votar, sobretudo para quem tem preferência mais fraca entre os dois candidatos remanescentes; Contexto: segundo turno das eleições presidenciais francesas de 2017, comparação entre departamentos com maior e menor participação de eleitores de esquerda (Hamon + Mélenchon) no primeiro turno",discorda,0.0,equivalentes,"Recurso: divulgação antecipada da boca de urna mostrando o candidato à frente com larga vantagem enquanto as urnas seguiam abertas; Raciocínio: a incerteza sobre o resultado cai drasticamente e, sendo o voto ao menos em parte estratégico e instrumental, parte do eleitorado deixa de fazer o esforço de votar mais tarde no dia; Contexto: segundo turno de 2017 apresentado como já decidido, com mídias belgas e suíças fora do alcance da proibição francesa de publicar antes do fechamento","These results give credit to theories of voting as an act which is, at least partially, strategic and instrumental, in contrast to theories of voting as a non-strategic decision motivated by civic duty or by a consumption beneﬁt.",4,"Os dois seguem o formato Recurso/Raciocínio/Contexto e atribuem o mesmo mecanismo (resultado percebido como decidido reduz o benefício instrumental de votar); a revalidação só acrescenta a preferência fraca da esquerda, que o texto também sustenta.",,,
C094,Grillo2024c,Grillo2024c,moderador_descricao,textual,"(1) Geografia, medida pela distância do departamento à Bélgica ou à Suíça: nos departamentos próximos e muito próximos da Bélgica a queda de comparecimento às 17:00 é significativamente maior do que nos demais, e no fechamento o coeficiente vai na mesma direção mas não é significativo; os departamentos próximos da Suíça não diferem dos demais. (2) Preferências expressas no primeiro turno: a queda é maior nos departamentos em que Macron foi o mais votado, com significância apenas a 10%, e nos departamentos no topo 50% da soma dos votos dos dois candidatos de esquerda, sem significância nos níveis convencionais; não há heterogeneidade nos departamentos em que Le Pen foi a mais votada nem no topo 50% do candidato de direita","Duas dimensões de heterogeneidade: (1) proximidade geográfica à Bélgica e à Suíça (departamentos ""muito próximos"" e ""próximos""), com queda maior e estatisticamente significativa às 17h para os próximos à Bélgica, e nenhuma diferença significativa para a Suíça; (2) preferência expressa no 1º turno — queda adicional de 1,1 p.p., fracamente significativa (p=0,099), em departamentos onde Macron venceu o 1º turno, e queda adicional de 1,1 p.p., fracamente significativa (p=0,113), em departamentos com maior participação de esquerda (Hamon+Mélenchon); sem heterogeneidade significativa por vitória de Le Pen ou por votação em Fillon",discorda,0.0,equivalentes,"(1) Geografia, medida pela distância do departamento à Bélgica ou à Suíça: nos departamentos próximos e muito próximos da Bélgica a queda de comparecimento às 17:00 é significativamente maior do que nos demais, e no fechamento o coeficiente vai na mesma direção mas não é significativo; os departamentos próximos da Suíça não diferem dos demais. (2) Preferências expressas no primeiro turno: a queda é maior nos departamentos em que Macron foi o mais votado, com significância apenas a 10%, e nos departamentos no topo 50% da soma dos votos dos dois candidatos de esquerda, sem significância nos níveis convencionais; não há heterogeneidade nos departamentos em que Le Pen foi a mais votada nem no topo 50% do candidato de direita","signiﬁcantly greater decrease in participation for the departments close and very close to Belgium, while columns 3 and 4 show that departments close and very close to Switzerland do not signiﬁcantly diﬀer from all the others.",9,"Os dois registram as mesmas duas dimensões (proximidade de Bélgica e Suíça; preferências do 1º turno) com as mesmas conclusões por subgrupo; a revalidação só acrescenta os p-valores 0,099 e 0,113, que conferem com o texto.",,,
C097,Grillo2024c,Grillo2024c,b2_hipoteses_testes,textual,"Hipótese declarada de tendências paralelas: sem a divulgação das bocas de urna, o comparecimento do segundo turno teria seguido ao longo do dia a mesma trajetória do primeiro; na tripla diferença, supõe-se que a diferença de tendências entre turnos teria sido igual à observada em 2012 e 2007. Checagens apresentadas: comparação gráfica das trajetórias horárias de 2007, 2012 e 2017; estimação de tripla diferença contra 2012 e contra 2007; robustez à ponderação dos departamentos, a controles de chuva e temperatura máxima e à subamostra de departamentos onde não choveu","Hipótese de tendências paralelas (na ausência do choque, o comparecimento do 2º turno seguiria a mesma tendência do 1º turno); testada por comparação com as tendências de comparecimento nas eleições de 2012 e 2007 (estimador de triplas diferenças), além de robustez a controles climáticos e a subamostra sem chuva",discorda,0.0,equivalentes,"Hipótese declarada de tendências paralelas: sem a divulgação das bocas de urna, o comparecimento do segundo turno teria seguido ao longo do dia a mesma trajetória do primeiro; na tripla diferença, supõe-se que a diferença de tendências entre turnos teria sido igual à observada em 2012 e 2007. Checagens apresentadas: comparação gráfica das trajetórias horárias de 2007, 2012 e 2017; estimação de tripla diferença contra 2012 e contra 2007; robustez à ponderação dos departamentos, a controles de chuva e temperatura máxima e à subamostra de departamentos onde não choveu","This analysis assumes that, absent the information shock in 2017, the diﬀerence in turnout trends would have been the same as in the two previous elections.",8,"Ambos declaram tendências paralelas com o primeiro turno e a tripla diferença contra 2012 e 2007, com robustez a clima e à subamostra sem chuva; o original só detalha mais.",,,
C101,Grillo2024c,Grillo2024c,b2_controles,textual,"nenhum (o modelo principal tem apenas os indicadores de horário, o indicador de segundo turno e suas interações, com ponderação pelo número de eleitores registrados)","nenhum (especificação principal — coluna 1 da Tabela 1 — contém apenas os termos de tempo, turno e interação; controles climáticos só entram nas colunas de robustez 2-4)",discorda,0.0,equivalentes,nenhum,"turnoutt,r,d = β1timet + β2roundr + β3timet × roundr + ϵt,r,d",7,"Os dois registram nenhum controle na especificação principal (Tabela 1, coluna 1), que só tem os termos de período, turno e interação; as justificativas entre parênteses dizem o mesmo.",,,
C103,Grillo2024c,Grillo2024c,b2_interpretacao_autores,textual,"Os autores concluem que a divulgação antecipada das bocas de urna reduziu o comparecimento no segundo turno de 2017, efeito que consideram sugestivo de causalidade ainda que tendências semelhantes apareçam em eleições anteriores","Os autores interpretam a queda de comparecimento após a publicação dos exit polls como sugestiva de um efeito causal, dando crédito a teorias de voto estratégico/instrumental",discorda,0.0,equivalentes,"Os autores concluem que a divulgação antecipada das bocas de urna reduziu o comparecimento no segundo turno de 2017, efeito que consideram sugestivo de causalidade ainda que tendências semelhantes apareçam em eleições anteriores","We ﬁnd a signiﬁcant decrease in turnout of around 3 to 4 percentage points after the exit polls’ publication which is suggestive of a causal eﬀect, although similar trends were observed in previous elections.",2,"Os dois dizem que os autores leem a queda de comparecimento como sugestiva de efeito causal; a revalidação só acrescenta a leitura sobre voto instrumental, que também está no texto.",,,
C118,Lammers2022a,Lammers2022a,equidade_progress_plus,textual,"escolaridade: 999 (nenhuma análise por escolaridade; a expertise política medida por quiz não é escolaridade e não foi tratada como tal pelos autores) ; posição socioeconômica ou classe social: 999 (nenhuma análise) ; idade: o Estudo 1 relata em nota de rodapé que a idade prediz negativamente o efeito underdog, isto é, participantes mais jovens tinham maior probabilidade de migrar para um partido que estava atrás nas pesquisas do que participantes mais velhos; nenhuma análise por idade nos Estudos 2a e 2b",escolaridade: 999 ; posição socioeconômica/classe: 999 ; idade: idade previu negativamente o efeito underdog (participantes mais jovens mudaram mais para um partido atrás),discorda_parcial,0.5,equivalentes,escolaridade: 999 ; posição socioeconômica ou classe social: 999 ; idade: o Estudo 1 relata que a idade prediz negativamente o efeito underdog (mais jovens migram mais para um partido atrás); sem análise por idade nos Estudos 2a e 2b,"Adding age to the main analyses, we also found that age negatively predicted the underdog effect",6,As duas dizem o mesmo para os três fatores; o original só detalha que a análise de idade é do Estudo 1.,,,
C119,Lammers2022a,Lammers2022a,efeitos_nao_intencionais,textual,"O texto não mede nem testa nenhum dos efeitos não intencionais do protocolo. Os autores declaram que o desenho das três pesquisas só permitiu testar a conversão entre partidos, e não efeitos de mobilização ou comparecimento, que ficam explicitamente como agenda futura; motivos estratégicos (evitar desperdiçar o voto num partido sem impacto e evitar monopólio de poder) aparecem apenas como preditores medidos no Estudo 1, não como efeito não intencional estimado; na conclusão, os autores levantam o uso estratégico da informação de pesquisa por campanhas de partidos que lideram, para ampliar a vantagem junto a eleitores com pouca expertise política",999,discorda,0.0,equivalentes,999,The research design of our studies only allowed testing the likelihood that voters switch their voting intention between a party that is leading and a party that is trailing in the polls,11,"Nenhum efeito não intencional do protocolo é relatado ou testado; o próprio original começa dizendo isso, e o resto é contexto (mobilização como agenda futura, sugestão sobre campanhas), então a divergência é de forma.",,,
C125,Lammers2022a,Lammers2022a,b2_nivel_atribuicao_cluster,textual,"Indivíduo: cada participante foi designado aleatoriamente a uma das quatro células do desenho entre participantes, sem agrupamento por sessão, domicílio ou unidade geográfica. Os autores não mencionam agrupamento de erros-padrão em nenhum nível; tamanho médio de cluster e ICC: 999","Atribuição no nível individual (participante), sem menção de agrupamento (cluster) ou erros padrão agrupados.",discorda,0.0,equivalentes,Indivíduo; sem agrupamento de erros-padrão; tamanho médio de cluster e ICC: 999,Participants were randomly assigned to one of four cells,9,As duas dizem atribuição individual sem erros-padrão agrupados.,,,
C127,Lammers2022a,Lammers2022a,b2_controles,textual,nenhum,"nenhum — cada um dos sete preditores (interpessoais, estratégicos, de justiça e epistêmico) foi testado separadamente sobre a probabilidade de mudança, sem controles adicionais mencionados no modelo principal.",discorda,0.0,equivalentes,nenhum,,0,As duas dizem nenhum; a revalidação só acrescenta comentário sobre o Estudo 1.,,,
C146,Meffert2011,Meffert2011,titulo,textual,"Polls, coalition signals and strategic voting: An experimental investigation of perceptions and effects","Polls, coalition signals and strategic voting: An experimental investigation of perceptions and effects",discorda_parcial,0.5,equivalentes,"Polls, coalition signals and strategic voting: An experimental investigation of perceptions and effects","Polls, coalition signals and strategic voting: An experimental investigation of perceptions and effects",2,Os dois valores são idênticos e reproduzem o título da primeira página do artigo (folha 2; a folha 1 é a capa do SSOAR).,,,
C147,Meffert2011,Meffert2011,pais_estudo,textual,Alemanha — Baden-Württemberg e Renânia-Palatinado,Alemanha (estados de Baden-Württemberg e Rheinland-Pfalz/Rhineland-Palatinate),discorda_parcial,0.5,equivalentes,Alemanha — Baden-Württemberg e Renânia-Palatinado,"First, participants were assigned to the state in which their highest ranked major party was the incumbent and was expected to win again in the upcoming election (CDU in Baden-Württemberg and SPD in Rhineland-Palatinate).",12,"Os dois indicam Alemanha e os mesmos dois estados. O codebook pede o estado depois de travessão, forma que o original segue e a revalidação não (parênteses).",,,
C148,Meffert2011,Meffert2011,problema_pesquisa,textual,Testar se eleitores em sistemas multipartidários com representação proporcional e governos de coalizão se comportam conforme as expectativas da teoria do voto estratégico quando pesquisas pré-eleitorais e sinais de coalizão são manipulados experimentalmente.,"Testar se eleitores em sistemas multipartidários se comportam de acordo com as expectativas da teoria do voto estratégico, usando um experimento de laboratório embutido em duas campanhas eleitorais reais para manipular pesquisas e sinais de coalizão.",discorda_parcial,0.5,equivalentes,"Testar se eleitores em sistemas multipartidários com representação proporcional e governos de coalizão se comportam conforme as expectativas da teoria do voto estratégico, manipulando experimentalmente pesquisas pré-eleitorais e sinais de coalizão.",The purpose of this study is to test whether voters in multiparty systems conform to the expectations of the theory of strategic voting.,3,"Os dois parafraseiam o mesmo objetivo declarado; um acrescenta o sistema eleitoral e o outro o desenho, sem divergência de conteúdo.",,,
C149,Meffert2011,Meffert2011,populacao,textual,"Estudantes alemães em sessões de laboratório informatizadas (280 recrutados; 200 analisados, os elegíveis para votar em eleições alemãs), designados à campanha estadual que melhor correspondia às suas preferências partidárias.","Estudantes universitários alemães recrutados para um experimento de laboratório computadorizado (280 no total, 105 mulheres e 169 homens, idade média 25 anos); apenas os 200 participantes aptos a votar em eleições alemãs foram usados nas análises.",discorda,0.0,equivalentes,"Estudantes alemães num experimento de laboratório informatizado (280 participantes; 200 analisados, os aptos a votar em eleições alemãs), designados à campanha estadual que correspondia à sua preferência partidária.","For the analyses, only the 200 participants who were eligible to vote in German elections were used.",9,"Os dois descrevem os mesmos estudantes, 280 recrutados e 200 analisados. A diferença é de detalhe: uma traz a designação por estado, a outra traz sexo e idade.",,,
C150,Meffert2011,Meffert2011,periodo_dados,textual,janeiro de 2006,"Janeiro de 2006 (experimento conduzido no início das campanhas eleitorais estaduais, cuja eleição ocorreu em 26 de março de 2006)",discorda,0.0,equivalentes,janeiro de 2006,"The study took place in January 2006, at the beginning of two",8,"Os dois dão janeiro de 2006. A revalidação só acrescenta a data da eleição (26 de março), que é contexto e não amplia o período dos dados.",,,
C151,Meffert2011,Meffert2011,intervencao_descricao,textual,"Resultados de pesquisas de intenção de voto manipulados dentro de duas campanhas estaduais alemãs reais (janeiro de 2006). Os participantes foram designados aleatoriamente a três condições de pesquisa que variavam a proximidade do resultado para o pequeno partido preferido em relação à cláusula de 5 por cento: controle (partido grande preferido em '41 per cent' e pequeno em '10 per cent'), close/failure (pequeno partido em '5 per cent' ou '4 per cent') e competition (os três pequenos partidos em torno de '7 per cent'). A informação apareceu em formato de pesquisa isolada, numa página de resultados com tabela de percentuais e resumo verbal da disputa, vista por todos após responderem a uma pesquisa pré-eleitoral simulada, e também em cinco artigos jornalísticos disponíveis no information board. Cruzada com essa manipulação, uma manipulação independente de sinal de coalizão (presente ou ausente) em manchetes atribuídas aos dois partidos preferidos do participante. O cenário simulado situava a exposição no início da campanha, a 14 semanas da eleição.","Resultados de pesquisa pré-eleitoral manipulados mostrando o percentual de intenção de voto do partido pequeno preferido do participante em três condições de proximidade ao limiar de 5% (controle ≈10%; fechada/fracasso 5% ou 4%; competição ≈7% cada partido pequeno), cruzados com um sinal de coalizão (presente/ausente) mencionando a coalizão preferida do participante. Meio: (1) uma pergunta de ""pesquisa pré-eleitoral"" respondida pelo participante seguida de uma página de resultados com tabela numérica e resumo verbal (Figura 2); (2) cinco manchetes/artigos de jornal fictício (""Landesanzeiger"") dentro de um quadro de informação dinâmico com 90 manchetes ao longo de 15 ""semanas"" simuladas. Momento: embutido no início real de duas campanhas eleitorais estaduais alemãs de janeiro de 2006, antes da eleição de 26 de março de 2006.",discorda_parcial,0.5,equivalentes,"Pesquisa isolada manipulada sobre o pequeno partido preferido perto da cláusula de 5% (controle: 10%; apertada/fracasso: 5% ou 4%; competição: cerca de 7% cada pequeno partido), cruzada com sinal de coalizão presente/ausente; exibida numa página de resultados (tabela e resumo verbal) vista por todos após uma pesquisa pré-eleitoral simulada, no início do quadro de informação, e em cinco artigos de jornal simulado que o participante podia escolher ler; campanha estadual real de janeiro de 2006, eleição em 26 de março.","Participants encountered the manipulated information in two ways. Early during the information search, after two screens with headlines, all participants were asked to participate in a pre-election poll.",13,"Formato, conteúdo, meio e momento coincidem nos dois. Os detalhes que cada um acrescenta ('14 semanas' e 'Landesanzeiger') aparecem nas capturas de tela da Figura 1 e da Figura 2 (folhas 11 e 14).",,,
C161,Meffert2011,Meffert2011,b2_nivel_atribuicao_cluster,textual,"Atribuição no nível do indivíduo (participante), tanto para a condição de pesquisa quanto para a de sinal de coalizão; não há agrupamento de erros-padrão declarado (as tabelas reportam erros-padrão convencionais entre parênteses) e não há menção a sessões de laboratório como cluster. Tamanho médio de cluster e ICC não reportados (999).","Indivíduo (participante do experimento de laboratório); não há atribuição em cluster, nem menção a agrupamento de erros-padrão, tamanho de cluster ou ICC.",discorda_parcial,0.5,equivalentes,Indivíduo (participante); erros-padrão não agrupados; tamanho de cluster e ICC não reportados (999).,"Next, participants were randomly assigned to one of three poll conditions that suggested election outcomes of varying closeness.",12,"Os dois dizem atribuição individual, sem agrupamento de erros-padrão e sem ICC. A diferença é só de redação.",,,
C167,Meffert2011,Meffert2011,b2_interpretacao_autores,textual,"Os autores concluem que a pesquisa que sugere eleição apertada e o sinal de coalizão não afetam diretamente o voto insincero, influenciando-o no máximo de forma indireta, por meio das percepções individuais, enquanto o voto estratégico explícito, muito raro, só apareceu quando as pesquisas sugeriam eleição apertada.","O voto insincero é causado por uma variedade de fatores; as pistas contextuais centrais do voto estratégico (pesquisas e sinais de coalizão) só têm papel indireto, mediado pelas percepções subjetivas dos eleitores, e não efeito direto sobre o comportamento; poucos eleitores votam estrategicamente no sentido estrito (com razão estratégica explícita), o que torna equivocada a prática de tratar todo eleitor insincero como estratégico.",discorda,0.0,equivalentes,"Os autores concluem que pesquisas que indicam eleição apertada e sinais de coalizão não afetam diretamente o voto insincero, influenciando-o no máximo de forma indireta, pelas percepções individuais, e que o voto estratégico explícito, raro, só apareceu quando as pesquisas sugeriam eleição apertada.","Insincere voting might have many different reasons, but according to our study, polls indicating a close election outcome have at best an indirect inﬂuence.",28,"Os dois reproduzem a mesma conclusão: efeito das pistas só indireto, mediado por percepções, e voto estratégico raro. A diferença é de ênfase.",,,
C168,Meffert2011,Meffert2011,voto_obrigatorio,categorica,999,999 (o texto não discute se o voto era obrigatório),discorda,0.0,equivalentes,999,,8,"Os dois dão 999. O voto é dado dentro do experimento, e o texto não trata de obrigatoriedade.",,,
C170,Meffert2011,Meffert2011,dias_ate_eleicao,numerica_int,999,"999 (o texto informa apenas ""janeiro de 2006"" e ""26 de março"", sem a data exata de início do experimento; não é possível calcular a contagem exata de dias)",discorda,0.0,equivalentes,999,Both elections were held on 26 March.,8,"Os dois dão 999. O texto só informa 'janeiro de 2006' e a eleição em 26 de março, sem data exata da sessão; a contagem de dias não é calculável.",,,
C172,Morton2015a,Morton2015a,problema_pesquisa,textual,Estimar o efeito causal da informação de boca de urna (resultado já conhecido do continente) sobre o comparecimento eleitoral e sobre o voto bandwagon dos eleitores que votam depois,"Estimar o efeito causal do conhecimento antecipado do resultado eleitoral (via boca de urna) sobre o comparecimento e sobre o voto de bandwagon, explorando uma reforma eleitoral francesa de 2005 como experimento natural.",discorda_parcial,0.5,equivalentes,"Estimar o efeito causal da informação de boca de urna (resultado do continente já conhecido) sobre o comparecimento e o voto bandwagon dos eleitores que votam depois, explorando a reforma eleitoral francesa de 2005.",We exploit a voting reform in France to estimate the causal eﬀect of exit poll information on turnout and bandwagon voting.,3,"Os dois reproduzem o objetivo declarado no resumo; a revalidação só acrescenta a estratégia (reforma de 2005), o que é diferença de forma.",,,
C173,Morton2015a,Morton2015a,populacao,textual,"Departamentos franceses (96 do continente mais nove territórios ultramarinos, total de 105), observados no comparecimento dos dois turnos das eleições presidenciais; nas checagens de robustez, os mesmos departamentos nas eleições legislativas","Eleitores registrados da França continental e dos territórios ultramarinos (departamentos), agregados por departamento-ano, nas eleições presidenciais.",discorda,0.0,equivalentes,"Departamentos franceses (96 do continente mais nove territórios ultramarinos, total de 105), com comparecimento agregado por departamento, eleição e turno nas eleições presidenciais; nas checagens de robustez, os mesmos departamentos nas eleições legislativas.","There are four OSTs in the east and ﬁve in the west, which in addition to the 96 departments on the mainland comprise a total of 105 such departments in France.",19,"As duas descrevem a mesma unidade (departamento, com eleitores registrados agregados) nas eleições presidenciais; o original é mais completo (105 departamentos, turno, legislativas na robustez), mas não diverge em substância.",,,
C174,Morton2015a,Morton2015a,periodo_dados,textual,"1981 a 2012 (eleições presidenciais de 1981, 1988, 1995, 2002, 2007 e 2012); 1997 a 2012 para as eleições legislativas usadas na robustez","1981 a 2012 (seis eleições presidenciais: 1981, 1988, 1995, 2002, 2007, 2012).",discorda_parcial,0.5,equivalentes,"1981 a 2012 (eleições presidenciais de 1981, 1988, 1995, 2002, 2007 e 2012); legislativas de 1997 a 2012 só na robustez.","turnout for ﬁrst and second election rounds from 1981 onwards (1981, 1988, 1995, 2002, 2007, and 2012).",18,"Ambos dão 1981 a 2012; os dados legislativos (1997 a 2012) ficam dentro desse intervalo, então o acréscimo do original não muda o período.",,,
C177,Morton2015a,Morton2015a,outcome_medida,textual,"Mobilização: comparecimento agregado por departamento e turno (proporção de eleitores registrados que votaram), variável dependente dos modelos de diferenças em diferenças. Apoio ao líder: diferença normalizada de votos entre o primeiro e o segundo colocado nos departamentos ultramarinos ocidentais, medida agregada que capta se o candidato à frente no continente recebe mais votos nesses departamentos","mobilizacao: comparecimento eleitoral agregado por departamento-ano (percentual de votantes registrados). apoio_ao_lider: diferença normalizada de votos entre o candidato mais votado e o segundo colocado (agregada, comparando OST tratada e continente).",discorda_parcial,0.5,equivalentes,"Mobilização: comparecimento agregado por departamento e turno (proporção de eleitores registrados que votaram). Apoio ao líder: diferença normalizada de votos entre o primeiro e o segundo colocado do continente, medida nos departamentos ultramarinos ocidentais e regredida na mesma diferença no continente (agregada).",We use only the vote diﬀerence in the western OST as the left-hand variable in this estimation,33,"Os dois dão os mesmos indicadores agregados (comparecimento; diferença normalizada entre primeiro e segundo). A variável dependente é a diferença nos OST ocidentais; o continente entra como regressor, o que as duas redações admitem.",,,
C182,Morton2015a,Morton2015a,b2_nivel_atribuicao_cluster,textual,"A exposição foi atribuída por lei ao nível do território/departamento (os cinco OST a oeste do continente, tratados como departamentos), e os erros-padrão são agrupados no nível do departamento; quando o continente é descartado restam apenas nove clusters, insuficientes para o agrupamento, e os autores usam bootstrap em blocos; tamanho médio de cluster e ICC não são reportados","Nível: departamento (a exposição/remoção da informação de boca de urna é atribuída no nível do território/departamento, não do indivíduo). Erros-padrão agrupados por departamento nas especificações em que há clusters suficientes; com poucos clusters (grupo de controle apenas OST orientais) usam-se erros bootstrapados em bloco por departamento. Tamanho médio de cluster e ICC não reportados.",discorda_parcial,0.5,equivalentes,"Departamento/território (exposição atribuída por lei aos cinco OST ocidentais); erros-padrão agrupados por departamento quando possível; com o continente descartado (nove clusters), bootstrap em blocos por departamento; tamanho médio de cluster e ICC não reportados.",It seems likely that there is some within-department correlation of the error term and hence it is appropriate to allow for clustered errors. We do so whenever possible.,23,"Mesmo nível de atribuição, mesma regra de agrupamento e mesmo recurso ao bootstrap em blocos; a diferença é só de redação.",,,
C184,Morton2015a,Morton2015a,b2_modelo_principal,textual,"apoio_ao_lider: Tabela 8, coluna 'Full Sample' (diferença δ entre as inclinações pré e pós-2005) ; mobilizacao: Tabela 5, col. (1)","mobilizacao: Tabela 5, coluna (1) (especificação de base, ""baseline"", com tendência linear específica por departamento) ; apoio_ao_lider: Tabela 8, coluna ""Full Sample"" (diferença δ entre os coeficientes pré- e pós-2005 da equação 2)",discorda_parcial,0.5,equivalentes,"mobilizacao: Tabela 5, col. (1) ; apoio_ao_lider: Tabela 8, coluna 'Full Sample' (diferença δ entre as inclinações pré e pós-2005)",The coeﬃcient of interest remains remarkably stable at around 11 percentage points in the baseline speciﬁcation,26,"Apontam as mesmas especificações, só em ordem diferente. Ambiguidade residual: a conclusão fala em 12 p.p. na 'preferred specification', número que não aparece na Tabela 5 (só na Tabela 12, col. 6, do apêndice).",,,
C186,Morton2015a,Morton2015a,b2_direcao_estimativa_principal,categorica,apoio_ao_lider: benefica ; mobilizacao: danosa,"mobilizacao: danosa (conhecer o resultado antecipadamente reduz o comparecimento, o oposto do aumento desejado) ; apoio_ao_lider: benefica (exposição à boca de urna aumenta a correlação positiva com o candidato líder no continente, isto é, bandwagon)",discorda,0.0,equivalentes,apoio_ao_lider: benefica ; mobilizacao: danosa,"Thus a negative parameter indicates a bandwagon eﬀect, where voters in western OST tended to follow the announced mainland results before the reform.",33,Mesma classificação: a exposição reduz o comparecimento (danosa) e o δ negativo significa mais voto no líder sob a exposição (benefica); a revalidação só acrescenta a explicação.,,,
C188,Morton2015a,Morton2015a,b2_interpretacao_autores,textual,"Os autores concluem que a informação de boca de urna tem efeitos consequentes sobre o comportamento eleitoral, reduzindo o comparecimento em cerca de 11 a 12 pontos percentuais e aumentando o voto bandwagon entre os que comparecem",Os autores concluem que o conhecimento do resultado eleitoral antecipado reduz o comparecimento e aumenta o voto de bandwagon nos eleitores tardios.,discorda,0.0,equivalentes,Os autores concluem que conhecer o resultado pela boca de urna reduz o comparecimento (cerca de 11 a 12 p.p.) e aumenta o voto bandwagon entre os que comparecem.,"We also ﬁnd empirical support for bandwagon voting in which later voters, if they participate, are more likely to vote for the expected winner.",36,"A mesma conclusão; o original só acrescenta a magnitude, que os autores dão como 11 p.p. no resumo e 12 p.p. na conclusão.",,,
C191,Schlegel2023,Schlegel2023,populacao,textual,Residentes do Reino Unido recrutados em duas amostras por quota na plataforma online Prolific: um estudo piloto com 1000 respondentes e um estudo principal pré-registrado com 2500 respondentes.,Amostras por cota de residentes do Reino Unido recrutadas na Prolific (estudo piloto e estudo principal pré-registrado).,discorda_parcial,0.5,equivalentes,Residentes do Reino Unido recrutados em duas amostras por quota na plataforma online Prolific: um estudo piloto com 1000 respondentes e um estudo principal pré-registrado com 2500 respondentes.,"We present results from two quota samples of UK residents: a pilot study with 1000 respondents and a pre-registered main study with 2500 respondents, both of which were collected through the online survey platform Prolific",5,"As duas descrevem a mesma população (amostras por cota de residentes do Reino Unido na Prolific, piloto e estudo principal); a original só acrescenta os tamanhos amostrais.",,,
C194,Schlegel2023,Schlegel2023,intervencao_descricao,textual,"Exposição a resultados de pesquisas pré-eleitorais dentro de uma eleição simulada online com três candidatos fictícios (A, B e C) sem rótulo partidário, cujas posições são definidas pelas próprias preferências temáticas do respondente (sobreposição de temas alta com A, intermediária com B, baixa com C). As pesquisas mostram o candidato A, o mais próximo do respondente, com a menor chance de vitória, e B e C empatados na liderança. Formato: resultados de três institutos distintos, apresentados em uma visualização animada embutida no questionário. O resultado médio das pesquisas é mantido constante entre os participantes; o que é manipulado é a incerteza entre institutos, isto é, a variação entre as pesquisas (alta informação = menor variação entre institutos; baixa informação = maior variação). Momento: imediatamente antes do voto simulado, sem eleição real, portanto sem contagem de dias até a votação.","Exposição, dentro de uma pesquisa online (mock election), a informação sobre a sobreposição de posições com três candidatos fictícios (A, B, C) e, em seguida, a resultados de pesquisas eleitorais pré-eleitorais apresentados em visualização animada, mostrando o candidato preferido (A) com a menor chance de vitória e B/C empatados na liderança; a incerteza entre as pesquisas (tratamento de informação) e uma tarefa de carga cognitiva (contar piscadas) são manipuladas antes do voto simulado.",discorda_parcial,0.5,equivalentes,"Exposição, numa eleição simulada online com três candidatos fictícios, a resultados de três pesquisas pré-eleitorais em visualização animada, com o candidato preferido (A) em último e B e C empatados na liderança; o resultado médio é constante e a incerteza entre pesquisas é manipulada (menor variação = alta informação), cruzada com uma tarefa de carga cognitiva (contar piscadas), imediatamente antes do voto simulado.","we present results from three separate polls as part of an animated visualization embedded in the survey. In other words, the variation across polls provides participants with a direct and intuitive illustration of the degree of uncertainty around their predictions.",4,"As duas descrevem a mesma exposição (pesquisas em animação, A em último, B e C empatados, incerteza manipulada antes do voto). A original detalha a média constante; a revalidação lembra a carga cognitiva, que integra o contraste principal (Information & Cognitive Resources).",,,
C198,Schlegel2023,Schlegel2023,mecanismo_descricao,textual,"Recurso: pesquisas pré-eleitorais com menor variação entre institutos, ou seja, informação mais precisa sobre as chances de cada candidato, somada a recursos cognitivos não ocupados por uma tarefa concorrente e a incentivos monetários condicionados ao resultado da eleição simulada; Raciocínio: a informação permite formar expectativas precisas sobre quem pode vencer, os recursos cognitivos permitem processar essa informação e reconhecer o retorno de desviar do candidato preferido, e os dois fatores precisam operar juntos, com efeito potencialmente multiplicativo, condicionados a o eleitor ter incentivo para agir estrategicamente; Contexto: eleição simulada online no Reino Unido, com três candidatos fictícios sem rótulo partidário e referência a distrito uninominal.","Recurso: informação precisa sobre a viabilidade eleitoral dos candidatos e recursos cognitivos disponíveis para processá-la; Raciocínio: informação permite formar expectativas precisas sobre o resultado eleitoral, mas só é útil se o eleitor tiver capacidade cognitiva para processá-la e reconhecer o payoff estratégico, dado incentivo suficiente; Contexto: eleição fictícia experimental (mock election) com desenho fatorial 2x2x2 de incentivo, informação e carga cognitiva.",discorda,0.0,equivalentes,"Recurso: pesquisas com menor variação entre institutos (informação precisa sobre a viabilidade) e recursos cognitivos livres, sob incentivo monetário; Raciocínio: a informação permite formar expectativas precisas sobre o resultado, e os recursos cognitivos permitem processá-la e reconhecer o retorno de desviar do preferido, com efeito potencialmente multiplicativo condicionado ao incentivo; Contexto: eleição simulada online no Reino Unido, com três candidatos fictícios.","Voters require information to form precise expectations about support for different candidates, but they also need the cognitive ability and resources to process the information.",3,"As duas seguem o formato Recurso/Raciocínio/Contexto com o mesmo conteúdo; a original é mais detalhada, sem divergência substantiva.",,,
C199,Schlegel2023,Schlegel2023,moderador_descricao,textual,"O moderador central é o nível de incentivo monetário para o voto estratégico, alto contra baixo, manipulado experimentalmente: os efeitos de informação e de recursos cognitivos são estimados separadamente dentro de cada condição de incentivo e, na condição de baixo incentivo, nenhum tratamento apresenta efeito significativo e replicável. Há ainda a interação entre os dois tratamentos de sofisticação, informação e recursos cognitivos combinados contra cada um isolado, e a comparação entre as duas amostras, piloto e estudo principal pré-registrado.","Moderador: nível de incentivo monetário experimental (alto vs. baixo). Nos subgrupos de baixo incentivo, nenhum tratamento (informação, recursos cognitivos, combinação) tem efeito significativo e replicável sobre o voto estratégico; no subgrupo de alto incentivo, a combinação de informação e recursos cognitivos aumenta o voto estratégico.",discorda,0.0,equivalentes,"Moderador: nível de incentivo monetário (alto vs. baixo), manipulado. Sob baixo incentivo, nenhum tratamento tem efeito significativo e replicável; sob alto incentivo, a combinação de informação e recursos cognitivos aumenta o voto estratégico (11 p.p. no estudo principal, 17 p.p. no piloto).","Furthermore, the results show that none of the treatments have a significant and replicable effect on strategic voting in the low incentive condition.",5,Ambas identificam o incentivo como moderador e o mesmo resultado por subgrupo; diferem só em detalhe.,,,
C203,Schlegel2023,Schlegel2023,b2_nivel_atribuicao_cluster,textual,"Atribuição no nível do indivíduo, isto é, do respondente do questionário online, sem unidade de agrupamento no desenho; o texto não informa agrupamento dos erros-padrão, tamanho médio de cluster nem ICC (999 para esses itens).","Atribuição aleatória em nível individual (por respondente); o texto principal não menciona clusterização de erros-padrão, tamanho de cluster ou ICC.",discorda_parcial,0.5,equivalentes,"Atribuição aleatória no nível do indivíduo (respondente); o texto não informa agrupamento dos erros-padrão, tamanho de cluster nem ICC.",We randomly assign respondents to one of the eight conditions.,4,As duas dizem o mesmo: atribuição individual e nenhuma informação sobre cluster ou ICC.,,,
C207,Schlegel2023,Schlegel2023,b2_interpretacao_autores,textual,"Os autores concluem que informação e recursos cognitivos são duas dimensões necessárias e complementares para viabilizar o voto estratégico, de modo que informação sozinha não basta para que o eleitor tire proveito do resultado das pesquisas.","Os autores concluem que informação e recursos cognitivos são duas dimensões importantes que, em conjunto e sob incentivo suficiente, facilitam o voto estratégico.",discorda_parcial,0.5,equivalentes,"Os autores concluem que informação e recursos cognitivos, combinados e sob incentivo suficiente, facilitam o voto estratégico, e que a informação sozinha não basta.","In sum, our experimental results support the hypothesis that in- formation and cognitive resources are two important dimensions to facilitate strategic voting.",5,"As duas frases dizem a mesma conclusão (as duas dimensões precisam andar juntas; informação sozinha não basta), com ênfases diferentes.",,,
C217,Tyszler2013,Tyszler2013,periodo_dados,textual,Junho de 2009 (coleta das sessões com preferências heterogêneas),Junho de 2009,discorda,0.0,equivalentes,Junho de 2009,Ten sessions were run at the CREED laboratory at the University of Amsterdam in June 2009.,11,"Os dois valores dão o mesmo período, junho de 2009. A original só acrescenta que a data se refere às sessões heterogêneas.",,,
C226,Tyszler2013,Tyszler2013,limitacoes_autores,textual,"Os autores reconhecem que, antes de derivar implicações de política, é preciso testar a robustez dos resultados a eleitorados maiores e a outros conjuntos de participantes, e sugerem experimentos de campo com eleições online como passo seguinte.",Os autores reconhecem que é preciso testar a robustez dos resultados a eleitorados maiores e outros públicos de sujeitos antes de extrair implicações de política.,discorda_parcial,0.5,equivalentes,"Os autores reconhecem que, antes de derivar implicações de política, é preciso testar a robustez dos resultados a eleitorados maiores e a outros conjuntos de participantes (sugerem experimentos de campo com eleições online).","Before one can derive possible policy implications from our results, future analysis is needed that test their robustness to increased electorate size and different subject pools.",17,"As duas relatam a mesma limitação declarada. A original só acrescenta a sugestão de experimentos de campo, que é o passo seguinte proposto pelos autores.",,,
C228,Tyszler2013,Tyszler2013,b2_hipoteses_testes,textual,"A comparabilidade é garantida por desenho: todos os eleitorados experimentais enfrentaram as mesmas realizações sorteadas da distribuição de ordenações de preferência, o que permite comparação direta entre grupos, e os testes levam em conta que subgrupos de votantes do mesmo eleitorado não são independentes. Não há teste de balanceamento, de tendências prévias, de densidade no corte, de primeiro estágio nem placebo.","Todos os eleitorados (de todos os tratamentos) foram expostos às mesmas realizações sorteadas da distribuição de ordens de preferência, o que permite comparação direta entre grupos; não há teste formal de balanceamento ou pré-tendência relatado.",discorda_parcial,0.5,equivalentes,"Todos os eleitorados enfrentaram as mesmas realizações sorteadas das ordenações de preferência (e dos valores intermediários), o que permite comparação direta entre grupos; não há teste de balanceamento, de tendências prévias nem placebo.","Every experimental electorate experienced the same realizations of the random distribution of preference orderings, making it possible to directly compare across groups.",10,As duas dão a mesma hipótese (realizações idênticas entre grupos) e dizem que não há teste formal. A menção da original à não independência dos subgrupos é sobre inferência e não muda o conteúdo.,,,
C229,Tyszler2013,Tyszler2013,b2_nivel_atribuicao_cluster,textual,"A informação é atribuída no nível da sessão/eleitorado, em desenho entre sujeitos, e não no nível do indivíduo; cada eleitorado tem 12 votantes e os testes usam a média por eleitorado como unidade de observação, levando em conta a não independência dos subgrupos dentro do eleitorado. Tamanho de cluster: 12 votantes; ICC não reportado.","Atribuição no nível do eleitorado (grupo de 12 votantes, mantido fixo durante toda a sessão): 5 eleitorados uninformed, 6 aggregate information, 6 full information (17 no total). Os testes estatísticos tratam o eleitorado como unidade de observação e levam em conta que subgrupos de votantes dentro do mesmo eleitorado não são independentes; nenhum ICC é reportado.",discorda,0.0,equivalentes,"Atribuição por eleitorado (12 votantes, fixo na sessão): 5 uninformed, 6 aggregate e 6 full information (17 no total); os testes não paramétricos usam a média por eleitorado como unidade de observação e levam em conta a não independência dos subgrupos do mesmo eleitorado; ICC não reportado.","Statistical tests are non-parametric, using average behavior of (sub-groups of) voters per electorate as the unit of observation.",11,"As duas dão atribuição no nível do eleitorado, cluster de 12, eleitorado como unidade de inferência e ICC ausente. A revalidação só acrescenta a contagem por braço da nota 12, e a original escreve sessão/eleitorado, embora as 10 sessões tenham formado 17 eleitorados.",,,
C230,Tyszler2013,Tyszler2013,b2_controles,textual,nenhum,"nenhum — as comparações entre tratamentos são feitas por testes não paramétricos de diferença de médias/proporções por eleitorado, sem covariáveis de controle; nenhuma variável de controle é mencionada em nenhuma parte da análise.",discorda,0.0,equivalentes,nenhum,"Statistical tests are non-parametric, using average behavior of (sub-groups of) voters per electorate as the unit of observation.",11,As duas dizem nenhum; a revalidação só explica por quê (testes não paramétricos sem covariáveis).,,,
C239,Witsman2016a,Witsman2016a,problema_pesquisa,textual,"Investigar se, e em que ponto, o percentual que um candidato independente preferido carrega nas pesquisas influencia a decisão de voto em uma eleição de três candidatos",Do polls influence Independent voting behavior,discorda,0.0,equivalentes,"Investigar se, e em que ponto, o percentual que um candidato independente preferido carrega nas pesquisas influencia a decisão de voto em uma eleição de três candidatos",Q1: Does the percentage a preferred independent candidate carries in polls influence voting behavior?,23,"As duas versões dão a mesma pergunta central (as pesquisas influenciam o voto no independente); a original só a traduz e acrescenta o 'em que ponto', também declarado na p. 17 impressa.",,,
C240,Witsman2016a,Witsman2016a,populacao,textual,"Estudantes, docentes e funcionários de uma grande universidade metropolitana do Meio-Oeste dos Estados Unidos, maiores de 18 anos e aptos a votar, recrutados por convite de e-mail e por Facebook para um survey online","Students, faculty and staff at a large metropolitan Midwestern university, recruited by e-mail and by Facebook",discorda,0.0,equivalentes,"Estudantes, docentes e funcionários de uma grande universidade metropolitana do Meio-Oeste dos Estados Unidos, maiores de 18 anos e aptos a votar, recrutados por convite de e-mail e por Facebook para um survey online","Students, faculty and staff at a large metropolitan Midwestern university were recruited to participate in the study via an email invitation.",26,Mesma população; a original acrescenta os filtros de idade e elegibilidade que o texto também declara.,,,
C241,Witsman2016a,Witsman2016a,intervencao_descricao,textual,"Exposição a resultados de pesquisa de intenção de voto fictícios, apresentados em tabela dentro de um survey online sobre uma eleição hipotética para o Senado com três candidatos (republicano, democrata e independente), em que se diz ao participante que o candidato independente é o seu preferido. Três cenários: no primeiro, o percentual do independente varia entre 5%, 15%, 25%, 35% e 45%, com republicano e democrata dividindo aproximadamente o restante (15 versões, três permutações de ordem por percentual, para evitar efeito de ordem); no segundo, o independente fica em 25% e varia qual dos dois grandes partidos lidera por pequena margem; no terceiro, são mostradas duas tabelas de pesquisa, uma de dois meses antes e outra de dois dias antes da eleição, com o independente subindo, estável ou caindo","Tabela de pesquisa hipotética (formato ""pesquisa isolada"") mostrando os percentuais de intenção de voto do candidato Independente preferido e dos candidatos Republicano e Democrata para uma eleição senatorial hipotética do Kansas, com o percentual do Independente sorteado aleatoriamente entre 5 valores (cenário 1), a liderança entre Republicano/Democrata sorteada (cenário 2), ou a tendência entre duas pesquisas no tempo (cenário 3); apresentada como texto/tabela no próprio survey online, sem menção a mídia externa.",discorda,0.0,equivalentes,"Exposição a resultados de pesquisa de intenção de voto fictícios (pesquisa isolada de 1000 prováveis eleitores), em tabela dentro de um survey online, sobre uma eleição hipotética para senador do Kansas com três candidatos, em que se diz ao participante que o independente é o seu preferido. Cenário 1: independente em 5%, 15%, 25%, 35% ou 45%, republicano e democrata dividindo o restante (15 versões com permutação de ordem); cenário 2: independente em 25% e sorteio de qual grande partido lidera por 3 pontos; cenário 3: duas tabelas, de dois meses e de dois dias antes da eleição, com o independente subindo, estável ou caindo",the percentage each of the three candidates received was assigned at random to the participant from a set of 15 options to determine the effect of polling percentages on independent voting likelihood.,29,"As duas descrevem a mesma exposição (pesquisa isolada em tabela no survey, três cenários sorteados); a original detalha os percentuais e a revalidação acrescenta o Kansas, e o valor sugerido junta as duas.",,,
C242,Witsman2016a,Witsman2016a,comparador,textual,"Outros resultados de pesquisa: no cenário 1, os braços com percentuais diferentes do mesmo candidato independente preferido são comparados entre si; no cenário 2, a versão com o democrata à frente é comparada à versão com o republicano à frente; no cenário 3, as tendências de alta, estabilidade e queda são comparadas entre si. Não há braço sem pesquisa","outro — diferentes percentuais do candidato Independente (5/15/25/35/45%) e diferentes candidatos na liderança (Republicano vs. Democrata), sem grupo controle sem pesquisa",discorda,0.0,equivalentes,"Outros resultados de pesquisa: no cenário 1, os braços com percentuais diferentes do mesmo candidato independente preferido são comparados entre si; no cenário 2, a versão com o democrata à frente é comparada à versão com o republicano à frente; no cenário 3, as tendências de alta, estabilidade e queda são comparadas entre si. Não há braço sem pesquisa","The five versions of the first scenario have the independent candidate polling at 5%, 15%, 25%, 35%, and 45%, with the Republican and Democratic candidates each receiving approximately half the remaining percent.",29,"Os dois dizem que o comparador é outro resultado de pesquisa, sem braço sem pesquisa; a original também cobre o cenário 3.",,,
C248,Witsman2016a,Witsman2016a,limitacoes_autores,textual,"Amostra não representativa da população geral, por ser majoritariamente universitária, mais escolarizada, mais branca, mais feminina e mais jovem; necessidade de reduzir etnia a branco e não branco por causa dos tamanhos de subgrupo; dados demográficos coletados depois de itens de filtro, impedindo analisar quem não é registrado ou não pretende votar; questionário não perguntou se o respondente votaria em algum independente nem mediu supressão de voto ou percepção sobre a validade das pesquisas; ambiente hipotético e artificial de teste","Amostra não representativa da população geral (mais educada, mais feminina, mais branca e mais jovem que o eleitorado); dados demográficos coletados após alguns itens de filtro, impedindo análise para quem não vota; etnia teve que ser recodificada em branco/não-branco por tamanho de amostra; ausência de item sobre se o respondente algum dia votaria em um Independente; ausência de item sobre supressão de voto.",discorda_parcial,0.5,equivalentes,"Amostra não representativa da população geral (mais escolarizada, mais feminina, mais branca e mais jovem); etnia reduzida a branco e não branco pelos tamanhos de subgrupo; dados demográficos coletados depois de itens de filtro, impedindo analisar quem não é registrado ou não pretende votar; questionário não perguntou se o respondente votaria em algum independente nem mediu supressão de voto ou percepção sobre a validade das pesquisas","Unfortunately, this research did not measure perceptions of the validity of polls, which is recommended for future research of this nature.",49,"As duas listam as mesmas limitações da seção Limitations. A original acrescenta a validade das pesquisas, que tem apoio no trecho, e o 'ambiente hipotético e artificial', que a autora não trata como limitação (ela defende o método); o valor sugerido tira esse item.",,,
C250,Witsman2016a,Witsman2016a,b2_nivel_atribuicao_cluster,textual,"Atribuição no nível do indivíduo: cada participante recebeu ao acaso uma das 15 versões do cenário 1 e uma das duas versões do cenário 2. O texto não reporta agrupamento de erros-padrão, tamanho médio de cluster nem ICC","Atribuição no nível do indivíduo (cada respondente recebeu uma permutação de percentuais sorteada aleatoriamente); não há menção de erros-padrão agrupados, tamanho médio de cluster ou ICC.",discorda_parcial,0.5,equivalentes,"Atribuição no nível do indivíduo: cada participante recebeu ao acaso uma das 15 versões do cenário 1 e uma das duas versões do cenário 2. O texto não reporta agrupamento de erros-padrão, tamanho médio de cluster nem ICC",the percentage each of the three candidates received was assigned at random to the participant from a set of 15 options,29,Os dois dizem atribuição individual e nenhuma informação sobre cluster ou ICC.,,,
C251,Witsman2016a,Witsman2016a,b2_controles,textual,nenhum,"nenhum — o teste do modelo principal (qui-quadrado, Tabela 6) é bivariado, sem covariáveis",discorda,0.0,equivalentes,nenhum,a chi square test for independence was performed.,32,Os dois dizem nenhum; a revalidação só acrescenta a justificativa (qui-quadrado bivariado).,,,
C253,Witsman2016a,Witsman2016a,b2_modelo_principal,textual,"apoio_ao_lider: Tabela 6 (cenário 1), qui-quadrado de independência entre o percentual do candidato independente na pesquisa e o voto binário no independente, p. 27, com a mesma distribuição no Chart 1 (p. 28)","apoio_ao_lider: Cenário 1 (teste qui-quadrado de independência sobre percentual de pesquisa x voto Independente, Tabela 6, Resultados)",discorda_parcial,0.5,equivalentes,"apoio_ao_lider: Tabela 6 (cenário 1), qui-quadrado de independência entre o percentual do candidato independente na pesquisa e o voto binário no independente, p. 27, com a mesma distribuição no Chart 1 (p. 28)",A chi-square test of independence was conducted for scenario one to determine if respondents voted for their preferred independent candidate at different frequencies depending on what percentage that candidate is carrying in the polls.,32,"Os dois apontam o mesmo modelo, a Tabela 6 do cenário 1; a original só acrescenta as páginas.",,,
C254,Witsman2016a,Witsman2016a,b2_interpretacao_autores,textual,"A autora conclui que as pesquisas influenciam o voto independente, porque a probabilidade de votar no candidato independente preferido cresce conforme o percentual que ele carrega na pesquisa, o que ela lê como voto estratégico numa eleição de três candidatos","O aumento do percentual de pesquisa do candidato Independente aumenta a probabilidade de voto nele, confirmando a hipótese de que dados de pesquisa influenciam o voto Independente.",discorda,0.0,equivalentes,"A autora conclui que as pesquisas influenciam o voto independente, porque a probabilidade de votar no candidato independente preferido cresce conforme o percentual que ele carrega na pesquisa, o que ela lê como voto estratégico numa eleição de três candidatos","as poll numbers go up for the preferred Independent candidate, the likelihood of voters willing to vote for the candidate will also increase, confirming the hypothesis that polling data influence Independent voting behavior.",6,"As duas dão a mesma conclusão; a original acrescenta a leitura como voto estratégico, que a Discussão também faz (p. 37 impressa).",,,
