id_rs,filtro,resultado,detalhe
RS0388,ano,passa,ano=2020;faixa=2010..
RS0510,ano,passa,ano=2013;faixa=2010..
RS0656,ano,passa,ano=2017;faixa=2010..
RS0845,ano,passa,ano=2013;faixa=2010..
RS1015,ano,passa,ano=2019;faixa=2010..
RS1085,ano,passa,ano=2019;faixa=2010..
RS1218,ano,passa,ano=2014;faixa=2010..
RS1219,ano,passa,ano=2016;faixa=2010..
RS1220,ano,passa,ano=2018;faixa=2010..
RS1221,ano,passa,ano=2016;faixa=2010..
RS1222,ano,passa,ano=2010;faixa=2010..
RS1223,ano,passa,ano=2020;faixa=2010..
RS1224,ano,passa,ano=2012;faixa=2010..
RS1225,ano,passa,ano=2019;faixa=2010..
RS1226,ano,passa,ano=2024;faixa=2010..
RS1227,ano,passa,ano=2017;faixa=2010..
RS1228,ano,passa,ano=2022;faixa=2010..
RS1229,ano,passa,ano=2022;faixa=2010..
RS1230,ano,passa,ano=2018;faixa=2010..
RS1231,ano,passa,ano=2012;faixa=2010..
RS1232,ano,passa,ano=2015;faixa=2010..
RS1233,ano,passa,ano=2015;faixa=2010..
RS1234,ano,passa,ano=2024;faixa=2010..
RS1235,ano,passa,ano=2021;faixa=2010..
RS1236,ano,passa,ano=2014;faixa=2010..
RS1237,ano,passa,ano=2019;faixa=2010..
RS1238,ano,passa,ano=2023;faixa=2010..
RS1239,ano,passa,ano=2023;faixa=2010..
RS1240,ano,passa,ano=2017;faixa=2010..
RS1241,ano,passa,ano=2017;faixa=2010..
RS1242,ano,passa,ano=2013;faixa=2010..
RS1243,ano,passa,ano=2026;faixa=2010..
RS1244,ano,passa,ano=2012;faixa=2010..
RS1245,ano,passa,ano=2018;faixa=2010..
RS1246,ano,passa,ano=2022;faixa=2010..
RS1247,ano,passa,ano=2023;faixa=2010..
RS1248,ano,passa,ano=2016;faixa=2010..
RS1249,ano,passa,ano=2016;faixa=2010..
RS1250,ano,passa,ano=2026;faixa=2010..
RS1251,ano,passa,ano=2024;faixa=2010..
RS1252,ano,passa,ano=2014;faixa=2010..
RS1253,ano,exclui,ano=2008;faixa=2010..
RS1254,ano,passa,ano=2014;faixa=2010..
RS1255,ano,passa,ano=2012;faixa=2010..
RS1256,ano,passa,ano=2012;faixa=2010..
RS1257,ano,passa,ano=2017;faixa=2010..
RS1258,ano,passa,ano=2014;faixa=2010..
RS1259,ano,passa,ano=2019;faixa=2010..
RS1260,ano,passa,ano=2019;faixa=2010..
RS1261,ano,passa,ano=2022;faixa=2010..
RS1262,ano,passa,ano=2021;faixa=2010..
RS1263,ano,passa,ano=2019;faixa=2010..
RS1264,ano,passa,ano=2026;faixa=2010..
RS1265,ano,passa,ano=2026;faixa=2010..
RS1266,ano,passa,ano=2026;faixa=2010..
RS1267,ano,passa,ano=2026;faixa=2010..
RS1268,ano,passa,ano=2014;faixa=2010..
RS1269,ano,passa,ano=2023;faixa=2010..
RS1270,ano,passa,ano=2018;faixa=2010..
RS1271,ano,passa,ano=2023;faixa=2010..
RS1272,ano,passa,ano=2023;faixa=2010..
RS1273,ano,passa,ano=2017;faixa=2010..
RS1274,ano,passa,ano=2023;faixa=2010..
RS1275,ano,passa,ano=2026;faixa=2010..
RS1276,ano,passa,ano=2020;faixa=2010..
RS1277,ano,passa,ano=2014;faixa=2010..
RS1278,ano,passa,ano=2015;faixa=2010..
RS1279,ano,passa,ano=2020;faixa=2010..
RS1280,ano,passa,ano=2020;faixa=2010..
RS1281,ano,passa,ano=2022;faixa=2010..
RS1282,ano,passa,ano=2017;faixa=2010..
RS1283,ano,passa,ano=2022;faixa=2010..
RS1284,ano,passa,ano=2013;faixa=2010..
RS1285,ano,passa,ano=2025;faixa=2010..
RS1286,ano,passa,ano=2019;faixa=2010..
RS1287,ano,passa,ano=2021;faixa=2010..
RS1288,ano,passa,ano=2018;faixa=2010..
RS1289,ano,passa,ano=2017;faixa=2010..
RS1290,ano,passa,ano=2022;faixa=2010..
RS1291,ano,passa,ano=2014;faixa=2010..
RS1292,ano,passa,ano=2022;faixa=2010..
RS1293,ano,passa,ano=2015;faixa=2010..
RS1294,ano,passa,ano=2019;faixa=2010..
RS1295,ano,passa,ano=2011;faixa=2010..
RS1296,ano,passa,ano=2022;faixa=2010..
RS1297,ano,passa,ano=2018;faixa=2010..
RS1298,ano,passa,ano=2024;faixa=2010..
RS1299,ano,passa,ano=2023;faixa=2010..
RS1300,ano,passa,ano=2010;faixa=2010..
RS1301,ano,passa,ano=2022;faixa=2010..
RS1302,ano,exclui,ano=2008;faixa=2010..
RS1303,ano,passa,ano=2023;faixa=2010..
RS1304,ano,passa,ano=2024;faixa=2010..
RS1305,ano,passa,ano=2023;faixa=2010..
RS1306,ano,passa,ano=2019;faixa=2010..
RS1307,ano,passa,ano=2021;faixa=2010..
RS1308,ano,passa,ano=2012;faixa=2010..
RS1309,ano,passa,ano=2025;faixa=2010..
RS1310,ano,passa,ano=2024;faixa=2010..
RS1311,ano,passa,ano=2017;faixa=2010..
RS1312,ano,passa,ano=2011;faixa=2010..
RS1313,ano,passa,ano=2022;faixa=2010..
RS1314,ano,passa,ano=2025;faixa=2010..
RS1315,ano,passa,ano=2023;faixa=2010..
RS1316,ano,passa,ano=2013;faixa=2010..
RS1317,ano,passa,ano=2025;faixa=2010..
RS1318,ano,passa,ano=2016;faixa=2010..
RS1319,ano,passa,ano=2024;faixa=2010..
RS1320,ano,passa,ano=2018;faixa=2010..
RS1321,ano,passa,ano=2018;faixa=2010..
RS1322,ano,passa,ano=2025;faixa=2010..
RS1323,ano,passa,ano=2026;faixa=2010..
RS1324,ano,passa,ano=2021;faixa=2010..
RS1325,ano,passa,ano=2022;faixa=2010..
RS1326,ano,passa,ano=2025;faixa=2010..
RS1327,ano,passa,ano=2018;faixa=2010..
RS1328,ano,passa,ano=2013;faixa=2010..
RS1329,ano,passa,ano=2021;faixa=2010..
RS1330,ano,passa,ano=2016;faixa=2010..
RS1331,ano,exclui,ano=2008;faixa=2010..
RS1332,ano,passa,ano=2013;faixa=2010..
RS1333,ano,passa,ano=2019;faixa=2010..
RS1334,ano,passa,ano=2013;faixa=2010..
RS1335,ano,passa,ano=2013;faixa=2010..
RS1336,ano,passa,ano=2020;faixa=2010..
RS1337,ano,passa,ano=2012;faixa=2010..
RS1338,ano,passa,ano=2018;faixa=2010..
RS1339,ano,passa,ano=2012;faixa=2010..
RS1340,ano,passa,ano=2013;faixa=2010..
RS1341,ano,passa,ano=2024;faixa=2010..
RS1342,ano,passa,ano=2020;faixa=2010..
RS1343,ano,passa,ano=2012;faixa=2010..
RS1344,ano,passa,ano=2015;faixa=2010..
RS1345,ano,passa,ano=2012;faixa=2010..
RS1346,ano,passa,ano=2025;faixa=2010..
RS1347,ano,passa,ano=2019;faixa=2010..
RS1348,ano,passa,ano=2016;faixa=2010..
RS1349,ano,passa,ano=2021;faixa=2010..
RS1350,ano,passa,ano=2011;faixa=2010..
RS1351,ano,exclui,ano=2009;faixa=2010..
RS1352,ano,passa,ano=2023;faixa=2010..
RS1353,ano,passa,ano=2023;faixa=2010..
RS1354,ano,passa,ano=2024;faixa=2010..
RS1355,ano,exclui,ano=2009;faixa=2010..
RS1356,ano,passa,ano=2023;faixa=2010..
RS1357,ano,passa,ano=2013;faixa=2010..
RS1358,ano,passa,ano=2015;faixa=2010..
RS1359,ano,passa,ano=2022;faixa=2010..
RS1360,ano,passa,ano=2016;faixa=2010..
RS1361,ano,exclui,ano=2008;faixa=2010..
RS1362,ano,passa,ano=2017;faixa=2010..
RS1363,ano,passa,ano=2014;faixa=2010..
RS1364,ano,passa,ano=2018;faixa=2010..
RS1365,ano,passa,ano=2017;faixa=2010..
RS1366,ano,passa,ano=2012;faixa=2010..
RS1367,ano,passa,ano=2012;faixa=2010..
RS1368,ano,passa,ano=2015;faixa=2010..
RS1369,ano,passa,ano=2021;faixa=2010..
RS1370,ano,passa,ano=2015;faixa=2010..
RS1371,ano,passa,ano=2011;faixa=2010..
RS1372,ano,passa,ano=2015;faixa=2010..
RS1373,ano,passa,ano=2022;faixa=2010..
RS1374,ano,passa,ano=2022;faixa=2010..
RS1375,ano,passa,ano=2024;faixa=2010..
RS1376,ano,exclui,ano=2009;faixa=2010..
RS1377,ano,passa,ano=2017;faixa=2010..
RS1378,ano,passa,ano=2016;faixa=2010..
RS1379,ano,passa,ano=2021;faixa=2010..
RS1380,ano,passa,ano=2019;faixa=2010..
RS1381,ano,passa,ano=2022;faixa=2010..
RS1382,ano,passa,ano=2018;faixa=2010..
RS1383,ano,passa,ano=2022;faixa=2010..
RS1384,ano,passa,ano=2022;faixa=2010..
RS1385,ano,passa,ano=2022;faixa=2010..
RS1386,ano,passa,ano=2021;faixa=2010..
RS1387,ano,passa,ano=2021;faixa=2010..
RS1388,ano,passa,ano=2024;faixa=2010..
RS1389,ano,passa,ano=2015;faixa=2010..
RS1390,ano,passa,ano=2022;faixa=2010..
RS1391,ano,passa,ano=2024;faixa=2010..
RS1392,ano,passa,ano=2015;faixa=2010..
RS1393,ano,passa,ano=2014;faixa=2010..
RS1394,ano,passa,ano=2013;faixa=2010..
RS1395,ano,passa,ano=2020;faixa=2010..
RS1396,ano,passa,ano=2015;faixa=2010..
RS1397,ano,passa,ano=2025;faixa=2010..
RS1398,ano,passa,ano=2024;faixa=2010..
RS1399,ano,passa,ano=2018;faixa=2010..
RS1400,ano,passa,ano=2015;faixa=2010..
RS1401,ano,passa,ano=2020;faixa=2010..
RS1402,ano,passa,ano=2020;faixa=2010..
RS1403,ano,passa,ano=2011;faixa=2010..
RS1404,ano,passa,ano=2024;faixa=2010..
RS1405,ano,passa,ano=2025;faixa=2010..
RS1406,ano,passa,ano=2022;faixa=2010..
RS1407,ano,passa,ano=2022;faixa=2010..
RS1408,ano,passa,ano=2022;faixa=2010..
RS1409,ano,passa,ano=2022;faixa=2010..
RS1410,ano,passa,ano=2022;faixa=2010..
RS1411,ano,passa,ano=2022;faixa=2010..
RS1412,ano,passa,ano=2022;faixa=2010..
RS1413,ano,passa,ano=2022;faixa=2010..
RS1414,ano,passa,ano=2022;faixa=2010..
RS1415,ano,passa,ano=2022;faixa=2010..
RS1416,ano,passa,ano=2022;faixa=2010..
RS1417,ano,passa,ano=2022;faixa=2010..
RS1418,ano,passa,ano=2022;faixa=2010..
RS1419,ano,passa,ano=2022;faixa=2010..
RS1420,ano,passa,ano=2022;faixa=2010..
RS1421,ano,passa,ano=2022;faixa=2010..
RS1422,ano,passa,ano=2022;faixa=2010..
RS1423,ano,passa,ano=2022;faixa=2010..
RS1424,ano,passa,ano=2022;faixa=2010..
RS1425,ano,passa,ano=2022;faixa=2010..
RS1426,ano,passa,ano=2022;faixa=2010..
RS1427,ano,passa,ano=2022;faixa=2010..
RS1428,ano,passa,ano=2022;faixa=2010..
RS1429,ano,passa,ano=2022;faixa=2010..
RS1430,ano,passa,ano=2022;faixa=2010..
RS1431,ano,passa,ano=2022;faixa=2010..
RS1432,ano,passa,ano=2022;faixa=2010..
RS1433,ano,passa,ano=2022;faixa=2010..
RS1434,ano,passa,ano=2022;faixa=2010..
RS1435,ano,passa,ano=2022;faixa=2010..
RS1436,ano,passa,ano=2022;faixa=2010..
RS1437,ano,passa,ano=2022;faixa=2010..
RS1438,ano,passa,ano=2022;faixa=2010..
RS1439,ano,passa,ano=2022;faixa=2010..
RS1440,ano,passa,ano=2022;faixa=2010..
RS1441,ano,passa,ano=2022;faixa=2010..
RS1442,ano,passa,ano=2022;faixa=2010..
RS1443,ano,passa,ano=2022;faixa=2010..
RS1444,ano,passa,ano=2012;faixa=2010..
RS1445,ano,passa,ano=2022;faixa=2010..
RS1446,ano,passa,ano=2022;faixa=2010..
RS1447,ano,passa,ano=2015;faixa=2010..
RS1448,ano,passa,ano=2015;faixa=2010..
RS1449,ano,passa,ano=2010;faixa=2010..
RS1450,ano,passa,ano=2015;faixa=2010..
RS1451,ano,passa,ano=2014;faixa=2010..
RS1452,ano,passa,ano=2024;faixa=2010..
RS1453,ano,passa,ano=2025;faixa=2010..
RS1454,ano,passa,ano=2018;faixa=2010..
RS1455,ano,passa,ano=2015;faixa=2010..
RS1456,ano,passa,ano=2015;faixa=2010..
RS1457,ano,passa,ano=2015;faixa=2010..
RS1458,ano,exclui,ano=2006;faixa=2010..
RS1459,ano,exclui,ano=1996;faixa=2010..
RS1460,ano,exclui,ano=2003;faixa=2010..
RS1461,ano,passa,ano=2017;faixa=2010..
RS1462,ano,passa,ano=2010;faixa=2010..
RS1463,ano,passa,ano=2023;faixa=2010..
RS1464,ano,passa,ano=2024;faixa=2010..
RS1465,ano,exclui,ano=1999;faixa=2010..
RS1466,ano,passa,ano=2025;faixa=2010..
RS1467,ano,passa,ano=2012;faixa=2010..
RS1468,ano,exclui,ano=2009;faixa=2010..
RS1469,ano,passa,ano=2023;faixa=2010..
RS1470,ano,exclui,ano=2002;faixa=2010..
RS1471,ano,passa,ano=2020;faixa=2010..
RS1472,ano,exclui,ano=2009;faixa=2010..
RS1473,ano,passa,ano=2012;faixa=2010..
RS1474,ano,passa,ano=2018;faixa=2010..
RS1475,ano,passa,ano=2015;faixa=2010..
RS1476,ano,passa,ano=2018;faixa=2010..
RS1477,ano,exclui,ano=2001;faixa=2010..
RS1478,ano,exclui,ano=2009;faixa=2010..
RS1479,ano,exclui,ano=2009;faixa=2010..
RS1480,ano,passa,ano=2025;faixa=2010..
RS1481,ano,passa,ano=2025;faixa=2010..
RS1482,ano,passa,ano=2014;faixa=2010..
RS1483,ano,passa,ano=2022;faixa=2010..
RS1484,ano,passa,ano=2015;faixa=2010..
RS1485,ano,passa,ano=2017;faixa=2010..
RS1486,ano,passa,ano=2013;faixa=2010..
RS1487,ano,passa,ano=2015;faixa=2010..
RS1488,ano,passa,ano=2022;faixa=2010..
RS1489,ano,passa,ano=2022;faixa=2010..
RS1490,ano,passa,ano=2020;faixa=2010..
RS1491,ano,passa,ano=2024;faixa=2010..
RS1492,ano,exclui,ano=2003;faixa=2010..
RS1493,ano,passa,ano=2023;faixa=2010..
RS1494,ano,passa,ano=2016;faixa=2010..
RS1495,ano,passa,ano=2021;faixa=2010..
RS1496,ano,passa,ano=2022;faixa=2010..
RS1497,ano,passa,ano=2016;faixa=2010..
RS1498,ano,passa,ano=2018;faixa=2010..
RS1499,ano,passa,ano=2023;faixa=2010..
RS1500,ano,passa,ano=2021;faixa=2010..
RS1501,ano,passa,ano=2014;faixa=2010..
RS1502,ano,passa,ano=2024;faixa=2010..
RS1503,ano,passa,ano=2026;faixa=2010..
RS1504,ano,passa,ano=2015;faixa=2010..
RS1505,ano,passa,ano=2023;faixa=2010..
RS1506,ano,passa,ano=2025;faixa=2010..
RS1507,ano,passa,ano=2019;faixa=2010..
RS1508,ano,passa,ano=2014;faixa=2010..
RS1509,ano,passa,ano=2024;faixa=2010..
RS1510,ano,passa,ano=2016;faixa=2010..
RS1511,ano,passa,ano=2020;faixa=2010..
RS1512,ano,passa,ano=2023;faixa=2010..
RS1513,ano,passa,ano=2024;faixa=2010..
RS1514,ano,passa,ano=2018;faixa=2010..
RS1515,ano,passa,ano=2025;faixa=2010..
RS1516,ano,passa,ano=2024;faixa=2010..
RS1517,ano,passa,ano=2013;faixa=2010..
RS1518,ano,passa,ano=2015;faixa=2010..
RS1519,ano,passa,ano=2013;faixa=2010..
RS1520,ano,passa,ano=2024;faixa=2010..
RS1521,ano,passa,ano=2017;faixa=2010..
RS1522,ano,passa,ano=2015;faixa=2010..
RS1523,ano,passa,ano=2020;faixa=2010..
RS1524,ano,passa,ano=2017;faixa=2010..
RS1525,ano,passa,ano=2016;faixa=2010..
RS1526,ano,passa,ano=2020;faixa=2010..
RS1527,ano,passa,ano=2011;faixa=2010..
RS1528,ano,passa,ano=2016;faixa=2010..
RS1529,ano,passa,ano=2017;faixa=2010..
RS1530,ano,exclui,ano=2009;faixa=2010..
RS1531,ano,passa,ano=2015;faixa=2010..
RS1532,ano,passa,ano=2013;faixa=2010..
RS1533,ano,passa,ano=2014;faixa=2010..
RS1534,ano,passa,ano=2015;faixa=2010..
RS1535,ano,passa,ano=2018;faixa=2010..
RS1536,ano,passa,ano=2015;faixa=2010..
RS1537,ano,passa,ano=2015;faixa=2010..
RS1538,ano,passa,ano=2020;faixa=2010..
RS1539,ano,passa,ano=2019;faixa=2010..
RS1540,ano,exclui,ano=2009;faixa=2010..
RS1541,ano,passa,ano=2010;faixa=2010..
RS1542,ano,passa,ano=2014;faixa=2010..
RS1543,ano,exclui,ano=2008;faixa=2010..
RS1544,ano,passa,ano=2019;faixa=2010..
RS1545,ano,passa,ano=2011;faixa=2010..
RS1546,ano,passa,ano=2019;faixa=2010..
RS1547,ano,passa,ano=2018;faixa=2010..
RS1548,ano,passa,ano=2016;faixa=2010..
RS1549,ano,passa,ano=2011;faixa=2010..
RS1550,ano,exclui,ano=2008;faixa=2010..
RS1551,ano,passa,ano=2013;faixa=2010..
RS1552,ano,exclui,ano=2008;faixa=2010..
RS1553,ano,passa,ano=2020;faixa=2010..
RS1554,ano,passa,ano=2014;faixa=2010..
RS1555,ano,exclui,ano=2008;faixa=2010..
RS1556,ano,passa,ano=2020;faixa=2010..
RS1557,ano,passa,ano=2010;faixa=2010..
RS1558,ano,passa,ano=2015;faixa=2010..
RS1559,ano,passa,ano=2021;faixa=2010..
RS1560,ano,passa,ano=2010;faixa=2010..
RS1561,ano,passa,ano=2016;faixa=2010..
RS1562,ano,passa,ano=2014;faixa=2010..
RS1563,ano,passa,ano=2017;faixa=2010..
RS1564,ano,passa,ano=2020;faixa=2010..
RS1565,ano,passa,ano=2015;faixa=2010..
RS1566,ano,passa,ano=2023;faixa=2010..
RS1567,ano,passa,ano=2012;faixa=2010..
RS1568,ano,passa,ano=2015;faixa=2010..
RS1569,ano,passa,ano=2020;faixa=2010..
RS1570,ano,passa,ano=2017;faixa=2010..
RS1571,ano,passa,ano=2021;faixa=2010..
RS1572,ano,passa,ano=2014;faixa=2010..
RS1573,ano,passa,ano=2016;faixa=2010..
RS1574,ano,passa,ano=2023;faixa=2010..
RS1575,ano,passa,ano=2013;faixa=2010..
RS1576,ano,passa,ano=2021;faixa=2010..
RS1577,ano,passa,ano=2018;faixa=2010..
RS1578,ano,passa,ano=2010;faixa=2010..
RS1579,ano,passa,ano=2021;faixa=2010..
RS1580,ano,passa,ano=2018;faixa=2010..
RS1581,ano,passa,ano=2022;faixa=2010..
RS1582,ano,passa,ano=2019;faixa=2010..
RS1583,ano,passa,ano=2018;faixa=2010..
RS1584,ano,passa,ano=2013;faixa=2010..
RS1585,ano,passa,ano=2015;faixa=2010..
RS1586,ano,passa,ano=2014;faixa=2010..
RS1587,ano,passa,ano=2020;faixa=2010..
RS1588,ano,exclui,ano=2009;faixa=2010..
RS1589,ano,passa,ano=2010;faixa=2010..
RS1590,ano,passa,ano=2020;faixa=2010..
RS1591,ano,passa,ano=2015;faixa=2010..
RS1592,ano,passa,ano=2019;faixa=2010..
RS1593,ano,passa,ano=2016;faixa=2010..
RS1594,ano,passa,ano=2014;faixa=2010..
RS1595,ano,passa,ano=2010;faixa=2010..
RS1596,ano,passa,ano=2024;faixa=2010..
RS1597,ano,passa,ano=2014;faixa=2010..
RS1598,ano,passa,ano=2013;faixa=2010..
RS1599,ano,passa,ano=2010;faixa=2010..
RS1600,ano,passa,ano=2015;faixa=2010..
RS1601,ano,passa,ano=2023;faixa=2010..
RS1602,ano,passa,ano=2011;faixa=2010..
RS1603,ano,exclui,ano=2008;faixa=2010..
RS1604,ano,passa,ano=2019;faixa=2010..
RS1605,ano,passa,ano=2019;faixa=2010..
RS1606,ano,passa,ano=2021;faixa=2010..
RS1607,ano,passa,ano=2019;faixa=2010..
RS1608,ano,passa,ano=2022;faixa=2010..
RS1609,ano,passa,ano=2019;faixa=2010..
RS1610,ano,passa,ano=2012;faixa=2010..
RS1611,ano,passa,ano=2019;faixa=2010..
RS1612,ano,passa,ano=2023;faixa=2010..
RS1613,ano,passa,ano=2014;faixa=2010..
RS1614,ano,passa,ano=2017;faixa=2010..
RS1615,ano,passa,ano=2020;faixa=2010..
RS1616,ano,passa,ano=2010;faixa=2010..
RS1617,ano,passa,ano=2012;faixa=2010..
RS1618,ano,passa,ano=2012;faixa=2010..
RS1619,ano,passa,ano=2010;faixa=2010..
RS1620,ano,passa,ano=2012;faixa=2010..
RS1621,ano,passa,ano=2022;faixa=2010..
RS1622,ano,passa,ano=2019;faixa=2010..
RS1623,ano,passa,ano=2017;faixa=2010..
RS1624,ano,exclui,ano=2008;faixa=2010..
RS1625,ano,passa,ano=2023;faixa=2010..
RS1626,ano,exclui,ano=2008;faixa=2010..
RS1627,ano,passa,ano=2017;faixa=2010..
RS1628,ano,passa,ano=2020;faixa=2010..
RS1629,ano,passa,ano=2021;faixa=2010..
RS1630,ano,passa,ano=2011;faixa=2010..
RS1631,ano,passa,ano=2018;faixa=2010..
RS1632,ano,passa,ano=2014;faixa=2010..
RS1633,ano,passa,ano=2020;faixa=2010..
RS1634,ano,passa,ano=2023;faixa=2010..
RS1635,ano,exclui,ano=2009;faixa=2010..
RS1636,ano,passa,ano=2020;faixa=2010..
RS1637,ano,passa,ano=2017;faixa=2010..
RS1638,ano,passa,ano=2020;faixa=2010..
RS1639,ano,passa,ano=2010;faixa=2010..
RS1640,ano,passa,ano=2022;faixa=2010..
RS1641,ano,passa,ano=2018;faixa=2010..
RS1642,ano,passa,ano=2016;faixa=2010..
RS1643,ano,passa,ano=2010;faixa=2010..
RS1644,ano,passa,ano=2016;faixa=2010..
RS1645,ano,passa,ano=2023;faixa=2010..
RS1646,ano,passa,ano=2017;faixa=2010..
RS1647,ano,passa,ano=2010;faixa=2010..
RS1648,ano,passa,ano=2014;faixa=2010..
RS1649,ano,passa,ano=2019;faixa=2010..
RS1650,ano,passa,ano=2017;faixa=2010..
RS1651,ano,passa,ano=2023;faixa=2010..
RS1652,ano,passa,ano=2022;faixa=2010..
RS1653,ano,passa,ano=2022;faixa=2010..
RS1654,ano,passa,ano=2013;faixa=2010..
RS1655,ano,exclui,ano=2009;faixa=2010..
RS1656,ano,passa,ano=2015;faixa=2010..
RS1657,ano,passa,ano=2021;faixa=2010..
RS1658,ano,passa,ano=2020;faixa=2010..
RS1659,ano,passa,ano=2016;faixa=2010..
RS1660,ano,passa,ano=2020;faixa=2010..
RS1661,ano,passa,ano=2022;faixa=2010..
RS1662,ano,passa,ano=2019;faixa=2010..
RS1663,ano,passa,ano=2024;faixa=2010..
RS1664,ano,passa,ano=2020;faixa=2010..
RS1665,ano,passa,ano=2012;faixa=2010..
RS1666,ano,passa,ano=2021;faixa=2010..
RS1667,ano,passa,ano=2021;faixa=2010..
RS1668,ano,passa,ano=2022;faixa=2010..
RS1669,ano,passa,ano=2025;faixa=2010..
RS1670,ano,passa,ano=2020;faixa=2010..
RS1671,ano,passa,ano=2018;faixa=2010..
RS1672,ano,passa,ano=2019;faixa=2010..
RS1673,ano,passa,ano=2021;faixa=2010..
RS1674,ano,passa,ano=2017;faixa=2010..
RS1675,ano,passa,ano=2015;faixa=2010..
RS1676,ano,passa,ano=2018;faixa=2010..
RS1677,ano,passa,ano=2016;faixa=2010..
RS1678,ano,passa,ano=2012;faixa=2010..
RS1679,ano,passa,ano=2014;faixa=2010..
RS1680,ano,passa,ano=2021;faixa=2010..
RS1681,ano,passa,ano=2012;faixa=2010..
RS1682,ano,passa,ano=2015;faixa=2010..
RS1683,ano,passa,ano=2016;faixa=2010..
RS1684,ano,passa,ano=2018;faixa=2010..
RS1685,ano,passa,ano=2013;faixa=2010..
RS1686,ano,exclui,ano=2008;faixa=2010..
RS1687,ano,passa,ano=2021;faixa=2010..
RS1688,ano,passa,ano=2023;faixa=2010..
RS1689,ano,passa,ano=2016;faixa=2010..
RS1690,ano,passa,ano=2018;faixa=2010..
RS1691,ano,passa,ano=2012;faixa=2010..
RS1692,ano,passa,ano=2022;faixa=2010..
RS1693,ano,passa,ano=2012;faixa=2010..
RS1694,ano,passa,ano=2017;faixa=2010..
RS1695,ano,passa,ano=2010;faixa=2010..
RS1696,ano,passa,ano=2018;faixa=2010..
RS1697,ano,passa,ano=2013;faixa=2010..
RS1698,ano,passa,ano=2025;faixa=2010..
RS1699,ano,passa,ano=2021;faixa=2010..
RS1700,ano,passa,ano=2013;faixa=2010..
RS1701,ano,passa,ano=2019;faixa=2010..
RS1702,ano,passa,ano=2024;faixa=2010..
RS1703,ano,passa,ano=2022;faixa=2010..
RS1704,ano,passa,ano=2022;faixa=2010..
RS1705,ano,passa,ano=2021;faixa=2010..
RS1706,ano,passa,ano=2011;faixa=2010..
RS1707,ano,passa,ano=2017;faixa=2010..
RS1708,ano,passa,ano=2019;faixa=2010..
RS1709,ano,passa,ano=2022;faixa=2010..
RS1710,ano,passa,ano=2024;faixa=2010..
RS1711,ano,passa,ano=2023;faixa=2010..
RS1712,ano,passa,ano=2016;faixa=2010..
RS1713,ano,passa,ano=2025;faixa=2010..
RS1714,ano,passa,ano=2022;faixa=2010..
RS1715,ano,passa,ano=2010;faixa=2010..
RS1716,ano,passa,ano=2021;faixa=2010..
RS1717,ano,passa,ano=2011;faixa=2010..
RS1718,ano,passa,ano=2012;faixa=2010..
RS1719,ano,passa,ano=2014;faixa=2010..
RS1720,ano,exclui,ano=2009;faixa=2010..
RS1721,ano,exclui,ano=2008;faixa=2010..
RS1722,ano,passa,ano=2025;faixa=2010..
RS1723,ano,passa,ano=2015;faixa=2010..
RS1724,ano,exclui,ano=2009;faixa=2010..
RS1725,ano,passa,ano=2018;faixa=2010..
RS1726,ano,passa,ano=2018;faixa=2010..
RS1727,ano,passa,ano=2012;faixa=2010..
RS1728,ano,passa,ano=2014;faixa=2010..
RS1729,ano,passa,ano=2024;faixa=2010..
RS1730,ano,passa,ano=2025;faixa=2010..
RS1731,ano,passa,ano=2023;faixa=2010..
RS1732,ano,exclui,ano=2009;faixa=2010..
RS1733,ano,exclui,ano=2008;faixa=2010..
RS1734,ano,passa,ano=2019;faixa=2010..
RS1735,ano,passa,ano=2012;faixa=2010..
RS1736,ano,passa,ano=2019;faixa=2010..
RS1737,ano,passa,ano=2012;faixa=2010..
RS1738,ano,passa,ano=2016;faixa=2010..
RS1739,ano,passa,ano=2018;faixa=2010..
RS1740,ano,passa,ano=2013;faixa=2010..
RS1741,ano,exclui,ano=2008;faixa=2010..
RS1742,ano,passa,ano=2014;faixa=2010..
RS1743,ano,passa,ano=2018;faixa=2010..
RS1744,ano,passa,ano=2015;faixa=2010..
RS1745,ano,passa,ano=2018;faixa=2010..
RS1746,ano,passa,ano=2023;faixa=2010..
RS1747,ano,exclui,ano=2008;faixa=2010..
RS1748,ano,passa,ano=2011;faixa=2010..
RS1749,ano,passa,ano=2013;faixa=2010..
RS1750,ano,passa,ano=2024;faixa=2010..
RS1751,ano,passa,ano=2018;faixa=2010..
RS1752,ano,passa,ano=2014;faixa=2010..
RS1753,ano,passa,ano=2017;faixa=2010..
RS1754,ano,passa,ano=2025;faixa=2010..
RS1755,ano,passa,ano=2015;faixa=2010..
RS1756,ano,passa,ano=2019;faixa=2010..
RS1757,ano,passa,ano=2024;faixa=2010..
RS1758,ano,passa,ano=2010;faixa=2010..
RS1759,ano,passa,ano=2015;faixa=2010..
RS1760,ano,passa,ano=2013;faixa=2010..
RS1761,ano,exclui,ano=2009;faixa=2010..
RS1762,ano,exclui,ano=2008;faixa=2010..
RS1763,ano,passa,ano=2022;faixa=2010..
RS1764,ano,passa,ano=2022;faixa=2010..
RS1765,ano,passa,ano=2011;faixa=2010..
RS1766,ano,passa,ano=2018;faixa=2010..
RS1767,ano,passa,ano=2016;faixa=2010..
RS1768,ano,exclui,ano=2009;faixa=2010..
RS1769,ano,exclui,ano=2009;faixa=2010..
RS1770,ano,passa,ano=2010;faixa=2010..
RS1771,ano,passa,ano=2013;faixa=2010..
RS1772,ano,passa,ano=2016;faixa=2010..
RS1773,ano,passa,ano=2015;faixa=2010..
RS1774,ano,exclui,ano=2008;faixa=2010..
RS1775,ano,passa,ano=2017;faixa=2010..
RS1776,ano,passa,ano=2018;faixa=2010..
RS1777,ano,passa,ano=2024;faixa=2010..
RS1778,ano,passa,ano=2018;faixa=2010..
RS1779,ano,passa,ano=2021;faixa=2010..
RS1780,ano,passa,ano=2025;faixa=2010..
RS1781,ano,passa,ano=2022;faixa=2010..
RS1782,ano,passa,ano=2025;faixa=2010..
RS1783,ano,passa,ano=2018;faixa=2010..
RS1784,ano,passa,ano=2018;faixa=2010..
RS1785,ano,passa,ano=2013;faixa=2010..
RS1786,ano,passa,ano=2017;faixa=2010..
RS1787,ano,passa,ano=2014;faixa=2010..
RS1788,ano,passa,ano=2024;faixa=2010..
RS1789,ano,passa,ano=2016;faixa=2010..
RS1790,ano,passa,ano=2018;faixa=2010..
RS1791,ano,passa,ano=2020;faixa=2010..
RS1792,ano,passa,ano=2015;faixa=2010..
RS1793,ano,passa,ano=2019;faixa=2010..
RS1794,ano,passa,ano=2012;faixa=2010..
RS1795,ano,passa,ano=2018;faixa=2010..
RS1796,ano,passa,ano=2017;faixa=2010..
RS1797,ano,passa,ano=2014;faixa=2010..
RS1798,ano,passa,ano=2016;faixa=2010..
RS1799,ano,passa,ano=2012;faixa=2010..
RS1800,ano,passa,ano=2012;faixa=2010..
RS1801,ano,passa,ano=2016;faixa=2010..
RS1802,ano,passa,ano=2012;faixa=2010..
RS1803,ano,passa,ano=2015;faixa=2010..
RS1804,ano,exclui,ano=2009;faixa=2010..
RS1805,ano,passa,ano=2024;faixa=2010..
RS1806,ano,passa,ano=2015;faixa=2010..
RS1807,ano,passa,ano=2015;faixa=2010..
RS1808,ano,passa,ano=2021;faixa=2010..
RS1809,ano,passa,ano=2015;faixa=2010..
RS1810,ano,exclui,ano=2008;faixa=2010..
RS1811,ano,exclui,ano=2008;faixa=2010..
RS1812,ano,passa,ano=2014;faixa=2010..
RS1813,ano,passa,ano=2012;faixa=2010..
RS1814,ano,passa,ano=2025;faixa=2010..
RS1815,ano,passa,ano=2015;faixa=2010..
RS1816,ano,passa,ano=2010;faixa=2010..
RS1817,ano,passa,ano=2018;faixa=2010..
RS1818,ano,exclui,ano=2008;faixa=2010..
RS1819,ano,passa,ano=2023;faixa=2010..
RS1820,ano,passa,ano=2018;faixa=2010..
RS1821,ano,passa,ano=2016;faixa=2010..
RS1822,ano,passa,ano=2013;faixa=2010..
RS1823,ano,passa,ano=2018;faixa=2010..
RS1824,ano,passa,ano=2023;faixa=2010..
RS1825,ano,passa,ano=2010;faixa=2010..
RS1826,ano,passa,ano=2020;faixa=2010..
RS1827,ano,passa,ano=2024;faixa=2010..
RS1828,ano,passa,ano=2014;faixa=2010..
RS1829,ano,exclui,ano=2008;faixa=2010..
RS1830,ano,passa,ano=2026;faixa=2010..
RS1831,ano,passa,ano=2013;faixa=2010..
RS1832,ano,passa,ano=2026;faixa=2010..
RS1833,ano,passa,ano=2015;faixa=2010..
RS1834,ano,passa,ano=2015;faixa=2010..
RS1835,ano,passa,ano=2019;faixa=2010..
RS1836,ano,passa,ano=2015;faixa=2010..
RS1837,ano,passa,ano=2026;faixa=2010..
RS1838,ano,passa,ano=2019;faixa=2010..
RS1839,ano,passa,ano=2017;faixa=2010..
RS1840,ano,passa,ano=2016;faixa=2010..
RS1841,ano,passa,ano=2011;faixa=2010..
RS1842,ano,passa,ano=2020;faixa=2010..
RS1843,ano,passa,ano=2021;faixa=2010..
RS1844,ano,exclui,ano=2009;faixa=2010..
RS1845,ano,passa,ano=2013;faixa=2010..
RS1846,ano,passa,ano=2017;faixa=2010..
RS1847,ano,passa,ano=2013;faixa=2010..
RS1848,ano,exclui,ano=2008;faixa=2010..
RS1849,ano,passa,ano=2013;faixa=2010..
RS1850,ano,passa,ano=2017;faixa=2010..
RS1851,ano,passa,ano=2026;faixa=2010..
RS1852,ano,passa,ano=2015;faixa=2010..
RS1853,ano,passa,ano=2010;faixa=2010..
RS1854,ano,passa,ano=2010;faixa=2010..
RS1855,ano,exclui,ano=2008;faixa=2010..
RS1856,ano,passa,ano=2020;faixa=2010..
RS1857,ano,passa,ano=2020;faixa=2010..
RS1858,ano,passa,ano=2015;faixa=2010..
RS1859,ano,passa,ano=2017;faixa=2010..
RS1860,ano,passa,ano=2021;faixa=2010..
RS1861,ano,passa,ano=2016;faixa=2010..
RS1862,ano,exclui,ano=2009;faixa=2010..
RS1863,ano,passa,ano=2017;faixa=2010..
RS1864,ano,passa,ano=2013;faixa=2010..
RS1865,ano,passa,ano=2024;faixa=2010..
RS1866,ano,passa,ano=2014;faixa=2010..
RS1867,ano,passa,ano=2020;faixa=2010..
RS1868,ano,passa,ano=2010;faixa=2010..
RS1869,ano,passa,ano=2014;faixa=2010..
RS1870,ano,passa,ano=2020;faixa=2010..
RS1871,ano,passa,ano=2014;faixa=2010..
RS1872,ano,passa,ano=2025;faixa=2010..
RS1873,ano,passa,ano=2026;faixa=2010..
RS1874,ano,passa,ano=2021;faixa=2010..
RS1875,ano,passa,ano=2013;faixa=2010..
RS1876,ano,passa,ano=2013;faixa=2010..
RS1877,ano,passa,ano=2010;faixa=2010..
RS1878,ano,exclui,ano=2008;faixa=2010..
RS1879,ano,passa,ano=2018;faixa=2010..
RS1880,ano,passa,ano=2026;faixa=2010..
RS1881,ano,passa,ano=2011;faixa=2010..
RS1882,ano,passa,ano=2012;faixa=2010..
RS1883,ano,passa,ano=2011;faixa=2010..
RS1884,ano,passa,ano=2025;faixa=2010..
RS1885,ano,passa,ano=2025;faixa=2010..
RS1886,ano,passa,ano=2014;faixa=2010..
RS1887,ano,passa,ano=2021;faixa=2010..
RS1888,ano,passa,ano=2026;faixa=2010..
RS1889,ano,passa,ano=2015;faixa=2010..
RS1890,ano,passa,ano=2020;faixa=2010..
RS1891,ano,passa,ano=2019;faixa=2010..
RS1892,ano,passa,ano=2018;faixa=2010..
RS1893,ano,passa,ano=2024;faixa=2010..
RS1894,ano,passa,ano=2011;faixa=2010..
RS1895,ano,passa,ano=2021;faixa=2010..
RS1896,ano,passa,ano=2016;faixa=2010..
RS1897,ano,passa,ano=2010;faixa=2010..
RS1898,ano,passa,ano=2013;faixa=2010..
RS1899,ano,passa,ano=2017;faixa=2010..
RS1900,ano,passa,ano=2015;faixa=2010..
RS1901,ano,passa,ano=2016;faixa=2010..
RS1902,ano,passa,ano=2017;faixa=2010..
RS1903,ano,passa,ano=2018;faixa=2010..
RS1904,ano,passa,ano=2015;faixa=2010..
RS1905,ano,passa,ano=2012;faixa=2010..
RS1906,ano,passa,ano=2014;faixa=2010..
RS1907,ano,passa,ano=2017;faixa=2010..
RS1908,ano,passa,ano=2013;faixa=2010..
RS1909,ano,passa,ano=2016;faixa=2010..
RS1910,ano,passa,ano=2013;faixa=2010..
RS1911,ano,passa,ano=2017;faixa=2010..
RS1912,ano,passa,ano=2012;faixa=2010..
RS1913,ano,exclui,ano=2009;faixa=2010..
RS1914,ano,passa,ano=2024;faixa=2010..
RS1915,ano,passa,ano=2012;faixa=2010..
RS1916,ano,passa,ano=2021;faixa=2010..
RS1917,ano,passa,ano=2023;faixa=2010..
RS1918,ano,passa,ano=2016;faixa=2010..
RS1919,ano,passa,ano=2018;faixa=2010..
RS1920,ano,passa,ano=2013;faixa=2010..
RS1921,ano,passa,ano=2016;faixa=2010..
RS1922,ano,passa,ano=2021;faixa=2010..
RS1923,ano,passa,ano=2022;faixa=2010..
RS1924,ano,passa,ano=2015;faixa=2010..
RS1925,ano,passa,ano=2020;faixa=2010..
RS1926,ano,passa,ano=2026;faixa=2010..
RS1927,ano,passa,ano=2015;faixa=2010..
RS1928,ano,passa,ano=2017;faixa=2010..
RS1929,ano,passa,ano=2015;faixa=2010..
RS1930,ano,exclui,ano=2009;faixa=2010..
RS1931,ano,passa,ano=2021;faixa=2010..
RS1932,ano,passa,ano=2013;faixa=2010..
RS1933,ano,passa,ano=2014;faixa=2010..
RS1934,ano,passa,ano=2022;faixa=2010..
RS1935,ano,passa,ano=2021;faixa=2010..
RS1936,ano,passa,ano=2010;faixa=2010..
RS1937,ano,passa,ano=2020;faixa=2010..
RS1938,ano,passa,ano=2024;faixa=2010..
RS1939,ano,passa,ano=2012;faixa=2010..
RS1940,ano,passa,ano=2020;faixa=2010..
RS1941,ano,passa,ano=2012;faixa=2010..
RS1942,ano,passa,ano=2015;faixa=2010..
RS1943,ano,passa,ano=2013;faixa=2010..
RS1944,ano,exclui,ano=2009;faixa=2010..
RS1945,ano,passa,ano=2019;faixa=2010..
RS1946,ano,passa,ano=2010;faixa=2010..
RS1947,ano,exclui,ano=2009;faixa=2010..
RS1948,ano,passa,ano=2019;faixa=2010..
RS1949,ano,passa,ano=2011;faixa=2010..
RS1950,ano,passa,ano=2024;faixa=2010..
RS1951,ano,passa,ano=2022;faixa=2010..
RS1952,ano,passa,ano=2015;faixa=2010..
RS1953,ano,passa,ano=2023;faixa=2010..
RS1954,ano,exclui,ano=2009;faixa=2010..
RS1955,ano,exclui,ano=2009;faixa=2010..
RS1956,ano,passa,ano=2013;faixa=2010..
RS1957,ano,passa,ano=2020;faixa=2010..
RS1958,ano,passa,ano=2023;faixa=2010..
RS1959,ano,passa,ano=2013;faixa=2010..
RS1960,ano,passa,ano=2024;faixa=2010..
RS1961,ano,passa,ano=2013;faixa=2010..
RS1962,ano,passa,ano=2011;faixa=2010..
RS1963,ano,passa,ano=2017;faixa=2010..
RS1964,ano,passa,ano=2015;faixa=2010..
RS1965,ano,passa,ano=2020;faixa=2010..
RS1966,ano,passa,ano=2020;faixa=2010..
RS1967,ano,passa,ano=2017;faixa=2010..
RS1968,ano,passa,ano=2012;faixa=2010..
RS1969,ano,exclui,ano=2009;faixa=2010..
RS1970,ano,passa,ano=2012;faixa=2010..
RS1971,ano,passa,ano=2018;faixa=2010..
RS1972,ano,passa,ano=2023;faixa=2010..
RS1973,ano,exclui,ano=2008;faixa=2010..
RS1974,ano,passa,ano=2015;faixa=2010..
RS1975,ano,passa,ano=2020;faixa=2010..
RS1976,ano,exclui,ano=2008;faixa=2010..
RS1977,ano,passa,ano=2017;faixa=2010..
RS1978,ano,passa,ano=2020;faixa=2010..
RS1979,ano,passa,ano=2021;faixa=2010..
RS1980,ano,passa,ano=2012;faixa=2010..
RS1981,ano,passa,ano=2013;faixa=2010..
RS1982,ano,passa,ano=2025;faixa=2010..
RS1983,ano,passa,ano=2020;faixa=2010..
RS1984,ano,passa,ano=2016;faixa=2010..
RS1985,ano,passa,ano=2010;faixa=2010..
RS1986,ano,passa,ano=2014;faixa=2010..
RS1987,ano,passa,ano=2014;faixa=2010..
RS1988,ano,passa,ano=2016;faixa=2010..
RS1989,ano,passa,ano=2022;faixa=2010..
RS1990,ano,passa,ano=2016;faixa=2010..
RS1991,ano,passa,ano=2024;faixa=2010..
RS1992,ano,passa,ano=2012;faixa=2010..
RS1993,ano,passa,ano=2025;faixa=2010..
RS1994,ano,exclui,ano=2009;faixa=2010..
RS1995,ano,passa,ano=2011;faixa=2010..
RS1996,ano,exclui,ano=2009;faixa=2010..
RS1997,ano,passa,ano=2025;faixa=2010..
RS1998,ano,passa,ano=2017;faixa=2010..
RS1999,ano,passa,ano=2015;faixa=2010..
RS2000,ano,passa,ano=2016;faixa=2010..
RS2001,ano,passa,ano=2024;faixa=2010..
RS2002,ano,passa,ano=2013;faixa=2010..
RS2003,ano,passa,ano=2024;faixa=2010..
RS2004,ano,passa,ano=2026;faixa=2010..
RS2005,ano,exclui,ano=2008;faixa=2010..
RS2006,ano,passa,ano=2019;faixa=2010..
RS2007,ano,passa,ano=2014;faixa=2010..
RS2008,ano,passa,ano=2016;faixa=2010..
RS2009,ano,exclui,ano=2009;faixa=2010..
RS2010,ano,passa,ano=2020;faixa=2010..
RS2011,ano,passa,ano=2024;faixa=2010..
RS2012,ano,passa,ano=2011;faixa=2010..
RS2013,ano,passa,ano=2014;faixa=2010..
RS2014,ano,passa,ano=2015;faixa=2010..
RS2015,ano,passa,ano=2025;faixa=2010..
RS2016,ano,passa,ano=2016;faixa=2010..
RS2017,ano,passa,ano=2010;faixa=2010..
RS2018,ano,passa,ano=2023;faixa=2010..
RS2019,ano,passa,ano=2015;faixa=2010..
RS2020,ano,passa,ano=2025;faixa=2010..
RS2021,ano,passa,ano=2025;faixa=2010..
RS2022,ano,passa,ano=2025;faixa=2010..
RS2023,ano,passa,ano=2022;faixa=2010..
RS2024,ano,passa,ano=2012;faixa=2010..
RS2025,ano,passa,ano=2012;faixa=2010..
RS2026,ano,passa,ano=2026;faixa=2010..
RS2027,ano,passa,ano=2020;faixa=2010..
RS2028,ano,passa,ano=2022;faixa=2010..
RS2029,ano,passa,ano=2022;faixa=2010..
RS2030,ano,passa,ano=2021;faixa=2010..
RS2031,ano,passa,ano=2016;faixa=2010..
RS2032,ano,passa,ano=2026;faixa=2010..
RS2033,ano,passa,ano=2020;faixa=2010..
RS2034,ano,passa,ano=2024;faixa=2010..
RS2035,ano,passa,ano=2026;faixa=2010..
RS2036,ano,passa,ano=2015;faixa=2010..
RS2037,ano,passa,ano=2015;faixa=2010..
RS2038,ano,passa,ano=2017;faixa=2010..
RS2039,ano,exclui,ano=2009;faixa=2010..
RS2040,ano,passa,ano=2019;faixa=2010..
RS2041,ano,passa,ano=2019;faixa=2010..
RS2042,ano,passa,ano=2026;faixa=2010..
RS2043,ano,passa,ano=2022;faixa=2010..
RS2044,ano,passa,ano=2026;faixa=2010..
RS2045,ano,passa,ano=2026;faixa=2010..
RS2046,ano,passa,ano=2015;faixa=2010..
RS2047,ano,passa,ano=2024;faixa=2010..
RS2048,ano,passa,ano=2022;faixa=2010..
RS2049,ano,passa,ano=2020;faixa=2010..
RS2050,ano,passa,ano=2013;faixa=2010..
RS2051,ano,passa,ano=2020;faixa=2010..
RS2052,ano,exclui,ano=2008;faixa=2010..
RS2053,ano,passa,ano=2014;faixa=2010..
RS2054,ano,passa,ano=2021;faixa=2010..
RS2055,ano,passa,ano=2015;faixa=2010..
RS2056,ano,passa,ano=2018;faixa=2010..
RS2057,ano,passa,ano=2023;faixa=2010..
RS2058,ano,passa,ano=2023;faixa=2010..
RS2059,ano,passa,ano=2023;faixa=2010..
RS2060,ano,passa,ano=2022;faixa=2010..
RS2061,ano,passa,ano=2023;faixa=2010..
RS2062,ano,passa,ano=2015;faixa=2010..
RS2063,ano,passa,ano=2016;faixa=2010..
RS2064,ano,passa,ano=2023;faixa=2010..
RS2065,ano,passa,ano=2019;faixa=2010..
RS2066,ano,passa,ano=2013;faixa=2010..
RS2067,ano,passa,ano=2024;faixa=2010..
RS2068,ano,passa,ano=2024;faixa=2010..
RS2069,ano,passa,ano=2019;faixa=2010..
RS2070,ano,passa,ano=2021;faixa=2010..
RS2071,ano,passa,ano=2010;faixa=2010..
RS2072,ano,passa,ano=2016;faixa=2010..
RS2073,ano,passa,ano=2014;faixa=2010..
RS2074,ano,passa,ano=2021;faixa=2010..
RS2075,ano,passa,ano=2022;faixa=2010..
RS2076,ano,passa,ano=2013;faixa=2010..
RS2077,ano,passa,ano=2019;faixa=2010..
RS2078,ano,passa,ano=2024;faixa=2010..
RS2079,ano,passa,ano=2020;faixa=2010..
RS2080,ano,passa,ano=2018;faixa=2010..
RS2081,ano,passa,ano=2018;faixa=2010..
RS2082,ano,passa,ano=2023;faixa=2010..
RS2083,ano,passa,ano=2018;faixa=2010..
RS2084,ano,passa,ano=2011;faixa=2010..
RS2085,ano,passa,ano=2018;faixa=2010..
RS2086,ano,passa,ano=2026;faixa=2010..
RS2087,ano,passa,ano=2015;faixa=2010..
RS2088,ano,passa,ano=2015;faixa=2010..
RS2089,ano,passa,ano=2022;faixa=2010..
RS2090,ano,passa,ano=2022;faixa=2010..
RS2091,ano,passa,ano=2025;faixa=2010..
RS2092,ano,passa,ano=2016;faixa=2010..
RS2093,ano,passa,ano=2019;faixa=2010..
RS2094,ano,passa,ano=2019;faixa=2010..
RS2095,ano,passa,ano=2021;faixa=2010..
RS2096,ano,passa,ano=2021;faixa=2010..
RS2097,ano,passa,ano=2016;faixa=2010..
RS2098,ano,passa,ano=2012;faixa=2010..
RS2099,ano,exclui,ano=2008;faixa=2010..
RS2100,ano,passa,ano=2020;faixa=2010..
RS2101,ano,passa,ano=2021;faixa=2010..
RS2102,ano,passa,ano=2015;faixa=2010..
RS2103,ano,exclui,ano=2008;faixa=2010..
RS2104,ano,exclui,ano=2008;faixa=2010..
RS2105,ano,passa,ano=2012;faixa=2010..
RS2106,ano,passa,ano=2026;faixa=2010..
RS2107,ano,passa,ano=2017;faixa=2010..
RS2108,ano,passa,ano=2020;faixa=2010..
RS2109,ano,passa,ano=2026;faixa=2010..
RS2110,ano,passa,ano=2017;faixa=2010..
RS2111,ano,passa,ano=2021;faixa=2010..
RS2112,ano,passa,ano=2015;faixa=2010..
RS2113,ano,exclui,ano=2008;faixa=2010..
RS2114,ano,passa,ano=2014;faixa=2010..
RS2115,ano,passa,ano=2010;faixa=2010..
RS2116,ano,passa,ano=2023;faixa=2010..
RS2117,ano,passa,ano=2026;faixa=2010..
RS2118,ano,passa,ano=2016;faixa=2010..
RS2119,ano,passa,ano=2026;faixa=2010..
RS2120,ano,passa,ano=2026;faixa=2010..
RS2121,ano,passa,ano=2018;faixa=2010..
RS2122,ano,passa,ano=2018;faixa=2010..
RS2123,ano,passa,ano=2026;faixa=2010..
RS2124,ano,passa,ano=2024;faixa=2010..
RS2125,ano,passa,ano=2010;faixa=2010..
RS2126,ano,passa,ano=2025;faixa=2010..
RS2127,ano,passa,ano=2026;faixa=2010..
RS2128,ano,passa,ano=2025;faixa=2010..
RS2129,ano,passa,ano=2025;faixa=2010..
RS2130,ano,passa,ano=2019;faixa=2010..
RS2131,ano,passa,ano=2026;faixa=2010..
RS2132,ano,passa,ano=2015;faixa=2010..
RS2133,ano,exclui,ano=2008;faixa=2010..
RS2134,ano,exclui,ano=2008;faixa=2010..
RS2135,ano,passa,ano=2025;faixa=2010..
RS2136,ano,passa,ano=2026;faixa=2010..
RS2137,ano,passa,ano=2023;faixa=2010..
RS2138,ano,passa,ano=2026;faixa=2010..
RS2139,ano,passa,ano=2025;faixa=2010..
RS2140,ano,passa,ano=2018;faixa=2010..
RS2141,ano,passa,ano=2026;faixa=2010..
RS2142,ano,exclui,ano=2008;faixa=2010..
RS2143,ano,exclui,ano=2008;faixa=2010..
RS2144,ano,passa,ano=2015;faixa=2010..
RS2145,ano,passa,ano=2024;faixa=2010..
RS2146,ano,passa,ano=2024;faixa=2010..
RS2147,ano,passa,ano=2017;faixa=2010..
RS2148,ano,passa,ano=2015;faixa=2010..
RS2149,ano,passa,ano=2023;faixa=2010..
RS2150,ano,passa,ano=2026;faixa=2010..
RS2151,ano,passa,ano=2017;faixa=2010..
RS2152,ano,passa,ano=2024;faixa=2010..
RS2153,ano,passa,ano=2012;faixa=2010..
RS2154,ano,exclui,ano=2009;faixa=2010..
RS2155,ano,passa,ano=2023;faixa=2010..
RS2156,ano,passa,ano=2026;faixa=2010..
RS2157,ano,exclui,ano=2009;faixa=2010..
RS2158,ano,passa,ano=2021;faixa=2010..
RS2159,ano,exclui,ano=2008;faixa=2010..
RS2160,ano,passa,ano=2013;faixa=2010..
RS2161,ano,passa,ano=2013;faixa=2010..
RS2162,ano,passa,ano=2021;faixa=2010..
RS2163,ano,passa,ano=2014;faixa=2010..
RS2164,ano,passa,ano=2011;faixa=2010..
RS2165,ano,passa,ano=2015;faixa=2010..
RS2166,ano,passa,ano=2013;faixa=2010..
RS2167,ano,passa,ano=2019;faixa=2010..
RS2168,ano,passa,ano=2022;faixa=2010..
RS2169,ano,passa,ano=2021;faixa=2010..
RS2170,ano,passa,ano=2017;faixa=2010..
RS2171,ano,passa,ano=2017;faixa=2010..
RS2172,ano,exclui,ano=2008;faixa=2010..
RS2173,ano,exclui,ano=2008;faixa=2010..
RS2174,ano,passa,ano=2023;faixa=2010..
RS2175,ano,passa,ano=2021;faixa=2010..
RS2176,ano,passa,ano=2015;faixa=2010..
RS2177,ano,passa,ano=2020;faixa=2010..
RS2178,ano,passa,ano=2019;faixa=2010..
RS2179,ano,passa,ano=2012;faixa=2010..
RS2180,ano,passa,ano=2012;faixa=2010..
RS2181,ano,passa,ano=2019;faixa=2010..
RS2182,ano,passa,ano=2020;faixa=2010..
RS2183,ano,passa,ano=2013;faixa=2010..
RS2184,ano,passa,ano=2022;faixa=2010..
RS2185,ano,passa,ano=2022;faixa=2010..
RS2186,ano,exclui,ano=2009;faixa=2010..
RS2187,ano,passa,ano=2015;faixa=2010..
RS2188,ano,passa,ano=2012;faixa=2010..
RS2189,ano,passa,ano=2016;faixa=2010..
RS2190,ano,passa,ano=2016;faixa=2010..
RS2191,ano,exclui,ano=2009;faixa=2010..
RS2192,ano,passa,ano=2015;faixa=2010..
RS2193,ano,passa,ano=2022;faixa=2010..
RS2194,ano,passa,ano=2018;faixa=2010..
RS2195,ano,passa,ano=2019;faixa=2010..
RS2196,ano,passa,ano=2019;faixa=2010..
RS2197,ano,passa,ano=2022;faixa=2010..
RS2198,ano,passa,ano=2011;faixa=2010..
RS2199,ano,passa,ano=2017;faixa=2010..
RS2200,ano,passa,ano=2017;faixa=2010..
RS2201,ano,passa,ano=2026;faixa=2010..
RS2202,ano,passa,ano=2015;faixa=2010..
RS2203,ano,passa,ano=2016;faixa=2010..
RS2204,ano,passa,ano=2025;faixa=2010..
RS2205,ano,passa,ano=2024;faixa=2010..
RS2206,ano,passa,ano=2026;faixa=2010..
RS2207,ano,passa,ano=2015;faixa=2010..
RS2208,ano,passa,ano=2010;faixa=2010..
RS2209,ano,passa,ano=2023;faixa=2010..
RS2210,ano,passa,ano=2022;faixa=2010..
RS2211,ano,passa,ano=2016;faixa=2010..
RS2212,ano,passa,ano=2014;faixa=2010..
RS2213,ano,passa,ano=2018;faixa=2010..
RS2214,ano,passa,ano=2011;faixa=2010..
RS2215,ano,passa,ano=2018;faixa=2010..
RS2216,ano,passa,ano=2012;faixa=2010..
RS2217,ano,passa,ano=2017;faixa=2010..
RS2218,ano,passa,ano=2017;faixa=2010..
RS2219,ano,passa,ano=2022;faixa=2010..
RS2220,ano,exclui,ano=2009;faixa=2010..
RS2221,ano,passa,ano=2021;faixa=2010..
RS2222,ano,passa,ano=2026;faixa=2010..
RS2223,ano,exclui,ano=2009;faixa=2010..
RS2224,ano,passa,ano=2026;faixa=2010..
RS2225,ano,passa,ano=2011;faixa=2010..
RS2226,ano,passa,ano=2024;faixa=2010..
RS2227,ano,passa,ano=2015;faixa=2010..
RS2228,ano,passa,ano=2024;faixa=2010..
RS2229,ano,passa,ano=2020;faixa=2010..
RS2230,ano,passa,ano=2024;faixa=2010..
RS2231,ano,passa,ano=2012;faixa=2010..
RS2232,ano,passa,ano=2019;faixa=2010..
RS2233,ano,passa,ano=2010;faixa=2010..
RS2234,ano,exclui,ano=2009;faixa=2010..
RS2235,ano,passa,ano=2015;faixa=2010..
RS2236,ano,passa,ano=2019;faixa=2010..
RS2237,ano,passa,ano=2021;faixa=2010..
RS2238,ano,passa,ano=2021;faixa=2010..
RS2239,ano,passa,ano=2018;faixa=2010..
RS2240,ano,passa,ano=2017;faixa=2010..
RS2241,ano,passa,ano=2024;faixa=2010..
RS2242,ano,passa,ano=2018;faixa=2010..
RS2243,ano,passa,ano=2011;faixa=2010..
RS2244,ano,passa,ano=2016;faixa=2010..
RS2245,ano,passa,ano=2013;faixa=2010..
RS2246,ano,passa,ano=2014;faixa=2010..
RS2247,ano,passa,ano=2020;faixa=2010..
RS2248,ano,passa,ano=2013;faixa=2010..
RS2249,ano,passa,ano=2023;faixa=2010..
RS2250,ano,passa,ano=2022;faixa=2010..
RS2251,ano,passa,ano=2012;faixa=2010..
RS2252,ano,passa,ano=2021;faixa=2010..
RS2253,ano,passa,ano=2016;faixa=2010..
RS2254,ano,passa,ano=2024;faixa=2010..
RS2255,ano,passa,ano=2010;faixa=2010..
RS2256,ano,passa,ano=2018;faixa=2010..
RS2257,ano,passa,ano=2023;faixa=2010..
RS2258,ano,passa,ano=2022;faixa=2010..
RS2259,ano,passa,ano=2014;faixa=2010..
RS2260,ano,passa,ano=2011;faixa=2010..
RS2261,ano,passa,ano=2016;faixa=2010..
RS2262,ano,passa,ano=2021;faixa=2010..
RS2263,ano,passa,ano=2021;faixa=2010..
RS2264,ano,passa,ano=2013;faixa=2010..
RS2265,ano,passa,ano=2026;faixa=2010..
RS2266,ano,passa,ano=2015;faixa=2010..
RS2267,ano,passa,ano=2022;faixa=2010..
RS2268,ano,passa,ano=2023;faixa=2010..
RS2269,ano,passa,ano=2013;faixa=2010..
RS2270,ano,exclui,ano=2009;faixa=2010..
RS2271,ano,passa,ano=2012;faixa=2010..
RS2272,ano,passa,ano=2020;faixa=2010..
RS2273,ano,passa,ano=2019;faixa=2010..
RS2274,ano,passa,ano=2018;faixa=2010..
RS2275,ano,passa,ano=2022;faixa=2010..
RS2276,ano,passa,ano=2012;faixa=2010..
RS2277,ano,exclui,ano=2009;faixa=2010..
RS2278,ano,passa,ano=2014;faixa=2010..
RS2279,ano,passa,ano=2021;faixa=2010..
RS2280,ano,exclui,ano=2008;faixa=2010..
RS2281,ano,passa,ano=2023;faixa=2010..
RS2282,ano,passa,ano=2020;faixa=2010..
RS2283,ano,passa,ano=2020;faixa=2010..
RS2284,ano,passa,ano=2017;faixa=2010..
RS2285,ano,passa,ano=2013;faixa=2010..
RS2286,ano,passa,ano=2023;faixa=2010..
RS2287,ano,passa,ano=2011;faixa=2010..
RS2288,ano,passa,ano=2018;faixa=2010..
RS2289,ano,passa,ano=2023;faixa=2010..
RS2290,ano,passa,ano=2020;faixa=2010..
RS2291,ano,passa,ano=2021;faixa=2010..
RS2292,ano,passa,ano=2021;faixa=2010..
RS2293,ano,passa,ano=2026;faixa=2010..
RS2294,ano,exclui,ano=2008;faixa=2010..
RS2295,ano,passa,ano=2010;faixa=2010..
RS2296,ano,passa,ano=2015;faixa=2010..
RS2297,ano,passa,ano=2020;faixa=2010..
RS2298,ano,exclui,ano=2008;faixa=2010..
RS2299,ano,exclui,ano=2009;faixa=2010..
RS2300,ano,passa,ano=2010;faixa=2010..
RS2301,ano,passa,ano=2024;faixa=2010..
RS2302,ano,exclui,ano=2009;faixa=2010..
RS2303,ano,passa,ano=2021;faixa=2010..
RS2304,ano,exclui,ano=2009;faixa=2010..
RS2305,ano,passa,ano=2024;faixa=2010..
RS2306,ano,passa,ano=2022;faixa=2010..
RS2307,ano,passa,ano=2021;faixa=2010..
RS2308,ano,passa,ano=2018;faixa=2010..
RS2309,ano,passa,ano=2021;faixa=2010..
RS2310,ano,passa,ano=2014;faixa=2010..
RS2311,ano,exclui,ano=2008;faixa=2010..
RS2312,ano,passa,ano=2016;faixa=2010..
RS2313,ano,passa,ano=2025;faixa=2010..
RS2314,ano,passa,ano=2025;faixa=2010..
RS2315,ano,passa,ano=2014;faixa=2010..
RS2316,ano,passa,ano=2013;faixa=2010..
RS2317,ano,passa,ano=2025;faixa=2010..
RS2318,ano,passa,ano=2013;faixa=2010..
RS2319,ano,exclui,ano=2008;faixa=2010..
RS2320,ano,passa,ano=2020;faixa=2010..
RS2321,ano,passa,ano=2021;faixa=2010..
RS2322,ano,passa,ano=2025;faixa=2010..
RS2323,ano,passa,ano=2023;faixa=2010..
RS2324,ano,passa,ano=2018;faixa=2010..
RS2325,ano,passa,ano=2016;faixa=2010..
RS2326,ano,passa,ano=2025;faixa=2010..
RS2327,ano,passa,ano=2016;faixa=2010..
RS2328,ano,passa,ano=2024;faixa=2010..
RS2329,ano,passa,ano=2025;faixa=2010..
RS2330,ano,passa,ano=2015;faixa=2010..
RS2331,ano,passa,ano=2016;faixa=2010..
RS2332,ano,passa,ano=2020;faixa=2010..
RS2333,ano,passa,ano=2015;faixa=2010..
RS2334,ano,passa,ano=2024;faixa=2010..
RS2335,ano,passa,ano=2021;faixa=2010..
RS2336,ano,passa,ano=2018;faixa=2010..
RS2337,ano,passa,ano=2023;faixa=2010..
RS2338,ano,passa,ano=2017;faixa=2010..
RS2339,ano,passa,ano=2020;faixa=2010..
RS2340,ano,passa,ano=2010;faixa=2010..
RS2341,ano,passa,ano=2018;faixa=2010..
RS2342,ano,passa,ano=2018;faixa=2010..
RS2343,ano,passa,ano=2024;faixa=2010..
RS2344,ano,passa,ano=2021;faixa=2010..
RS2345,ano,passa,ano=2025;faixa=2010..
RS2346,ano,exclui,ano=2009;faixa=2010..
RS2347,ano,exclui,ano=2008;faixa=2010..
RS2348,ano,passa,ano=2019;faixa=2010..
RS2349,ano,passa,ano=2014;faixa=2010..
RS2350,ano,passa,ano=2022;faixa=2010..
RS2351,ano,passa,ano=2010;faixa=2010..
RS2352,ano,passa,ano=2016;faixa=2010..
RS2353,ano,passa,ano=2013;faixa=2010..
RS2354,ano,passa,ano=2022;faixa=2010..
RS2355,ano,passa,ano=2014;faixa=2010..
RS2356,ano,exclui,ano=2008;faixa=2010..
RS2357,ano,exclui,ano=2008;faixa=2010..
RS2358,ano,passa,ano=2017;faixa=2010..
RS2359,ano,passa,ano=2014;faixa=2010..
RS2360,ano,exclui,ano=2008;faixa=2010..
RS2361,ano,passa,ano=2017;faixa=2010..
RS2362,ano,passa,ano=2020;faixa=2010..
RS2363,ano,passa,ano=2022;faixa=2010..
RS2364,ano,passa,ano=2015;faixa=2010..
RS2365,ano,passa,ano=2019;faixa=2010..
RS2366,ano,passa,ano=2020;faixa=2010..
RS2367,ano,passa,ano=2016;faixa=2010..
RS2368,ano,passa,ano=2018;faixa=2010..
RS2369,ano,passa,ano=2015;faixa=2010..
RS2370,ano,passa,ano=2010;faixa=2010..
RS2371,ano,passa,ano=2015;faixa=2010..
RS2372,ano,passa,ano=2018;faixa=2010..
RS2373,ano,passa,ano=2012;faixa=2010..
RS2374,ano,passa,ano=2021;faixa=2010..
RS2375,ano,passa,ano=2021;faixa=2010..
RS2376,ano,passa,ano=2017;faixa=2010..
RS2377,ano,passa,ano=2020;faixa=2010..
RS2378,ano,passa,ano=2016;faixa=2010..
RS2379,ano,passa,ano=2015;faixa=2010..
RS2380,ano,passa,ano=2015;faixa=2010..
RS2381,ano,exclui,ano=2009;faixa=2010..
RS2382,ano,passa,ano=2020;faixa=2010..
RS2383,ano,passa,ano=2020;faixa=2010..
RS2384,ano,passa,ano=2017;faixa=2010..
RS2385,ano,passa,ano=2013;faixa=2010..
RS2386,ano,passa,ano=2020;faixa=2010..
RS2387,ano,passa,ano=2022;faixa=2010..
RS2388,ano,passa,ano=2018;faixa=2010..
RS2389,ano,passa,ano=2010;faixa=2010..
RS2390,ano,passa,ano=2017;faixa=2010..
RS2391,ano,passa,ano=2019;faixa=2010..
RS2392,ano,passa,ano=2015;faixa=2010..
RS2393,ano,passa,ano=2023;faixa=2010..
RS2394,ano,passa,ano=2020;faixa=2010..
RS2395,ano,passa,ano=2012;faixa=2010..
RS2396,ano,passa,ano=2021;faixa=2010..
RS2397,ano,passa,ano=2011;faixa=2010..
RS2398,ano,passa,ano=2025;faixa=2010..
RS2399,ano,passa,ano=2016;faixa=2010..
RS2400,ano,passa,ano=2024;faixa=2010..
RS2401,ano,passa,ano=2024;faixa=2010..
RS2402,ano,passa,ano=2021;faixa=2010..
RS2403,ano,passa,ano=2022;faixa=2010..
RS2404,ano,passa,ano=2023;faixa=2010..
RS2405,ano,exclui,ano=2009;faixa=2010..
RS2406,ano,passa,ano=2012;faixa=2010..
RS2407,ano,passa,ano=2026;faixa=2010..
RS2408,ano,passa,ano=2017;faixa=2010..
RS2409,ano,passa,ano=2019;faixa=2010..
RS2410,ano,passa,ano=2020;faixa=2010..
RS2411,ano,passa,ano=2013;faixa=2010..
RS2412,ano,passa,ano=2011;faixa=2010..
RS2413,ano,passa,ano=2021;faixa=2010..
RS2414,ano,exclui,ano=2009;faixa=2010..
RS2415,ano,passa,ano=2020;faixa=2010..
RS2416,ano,passa,ano=2021;faixa=2010..
RS2417,ano,passa,ano=2010;faixa=2010..
RS2418,ano,passa,ano=2026;faixa=2010..
RS2419,ano,passa,ano=2015;faixa=2010..
RS2420,ano,passa,ano=2022;faixa=2010..
RS2421,ano,passa,ano=2021;faixa=2010..
RS2422,ano,passa,ano=2020;faixa=2010..
RS2423,ano,passa,ano=2010;faixa=2010..
RS2424,ano,passa,ano=2015;faixa=2010..
RS2425,ano,passa,ano=2017;faixa=2010..
RS2426,ano,passa,ano=2012;faixa=2010..
RS2427,ano,passa,ano=2013;faixa=2010..
RS2428,ano,passa,ano=2013;faixa=2010..
RS2429,ano,passa,ano=2013;faixa=2010..
RS2430,ano,passa,ano=2025;faixa=2010..
RS2431,ano,passa,ano=2024;faixa=2010..
RS2432,ano,passa,ano=2017;faixa=2010..
RS2433,ano,passa,ano=2015;faixa=2010..
RS2434,ano,passa,ano=2026;faixa=2010..
RS2435,ano,passa,ano=2014;faixa=2010..
RS2436,ano,passa,ano=2026;faixa=2010..
RS2437,ano,passa,ano=2025;faixa=2010..
RS2438,ano,passa,ano=2026;faixa=2010..
RS2439,ano,passa,ano=2023;faixa=2010..
RS2440,ano,passa,ano=2020;faixa=2010..
RS2441,ano,passa,ano=2016;faixa=2010..
RS2442,ano,passa,ano=2019;faixa=2010..
RS2443,ano,passa,ano=2015;faixa=2010..
RS2444,ano,passa,ano=2021;faixa=2010..
RS2445,ano,passa,ano=2021;faixa=2010..
RS2446,ano,passa,ano=2017;faixa=2010..
RS2447,ano,passa,ano=2017;faixa=2010..
RS2448,ano,passa,ano=2018;faixa=2010..
RS2449,ano,passa,ano=2011;faixa=2010..
RS2450,ano,passa,ano=2024;faixa=2010..
RS2451,ano,passa,ano=2017;faixa=2010..
RS2452,ano,exclui,ano=2008;faixa=2010..
RS2453,ano,passa,ano=2021;faixa=2010..
RS2454,ano,passa,ano=2019;faixa=2010..
RS2455,ano,passa,ano=2019;faixa=2010..
RS2456,ano,passa,ano=2014;faixa=2010..
RS2457,ano,passa,ano=2026;faixa=2010..
RS2458,ano,passa,ano=2015;faixa=2010..
RS2459,ano,exclui,ano=2008;faixa=2010..
RS2460,ano,passa,ano=2026;faixa=2010..
RS2461,ano,passa,ano=2021;faixa=2010..
RS2462,ano,passa,ano=2026;faixa=2010..
RS2463,ano,exclui,ano=2008;faixa=2010..
RS2464,ano,passa,ano=2015;faixa=2010..
RS2465,ano,passa,ano=2018;faixa=2010..
RS2466,ano,passa,ano=2021;faixa=2010..
RS2467,ano,passa,ano=2023;faixa=2010..
RS2468,ano,passa,ano=2023;faixa=2010..
RS2469,ano,passa,ano=2026;faixa=2010..
RS2470,ano,passa,ano=2019;faixa=2010..
RS2471,ano,passa,ano=2018;faixa=2010..
RS2472,ano,passa,ano=2019;faixa=2010..
RS2473,ano,passa,ano=2022;faixa=2010..
RS2474,ano,passa,ano=2018;faixa=2010..
RS2475,ano,exclui,ano=2008;faixa=2010..
RS2476,ano,passa,ano=2016;faixa=2010..
RS2477,ano,passa,ano=2026;faixa=2010..
RS2478,ano,passa,ano=2021;faixa=2010..
RS2479,ano,passa,ano=2015;faixa=2010..
RS2480,ano,passa,ano=2011;faixa=2010..
RS2481,ano,passa,ano=2020;faixa=2010..
RS2482,ano,exclui,ano=2009;faixa=2010..
RS2483,ano,passa,ano=2018;faixa=2010..
RS2484,ano,passa,ano=2015;faixa=2010..
RS2485,ano,passa,ano=2020;faixa=2010..
RS2486,ano,passa,ano=2011;faixa=2010..
RS2487,ano,passa,ano=2018;faixa=2010..
RS2488,ano,passa,ano=2020;faixa=2010..
RS2489,ano,passa,ano=2021;faixa=2010..
RS2490,ano,passa,ano=2024;faixa=2010..
RS2491,ano,passa,ano=2026;faixa=2010..
RS2492,ano,passa,ano=2018;faixa=2010..
RS2493,ano,passa,ano=2026;faixa=2010..
RS2494,ano,passa,ano=2017;faixa=2010..
RS2495,ano,exclui,ano=2008;faixa=2010..
RS2496,ano,passa,ano=2015;faixa=2010..
RS2497,ano,passa,ano=2025;faixa=2010..
RS2498,ano,exclui,ano=2008;faixa=2010..
RS2499,ano,passa,ano=2023;faixa=2010..
RS2500,ano,passa,ano=2022;faixa=2010..
RS2501,ano,passa,ano=2025;faixa=2010..
RS2502,ano,passa,ano=2010;faixa=2010..
RS2503,ano,passa,ano=2024;faixa=2010..
RS2504,ano,passa,ano=2016;faixa=2010..
RS2505,ano,passa,ano=2016;faixa=2010..
RS2506,ano,passa,ano=2015;faixa=2010..
RS2507,ano,passa,ano=2016;faixa=2010..
RS2508,ano,passa,ano=2018;faixa=2010..
RS2509,ano,passa,ano=2014;faixa=2010..
RS2510,ano,passa,ano=2020;faixa=2010..
RS2511,ano,passa,ano=2018;faixa=2010..
RS2512,ano,passa,ano=2019;faixa=2010..
RS2513,ano,passa,ano=2025;faixa=2010..
RS2514,ano,passa,ano=2013;faixa=2010..
RS2515,ano,passa,ano=2026;faixa=2010..
RS2516,ano,passa,ano=2023;faixa=2010..
RS2517,ano,passa,ano=2014;faixa=2010..
RS2518,ano,passa,ano=2017;faixa=2010..
RS2519,ano,passa,ano=2013;faixa=2010..
RS2520,ano,passa,ano=2013;faixa=2010..
RS2521,ano,passa,ano=2011;faixa=2010..
RS2522,ano,passa,ano=2013;faixa=2010..
RS2523,ano,passa,ano=2023;faixa=2010..
RS2524,ano,passa,ano=2019;faixa=2010..
RS2525,ano,passa,ano=2024;faixa=2010..
RS2526,ano,passa,ano=2011;faixa=2010..
RS2527,ano,passa,ano=2026;faixa=2010..
RS2528,ano,passa,ano=2024;faixa=2010..
RS2529,ano,passa,ano=2015;faixa=2010..
RS2530,ano,passa,ano=2023;faixa=2010..
RS2531,ano,exclui,ano=2008;faixa=2010..
RS2532,ano,passa,ano=2021;faixa=2010..
RS2533,ano,passa,ano=2016;faixa=2010..
RS2534,ano,passa,ano=2026;faixa=2010..
RS2535,ano,passa,ano=2022;faixa=2010..
RS2536,ano,passa,ano=2025;faixa=2010..
RS2537,ano,passa,ano=2025;faixa=2010..
RS2538,ano,passa,ano=2026;faixa=2010..
RS2539,ano,passa,ano=2026;faixa=2010..
RS2540,ano,passa,ano=2022;faixa=2010..
RS2541,ano,passa,ano=2013;faixa=2010..
RS2542,ano,passa,ano=2021;faixa=2010..
RS2543,ano,passa,ano=2023;faixa=2010..
RS2544,ano,passa,ano=2013;faixa=2010..
RS2545,ano,passa,ano=2024;faixa=2010..
RS2546,ano,passa,ano=2024;faixa=2010..
RS2547,ano,passa,ano=2017;faixa=2010..
RS2548,ano,passa,ano=2013;faixa=2010..
RS2549,ano,passa,ano=2018;faixa=2010..
RS2550,ano,passa,ano=2018;faixa=2010..
RS2551,ano,passa,ano=2014;faixa=2010..
RS2552,ano,passa,ano=2020;faixa=2010..
RS2553,ano,passa,ano=2022;faixa=2010..
RS2554,ano,passa,ano=2012;faixa=2010..
RS2555,ano,passa,ano=2022;faixa=2010..
RS2556,ano,passa,ano=2024;faixa=2010..
RS2557,ano,passa,ano=2022;faixa=2010..
RS2558,ano,passa,ano=2015;faixa=2010..
RS2559,ano,passa,ano=2025;faixa=2010..
RS2560,ano,exclui,ano=2009;faixa=2010..
RS2561,ano,passa,ano=2012;faixa=2010..
RS2562,ano,passa,ano=2024;faixa=2010..
RS2563,ano,passa,ano=2010;faixa=2010..
RS2564,ano,passa,ano=2015;faixa=2010..
RS2565,ano,passa,ano=2015;faixa=2010..
RS2566,ano,passa,ano=2015;faixa=2010..
RS2567,ano,passa,ano=2025;faixa=2010..
RS2568,ano,passa,ano=2023;faixa=2010..
RS2569,ano,passa,ano=2026;faixa=2010..
RS2570,ano,passa,ano=2026;faixa=2010..
RS2571,ano,exclui,ano=2009;faixa=2010..
RS2572,ano,passa,ano=2013;faixa=2010..
RS2573,ano,passa,ano=2025;faixa=2010..
RS2574,ano,passa,ano=2019;faixa=2010..
RS2575,ano,passa,ano=2013;faixa=2010..
RS2576,ano,passa,ano=2018;faixa=2010..
RS2577,ano,passa,ano=2021;faixa=2010..
RS2578,ano,passa,ano=2025;faixa=2010..
RS2579,ano,passa,ano=2014;faixa=2010..
RS2580,ano,exclui,ano=2008;faixa=2010..
RS2581,ano,exclui,ano=2008;faixa=2010..
RS2582,ano,exclui,ano=2009;faixa=2010..
RS2583,ano,passa,ano=2012;faixa=2010..
RS2584,ano,passa,ano=2015;faixa=2010..
RS2585,ano,passa,ano=2026;faixa=2010..
RS2586,ano,passa,ano=2015;faixa=2010..
RS2587,ano,passa,ano=2021;faixa=2010..
RS2588,ano,passa,ano=2013;faixa=2010..
RS2589,ano,passa,ano=2021;faixa=2010..
RS2590,ano,passa,ano=2024;faixa=2010..
RS2591,ano,passa,ano=2019;faixa=2010..
RS2592,ano,passa,ano=2026;faixa=2010..
RS2593,ano,passa,ano=2017;faixa=2010..
RS2594,ano,passa,ano=2016;faixa=2010..
RS2595,ano,exclui,ano=2008;faixa=2010..
RS2596,ano,passa,ano=2014;faixa=2010..
RS2597,ano,passa,ano=2018;faixa=2010..
RS2598,ano,passa,ano=2017;faixa=2010..
RS2599,ano,passa,ano=2017;faixa=2010..
RS2600,ano,passa,ano=2018;faixa=2010..
RS2601,ano,passa,ano=2019;faixa=2010..
RS2602,ano,passa,ano=2014;faixa=2010..
RS2603,ano,passa,ano=2014;faixa=2010..
RS2604,ano,passa,ano=2019;faixa=2010..
RS2605,ano,passa,ano=2023;faixa=2010..
RS2606,ano,passa,ano=2019;faixa=2010..
RS2607,ano,passa,ano=2017;faixa=2010..
RS2608,ano,passa,ano=2024;faixa=2010..
RS2609,ano,passa,ano=2019;faixa=2010..
RS2610,ano,passa,ano=2013;faixa=2010..
RS2611,ano,passa,ano=2024;faixa=2010..
RS2612,ano,passa,ano=2026;faixa=2010..
RS2613,ano,passa,ano=2016;faixa=2010..
RS2614,ano,passa,ano=2024;faixa=2010..
RS2615,ano,passa,ano=2025;faixa=2010..
RS2616,ano,passa,ano=2020;faixa=2010..
RS2617,ano,passa,ano=2014;faixa=2010..
RS2618,ano,passa,ano=2014;faixa=2010..
RS2619,ano,passa,ano=2014;faixa=2010..
RS2620,ano,passa,ano=2013;faixa=2010..
RS2621,ano,passa,ano=2025;faixa=2010..
RS2622,ano,passa,ano=2023;faixa=2010..
RS2623,ano,passa,ano=2017;faixa=2010..
RS2624,ano,passa,ano=2011;faixa=2010..
RS2625,ano,passa,ano=2020;faixa=2010..
RS2626,ano,passa,ano=2015;faixa=2010..
RS2627,ano,passa,ano=2019;faixa=2010..
RS2628,ano,passa,ano=2010;faixa=2010..
RS2629,ano,passa,ano=2014;faixa=2010..
RS2630,ano,passa,ano=2017;faixa=2010..
RS2631,ano,passa,ano=2015;faixa=2010..
RS2632,ano,passa,ano=2026;faixa=2010..
RS2633,ano,passa,ano=2019;faixa=2010..
RS2634,ano,exclui,ano=2008;faixa=2010..
RS2635,ano,passa,ano=2020;faixa=2010..
RS2636,ano,passa,ano=2010;faixa=2010..
RS2637,ano,passa,ano=2018;faixa=2010..
RS2638,ano,passa,ano=2014;faixa=2010..
RS2639,ano,passa,ano=2011;faixa=2010..
RS2640,ano,passa,ano=2017;faixa=2010..
RS2641,ano,passa,ano=2026;faixa=2010..
RS2642,ano,passa,ano=2013;faixa=2010..
RS2643,ano,passa,ano=2016;faixa=2010..
RS2644,ano,passa,ano=2020;faixa=2010..
RS2645,ano,passa,ano=2022;faixa=2010..
RS2646,ano,passa,ano=2013;faixa=2010..
RS2647,ano,exclui,ano=2009;faixa=2010..
RS2648,ano,passa,ano=2022;faixa=2010..
RS2649,ano,passa,ano=2026;faixa=2010..
RS2650,ano,passa,ano=2025;faixa=2010..
RS2651,ano,passa,ano=2013;faixa=2010..
RS2652,ano,passa,ano=2016;faixa=2010..
RS2653,ano,passa,ano=2026;faixa=2010..
RS2654,ano,passa,ano=2020;faixa=2010..
RS2655,ano,passa,ano=2013;faixa=2010..
RS2656,ano,passa,ano=2011;faixa=2010..
RS2657,ano,passa,ano=2022;faixa=2010..
RS2658,ano,passa,ano=2024;faixa=2010..
RS2659,ano,passa,ano=2013;faixa=2010..
RS2660,ano,passa,ano=2020;faixa=2010..
RS2661,ano,passa,ano=2011;faixa=2010..
RS2662,ano,passa,ano=2015;faixa=2010..
RS2663,ano,passa,ano=2021;faixa=2010..
RS2664,ano,passa,ano=2022;faixa=2010..
RS2665,ano,passa,ano=2026;faixa=2010..
RS2666,ano,passa,ano=2026;faixa=2010..
RS2667,ano,passa,ano=2017;faixa=2010..
RS2668,ano,exclui,ano=2009;faixa=2010..
RS2669,ano,passa,ano=2019;faixa=2010..
RS2670,ano,passa,ano=2020;faixa=2010..
RS2671,ano,passa,ano=2011;faixa=2010..
RS2672,ano,passa,ano=2026;faixa=2010..
RS2673,ano,passa,ano=2016;faixa=2010..
RS2674,ano,passa,ano=2016;faixa=2010..
RS2675,ano,passa,ano=2026;faixa=2010..
RS2676,ano,exclui,ano=2009;faixa=2010..
RS2677,ano,passa,ano=2012;faixa=2010..
RS2678,ano,passa,ano=2024;faixa=2010..
RS2679,ano,passa,ano=2025;faixa=2010..
RS2680,ano,passa,ano=2020;faixa=2010..
RS2681,ano,passa,ano=2026;faixa=2010..
RS2682,ano,passa,ano=2011;faixa=2010..
RS2683,ano,passa,ano=2016;faixa=2010..
RS2684,ano,passa,ano=2013;faixa=2010..
RS2685,ano,passa,ano=2012;faixa=2010..
RS2686,ano,passa,ano=2015;faixa=2010..
RS2687,ano,passa,ano=2021;faixa=2010..
RS2688,ano,passa,ano=2015;faixa=2010..
RS2689,ano,passa,ano=2012;faixa=2010..
RS2690,ano,passa,ano=2015;faixa=2010..
RS2691,ano,passa,ano=2020;faixa=2010..
RS2692,ano,passa,ano=2024;faixa=2010..
RS2693,ano,passa,ano=2010;faixa=2010..
RS2694,ano,passa,ano=2014;faixa=2010..
RS2695,ano,passa,ano=2025;faixa=2010..
RS2696,ano,passa,ano=2025;faixa=2010..
RS2697,ano,passa,ano=2011;faixa=2010..
RS2698,ano,passa,ano=2011;faixa=2010..
RS2699,ano,passa,ano=2021;faixa=2010..
RS2700,ano,passa,ano=2019;faixa=2010..
RS2701,ano,passa,ano=2017;faixa=2010..
RS2702,ano,passa,ano=2019;faixa=2010..
RS2703,ano,passa,ano=2021;faixa=2010..
RS2704,ano,passa,ano=2017;faixa=2010..
RS2705,ano,passa,ano=2021;faixa=2010..
RS2706,ano,passa,ano=2025;faixa=2010..
RS2707,ano,passa,ano=2024;faixa=2010..
RS2708,ano,passa,ano=2025;faixa=2010..
RS2709,ano,passa,ano=2018;faixa=2010..
RS2710,ano,passa,ano=2020;faixa=2010..
RS2711,ano,passa,ano=2010;faixa=2010..
RS2712,ano,passa,ano=2026;faixa=2010..
RS2713,ano,passa,ano=2026;faixa=2010..
RS2714,ano,passa,ano=2016;faixa=2010..
RS2715,ano,passa,ano=2023;faixa=2010..
RS2716,ano,passa,ano=2026;faixa=2010..
RS2717,ano,passa,ano=2020;faixa=2010..
RS2718,ano,passa,ano=2023;faixa=2010..
RS2719,ano,passa,ano=2023;faixa=2010..
RS2720,ano,passa,ano=2010;faixa=2010..
RS2721,ano,passa,ano=2016;faixa=2010..
RS2722,ano,passa,ano=2010;faixa=2010..
RS2723,ano,passa,ano=2016;faixa=2010..
RS2724,ano,passa,ano=2018;faixa=2010..
RS2725,ano,passa,ano=2011;faixa=2010..
RS2726,ano,passa,ano=2011;faixa=2010..
RS2727,ano,passa,ano=2015;faixa=2010..
RS2728,ano,passa,ano=2025;faixa=2010..
RS2729,ano,passa,ano=2023;faixa=2010..
RS2730,ano,passa,ano=2021;faixa=2010..
RS2731,ano,passa,ano=2023;faixa=2010..
RS2732,ano,exclui,ano=2009;faixa=2010..
RS2733,ano,passa,ano=2011;faixa=2010..
RS2734,ano,passa,ano=2014;faixa=2010..
RS2735,ano,passa,ano=2025;faixa=2010..
RS2736,ano,passa,ano=2019;faixa=2010..
RS2737,ano,passa,ano=2017;faixa=2010..
RS2738,ano,passa,ano=2026;faixa=2010..
RS2739,ano,passa,ano=2023;faixa=2010..
RS2740,ano,passa,ano=2025;faixa=2010..
RS2741,ano,passa,ano=2021;faixa=2010..
RS2742,ano,passa,ano=2012;faixa=2010..
RS2743,ano,passa,ano=2025;faixa=2010..
RS2744,ano,exclui,ano=2009;faixa=2010..
RS2745,ano,passa,ano=2011;faixa=2010..
RS2746,ano,passa,ano=2014;faixa=2010..
RS2747,ano,passa,ano=2026;faixa=2010..
RS2748,ano,passa,ano=2016;faixa=2010..
RS2749,ano,passa,ano=2025;faixa=2010..
RS2750,ano,passa,ano=2023;faixa=2010..
RS2751,ano,passa,ano=2019;faixa=2010..
RS2752,ano,passa,ano=2013;faixa=2010..
RS2753,ano,passa,ano=2014;faixa=2010..
RS2754,ano,passa,ano=2026;faixa=2010..
RS2755,ano,passa,ano=2022;faixa=2010..
RS2756,ano,exclui,ano=2008;faixa=2010..
RS2757,ano,passa,ano=2017;faixa=2010..
RS2758,ano,passa,ano=2015;faixa=2010..
RS2759,ano,passa,ano=2015;faixa=2010..
RS2760,ano,passa,ano=2026;faixa=2010..
RS2761,ano,passa,ano=2026;faixa=2010..
RS2762,ano,passa,ano=2018;faixa=2010..
RS2763,ano,passa,ano=2026;faixa=2010..
RS2764,ano,passa,ano=2020;faixa=2010..
RS2765,ano,passa,ano=2016;faixa=2010..
RS2766,ano,passa,ano=2026;faixa=2010..
RS2767,ano,passa,ano=2019;faixa=2010..
RS2768,ano,passa,ano=2011;faixa=2010..
RS2769,ano,passa,ano=2025;faixa=2010..
RS2770,ano,passa,ano=2020;faixa=2010..
RS2771,ano,passa,ano=2010;faixa=2010..
RS2772,ano,passa,ano=2011;faixa=2010..
RS2773,ano,passa,ano=2025;faixa=2010..
RS2774,ano,passa,ano=2016;faixa=2010..
RS2775,ano,passa,ano=2021;faixa=2010..
RS2776,ano,exclui,ano=2008;faixa=2010..
RS2777,ano,passa,ano=2024;faixa=2010..
RS2778,ano,passa,ano=2022;faixa=2010..
RS2779,ano,passa,ano=2012;faixa=2010..
RS2780,ano,passa,ano=2025;faixa=2010..
RS2781,ano,passa,ano=2014;faixa=2010..
RS2782,ano,exclui,ano=2009;faixa=2010..
RS2783,ano,passa,ano=2015;faixa=2010..
RS2784,ano,exclui,ano=2009;faixa=2010..
RS2785,ano,passa,ano=2021;faixa=2010..
RS2786,ano,passa,ano=2016;faixa=2010..
RS2787,ano,passa,ano=2025;faixa=2010..
RS2788,ano,passa,ano=2012;faixa=2010..
RS2789,ano,passa,ano=2018;faixa=2010..
RS2790,ano,passa,ano=2021;faixa=2010..
RS2791,ano,passa,ano=2025;faixa=2010..
RS2792,ano,passa,ano=2015;faixa=2010..
RS2793,ano,passa,ano=2021;faixa=2010..
RS2794,ano,passa,ano=2012;faixa=2010..
RS2795,ano,passa,ano=2019;faixa=2010..
RS2796,ano,passa,ano=2016;faixa=2010..
RS2797,ano,exclui,ano=2009;faixa=2010..
RS2798,ano,passa,ano=2024;faixa=2010..
RS2799,ano,passa,ano=2026;faixa=2010..
RS2800,ano,passa,ano=2016;faixa=2010..
RS2801,ano,passa,ano=2013;faixa=2010..
RS2802,ano,passa,ano=2025;faixa=2010..
RS2803,ano,passa,ano=2021;faixa=2010..
RS2804,ano,passa,ano=2018;faixa=2010..
RS2805,ano,exclui,ano=2009;faixa=2010..
RS2806,ano,passa,ano=2023;faixa=2010..
RS2807,ano,passa,ano=2013;faixa=2010..
RS2808,ano,passa,ano=2015;faixa=2010..
RS2809,ano,exclui,ano=2009;faixa=2010..
RS2810,ano,passa,ano=2016;faixa=2010..
RS2811,ano,passa,ano=2013;faixa=2010..
RS2812,ano,passa,ano=2026;faixa=2010..
RS2813,ano,passa,ano=2026;faixa=2010..
RS2814,ano,passa,ano=2026;faixa=2010..
RS2815,ano,passa,ano=2013;faixa=2010..
RS2816,ano,passa,ano=2011;faixa=2010..
RS2817,ano,passa,ano=2015;faixa=2010..
RS2818,ano,passa,ano=2022;faixa=2010..
RS2819,ano,passa,ano=2025;faixa=2010..
RS2820,ano,passa,ano=2015;faixa=2010..
RS2821,ano,passa,ano=2023;faixa=2010..
RS2822,ano,passa,ano=2010;faixa=2010..
RS2823,ano,passa,ano=2011;faixa=2010..
RS2824,ano,passa,ano=2025;faixa=2010..
RS2825,ano,passa,ano=2013;faixa=2010..
RS2826,ano,passa,ano=2011;faixa=2010..
RS2827,ano,passa,ano=2012;faixa=2010..
RS2828,ano,exclui,ano=2009;faixa=2010..
RS2829,ano,passa,ano=2024;faixa=2010..
RS2830,ano,passa,ano=2011;faixa=2010..
RS2831,ano,exclui,ano=2008;faixa=2010..
RS2832,ano,passa,ano=2018;faixa=2010..
RS2833,ano,passa,ano=2014;faixa=2010..
RS2834,ano,passa,ano=2021;faixa=2010..
RS2835,ano,passa,ano=2026;faixa=2010..
RS2836,ano,passa,ano=2017;faixa=2010..
RS2837,ano,passa,ano=2018;faixa=2010..
RS2838,ano,passa,ano=2022;faixa=2010..
RS2839,ano,passa,ano=2022;faixa=2010..
RS2840,ano,passa,ano=2013;faixa=2010..
RS2841,ano,passa,ano=2020;faixa=2010..
RS2842,ano,passa,ano=2024;faixa=2010..
RS2843,ano,passa,ano=2015;faixa=2010..
RS2844,ano,passa,ano=2012;faixa=2010..
RS2845,ano,passa,ano=2017;faixa=2010..
RS2846,ano,passa,ano=2012;faixa=2010..
RS2847,ano,passa,ano=2014;faixa=2010..
RS2848,ano,passa,ano=2017;faixa=2010..
RS2849,ano,passa,ano=2024;faixa=2010..
RS2850,ano,passa,ano=2026;faixa=2010..
RS2851,ano,passa,ano=2019;faixa=2010..
RS2852,ano,passa,ano=2020;faixa=2010..
RS2853,ano,passa,ano=2018;faixa=2010..
RS2854,ano,passa,ano=2016;faixa=2010..
RS2855,ano,exclui,ano=2009;faixa=2010..
RS2856,ano,passa,ano=2014;faixa=2010..
RS2857,ano,passa,ano=2016;faixa=2010..
RS2858,ano,passa,ano=2021;faixa=2010..
RS2859,ano,passa,ano=2025;faixa=2010..
RS2860,ano,passa,ano=2012;faixa=2010..
RS2861,ano,passa,ano=2014;faixa=2010..
RS2862,ano,passa,ano=2020;faixa=2010..
RS2863,ano,passa,ano=2023;faixa=2010..
RS2864,ano,passa,ano=2011;faixa=2010..
RS2865,ano,exclui,ano=2008;faixa=2010..
RS2866,ano,passa,ano=2011;faixa=2010..
RS2867,ano,passa,ano=2013;faixa=2010..
RS2868,ano,passa,ano=2012;faixa=2010..
RS2869,ano,exclui,ano=2009;faixa=2010..
RS2870,ano,exclui,ano=2009;faixa=2010..
RS2871,ano,passa,ano=2016;faixa=2010..
RS2872,ano,passa,ano=2016;faixa=2010..
RS2873,ano,exclui,ano=2008;faixa=2010..
RS2874,ano,exclui,ano=2009;faixa=2010..
RS2875,ano,passa,ano=2025;faixa=2010..
RS2876,ano,passa,ano=2017;faixa=2010..
RS2877,ano,passa,ano=2021;faixa=2010..
RS2878,ano,exclui,ano=2009;faixa=2010..
RS2879,ano,passa,ano=2019;faixa=2010..
RS2880,ano,passa,ano=2025;faixa=2010..
RS2881,ano,passa,ano=2011;faixa=2010..
RS2882,ano,passa,ano=2019;faixa=2010..
RS2883,ano,passa,ano=2012;faixa=2010..
RS2884,ano,passa,ano=2022;faixa=2010..
RS2885,ano,passa,ano=2021;faixa=2010..
RS2886,ano,passa,ano=2025;faixa=2010..
RS2887,ano,passa,ano=2022;faixa=2010..
RS2888,ano,passa,ano=2016;faixa=2010..
RS2889,ano,passa,ano=2022;faixa=2010..
RS2890,ano,passa,ano=2017;faixa=2010..
RS2891,ano,passa,ano=2016;faixa=2010..
RS2892,ano,passa,ano=2021;faixa=2010..
RS2893,ano,exclui,ano=2008;faixa=2010..
RS2894,ano,exclui,ano=2008;faixa=2010..
RS2895,ano,exclui,ano=2008;faixa=2010..
RS2896,ano,exclui,ano=2008;faixa=2010..
RS2897,ano,exclui,ano=2009;faixa=2010..
RS2898,ano,passa,ano=2025;faixa=2010..
RS2899,ano,passa,ano=2022;faixa=2010..
RS2900,ano,passa,ano=2015;faixa=2010..
RS2901,ano,passa,ano=2019;faixa=2010..
RS2902,ano,passa,ano=2017;faixa=2010..
RS2903,ano,exclui,ano=2009;faixa=2010..
RS2904,ano,passa,ano=2016;faixa=2010..
RS2905,ano,passa,ano=2020;faixa=2010..
RS2906,ano,passa,ano=2023;faixa=2010..
RS2907,ano,passa,ano=2023;faixa=2010..
RS2908,ano,passa,ano=2025;faixa=2010..
RS2909,ano,passa,ano=2022;faixa=2010..
RS2910,ano,passa,ano=2016;faixa=2010..
RS2911,ano,passa,ano=2022;faixa=2010..
RS2912,ano,passa,ano=2015;faixa=2010..
RS2913,ano,passa,ano=2015;faixa=2010..
RS2914,ano,exclui,ano=2008;faixa=2010..
RS2915,ano,passa,ano=2013;faixa=2010..
RS2916,ano,exclui,ano=2009;faixa=2010..
RS2917,ano,passa,ano=2012;faixa=2010..
RS2918,ano,passa,ano=2026;faixa=2010..
RS2919,ano,passa,ano=2010;faixa=2010..
RS2920,ano,passa,ano=2017;faixa=2010..
RS2921,ano,passa,ano=2022;faixa=2010..
RS2922,ano,passa,ano=2023;faixa=2010..
RS2923,ano,passa,ano=2024;faixa=2010..
RS2924,ano,passa,ano=2015;faixa=2010..
RS2925,ano,passa,ano=2012;faixa=2010..
RS2926,ano,passa,ano=2015;faixa=2010..
RS2927,ano,passa,ano=2022;faixa=2010..
RS2928,ano,passa,ano=2015;faixa=2010..
RS2929,ano,passa,ano=2024;faixa=2010..
RS2930,ano,passa,ano=2025;faixa=2010..
RS2931,ano,passa,ano=2017;faixa=2010..
RS2932,ano,passa,ano=2012;faixa=2010..
RS2933,ano,passa,ano=2012;faixa=2010..
RS2934,ano,exclui,ano=2003;faixa=2010..
RS2935,ano,exclui,ano=2000;faixa=2010..
RS2936,ano,passa,ano=2020;faixa=2010..
RS2937,ano,passa,ano=2016;faixa=2010..
RS2938,ano,exclui,ano=1997;faixa=2010..
RS2939,ano,exclui,ano=1997;faixa=2010..
RS2940,ano,passa,ano=2015;faixa=2010..
RS2941,ano,exclui,ano=2003;faixa=2010..
RS2942,ano,passa,ano=2013;faixa=2010..
RS2943,ano,passa,ano=2012;faixa=2010..
RS2944,ano,exclui,ano=1971;faixa=2010..
RS2945,ano,exclui,ano=2000;faixa=2010..
RS2946,ano,passa,ano=2010;faixa=2010..
RS2947,ano,exclui,ano=1978;faixa=2010..
RS2948,ano,exclui,ano=1975;faixa=2010..
RS2949,ano,exclui,ano=2009;faixa=2010..
RS2950,ano,passa,ano=2013;faixa=2010..
RS2951,ano,passa,ano=2012;faixa=2010..
RS2952,ano,exclui,ano=1994;faixa=2010..
RS2953,ano,passa,ano=2015;faixa=2010..
RS2954,ano,exclui,ano=2006;faixa=2010..
RS2955,ano,exclui,ano=2008;faixa=2010..
RS2956,ano,passa,ano=2015;faixa=2010..
RS2957,ano,passa,ano=2019;faixa=2010..
RS2958,ano,passa,ano=2015;faixa=2010..
RS2959,ano,exclui,ano=2009;faixa=2010..
RS2960,ano,exclui,ano=2007;faixa=2010..
RS2961,ano,exclui,ano=1998;faixa=2010..
RS2962,ano,exclui,ano=2002;faixa=2010..
RS2963,ano,exclui,ano=1997;faixa=2010..
RS2964,ano,exclui,ano=2008;faixa=2010..
RS2965,ano,passa,ano=2012;faixa=2010..
RS2966,ano,exclui,ano=2000;faixa=2010..
RS2967,ano,exclui,ano=2003;faixa=2010..
RS2968,ano,exclui,ano=2006;faixa=2010..
RS2969,ano,passa,ano=2012;faixa=2010..
RS2970,ano,exclui,ano=2008;faixa=2010..
RS2971,ano,passa,ano=2015;faixa=2010..
RS2972,ano,passa,ano=2015;faixa=2010..
RS2973,ano,exclui,ano=2000;faixa=2010..
RS2974,ano,passa,ano=2012;faixa=2010..
RS2975,ano,passa,ano=2015;faixa=2010..
RS2976,ano,passa,ano=2015;faixa=2010..
RS2977,ano,exclui,ano=2008;faixa=2010..
RS2978,ano,exclui,ano=1960;faixa=2010..
RS2979,ano,passa,ano=2013;faixa=2010..
RS2980,ano,exclui,ano=2001;faixa=2010..
RS2981,ano,passa,ano=2014;faixa=2010..
RS2982,ano,passa,ano=2010;faixa=2010..
RS2983,ano,exclui,ano=2001;faixa=2010..
RS2984,ano,passa,ano=2013;faixa=2010..
RS2985,ano,passa,ano=2023;faixa=2010..
RS2986,ano,exclui,ano=2001;faixa=2010..
RS2987,ano,passa,ano=2013;faixa=2010..
RS2988,ano,passa,ano=2013;faixa=2010..
RS2989,ano,exclui,ano=2007;faixa=2010..
RS2990,ano,exclui,ano=2008;faixa=2010..
RS2991,ano,exclui,ano=1987;faixa=2010..
RS2992,ano,passa,ano=2010;faixa=2010..
RS2993,ano,exclui,ano=1969;faixa=2010..
RS2994,ano,exclui,ano=1996;faixa=2010..
RS2995,ano,exclui,ano=1988;faixa=2010..
RS2996,ano,passa,ano=2015;faixa=2010..
RS2997,ano,exclui,ano=1968;faixa=2010..
RS2998,ano,exclui,ano=1991;faixa=2010..
RS2999,ano,passa,ano=2016;faixa=2010..
RS3000,ano,exclui,ano=1986;faixa=2010..
RS3001,ano,exclui,ano=1997;faixa=2010..
RS3002,ano,passa,ano=2014;faixa=2010..
RS3003,ano,exclui,ano=2004;faixa=2010..
RS3004,ano,exclui,ano=2006;faixa=2010..
RS3005,ano,exclui,ano=2001;faixa=2010..
RS3006,ano,exclui,ano=2004;faixa=2010..
RS3007,ano,passa,ano=2017;faixa=2010..
RS3008,ano,exclui,ano=1999;faixa=2010..
RS3009,ano,exclui,ano=2009;faixa=2010..
RS3010,ano,passa,ano=2012;faixa=2010..
RS3011,ano,passa,ano=2011;faixa=2010..
RS3012,ano,exclui,ano=1999;faixa=2010..
RS3013,ano,exclui,ano=1980;faixa=2010..
RS3014,ano,exclui,ano=2000;faixa=2010..
RS3015,ano,passa,ano=2011;faixa=2010..
RS3016,ano,exclui,ano=2007;faixa=2010..
RS3017,ano,exclui,ano=1999;faixa=2010..
RS3018,ano,exclui,ano=2000;faixa=2010..
RS3019,ano,passa,ano=2011;faixa=2010..
RS3020,ano,passa,ano=2013;faixa=2010..
RS3021,ano,passa,ano=2011;faixa=2010..
RS3022,ano,passa,ano=2011;faixa=2010..
RS3023,ano,passa,ano=2015;faixa=2010..
RS3024,ano,exclui,ano=1945;faixa=2010..
RS3025,ano,passa,ano=2013;faixa=2010..
RS3026,ano,exclui,ano=1995;faixa=2010..
RS3027,ano,passa,ano=2015;faixa=2010..
RS3028,ano,passa,ano=2011;faixa=2010..
RS3029,ano,passa,ano=2015;faixa=2010..
RS3030,ano,passa,ano=2012;faixa=2010..
RS3031,ano,passa,ano=2014;faixa=2010..
RS3032,ano,passa,ano=2013;faixa=2010..
RS3033,ano,passa,ano=2015;faixa=2010..
RS3034,ano,passa,ano=2012;faixa=2010..
RS3035,ano,exclui,ano=2002;faixa=2010..
RS3036,ano,exclui,ano=2007;faixa=2010..
RS3037,ano,exclui,ano=1985;faixa=2010..
RS3038,ano,exclui,ano=1991;faixa=2010..
RS3039,ano,exclui,ano=2001;faixa=2010..
RS3040,ano,exclui,ano=2007;faixa=2010..
RS3041,ano,exclui,ano=1997;faixa=2010..
RS3042,ano,exclui,ano=2006;faixa=2010..
RS3043,ano,passa,ano=2014;faixa=2010..
RS3044,ano,exclui,ano=2006;faixa=2010..
RS3045,ano,exclui,ano=1993;faixa=2010..
RS3046,ano,exclui,ano=2006;faixa=2010..
RS3047,ano,exclui,ano=1983;faixa=2010..
RS3048,ano,exclui,ano=1985;faixa=2010..
RS3049,ano,passa,ano=2014;faixa=2010..
RS3050,ano,exclui,ano=2004;faixa=2010..
RS3051,ano,exclui,ano=2006;faixa=2010..
RS3052,ano,exclui,ano=1981;faixa=2010..
RS3053,ano,passa,ano=2015;faixa=2010..
RS3054,ano,exclui,ano=2005;faixa=2010..
RS3055,ano,exclui,ano=1998;faixa=2010..
RS3056,ano,exclui,ano=1992;faixa=2010..
RS3057,ano,exclui,ano=1994;faixa=2010..
RS3058,ano,passa,ano=2010;faixa=2010..
RS3059,ano,passa,ano=2014;faixa=2010..
RS3060,ano,exclui,ano=1958;faixa=2010..
RS3061,ano,passa,ano=2010;faixa=2010..
RS3062,ano,exclui,ano=2003;faixa=2010..
RS3063,ano,exclui,ano=2006;faixa=2010..
RS3064,ano,passa,ano=2011;faixa=2010..
RS3065,ano,exclui,ano=1994;faixa=2010..
RS3066,ano,exclui,ano=2006;faixa=2010..
RS3067,ano,passa,ano=2014;faixa=2010..
RS3068,ano,exclui,ano=2002;faixa=2010..
RS3069,ano,exclui,ano=2007;faixa=2010..
RS3070,ano,exclui,ano=1991;faixa=2010..
RS3071,ano,exclui,ano=1992;faixa=2010..
RS3072,ano,exclui,ano=2007;faixa=2010..
RS3073,ano,exclui,ano=1985;faixa=2010..
RS3074,ano,exclui,ano=1989;faixa=2010..
RS3075,ano,passa,ano=2010;faixa=2010..
RS3076,ano,exclui,ano=2009;faixa=2010..
RS3077,ano,exclui,ano=1988;faixa=2010..
RS3078,ano,exclui,ano=2002;faixa=2010..
RS3079,ano,exclui,ano=1981;faixa=2010..
RS3080,ano,exclui,ano=2005;faixa=2010..
RS3081,ano,exclui,ano=1996;faixa=2010..
RS3082,ano,exclui,ano=2007;faixa=2010..
RS3083,ano,exclui,ano=1993;faixa=2010..
RS3084,ano,exclui,ano=1992;faixa=2010..
RS3085,ano,passa,ano=2011;faixa=2010..
RS3086,ano,exclui,ano=2004;faixa=2010..
RS3087,ano,exclui,ano=2000;faixa=2010..
RS3088,ano,exclui,ano=1955;faixa=2010..
RS3089,ano,exclui,ano=2005;faixa=2010..
RS3090,ano,exclui,ano=2009;faixa=2010..
RS3091,ano,exclui,ano=2009;faixa=2010..
RS3092,ano,exclui,ano=2000;faixa=2010..
RS3093,ano,exclui,ano=2001;faixa=2010..
RS3094,ano,exclui,ano=2002;faixa=2010..
RS3095,ano,passa,ano=2013;faixa=2010..
RS3096,ano,exclui,ano=1982;faixa=2010..
RS3097,ano,exclui,ano=2004;faixa=2010..
RS3098,ano,passa,ano=2012;faixa=2010..
RS3099,ano,exclui,ano=2002;faixa=2010..
RS3100,ano,exclui,ano=1974;faixa=2010..
RS3101,ano,exclui,ano=2005;faixa=2010..
RS3102,ano,exclui,ano=1945;faixa=2010..
RS3103,ano,exclui,ano=2009;faixa=2010..
RS3104,ano,exclui,ano=1984;faixa=2010..
RS3105,ano,exclui,ano=2009;faixa=2010..
RS3106,ano,exclui,ano=1973;faixa=2010..
RS3107,ano,passa,ano=2011;faixa=2010..
RS3108,ano,exclui,ano=2006;faixa=2010..
RS3109,ano,exclui,ano=1992;faixa=2010..
RS3110,ano,exclui,ano=1994;faixa=2010..
RS3111,ano,passa,ano=2014;faixa=2010..
RS3112,ano,exclui,ano=1987;faixa=2010..
RS3113,ano,exclui,ano=2008;faixa=2010..
RS3114,ano,exclui,ano=2008;faixa=2010..
RS3115,ano,exclui,ano=2005;faixa=2010..
RS3116,ano,exclui,ano=1999;faixa=2010..
RS3117,ano,exclui,ano=1992;faixa=2010..
RS3118,ano,exclui,ano=1995;faixa=2010..
RS3119,ano,exclui,ano=2006;faixa=2010..
RS3120,ano,exclui,ano=2002;faixa=2010..
RS3121,ano,passa,ano=2014;faixa=2010..
RS3122,ano,passa,ano=2014;faixa=2010..
RS3123,ano,exclui,ano=1992;faixa=2010..
RS3124,ano,exclui,ano=1998;faixa=2010..
RS3125,ano,exclui,ano=1994;faixa=2010..
RS3126,ano,passa,ano=2011;faixa=2010..
RS3127,ano,exclui,ano=2006;faixa=2010..
RS3128,ano,exclui,ano=1972;faixa=2010..
RS3129,ano,exclui,ano=2006;faixa=2010..
RS3130,ano,exclui,ano=1976;faixa=2010..
RS3131,ano,passa,ano=2010;faixa=2010..
RS3132,ano,exclui,ano=1996;faixa=2010..
RS3133,ano,passa,ano=2015;faixa=2010..
RS3134,ano,exclui,ano=2003;faixa=2010..
RS3135,ano,exclui,ano=2009;faixa=2010..
RS3136,ano,exclui,ano=2007;faixa=2010..
RS3137,ano,exclui,ano=2009;faixa=2010..
RS3138,ano,exclui,ano=1984;faixa=2010..
RS3139,ano,exclui,ano=1994;faixa=2010..
RS3140,ano,exclui,ano=2001;faixa=2010..
RS3141,ano,exclui,ano=2005;faixa=2010..
RS3142,ano,passa,ano=2011;faixa=2010..
RS3143,ano,exclui,ano=1991;faixa=2010..
RS3144,ano,passa,ano=2012;faixa=2010..
RS3145,ano,exclui,ano=1993;faixa=2010..
RS3146,ano,exclui,ano=2008;faixa=2010..
RS3147,ano,exclui,ano=1999;faixa=2010..
RS3148,ano,exclui,ano=1998;faixa=2010..
RS3149,ano,exclui,ano=1986;faixa=2010..
RS3150,ano,exclui,ano=2005;faixa=2010..
RS3151,ano,exclui,ano=2000;faixa=2010..
RS3152,ano,passa,ano=2015;faixa=2010..
RS3153,ano,exclui,ano=1983;faixa=2010..
RS3154,ano,exclui,ano=2007;faixa=2010..
RS3155,ano,exclui,ano=2008;faixa=2010..
RS3156,ano,passa,ano=2014;faixa=2010..
RS3157,ano,passa,ano=2013;faixa=2010..
RS3158,ano,exclui,ano=2007;faixa=2010..
RS3159,ano,exclui,ano=2004;faixa=2010..
RS3160,ano,exclui,ano=2006;faixa=2010..
RS3161,ano,exclui,ano=2007;faixa=2010..
RS3162,ano,exclui,ano=2002;faixa=2010..
RS3163,ano,exclui,ano=1991;faixa=2010..
RS3164,ano,exclui,ano=1950;faixa=2010..
RS3165,ano,exclui,ano=1991;faixa=2010..
RS3166,ano,exclui,ano=1995;faixa=2010..
RS3167,ano,passa,ano=2014;faixa=2010..
RS3168,ano,exclui,ano=1991;faixa=2010..
RS3169,ano,exclui,ano=2009;faixa=2010..
RS3170,ano,exclui,ano=1995;faixa=2010..
RS3171,ano,passa,ano=2012;faixa=2010..
RS3172,ano,exclui,ano=1985;faixa=2010..
RS3173,ano,exclui,ano=1973;faixa=2010..
RS3174,ano,exclui,ano=1965;faixa=2010..
RS3175,ano,exclui,ano=2009;faixa=2010..
RS3176,ano,exclui,ano=1975;faixa=2010..
RS3177,ano,exclui,ano=2004;faixa=2010..
RS3178,ano,exclui,ano=2004;faixa=2010..
RS3179,ano,exclui,ano=1997;faixa=2010..
RS3180,ano,exclui,ano=1962;faixa=2010..
RS3181,ano,exclui,ano=2008;faixa=2010..
RS3182,ano,exclui,ano=2008;faixa=2010..
RS3183,ano,exclui,ano=2007;faixa=2010..
RS3184,ano,exclui,ano=1993;faixa=2010..
RS3185,ano,exclui,ano=1982;faixa=2010..
RS3186,ano,exclui,ano=1996;faixa=2010..
RS3187,ano,exclui,ano=2008;faixa=2010..
RS3188,ano,exclui,ano=1940;faixa=2010..
RS3189,ano,exclui,ano=1984;faixa=2010..
RS3190,ano,passa,ano=2011;faixa=2010..
RS3191,ano,exclui,ano=2008;faixa=2010..
RS3192,ano,exclui,ano=2004;faixa=2010..
RS3193,ano,passa,ano=2013;faixa=2010..
RS3194,ano,exclui,ano=1998;faixa=2010..
RS3195,ano,passa,ano=2010;faixa=2010..
RS3196,ano,exclui,ano=1984;faixa=2010..
RS3197,ano,exclui,ano=1992;faixa=2010..
RS3198,ano,exclui,ano=1955;faixa=2010..
RS3199,ano,passa,ano=2014;faixa=2010..
RS3200,ano,passa,ano=2011;faixa=2010..
RS3201,ano,exclui,ano=1999;faixa=2010..
RS3202,ano,exclui,ano=2004;faixa=2010..
RS3203,ano,exclui,ano=1937;faixa=2010..
RS3204,ano,exclui,ano=1945;faixa=2010..
RS3205,ano,exclui,ano=1998;faixa=2010..
RS3206,ano,exclui,ano=1968;faixa=2010..
RS3207,ano,passa,ano=2013;faixa=2010..
RS3208,ano,passa,ano=2011;faixa=2010..
RS3209,ano,exclui,ano=1984;faixa=2010..
RS3210,ano,exclui,ano=2006;faixa=2010..
RS3211,ano,exclui,ano=1993;faixa=2010..
RS3212,ano,exclui,ano=2007;faixa=2010..
RS3213,ano,passa,ano=2013;faixa=2010..
RS3214,ano,passa,ano=2014;faixa=2010..
RS3215,ano,exclui,ano=1966;faixa=2010..
RS3216,ano,exclui,ano=1983;faixa=2010..
RS3217,ano,exclui,ano=2009;faixa=2010..
RS3218,ano,exclui,ano=1998;faixa=2010..
RS3219,ano,exclui,ano=2006;faixa=2010..
RS3220,ano,exclui,ano=1968;faixa=2010..
RS3221,ano,exclui,ano=2004;faixa=2010..
RS3222,ano,exclui,ano=1994;faixa=2010..
RS3223,ano,exclui,ano=2001;faixa=2010..
RS3224,ano,passa,ano=2013;faixa=2010..
RS3225,ano,exclui,ano=1989;faixa=2010..
RS3226,ano,exclui,ano=1983;faixa=2010..
RS3227,ano,exclui,ano=1956;faixa=2010..
RS3228,ano,exclui,ano=2002;faixa=2010..
RS3229,ano,exclui,ano=2000;faixa=2010..
RS3230,ano,exclui,ano=1992;faixa=2010..
RS3231,ano,exclui,ano=2002;faixa=2010..
RS3232,ano,exclui,ano=1980;faixa=2010..
RS3233,ano,passa,ano=2013;faixa=2010..
RS3234,ano,exclui,ano=2004;faixa=2010..
RS3235,ano,passa,ano=2013;faixa=2010..
RS3236,ano,passa,ano=2010;faixa=2010..
RS3237,ano,exclui,ano=1998;faixa=2010..
RS3238,ano,passa,ano=2011;faixa=2010..
RS3239,ano,exclui,ano=1984;faixa=2010..
RS3240,ano,exclui,ano=2005;faixa=2010..
RS3241,ano,exclui,ano=1969;faixa=2010..
RS3242,ano,exclui,ano=1992;faixa=2010..
RS3243,ano,exclui,ano=2006;faixa=2010..
RS3244,ano,exclui,ano=2002;faixa=2010..
RS3245,ano,exclui,ano=2003;faixa=2010..
RS3246,ano,exclui,ano=2004;faixa=2010..
RS3247,ano,exclui,ano=1996;faixa=2010..
RS3248,ano,passa,ano=2014;faixa=2010..
RS3249,ano,exclui,ano=1989;faixa=2010..
RS3250,ano,exclui,ano=1986;faixa=2010..
RS3251,ano,exclui,ano=1961;faixa=2010..
RS3252,ano,exclui,ano=1955;faixa=2010..
RS3253,ano,passa,ano=2010;faixa=2010..
RS3254,ano,exclui,ano=1995;faixa=2010..
RS3255,ano,exclui,ano=1957;faixa=2010..
RS3256,ano,exclui,ano=2001;faixa=2010..
RS3257,ano,exclui,ano=1998;faixa=2010..
RS3258,ano,passa,ano=2010;faixa=2010..
RS3259,ano,exclui,ano=2007;faixa=2010..
RS3260,ano,exclui,ano=2003;faixa=2010..
RS3261,ano,exclui,ano=1993;faixa=2010..
RS3262,ano,exclui,ano=2002;faixa=2010..
RS3263,ano,passa,ano=2012;faixa=2010..
RS3264,ano,passa,ano=2013;faixa=2010..
RS3265,ano,exclui,ano=2007;faixa=2010..
RS3266,ano,passa,ano=2013;faixa=2010..
RS3267,ano,exclui,ano=2007;faixa=2010..
RS3268,ano,passa,ano=2010;faixa=2010..
RS3269,ano,exclui,ano=2000;faixa=2010..
RS3270,ano,exclui,ano=1977;faixa=2010..
RS3271,ano,passa,ano=2011;faixa=2010..
RS3272,ano,exclui,ano=1975;faixa=2010..
RS3273,ano,exclui,ano=2007;faixa=2010..
RS3274,ano,passa,ano=2011;faixa=2010..
RS3275,ano,exclui,ano=1989;faixa=2010..
RS3276,ano,passa,ano=2015;faixa=2010..
RS3277,ano,exclui,ano=2007;faixa=2010..
RS3278,ano,exclui,ano=1987;faixa=2010..
RS3279,ano,exclui,ano=1991;faixa=2010..
RS3280,ano,exclui,ano=2005;faixa=2010..
RS3281,ano,passa,ano=2012;faixa=2010..
RS3282,ano,passa,ano=2015;faixa=2010..
RS3283,ano,exclui,ano=2001;faixa=2010..
RS3284,ano,passa,ano=2013;faixa=2010..
RS3285,ano,exclui,ano=2006;faixa=2010..
RS3286,ano,passa,ano=2014;faixa=2010..
RS3287,ano,exclui,ano=2004;faixa=2010..
RS3288,ano,passa,ano=2010;faixa=2010..
RS3289,ano,exclui,ano=2007;faixa=2010..
RS3290,ano,exclui,ano=2006;faixa=2010..
RS3291,ano,exclui,ano=2009;faixa=2010..
RS3292,ano,exclui,ano=1991;faixa=2010..
RS3293,ano,exclui,ano=1981;faixa=2010..
RS3294,ano,exclui,ano=1992;faixa=2010..
RS3295,ano,exclui,ano=1954;faixa=2010..
RS3296,ano,exclui,ano=2008;faixa=2010..
RS3297,ano,exclui,ano=2005;faixa=2010..
RS3298,ano,passa,ano=2011;faixa=2010..
RS3299,ano,passa,ano=2010;faixa=2010..
RS3300,ano,exclui,ano=1984;faixa=2010..
RS3301,ano,passa,ano=2012;faixa=2010..
RS3302,ano,exclui,ano=1986;faixa=2010..
RS3303,ano,exclui,ano=1989;faixa=2010..
RS3304,ano,passa,ano=2013;faixa=2010..
RS3305,ano,exclui,ano=2000;faixa=2010..
RS3306,ano,exclui,ano=1966;faixa=2010..
RS3307,ano,passa,ano=2014;faixa=2010..
RS3308,ano,exclui,ano=1993;faixa=2010..
RS3309,ano,exclui,ano=2000;faixa=2010..
RS3310,ano,passa,ano=2012;faixa=2010..
RS3311,ano,exclui,ano=2005;faixa=2010..
RS3312,ano,exclui,ano=1986;faixa=2010..
RS3313,ano,exclui,ano=2005;faixa=2010..
RS3314,ano,exclui,ano=1985;faixa=2010..
RS3315,ano,exclui,ano=2007;faixa=2010..
RS3316,ano,exclui,ano=2009;faixa=2010..
RS3317,ano,exclui,ano=1989;faixa=2010..
RS3318,ano,passa,ano=2011;faixa=2010..
RS3319,ano,passa,ano=2014;faixa=2010..
RS3320,ano,passa,ano=2011;faixa=2010..
RS3321,ano,exclui,ano=1985;faixa=2010..
RS3322,ano,passa,ano=2013;faixa=2010..
RS3323,ano,exclui,ano=2005;faixa=2010..
RS3324,ano,exclui,ano=2008;faixa=2010..
RS3325,ano,exclui,ano=1994;faixa=2010..
RS3326,ano,passa,ano=2014;faixa=2010..
RS3327,ano,passa,ano=2011;faixa=2010..
RS3328,ano,exclui,ano=1980;faixa=2010..
RS3329,ano,exclui,ano=2005;faixa=2010..
RS3330,ano,exclui,ano=2005;faixa=2010..
RS3331,ano,exclui,ano=2007;faixa=2010..
RS3332,ano,passa,ano=2012;faixa=2010..
RS3333,ano,passa,ano=2014;faixa=2010..
RS3334,ano,passa,ano=2014;faixa=2010..
RS3335,ano,passa,ano=2014;faixa=2010..
RS3336,ano,exclui,ano=2008;faixa=2010..
RS3337,ano,passa,ano=2011;faixa=2010..
RS3338,ano,exclui,ano=1977;faixa=2010..
RS3339,ano,exclui,ano=1999;faixa=2010..
RS3340,ano,passa,ano=2012;faixa=2010..
RS3341,ano,exclui,ano=2009;faixa=2010..
RS3342,ano,exclui,ano=2003;faixa=2010..
RS3343,ano,passa,ano=2013;faixa=2010..
RS3344,ano,exclui,ano=1991;faixa=2010..
RS3345,ano,exclui,ano=2005;faixa=2010..
RS3346,ano,passa,ano=2010;faixa=2010..
RS3347,ano,passa,ano=2013;faixa=2010..
RS3348,ano,passa,ano=2010;faixa=2010..
RS3349,ano,passa,ano=2010;faixa=2010..
RS3350,ano,exclui,ano=1976;faixa=2010..
RS3351,ano,passa,ano=2011;faixa=2010..
RS3352,ano,exclui,ano=2002;faixa=2010..
RS3353,ano,passa,ano=2011;faixa=2010..
RS3354,ano,exclui,ano=2009;faixa=2010..
RS3355,ano,exclui,ano=2009;faixa=2010..
RS3356,ano,exclui,ano=2001;faixa=2010..
RS3357,ano,exclui,ano=1971;faixa=2010..
RS3358,ano,exclui,ano=2001;faixa=2010..
RS3359,ano,exclui,ano=2001;faixa=2010..
RS3360,ano,exclui,ano=1984;faixa=2010..
RS3361,ano,exclui,ano=2008;faixa=2010..
RS3362,ano,exclui,ano=2005;faixa=2010..
RS3363,ano,passa,ano=2013;faixa=2010..
RS3364,ano,passa,ano=2012;faixa=2010..
RS3365,ano,exclui,ano=2002;faixa=2010..
RS3366,ano,passa,ano=2012;faixa=2010..
RS3367,ano,passa,ano=2012;faixa=2010..
RS3368,ano,exclui,ano=2005;faixa=2010..
RS3369,ano,exclui,ano=1999;faixa=2010..
RS3370,ano,passa,ano=2014;faixa=2010..
RS3371,ano,passa,ano=2012;faixa=2010..
RS3372,ano,passa,ano=2016;faixa=2010..
RS3373,ano,passa,ano=2015;faixa=2010..
RS3374,ano,passa,ano=2015;faixa=2010..
RS3375,ano,passa,ano=2013;faixa=2010..
RS3376,ano,exclui,ano=2006;faixa=2010..
RS3377,ano,passa,ano=2011;faixa=2010..
RS3378,ano,exclui,ano=2008;faixa=2010..
RS3379,ano,exclui,ano=2006;faixa=2010..
RS3380,ano,exclui,ano=2005;faixa=2010..
RS3381,ano,exclui,ano=2000;faixa=2010..
RS3382,ano,exclui,ano=2006;faixa=2010..
RS3383,ano,exclui,ano=2002;faixa=2010..
RS3384,ano,exclui,ano=2004;faixa=2010..
RS3385,ano,exclui,ano=2000;faixa=2010..
RS3386,ano,exclui,ano=2008;faixa=2010..
RS3387,ano,exclui,ano=1998;faixa=2010..
RS3388,ano,passa,ano=2012;faixa=2010..
RS3389,ano,exclui,ano=2008;faixa=2010..
RS3390,ano,passa,ano=2013;faixa=2010..
RS3391,ano,exclui,ano=2005;faixa=2010..
RS3392,ano,passa,ano=2015;faixa=2010..
RS3393,ano,exclui,ano=1996;faixa=2010..
RS3394,ano,exclui,ano=2001;faixa=2010..
RS3395,ano,exclui,ano=2009;faixa=2010..
RS3396,ano,exclui,ano=1962;faixa=2010..
RS3397,ano,exclui,ano=1992;faixa=2010..
RS3398,ano,exclui,ano=1987;faixa=2010..
RS3399,ano,passa,ano=2014;faixa=2010..
RS3400,ano,passa,ano=2015;faixa=2010..
RS3401,ano,exclui,ano=2008;faixa=2010..
RS3402,ano,exclui,ano=2009;faixa=2010..
RS3403,ano,passa,ano=2011;faixa=2010..
RS3404,ano,passa,ano=2013;faixa=2010..
RS3405,ano,exclui,ano=1996;faixa=2010..
RS3406,ano,passa,ano=2012;faixa=2010..
RS3407,ano,exclui,ano=1999;faixa=2010..
RS3408,ano,passa,ano=2012;faixa=2010..
RS3409,ano,passa,ano=2013;faixa=2010..
RS3410,ano,passa,ano=2011;faixa=2010..
RS3411,ano,exclui,ano=2002;faixa=2010..
RS3412,ano,exclui,ano=2004;faixa=2010..
RS3413,ano,exclui,ano=1993;faixa=2010..
RS3414,ano,exclui,ano=2006;faixa=2010..
RS3415,ano,exclui,ano=2008;faixa=2010..
RS3416,ano,passa,ano=2013;faixa=2010..
RS3417,ano,exclui,ano=2006;faixa=2010..
RS3418,ano,exclui,ano=2003;faixa=2010..
RS3419,ano,exclui,ano=2002;faixa=2010..
RS3420,ano,exclui,ano=2007;faixa=2010..
RS3421,ano,exclui,ano=1995;faixa=2010..
RS3422,ano,exclui,ano=1990;faixa=2010..
RS3423,ano,exclui,ano=2002;faixa=2010..
RS3424,ano,exclui,ano=1972;faixa=2010..
RS3425,ano,passa,ano=2010;faixa=2010..
RS3426,ano,passa,ano=2011;faixa=2010..
RS3427,ano,exclui,ano=2004;faixa=2010..
RS3428,ano,passa,ano=2011;faixa=2010..
RS3429,ano,exclui,ano=2007;faixa=2010..
RS3430,ano,exclui,ano=2007;faixa=2010..
RS3431,ano,passa,ano=2010;faixa=2010..
RS3432,ano,exclui,ano=1996;faixa=2010..
RS3433,ano,exclui,ano=2008;faixa=2010..
RS3434,ano,exclui,ano=1993;faixa=2010..
RS3435,ano,exclui,ano=2006;faixa=2010..
RS3436,ano,exclui,ano=1997;faixa=2010..
RS3437,ano,exclui,ano=1993;faixa=2010..
RS3438,ano,exclui,ano=1997;faixa=2010..
RS3439,ano,exclui,ano=2005;faixa=2010..
RS3440,ano,passa,ano=2011;faixa=2010..
RS3441,ano,passa,ano=2010;faixa=2010..
RS3442,ano,passa,ano=2014;faixa=2010..
RS3443,ano,exclui,ano=2009;faixa=2010..
RS3444,ano,exclui,ano=2006;faixa=2010..
RS3445,ano,passa,ano=2014;faixa=2010..
RS3446,ano,passa,ano=2010;faixa=2010..
RS3447,ano,exclui,ano=1937;faixa=2010..
RS3448,ano,passa,ano=2010;faixa=2010..
RS3449,ano,exclui,ano=2003;faixa=2010..
RS3450,ano,passa,ano=2013;faixa=2010..
RS3451,ano,exclui,ano=2005;faixa=2010..
RS3452,ano,passa,ano=2011;faixa=2010..
RS3453,ano,exclui,ano=2003;faixa=2010..
RS3454,ano,exclui,ano=2006;faixa=2010..
RS3455,ano,passa,ano=2014;faixa=2010..
RS3456,ano,exclui,ano=2007;faixa=2010..
RS3457,ano,exclui,ano=2003;faixa=2010..
RS3458,ano,passa,ano=2010;faixa=2010..
RS3459,ano,exclui,ano=2005;faixa=2010..
RS3460,ano,exclui,ano=1997;faixa=2010..
RS3461,ano,exclui,ano=1999;faixa=2010..
RS3462,ano,exclui,ano=1995;faixa=2010..
RS3463,ano,exclui,ano=2002;faixa=2010..
RS3464,ano,exclui,ano=2007;faixa=2010..
RS3465,ano,exclui,ano=2008;faixa=2010..
RS3466,ano,exclui,ano=2007;faixa=2010..
RS3467,ano,passa,ano=2014;faixa=2010..
RS3468,ano,exclui,ano=2000;faixa=2010..
RS3469,ano,exclui,ano=2006;faixa=2010..
RS3470,ano,exclui,ano=2007;faixa=2010..
RS3471,ano,exclui,ano=2001;faixa=2010..
RS3472,ano,passa,ano=2012;faixa=2010..
RS3473,ano,exclui,ano=1996;faixa=2010..
RS3474,ano,exclui,ano=2008;faixa=2010..
RS3475,ano,exclui,ano=1986;faixa=2010..
RS3476,ano,exclui,ano=2001;faixa=2010..
RS3477,ano,exclui,ano=2001;faixa=2010..
RS3478,ano,passa,ano=2011;faixa=2010..
RS3479,ano,passa,ano=2012;faixa=2010..
RS3480,ano,passa,ano=2015;faixa=2010..
RS3481,ano,passa,ano=2015;faixa=2010..
RS3482,ano,passa,ano=2016;faixa=2010..
RS3483,ano,exclui,ano=1999;faixa=2010..
RS3484,ano,passa,ano=2015;faixa=2010..
RS3485,ano,passa,ano=2015;faixa=2010..
RS3486,ano,passa,ano=2015;faixa=2010..
RS3487,ano,exclui,ano=1995;faixa=2010..
RS3488,ano,passa,ano=2015;faixa=2010..
RS3489,ano,exclui,ano=1969;faixa=2010..
RS3490,ano,passa,ano=2015;faixa=2010..
RS3491,ano,passa,ano=2016;faixa=2010..
RS3492,ano,passa,ano=2015;faixa=2010..
RS3493,ano,passa,ano=2019;faixa=2010..
RS3494,ano,passa,ano=2016;faixa=2010..
RS3495,ano,passa,ano=2015;faixa=2010..
RS3496,ano,passa,ano=2017;faixa=2010..
RS3497,ano,exclui,ano=1937;faixa=2010..
RS3498,ano,passa,ano=2014;faixa=2010..
RS3499,ano,passa,ano=2016;faixa=2010..
RS3500,ano,passa,ano=2016;faixa=2010..
RS3501,ano,passa,ano=2015;faixa=2010..
RS3502,ano,exclui,ano=2004;faixa=2010..
RS3503,ano,passa,ano=2016;faixa=2010..
RS3504,ano,passa,ano=2016;faixa=2010..
RS3505,ano,passa,ano=2010;faixa=2010..
RS3506,ano,passa,ano=2016;faixa=2010..
RS3507,ano,passa,ano=2016;faixa=2010..
RS3508,ano,exclui,ano=2002;faixa=2010..
RS3509,ano,exclui,ano=2001;faixa=2010..
RS3510,ano,exclui,ano=1971;faixa=2010..
RS3511,ano,exclui,ano=1995;faixa=2010..
RS3512,ano,exclui,ano=1989;faixa=2010..
RS3513,ano,exclui,ano=1987;faixa=2010..
RS3514,ano,passa,ano=2013;faixa=2010..
RS3515,ano,exclui,ano=1996;faixa=2010..
RS3516,ano,passa,ano=2016;faixa=2010..
RS3517,ano,exclui,ano=1981;faixa=2010..
RS3518,ano,passa,ano=2015;faixa=2010..
RS3519,ano,exclui,ano=1966;faixa=2010..
RS3520,ano,exclui,ano=1995;faixa=2010..
RS3521,ano,exclui,ano=1983;faixa=2010..
RS3522,ano,passa,ano=2016;faixa=2010..
RS3523,ano,exclui,ano=2005;faixa=2010..
RS3524,ano,exclui,ano=1945;faixa=2010..
RS3525,ano,passa,ano=2016;faixa=2010..
RS3526,ano,passa,ano=2016;faixa=2010..
RS3527,ano,passa,ano=2012;faixa=2010..
RS3528,ano,passa,ano=2016;faixa=2010..
RS3529,ano,passa,ano=2017;faixa=2010..
RS3530,ano,passa,ano=2012;faixa=2010..
RS3531,ano,exclui,ano=2006;faixa=2010..
RS3532,ano,passa,ano=2015;faixa=2010..
RS3533,ano,passa,ano=2011;faixa=2010..
RS3534,ano,passa,ano=2016;faixa=2010..
RS3535,ano,passa,ano=2015;faixa=2010..
RS3536,ano,passa,ano=2010;faixa=2010..
RS3537,ano,passa,ano=2016;faixa=2010..
RS3538,ano,passa,ano=2012;faixa=2010..
RS3539,ano,exclui,ano=2008;faixa=2010..
RS3540,ano,passa,ano=2012;faixa=2010..
RS3541,ano,passa,ano=2016;faixa=2010..
RS3542,ano,exclui,ano=2006;faixa=2010..
RS3543,ano,passa,ano=2014;faixa=2010..
RS3544,ano,passa,ano=2010;faixa=2010..
RS3545,ano,passa,ano=2012;faixa=2010..
RS3546,ano,passa,ano=2016;faixa=2010..
RS3547,ano,exclui,ano=1988;faixa=2010..
RS3548,ano,passa,ano=2016;faixa=2010..
RS3549,ano,passa,ano=2016;faixa=2010..
RS3550,ano,passa,ano=2018;faixa=2010..
RS3551,ano,passa,ano=2018;faixa=2010..
RS3552,ano,passa,ano=2017;faixa=2010..
RS3553,ano,passa,ano=2014;faixa=2010..
RS3554,ano,passa,ano=2016;faixa=2010..
RS3555,ano,passa,ano=2017;faixa=2010..
RS3556,ano,passa,ano=2016;faixa=2010..
RS3557,ano,passa,ano=2016;faixa=2010..
RS3558,ano,passa,ano=2019;faixa=2010..
RS3559,ano,passa,ano=2018;faixa=2010..
RS3560,ano,exclui,ano=1998;faixa=2010..
RS3561,ano,passa,ano=2016;faixa=2010..
RS3562,ano,passa,ano=2016;faixa=2010..
RS3563,ano,passa,ano=2017;faixa=2010..
RS3564,ano,passa,ano=2016;faixa=2010..
RS3565,ano,passa,ano=2017;faixa=2010..
RS3566,ano,passa,ano=2017;faixa=2010..
RS3567,ano,passa,ano=2017;faixa=2010..
RS3568,ano,passa,ano=2017;faixa=2010..
RS3569,ano,passa,ano=2017;faixa=2010..
RS3570,ano,passa,ano=2017;faixa=2010..
RS3571,ano,passa,ano=2017;faixa=2010..
RS3572,ano,passa,ano=2017;faixa=2010..
RS3573,ano,passa,ano=2017;faixa=2010..
RS3574,ano,passa,ano=2019;faixa=2010..
RS3575,ano,passa,ano=2017;faixa=2010..
RS3576,ano,passa,ano=2017;faixa=2010..
RS3577,ano,passa,ano=2017;faixa=2010..
RS3578,ano,passa,ano=2017;faixa=2010..
RS3579,ano,passa,ano=2017;faixa=2010..
RS3580,ano,passa,ano=2017;faixa=2010..
RS3581,ano,passa,ano=2020;faixa=2010..
RS3582,ano,passa,ano=2017;faixa=2010..
RS3583,ano,passa,ano=2014;faixa=2010..
RS3584,ano,passa,ano=2017;faixa=2010..
RS3585,ano,passa,ano=2018;faixa=2010..
RS3586,ano,passa,ano=2017;faixa=2010..
RS3587,ano,passa,ano=2018;faixa=2010..
RS3588,ano,passa,ano=2010;faixa=2010..
RS3589,ano,passa,ano=2017;faixa=2010..
RS3590,ano,passa,ano=2017;faixa=2010..
RS3591,ano,passa,ano=2017;faixa=2010..
RS3592,ano,passa,ano=2017;faixa=2010..
RS3593,ano,passa,ano=2018;faixa=2010..
RS3594,ano,passa,ano=2017;faixa=2010..
RS3595,ano,passa,ano=2017;faixa=2010..
RS3596,ano,passa,ano=2019;faixa=2010..
RS3597,ano,passa,ano=2017;faixa=2010..
RS3598,ano,passa,ano=2017;faixa=2010..
RS3599,ano,passa,ano=2017;faixa=2010..
RS3600,ano,passa,ano=2017;faixa=2010..
RS3601,ano,passa,ano=2017;faixa=2010..
RS3602,ano,passa,ano=2017;faixa=2010..
RS3603,ano,passa,ano=2017;faixa=2010..
RS3604,ano,passa,ano=2017;faixa=2010..
RS3605,ano,passa,ano=2017;faixa=2010..
RS3606,ano,passa,ano=2018;faixa=2010..
RS3607,ano,passa,ano=2018;faixa=2010..
RS3608,ano,passa,ano=2018;faixa=2010..
RS3609,ano,passa,ano=2017;faixa=2010..
RS3610,ano,passa,ano=2018;faixa=2010..
RS3611,ano,passa,ano=2018;faixa=2010..
RS3612,ano,passa,ano=2018;faixa=2010..
RS3613,ano,passa,ano=2018;faixa=2010..
RS3614,ano,passa,ano=2018;faixa=2010..
RS3615,ano,passa,ano=2018;faixa=2010..
RS3616,ano,exclui,ano=1993;faixa=2010..
RS3617,ano,exclui,ano=1961;faixa=2010..
RS3618,ano,passa,ano=2018;faixa=2010..
RS3619,ano,passa,ano=2017;faixa=2010..
RS3620,ano,passa,ano=2018;faixa=2010..
RS3621,ano,passa,ano=2018;faixa=2010..
RS3622,ano,passa,ano=2018;faixa=2010..
RS3623,ano,passa,ano=2018;faixa=2010..
RS3624,ano,passa,ano=2018;faixa=2010..
RS3625,ano,passa,ano=2018;faixa=2010..
RS3626,ano,passa,ano=2018;faixa=2010..
RS3627,ano,passa,ano=2017;faixa=2010..
RS3628,ano,passa,ano=2017;faixa=2010..
RS3629,ano,passa,ano=2018;faixa=2010..
RS3630,ano,passa,ano=2018;faixa=2010..
RS3631,ano,passa,ano=2018;faixa=2010..
RS3632,ano,passa,ano=2018;faixa=2010..
RS3633,ano,passa,ano=2018;faixa=2010..
RS3634,ano,exclui,ano=1992;faixa=2010..
RS3635,ano,passa,ano=2018;faixa=2010..
RS3636,ano,passa,ano=2010;faixa=2010..
RS3637,ano,passa,ano=2018;faixa=2010..
RS3638,ano,passa,ano=2018;faixa=2010..
RS3639,ano,passa,ano=2018;faixa=2010..
RS3640,ano,passa,ano=2018;faixa=2010..
RS3641,ano,passa,ano=2018;faixa=2010..
RS3642,ano,passa,ano=2018;faixa=2010..
RS3643,ano,passa,ano=2019;faixa=2010..
RS3644,ano,passa,ano=2018;faixa=2010..
RS3645,ano,passa,ano=2018;faixa=2010..
RS3646,ano,passa,ano=2019;faixa=2010..
RS3647,ano,passa,ano=2019;faixa=2010..
RS3648,ano,passa,ano=2019;faixa=2010..
RS3649,ano,passa,ano=2019;faixa=2010..
RS3650,ano,passa,ano=2019;faixa=2010..
RS3651,ano,passa,ano=2019;faixa=2010..
RS3652,ano,passa,ano=2019;faixa=2010..
RS3653,ano,passa,ano=2019;faixa=2010..
RS3654,ano,passa,ano=2019;faixa=2010..
RS3655,ano,passa,ano=2019;faixa=2010..
RS3656,ano,passa,ano=2019;faixa=2010..
RS3657,ano,passa,ano=2019;faixa=2010..
RS3658,ano,passa,ano=2019;faixa=2010..
RS3659,ano,passa,ano=2020;faixa=2010..
RS3660,ano,exclui,ano=2009;faixa=2010..
RS3661,ano,passa,ano=2016;faixa=2010..
RS3662,ano,passa,ano=2019;faixa=2010..
RS3663,ano,passa,ano=2017;faixa=2010..
RS3664,ano,passa,ano=2013;faixa=2010..
RS3665,ano,passa,ano=2019;faixa=2010..
RS3666,ano,passa,ano=2017;faixa=2010..
RS3667,ano,passa,ano=2019;faixa=2010..
RS3668,ano,passa,ano=2019;faixa=2010..
RS3669,ano,passa,ano=2019;faixa=2010..
RS3670,ano,passa,ano=2019;faixa=2010..
RS3671,ano,passa,ano=2021;faixa=2010..
RS3672,ano,passa,ano=2019;faixa=2010..
RS3673,ano,passa,ano=2019;faixa=2010..
RS3674,ano,passa,ano=2019;faixa=2010..
RS3675,ano,passa,ano=2019;faixa=2010..
RS3676,ano,exclui,ano=2007;faixa=2010..
RS3677,ano,passa,ano=2020;faixa=2010..
RS3678,ano,passa,ano=2019;faixa=2010..
RS3679,ano,passa,ano=2019;faixa=2010..
RS3680,ano,passa,ano=2019;faixa=2010..
RS3681,ano,passa,ano=2019;faixa=2010..
RS3682,ano,passa,ano=2019;faixa=2010..
RS3683,ano,passa,ano=2019;faixa=2010..
RS3684,ano,passa,ano=2019;faixa=2010..
RS3685,ano,passa,ano=2019;faixa=2010..
RS3686,ano,passa,ano=2019;faixa=2010..
RS3687,ano,passa,ano=2019;faixa=2010..
RS3688,ano,passa,ano=2019;faixa=2010..
RS3689,ano,passa,ano=2019;faixa=2010..
RS3690,ano,passa,ano=2020;faixa=2010..
RS3691,ano,passa,ano=2020;faixa=2010..
RS3692,ano,passa,ano=2021;faixa=2010..
RS3693,ano,passa,ano=2019;faixa=2010..
RS3694,ano,passa,ano=2020;faixa=2010..
RS3695,ano,passa,ano=2020;faixa=2010..
RS3696,ano,passa,ano=2019;faixa=2010..
RS3697,ano,passa,ano=2020;faixa=2010..
RS3698,ano,passa,ano=2019;faixa=2010..
RS3699,ano,passa,ano=2020;faixa=2010..
RS3700,ano,passa,ano=2020;faixa=2010..
RS3701,ano,passa,ano=2020;faixa=2010..
RS3702,ano,passa,ano=2020;faixa=2010..
RS3703,ano,passa,ano=2020;faixa=2010..
RS3704,ano,passa,ano=2017;faixa=2010..
RS3705,ano,exclui,ano=1999;faixa=2010..
RS3706,ano,passa,ano=2015;faixa=2010..
RS3707,ano,exclui,ano=2003;faixa=2010..
RS3708,ano,passa,ano=2020;faixa=2010..
RS3709,ano,passa,ano=2017;faixa=2010..
RS3710,ano,passa,ano=2016;faixa=2010..
RS3711,ano,passa,ano=2020;faixa=2010..
RS3712,ano,passa,ano=2019;faixa=2010..
RS3713,ano,passa,ano=2020;faixa=2010..
RS3714,ano,passa,ano=2020;faixa=2010..
RS3715,ano,passa,ano=2020;faixa=2010..
RS3716,ano,passa,ano=2020;faixa=2010..
RS3717,ano,passa,ano=2020;faixa=2010..
RS3718,ano,passa,ano=2023;faixa=2010..
RS3719,ano,passa,ano=2020;faixa=2010..
RS3720,ano,passa,ano=2020;faixa=2010..
RS3721,ano,passa,ano=2021;faixa=2010..
RS3722,ano,passa,ano=2023;faixa=2010..
RS3723,ano,passa,ano=2020;faixa=2010..
RS3724,ano,passa,ano=2020;faixa=2010..
RS3725,ano,passa,ano=2020;faixa=2010..
RS3726,ano,passa,ano=2020;faixa=2010..
RS3727,ano,passa,ano=2019;faixa=2010..
RS3728,ano,passa,ano=2019;faixa=2010..
RS3729,ano,passa,ano=2020;faixa=2010..
RS3730,ano,exclui,ano=1999;faixa=2010..
RS3731,ano,passa,ano=2020;faixa=2010..
RS3732,ano,passa,ano=2020;faixa=2010..
RS3733,ano,passa,ano=2020;faixa=2010..
RS3734,ano,passa,ano=2020;faixa=2010..
RS3735,ano,passa,ano=2020;faixa=2010..
RS3736,ano,passa,ano=2020;faixa=2010..
RS3737,ano,passa,ano=2020;faixa=2010..
RS3738,ano,passa,ano=2020;faixa=2010..
RS3739,ano,passa,ano=2020;faixa=2010..
RS3740,ano,passa,ano=2020;faixa=2010..
RS3741,ano,passa,ano=2020;faixa=2010..
RS3742,ano,passa,ano=2020;faixa=2010..
RS3743,ano,passa,ano=2020;faixa=2010..
RS3744,ano,passa,ano=2020;faixa=2010..
RS3745,ano,passa,ano=2021;faixa=2010..
RS3746,ano,passa,ano=2020;faixa=2010..
RS3747,ano,passa,ano=2020;faixa=2010..
RS3748,ano,passa,ano=2018;faixa=2010..
RS3749,ano,passa,ano=2020;faixa=2010..
RS3750,ano,passa,ano=2016;faixa=2010..
RS3751,ano,passa,ano=2020;faixa=2010..
RS3752,ano,passa,ano=2013;faixa=2010..
RS3753,ano,exclui,ano=2008;faixa=2010..
RS3754,ano,exclui,ano=2003;faixa=2010..
RS3755,ano,passa,ano=2016;faixa=2010..
RS3756,ano,exclui,ano=1996;faixa=2010..
RS3757,ano,passa,ano=2020;faixa=2010..
RS3758,ano,exclui,ano=2006;faixa=2010..
RS3759,ano,passa,ano=2010;faixa=2010..
RS3760,ano,exclui,ano=2002;faixa=2010..
RS3761,ano,passa,ano=2010;faixa=2010..
RS3762,ano,passa,ano=2020;faixa=2010..
RS3763,ano,passa,ano=2018;faixa=2010..
RS3764,ano,passa,ano=2016;faixa=2010..
RS3765,ano,exclui,ano=2009;faixa=2010..
RS3766,ano,passa,ano=2020;faixa=2010..
RS3767,ano,exclui,ano=1998;faixa=2010..
RS3768,ano,passa,ano=2020;faixa=2010..
RS3769,ano,passa,ano=2010;faixa=2010..
RS3770,ano,exclui,ano=2009;faixa=2010..
RS3771,ano,passa,ano=2019;faixa=2010..
RS3772,ano,passa,ano=2014;faixa=2010..
RS3773,ano,exclui,ano=2007;faixa=2010..
RS3774,ano,passa,ano=2017;faixa=2010..
RS3775,ano,passa,ano=2011;faixa=2010..
RS3776,ano,passa,ano=2016;faixa=2010..
RS3777,ano,passa,ano=2016;faixa=2010..
RS3778,ano,passa,ano=2013;faixa=2010..
RS3779,ano,passa,ano=2017;faixa=2010..
RS3780,ano,exclui,ano=2004;faixa=2010..
RS3781,ano,passa,ano=2019;faixa=2010..
RS3782,ano,exclui,ano=1997;faixa=2010..
RS3783,ano,passa,ano=2022;faixa=2010..
RS3784,ano,passa,ano=2021;faixa=2010..
RS3785,ano,passa,ano=2021;faixa=2010..
RS3786,ano,passa,ano=2021;faixa=2010..
RS3787,ano,passa,ano=2021;faixa=2010..
RS3788,ano,passa,ano=2021;faixa=2010..
RS3789,ano,passa,ano=2021;faixa=2010..
RS3790,ano,passa,ano=2020;faixa=2010..
RS3791,ano,exclui,ano=1991;faixa=2010..
RS3792,ano,passa,ano=2021;faixa=2010..
RS3793,ano,passa,ano=2021;faixa=2010..
RS3794,ano,passa,ano=2020;faixa=2010..
RS3795,ano,passa,ano=2021;faixa=2010..
RS3796,ano,passa,ano=2021;faixa=2010..
RS3797,ano,passa,ano=2021;faixa=2010..
RS3798,ano,passa,ano=2021;faixa=2010..
RS3799,ano,sem_dado,ano_ausente
RS3800,ano,passa,ano=2021;faixa=2010..
RS3801,ano,passa,ano=2020;faixa=2010..
RS3802,ano,passa,ano=2019;faixa=2010..
RS3803,ano,passa,ano=2021;faixa=2010..
RS3804,ano,passa,ano=2025;faixa=2010..
RS3805,ano,passa,ano=2021;faixa=2010..
RS3806,ano,passa,ano=2023;faixa=2010..
RS3807,ano,passa,ano=2021;faixa=2010..
RS3808,ano,passa,ano=2021;faixa=2010..
RS3809,ano,passa,ano=2021;faixa=2010..
RS3810,ano,passa,ano=2021;faixa=2010..
RS3811,ano,passa,ano=2015;faixa=2010..
RS3812,ano,passa,ano=2021;faixa=2010..
RS3813,ano,passa,ano=2021;faixa=2010..
RS3814,ano,passa,ano=2021;faixa=2010..
RS3815,ano,passa,ano=2021;faixa=2010..
RS3816,ano,passa,ano=2021;faixa=2010..
RS3817,ano,passa,ano=2021;faixa=2010..
RS3818,ano,passa,ano=2021;faixa=2010..
RS3819,ano,passa,ano=2021;faixa=2010..
RS3820,ano,passa,ano=2021;faixa=2010..
RS3821,ano,passa,ano=2021;faixa=2010..
RS3822,ano,passa,ano=2022;faixa=2010..
RS3823,ano,passa,ano=2021;faixa=2010..
RS3824,ano,passa,ano=2021;faixa=2010..
RS3825,ano,passa,ano=2021;faixa=2010..
RS3826,ano,passa,ano=2021;faixa=2010..
RS3827,ano,passa,ano=2021;faixa=2010..
RS3828,ano,passa,ano=2021;faixa=2010..
RS3829,ano,passa,ano=2021;faixa=2010..
RS3830,ano,passa,ano=2021;faixa=2010..
RS3831,ano,sem_dado,ano_ausente
RS3832,ano,passa,ano=2021;faixa=2010..
RS3833,ano,passa,ano=2022;faixa=2010..
RS3834,ano,passa,ano=2022;faixa=2010..
RS3835,ano,passa,ano=2022;faixa=2010..
RS3836,ano,passa,ano=2022;faixa=2010..
RS3837,ano,passa,ano=2021;faixa=2010..
RS3838,ano,passa,ano=2021;faixa=2010..
RS3839,ano,passa,ano=2022;faixa=2010..
RS3840,ano,passa,ano=2022;faixa=2010..
RS3841,ano,passa,ano=2022;faixa=2010..
RS3842,ano,passa,ano=2021;faixa=2010..
RS3843,ano,passa,ano=2022;faixa=2010..
RS3844,ano,passa,ano=2022;faixa=2010..
RS3845,ano,passa,ano=2022;faixa=2010..
RS3846,ano,passa,ano=2022;faixa=2010..
RS3847,ano,passa,ano=2022;faixa=2010..
RS3848,ano,passa,ano=2022;faixa=2010..
RS3849,ano,passa,ano=2022;faixa=2010..
RS3850,ano,passa,ano=2021;faixa=2010..
RS3851,ano,passa,ano=2022;faixa=2010..
RS3852,ano,passa,ano=2022;faixa=2010..
RS3853,ano,passa,ano=2022;faixa=2010..
RS3854,ano,passa,ano=2022;faixa=2010..
RS3855,ano,passa,ano=2021;faixa=2010..
RS3856,ano,exclui,ano=2003;faixa=2010..
RS3857,ano,passa,ano=2022;faixa=2010..
RS3858,ano,passa,ano=2022;faixa=2010..
RS3859,ano,exclui,ano=1995;faixa=2010..
RS3860,ano,exclui,ano=1995;faixa=2010..
RS3861,ano,passa,ano=2022;faixa=2010..
RS3862,ano,passa,ano=2022;faixa=2010..
RS3863,ano,passa,ano=2022;faixa=2010..
RS3864,ano,passa,ano=2022;faixa=2010..
RS3865,ano,exclui,ano=2006;faixa=2010..
RS3866,ano,exclui,ano=2007;faixa=2010..
RS3867,ano,passa,ano=2022;faixa=2010..
RS3868,ano,passa,ano=2022;faixa=2010..
RS3869,ano,passa,ano=2022;faixa=2010..
RS3870,ano,passa,ano=2022;faixa=2010..
RS3871,ano,passa,ano=2022;faixa=2010..
RS3872,ano,passa,ano=2022;faixa=2010..
RS3873,ano,passa,ano=2022;faixa=2010..
RS3874,ano,passa,ano=2022;faixa=2010..
RS3875,ano,passa,ano=2022;faixa=2010..
RS3876,ano,passa,ano=2022;faixa=2010..
RS3877,ano,exclui,ano=2000;faixa=2010..
RS3878,ano,passa,ano=2017;faixa=2010..
RS3879,ano,passa,ano=2021;faixa=2010..
RS3880,ano,passa,ano=2021;faixa=2010..
RS3881,ano,exclui,ano=2007;faixa=2010..
RS3882,ano,exclui,ano=2006;faixa=2010..
RS3883,ano,exclui,ano=1998;faixa=2010..
RS3884,ano,exclui,ano=1994;faixa=2010..
RS3885,ano,exclui,ano=1971;faixa=2010..
RS3886,ano,exclui,ano=2000;faixa=2010..
RS3887,ano,passa,ano=2018;faixa=2010..
RS3888,ano,exclui,ano=2000;faixa=2010..
RS3889,ano,exclui,ano=1968;faixa=2010..
RS3890,ano,exclui,ano=2004;faixa=2010..
RS3891,ano,passa,ano=2014;faixa=2010..
RS3892,ano,passa,ano=2019;faixa=2010..
RS3893,ano,passa,ano=2020;faixa=2010..
RS3894,ano,exclui,ano=1980;faixa=2010..
RS3895,ano,passa,ano=2011;faixa=2010..
RS3896,ano,exclui,ano=2006;faixa=2010..
RS3897,ano,passa,ano=2014;faixa=2010..
RS3898,ano,exclui,ano=2006;faixa=2010..
RS3899,ano,passa,ano=2016;faixa=2010..
RS3900,ano,passa,ano=2014;faixa=2010..
RS3901,ano,exclui,ano=1997;faixa=2010..
RS3902,ano,passa,ano=2015;faixa=2010..
RS3903,ano,passa,ano=2018;faixa=2010..
RS3904,ano,exclui,ano=1972;faixa=2010..
RS3905,ano,passa,ano=2014;faixa=2010..
RS3906,ano,passa,ano=2018;faixa=2010..
RS3907,ano,exclui,ano=1989;faixa=2010..
RS3908,ano,passa,ano=2019;faixa=2010..
RS3909,ano,passa,ano=2018;faixa=2010..
RS3910,ano,passa,ano=2021;faixa=2010..
RS3911,ano,exclui,ano=2007;faixa=2010..
RS3912,ano,passa,ano=2022;faixa=2010..
RS3913,ano,passa,ano=2022;faixa=2010..
RS3914,ano,passa,ano=2022;faixa=2010..
RS3915,ano,passa,ano=2022;faixa=2010..
RS3916,ano,passa,ano=2022;faixa=2010..
RS3917,ano,passa,ano=2022;faixa=2010..
RS3918,ano,passa,ano=2022;faixa=2010..
RS3919,ano,passa,ano=2022;faixa=2010..
RS3920,ano,passa,ano=2022;faixa=2010..
RS3921,ano,passa,ano=2022;faixa=2010..
RS3922,ano,passa,ano=2022;faixa=2010..
RS3923,ano,passa,ano=2022;faixa=2010..
RS3924,ano,passa,ano=2022;faixa=2010..
RS3925,ano,passa,ano=2022;faixa=2010..
RS3926,ano,passa,ano=2022;faixa=2010..
RS3927,ano,exclui,ano=1974;faixa=2010..
RS3928,ano,passa,ano=2022;faixa=2010..
RS3929,ano,passa,ano=2022;faixa=2010..
RS3930,ano,passa,ano=2020;faixa=2010..
RS3931,ano,passa,ano=2022;faixa=2010..
RS3932,ano,passa,ano=2022;faixa=2010..
RS3933,ano,passa,ano=2022;faixa=2010..
RS3934,ano,exclui,ano=1988;faixa=2010..
RS3935,ano,exclui,ano=1960;faixa=2010..
RS3936,ano,exclui,ano=1992;faixa=2010..
RS3937,ano,exclui,ano=2008;faixa=2010..
RS3938,ano,passa,ano=2010;faixa=2010..
RS3939,ano,exclui,ano=1996;faixa=2010..
RS3940,ano,passa,ano=2016;faixa=2010..
RS3941,ano,passa,ano=2022;faixa=2010..
RS3942,ano,passa,ano=2018;faixa=2010..
RS3943,ano,exclui,ano=1982;faixa=2010..
RS3944,ano,exclui,ano=2001;faixa=2010..
RS3945,ano,passa,ano=2012;faixa=2010..
RS3946,ano,exclui,ano=2000;faixa=2010..
RS3947,ano,passa,ano=2022;faixa=2010..
RS3948,ano,passa,ano=2022;faixa=2010..
RS3949,ano,passa,ano=2022;faixa=2010..
RS3950,ano,passa,ano=2022;faixa=2010..
RS3951,ano,passa,ano=2022;faixa=2010..
RS3952,ano,passa,ano=2022;faixa=2010..
RS3953,ano,passa,ano=2022;faixa=2010..
RS3954,ano,passa,ano=2022;faixa=2010..
RS3955,ano,passa,ano=2022;faixa=2010..
RS3956,ano,passa,ano=2022;faixa=2010..
RS3957,ano,passa,ano=2023;faixa=2010..
RS3958,ano,passa,ano=2023;faixa=2010..
RS3959,ano,passa,ano=2023;faixa=2010..
RS3960,ano,passa,ano=2023;faixa=2010..
RS3961,ano,passa,ano=2023;faixa=2010..
RS3962,ano,passa,ano=2023;faixa=2010..
RS3963,ano,passa,ano=2026;faixa=2010..
RS3964,ano,passa,ano=2023;faixa=2010..
RS3965,ano,passa,ano=2023;faixa=2010..
RS3966,ano,passa,ano=2023;faixa=2010..
RS3967,ano,passa,ano=2023;faixa=2010..
RS3968,ano,passa,ano=2023;faixa=2010..
RS3969,ano,passa,ano=2023;faixa=2010..
RS3970,ano,passa,ano=2023;faixa=2010..
RS3971,ano,passa,ano=2023;faixa=2010..
RS3972,ano,exclui,ano=1992;faixa=2010..
RS3973,ano,passa,ano=2023;faixa=2010..
RS3974,ano,passa,ano=2023;faixa=2010..
RS3975,ano,passa,ano=2023;faixa=2010..
RS3976,ano,passa,ano=2023;faixa=2010..
RS3977,ano,passa,ano=2023;faixa=2010..
RS3978,ano,passa,ano=2023;faixa=2010..
RS3979,ano,passa,ano=2022;faixa=2010..
RS3980,ano,passa,ano=2023;faixa=2010..
RS3981,ano,passa,ano=2023;faixa=2010..
RS3982,ano,passa,ano=2023;faixa=2010..
RS3983,ano,passa,ano=2022;faixa=2010..
RS3984,ano,passa,ano=2023;faixa=2010..
RS3985,ano,passa,ano=2023;faixa=2010..
RS3986,ano,passa,ano=2023;faixa=2010..
RS3987,ano,passa,ano=2023;faixa=2010..
RS3988,ano,passa,ano=2023;faixa=2010..
RS3989,ano,passa,ano=2022;faixa=2010..
RS3990,ano,passa,ano=2023;faixa=2010..
RS3991,ano,passa,ano=2023;faixa=2010..
RS3992,ano,passa,ano=2023;faixa=2010..
RS3993,ano,passa,ano=2023;faixa=2010..
RS3994,ano,passa,ano=2023;faixa=2010..
RS3995,ano,passa,ano=2023;faixa=2010..
RS3996,ano,passa,ano=2023;faixa=2010..
RS3997,ano,exclui,ano=1992;faixa=2010..
RS3998,ano,exclui,ano=1997;faixa=2010..
RS3999,ano,passa,ano=2023;faixa=2010..
RS4000,ano,passa,ano=2023;faixa=2010..
RS4001,ano,passa,ano=2023;faixa=2010..
RS4002,ano,passa,ano=2024;faixa=2010..
RS4003,ano,passa,ano=2024;faixa=2010..
RS4004,ano,passa,ano=2023;faixa=2010..
RS4005,ano,passa,ano=2024;faixa=2010..
RS4006,ano,passa,ano=2024;faixa=2010..
RS4007,ano,passa,ano=2024;faixa=2010..
RS4008,ano,passa,ano=2024;faixa=2010..
RS4009,ano,passa,ano=2023;faixa=2010..
RS4010,ano,passa,ano=2024;faixa=2010..
RS4011,ano,passa,ano=2024;faixa=2010..
RS4012,ano,passa,ano=2024;faixa=2010..
RS4013,ano,passa,ano=2024;faixa=2010..
RS4014,ano,passa,ano=2024;faixa=2010..
RS4015,ano,passa,ano=2020;faixa=2010..
RS4016,ano,passa,ano=2020;faixa=2010..
RS4017,ano,passa,ano=2020;faixa=2010..
RS4018,ano,passa,ano=2020;faixa=2010..
RS4019,ano,passa,ano=2020;faixa=2010..
RS4020,ano,passa,ano=2024;faixa=2010..
RS4021,ano,passa,ano=2024;faixa=2010..
RS4022,ano,passa,ano=2024;faixa=2010..
RS4023,ano,passa,ano=2024;faixa=2010..
RS4024,ano,passa,ano=2024;faixa=2010..
RS4025,ano,passa,ano=2024;faixa=2010..
RS4026,ano,passa,ano=2024;faixa=2010..
RS4027,ano,passa,ano=2024;faixa=2010..
RS4028,ano,passa,ano=2024;faixa=2010..
RS4029,ano,passa,ano=2024;faixa=2010..
RS4030,ano,passa,ano=2024;faixa=2010..
RS4031,ano,passa,ano=2024;faixa=2010..
RS4032,ano,passa,ano=2024;faixa=2010..
RS4033,ano,passa,ano=2024;faixa=2010..
RS4034,ano,passa,ano=2024;faixa=2010..
RS4035,ano,passa,ano=2024;faixa=2010..
RS4036,ano,passa,ano=2024;faixa=2010..
RS4037,ano,passa,ano=2024;faixa=2010..
RS4038,ano,passa,ano=2024;faixa=2010..
RS4039,ano,passa,ano=2024;faixa=2010..
RS4040,ano,passa,ano=2024;faixa=2010..
RS4041,ano,passa,ano=2024;faixa=2010..
RS4042,ano,passa,ano=2024;faixa=2010..
RS4043,ano,passa,ano=2024;faixa=2010..
RS4044,ano,passa,ano=2024;faixa=2010..
RS4045,ano,passa,ano=2024;faixa=2010..
RS4046,ano,passa,ano=2024;faixa=2010..
RS4047,ano,passa,ano=2024;faixa=2010..
RS4048,ano,passa,ano=2024;faixa=2010..
RS4049,ano,passa,ano=2024;faixa=2010..
RS4050,ano,passa,ano=2024;faixa=2010..
RS4051,ano,passa,ano=2024;faixa=2010..
RS4052,ano,passa,ano=2024;faixa=2010..
RS4053,ano,passa,ano=2024;faixa=2010..
RS4054,ano,passa,ano=2024;faixa=2010..
RS4055,ano,passa,ano=2024;faixa=2010..
RS4056,ano,passa,ano=2024;faixa=2010..
RS4057,ano,passa,ano=2024;faixa=2010..
RS4058,ano,passa,ano=2024;faixa=2010..
RS4059,ano,passa,ano=2025;faixa=2010..
RS4060,ano,passa,ano=2025;faixa=2010..
RS4061,ano,passa,ano=2025;faixa=2010..
RS4062,ano,passa,ano=2025;faixa=2010..
RS4063,ano,passa,ano=2025;faixa=2010..
RS4064,ano,passa,ano=2025;faixa=2010..
RS4065,ano,passa,ano=2025;faixa=2010..
RS4066,ano,passa,ano=2025;faixa=2010..
RS4067,ano,passa,ano=2025;faixa=2010..
RS4068,ano,passa,ano=2025;faixa=2010..
RS4069,ano,passa,ano=2025;faixa=2010..
RS4070,ano,passa,ano=2025;faixa=2010..
RS4071,ano,passa,ano=2025;faixa=2010..
RS4072,ano,passa,ano=2025;faixa=2010..
RS4073,ano,passa,ano=2025;faixa=2010..
RS4074,ano,passa,ano=2025;faixa=2010..
RS4075,ano,passa,ano=2025;faixa=2010..
RS4076,ano,passa,ano=2025;faixa=2010..
RS4077,ano,passa,ano=2025;faixa=2010..
RS4078,ano,passa,ano=2025;faixa=2010..
RS4079,ano,passa,ano=2025;faixa=2010..
RS4080,ano,passa,ano=2025;faixa=2010..
RS4081,ano,passa,ano=2025;faixa=2010..
RS4082,ano,passa,ano=2025;faixa=2010..
RS4083,ano,passa,ano=2025;faixa=2010..
RS4084,ano,passa,ano=2025;faixa=2010..
RS4085,ano,passa,ano=2025;faixa=2010..
RS4086,ano,passa,ano=2025;faixa=2010..
RS4087,ano,passa,ano=2025;faixa=2010..
RS4088,ano,passa,ano=2025;faixa=2010..
RS4089,ano,passa,ano=2025;faixa=2010..
RS4090,ano,passa,ano=2025;faixa=2010..
RS4091,ano,passa,ano=2025;faixa=2010..
RS4092,ano,passa,ano=2026;faixa=2010..
RS4093,ano,passa,ano=2025;faixa=2010..
RS4094,ano,passa,ano=2026;faixa=2010..
RS4095,ano,passa,ano=2026;faixa=2010..
RS4096,ano,passa,ano=2026;faixa=2010..
RS4097,ano,passa,ano=2026;faixa=2010..
RS4098,ano,passa,ano=2026;faixa=2010..
RS4099,ano,passa,ano=2026;faixa=2010..
RS4100,ano,passa,ano=2025;faixa=2010..
RS4101,ano,passa,ano=2026;faixa=2010..
RS4102,ano,passa,ano=2026;faixa=2010..
RS4103,ano,passa,ano=2026;faixa=2010..
RS4104,ano,passa,ano=2026;faixa=2010..
RS4105,ano,passa,ano=2026;faixa=2010..
RS4106,ano,passa,ano=2026;faixa=2010..
RS4107,ano,passa,ano=2026;faixa=2010..
RS4108,ano,passa,ano=2026;faixa=2010..
RS4109,ano,passa,ano=2026;faixa=2010..
RS4110,ano,passa,ano=2026;faixa=2010..
RS4111,ano,passa,ano=2026;faixa=2010..
RS4112,ano,passa,ano=2026;faixa=2010..
RS4113,ano,passa,ano=2026;faixa=2010..
RS4114,ano,passa,ano=2026;faixa=2010..
RS4115,ano,passa,ano=2026;faixa=2010..
RS4116,ano,passa,ano=2026;faixa=2010..
RS4117,ano,passa,ano=2026;faixa=2010..
RS4118,ano,passa,ano=2026;faixa=2010..
RS4119,ano,passa,ano=2013;faixa=2010..
RS4120,ano,exclui,ano=2007;faixa=2010..
RS4121,ano,exclui,ano=2008;faixa=2010..
RS4122,ano,passa,ano=2024;faixa=2010..
RS4123,ano,passa,ano=2014;faixa=2010..
RS4124,ano,exclui,ano=2009;faixa=2010..
RS4125,ano,passa,ano=2010;faixa=2010..
RS4126,ano,passa,ano=2011;faixa=2010..
RS4127,ano,exclui,ano=1995;faixa=2010..
RS4128,ano,passa,ano=2014;faixa=2010..
RS4129,ano,passa,ano=2013;faixa=2010..
RS4130,ano,passa,ano=2015;faixa=2010..
RS4131,ano,passa,ano=2012;faixa=2010..
RS4132,ano,exclui,ano=1994;faixa=2010..
RS4133,ano,passa,ano=2015;faixa=2010..
RS4134,ano,passa,ano=2010;faixa=2010..
RS4135,ano,exclui,ano=1995;faixa=2010..
RS4136,ano,passa,ano=2010;faixa=2010..
RS4137,ano,passa,ano=2011;faixa=2010..
RS4138,ano,passa,ano=2014;faixa=2010..
RS4139,ano,passa,ano=2016;faixa=2010..
RS4140,ano,exclui,ano=2001;faixa=2010..
RS4141,ano,exclui,ano=2009;faixa=2010..
RS4142,ano,passa,ano=2011;faixa=2010..
RS4143,ano,exclui,ano=2008;faixa=2010..
RS4144,ano,passa,ano=2011;faixa=2010..
RS4145,ano,exclui,ano=2004;faixa=2010..
RS4146,ano,exclui,ano=2008;faixa=2010..
RS4147,ano,exclui,ano=2004;faixa=2010..
RS4148,ano,exclui,ano=1998;faixa=2010..
RS4149,ano,exclui,ano=2002;faixa=2010..
RS4150,ano,exclui,ano=2006;faixa=2010..
RS4151,ano,passa,ano=2013;faixa=2010..
RS4152,ano,passa,ano=2014;faixa=2010..
RS4153,ano,passa,ano=2013;faixa=2010..
RS4154,ano,exclui,ano=1988;faixa=2010..
RS4155,ano,exclui,ano=1999;faixa=2010..
RS4156,ano,exclui,ano=2004;faixa=2010..
RS4157,ano,passa,ano=2015;faixa=2010..
RS4158,ano,exclui,ano=2008;faixa=2010..
RS4159,ano,exclui,ano=2008;faixa=2010..
RS4160,ano,exclui,ano=1997;faixa=2010..
RS4161,ano,passa,ano=2013;faixa=2010..
RS4162,ano,passa,ano=2010;faixa=2010..
RS4163,ano,passa,ano=2010;faixa=2010..
RS4164,ano,exclui,ano=2007;faixa=2010..
RS4165,ano,exclui,ano=2000;faixa=2010..
RS4166,ano,exclui,ano=1993;faixa=2010..
RS4167,ano,passa,ano=2010;faixa=2010..
RS4168,ano,exclui,ano=2009;faixa=2010..
RS4169,ano,exclui,ano=2009;faixa=2010..
RS4170,ano,exclui,ano=1968;faixa=2010..
RS4171,ano,exclui,ano=1978;faixa=2010..
RS4172,ano,exclui,ano=2007;faixa=2010..
RS4173,ano,exclui,ano=2002;faixa=2010..
RS4174,ano,exclui,ano=1971;faixa=2010..
RS4175,ano,exclui,ano=2003;faixa=2010..
RS4176,ano,exclui,ano=2008;faixa=2010..
RS4177,ano,passa,ano=2012;faixa=2010..
RS4178,ano,exclui,ano=1998;faixa=2010..
RS4179,ano,passa,ano=2014;faixa=2010..
RS4180,ano,exclui,ano=2004;faixa=2010..
RS4181,ano,exclui,ano=1992;faixa=2010..
RS4182,ano,exclui,ano=1897;faixa=2010..
RS4183,ano,passa,ano=2014;faixa=2010..
RS4184,ano,exclui,ano=1968;faixa=2010..
RS4185,ano,exclui,ano=2008;faixa=2010..
RS4186,ano,passa,ano=2013;faixa=2010..
RS4187,ano,exclui,ano=1999;faixa=2010..
RS4188,ano,exclui,ano=2008;faixa=2010..
RS4189,ano,exclui,ano=1998;faixa=2010..
RS4190,ano,passa,ano=2015;faixa=2010..
RS4191,ano,exclui,ano=1998;faixa=2010..
RS4192,ano,exclui,ano=1964;faixa=2010..
RS4193,ano,passa,ano=2013;faixa=2010..
RS4194,ano,exclui,ano=2006;faixa=2010..
RS4195,ano,exclui,ano=2005;faixa=2010..
RS4196,ano,exclui,ano=1982;faixa=2010..
RS4197,ano,exclui,ano=2009;faixa=2010..
RS4198,ano,exclui,ano=1994;faixa=2010..
RS4199,ano,exclui,ano=1988;faixa=2010..
RS4200,ano,exclui,ano=1996;faixa=2010..
RS4201,ano,passa,ano=2013;faixa=2010..
RS4202,ano,exclui,ano=1994;faixa=2010..
RS4203,ano,passa,ano=2013;faixa=2010..
RS4204,ano,exclui,ano=2007;faixa=2010..
RS4205,ano,exclui,ano=1986;faixa=2010..
RS4206,ano,exclui,ano=2008;faixa=2010..
RS4207,ano,exclui,ano=1990;faixa=2010..
RS4208,ano,passa,ano=2010;faixa=2010..
RS4209,ano,passa,ano=2014;faixa=2010..
RS4210,ano,exclui,ano=2008;faixa=2010..
RS4211,ano,exclui,ano=2005;faixa=2010..
RS4212,ano,passa,ano=2013;faixa=2010..
RS4213,ano,passa,ano=2011;faixa=2010..
RS4214,ano,passa,ano=2014;faixa=2010..
RS4215,ano,passa,ano=2011;faixa=2010..
RS4216,ano,exclui,ano=1996;faixa=2010..
RS4217,ano,exclui,ano=2009;faixa=2010..
RS4218,ano,exclui,ano=2008;faixa=2010..
RS4219,ano,exclui,ano=1994;faixa=2010..
RS4220,ano,passa,ano=2012;faixa=2010..
RS4221,ano,passa,ano=2011;faixa=2010..
RS4222,ano,exclui,ano=1996;faixa=2010..
RS4223,ano,exclui,ano=2009;faixa=2010..
RS4224,ano,exclui,ano=2002;faixa=2010..
RS4225,ano,passa,ano=2014;faixa=2010..
RS4226,ano,exclui,ano=1999;faixa=2010..
RS4227,ano,passa,ano=2014;faixa=2010..
RS4228,ano,passa,ano=2015;faixa=2010..
RS4229,ano,passa,ano=2014;faixa=2010..
RS4230,ano,passa,ano=2012;faixa=2010..
RS4231,ano,exclui,ano=1989;faixa=2010..
RS4232,ano,exclui,ano=2009;faixa=2010..
RS4233,ano,exclui,ano=2008;faixa=2010..
RS4234,ano,exclui,ano=1991;faixa=2010..
RS4235,ano,exclui,ano=2006;faixa=2010..
RS4236,ano,exclui,ano=1998;faixa=2010..
RS4237,ano,exclui,ano=2009;faixa=2010..
RS4238,ano,passa,ano=2010;faixa=2010..
RS4239,ano,passa,ano=2013;faixa=2010..
RS4240,ano,exclui,ano=1986;faixa=2010..
RS4241,ano,passa,ano=2013;faixa=2010..
RS4242,ano,passa,ano=2011;faixa=2010..
RS4243,ano,exclui,ano=1981;faixa=2010..
RS4244,ano,exclui,ano=2008;faixa=2010..
RS4245,ano,exclui,ano=1981;faixa=2010..
RS4246,ano,passa,ano=2017;faixa=2010..
RS4247,ano,passa,ano=2013;faixa=2010..
RS4248,ano,passa,ano=2011;faixa=2010..
RS4249,ano,passa,ano=2010;faixa=2010..
RS4250,ano,exclui,ano=2007;faixa=2010..
RS4251,ano,exclui,ano=1987;faixa=2010..
RS4252,ano,passa,ano=2015;faixa=2010..
RS4253,ano,exclui,ano=2005;faixa=2010..
RS4254,ano,passa,ano=2014;faixa=2010..
RS4255,ano,exclui,ano=2008;faixa=2010..
RS4256,ano,passa,ano=2010;faixa=2010..
RS4257,ano,exclui,ano=2002;faixa=2010..
RS4258,ano,passa,ano=2012;faixa=2010..
RS4259,ano,exclui,ano=1998;faixa=2010..
RS4260,ano,passa,ano=2012;faixa=2010..
RS4261,ano,passa,ano=2012;faixa=2010..
RS4262,ano,exclui,ano=2006;faixa=2010..
RS4263,ano,exclui,ano=2002;faixa=2010..
RS4264,ano,exclui,ano=2008;faixa=2010..
RS4265,ano,exclui,ano=2004;faixa=2010..
RS4266,ano,passa,ano=2011;faixa=2010..
RS4267,ano,passa,ano=2010;faixa=2010..
RS4268,ano,passa,ano=2011;faixa=2010..
RS4269,ano,passa,ano=2014;faixa=2010..
RS4270,ano,exclui,ano=2006;faixa=2010..
RS4271,ano,exclui,ano=2008;faixa=2010..
RS4272,ano,passa,ano=2015;faixa=2010..
RS4273,ano,exclui,ano=2002;faixa=2010..
RS4274,ano,passa,ano=2014;faixa=2010..
RS4275,ano,passa,ano=2013;faixa=2010..
RS4276,ano,exclui,ano=2006;faixa=2010..
RS4277,ano,exclui,ano=2009;faixa=2010..
RS4278,ano,exclui,ano=2006;faixa=2010..
RS4279,ano,passa,ano=2014;faixa=2010..
RS4280,ano,passa,ano=2012;faixa=2010..
RS4281,ano,passa,ano=2013;faixa=2010..
RS4282,ano,passa,ano=2011;faixa=2010..
RS4283,ano,exclui,ano=1988;faixa=2010..
RS4284,ano,exclui,ano=2007;faixa=2010..
RS4285,ano,exclui,ano=1999;faixa=2010..
RS4286,ano,passa,ano=2012;faixa=2010..
RS4287,ano,exclui,ano=2005;faixa=2010..
RS4288,ano,exclui,ano=2006;faixa=2010..
RS4289,ano,passa,ano=2010;faixa=2010..
RS4290,ano,exclui,ano=2004;faixa=2010..
RS4291,ano,exclui,ano=2004;faixa=2010..
RS4292,ano,exclui,ano=2009;faixa=2010..
RS4293,ano,passa,ano=2015;faixa=2010..
RS4294,ano,passa,ano=2010;faixa=2010..
RS4295,ano,passa,ano=2015;faixa=2010..
RS4296,ano,passa,ano=2015;faixa=2010..
RS4297,ano,passa,ano=2010;faixa=2010..
RS4298,ano,passa,ano=2015;faixa=2010..
RS4299,ano,passa,ano=2015;faixa=2010..
RS4300,ano,passa,ano=2016;faixa=2010..
RS4301,ano,passa,ano=2015;faixa=2010..
RS4302,ano,passa,ano=2013;faixa=2010..
RS4303,ano,exclui,ano=1986;faixa=2010..
RS4304,ano,exclui,ano=2001;faixa=2010..
RS4305,ano,exclui,ano=1993;faixa=2010..
RS4306,ano,exclui,ano=1979;faixa=2010..
RS4307,ano,passa,ano=2014;faixa=2010..
RS4308,ano,passa,ano=2015;faixa=2010..
RS4309,ano,exclui,ano=1986;faixa=2010..
RS4310,ano,passa,ano=2014;faixa=2010..
RS4311,ano,passa,ano=2016;faixa=2010..
RS4312,ano,passa,ano=2016;faixa=2010..
RS4313,ano,passa,ano=2015;faixa=2010..
RS4314,ano,exclui,ano=1986;faixa=2010..
RS4315,ano,passa,ano=2016;faixa=2010..
RS4316,ano,passa,ano=2016;faixa=2010..
RS4317,ano,exclui,ano=2009;faixa=2010..
RS4318,ano,exclui,ano=2006;faixa=2010..
RS4319,ano,exclui,ano=1955;faixa=2010..
RS4320,ano,passa,ano=2017;faixa=2010..
RS4321,ano,passa,ano=2016;faixa=2010..
RS4322,ano,passa,ano=2019;faixa=2010..
RS4323,ano,passa,ano=2017;faixa=2010..
RS4324,ano,passa,ano=2017;faixa=2010..
RS4325,ano,passa,ano=2017;faixa=2010..
RS4326,ano,passa,ano=2017;faixa=2010..
RS4327,ano,passa,ano=2017;faixa=2010..
RS4328,ano,passa,ano=2023;faixa=2010..
RS4329,ano,passa,ano=2017;faixa=2010..
RS4330,ano,passa,ano=2017;faixa=2010..
RS4331,ano,passa,ano=2017;faixa=2010..
RS4332,ano,passa,ano=2018;faixa=2010..
RS4333,ano,passa,ano=2018;faixa=2010..
RS4334,ano,passa,ano=2013;faixa=2010..
RS4335,ano,passa,ano=2019;faixa=2010..
RS4336,ano,exclui,ano=1999;faixa=2010..
RS4337,ano,passa,ano=2018;faixa=2010..
RS4338,ano,passa,ano=2019;faixa=2010..
RS4339,ano,passa,ano=2019;faixa=2010..
RS4340,ano,passa,ano=2019;faixa=2010..
RS4341,ano,passa,ano=2019;faixa=2010..
RS4342,ano,passa,ano=2018;faixa=2010..
RS4343,ano,passa,ano=2020;faixa=2010..
RS4344,ano,passa,ano=2014;faixa=2010..
RS4345,ano,passa,ano=2019;faixa=2010..
RS4346,ano,passa,ano=2019;faixa=2010..
RS4347,ano,passa,ano=2019;faixa=2010..
RS4348,ano,passa,ano=2020;faixa=2010..
RS4349,ano,passa,ano=2019;faixa=2010..
RS4350,ano,passa,ano=2019;faixa=2010..
RS4351,ano,passa,ano=2020;faixa=2010..
RS4352,ano,passa,ano=2020;faixa=2010..
RS4353,ano,passa,ano=2017;faixa=2010..
RS4354,ano,passa,ano=2020;faixa=2010..
RS4355,ano,passa,ano=2015;faixa=2010..
RS4356,ano,passa,ano=2020;faixa=2010..
RS4357,ano,passa,ano=2020;faixa=2010..
RS4358,ano,passa,ano=2020;faixa=2010..
RS4359,ano,passa,ano=2020;faixa=2010..
RS4360,ano,passa,ano=2020;faixa=2010..
RS4361,ano,passa,ano=2013;faixa=2010..
RS4362,ano,passa,ano=2024;faixa=2010..
RS4363,ano,passa,ano=2020;faixa=2010..
RS4364,ano,passa,ano=2020;faixa=2010..
RS4365,ano,passa,ano=2020;faixa=2010..
RS4366,ano,passa,ano=2020;faixa=2010..
RS4367,ano,passa,ano=2021;faixa=2010..
RS4368,ano,passa,ano=2011;faixa=2010..
RS4369,ano,passa,ano=2012;faixa=2010..
RS4370,ano,passa,ano=2017;faixa=2010..
RS4371,ano,passa,ano=2013;faixa=2010..
RS4372,ano,passa,ano=2019;faixa=2010..
RS4373,ano,passa,ano=2012;faixa=2010..
RS4374,ano,passa,ano=2016;faixa=2010..
RS4375,ano,passa,ano=2013;faixa=2010..
RS4376,ano,passa,ano=2019;faixa=2010..
RS4377,ano,passa,ano=2012;faixa=2010..
RS4378,ano,passa,ano=2011;faixa=2010..
RS4379,ano,passa,ano=2015;faixa=2010..
RS4380,ano,exclui,ano=2001;faixa=2010..
RS4381,ano,passa,ano=2013;faixa=2010..
RS4382,ano,passa,ano=2018;faixa=2010..
RS4383,ano,passa,ano=2021;faixa=2010..
RS4384,ano,passa,ano=2021;faixa=2010..
RS4385,ano,passa,ano=2016;faixa=2010..
RS4386,ano,passa,ano=2021;faixa=2010..
RS4387,ano,exclui,ano=2007;faixa=2010..
RS4388,ano,passa,ano=2021;faixa=2010..
RS4389,ano,passa,ano=2011;faixa=2010..
RS4390,ano,passa,ano=2024;faixa=2010..
RS4391,ano,passa,ano=2021;faixa=2010..
RS4392,ano,passa,ano=2021;faixa=2010..
RS4393,ano,passa,ano=2021;faixa=2010..
RS4394,ano,passa,ano=2021;faixa=2010..
RS4395,ano,passa,ano=2020;faixa=2010..
RS4396,ano,passa,ano=2021;faixa=2010..
RS4397,ano,passa,ano=2018;faixa=2010..
RS4398,ano,passa,ano=2021;faixa=2010..
RS4399,ano,passa,ano=2021;faixa=2010..
RS4400,ano,passa,ano=2021;faixa=2010..
RS4401,ano,passa,ano=2021;faixa=2010..
RS4402,ano,passa,ano=2021;faixa=2010..
RS4403,ano,passa,ano=2021;faixa=2010..
RS4404,ano,passa,ano=2021;faixa=2010..
RS4405,ano,passa,ano=2018;faixa=2010..
RS4406,ano,passa,ano=2021;faixa=2010..
RS4407,ano,passa,ano=2021;faixa=2010..
RS4408,ano,passa,ano=2021;faixa=2010..
RS4409,ano,passa,ano=2022;faixa=2010..
RS4410,ano,passa,ano=2022;faixa=2010..
RS4411,ano,passa,ano=2022;faixa=2010..
RS4412,ano,passa,ano=2022;faixa=2010..
RS4413,ano,passa,ano=2018;faixa=2010..
RS4414,ano,passa,ano=2022;faixa=2010..
RS4415,ano,passa,ano=2022;faixa=2010..
RS4416,ano,passa,ano=2022;faixa=2010..
RS4417,ano,passa,ano=2022;faixa=2010..
RS4418,ano,exclui,ano=1994;faixa=2010..
RS4419,ano,passa,ano=2019;faixa=2010..
RS4420,ano,exclui,ano=2006;faixa=2010..
RS4421,ano,passa,ano=2021;faixa=2010..
RS4422,ano,exclui,ano=2009;faixa=2010..
RS4423,ano,exclui,ano=2000;faixa=2010..
RS4424,ano,exclui,ano=1995;faixa=2010..
RS4425,ano,exclui,ano=2006;faixa=2010..
RS4426,ano,exclui,ano=1997;faixa=2010..
RS4427,ano,exclui,ano=2007;faixa=2010..
RS4428,ano,passa,ano=2014;faixa=2010..
RS4429,ano,exclui,ano=1999;faixa=2010..
RS4430,ano,passa,ano=2019;faixa=2010..
RS4431,ano,exclui,ano=2001;faixa=2010..
RS4432,ano,exclui,ano=2000;faixa=2010..
RS4433,ano,passa,ano=2016;faixa=2010..
RS4434,ano,passa,ano=2013;faixa=2010..
RS4435,ano,exclui,ano=1992;faixa=2010..
RS4436,ano,passa,ano=2017;faixa=2010..
RS4437,ano,exclui,ano=2003;faixa=2010..
RS4438,ano,passa,ano=2022;faixa=2010..
RS4439,ano,passa,ano=2022;faixa=2010..
RS4440,ano,passa,ano=2020;faixa=2010..
RS4441,ano,passa,ano=2022;faixa=2010..
RS4442,ano,passa,ano=2022;faixa=2010..
RS4443,ano,passa,ano=2022;faixa=2010..
RS4444,ano,passa,ano=2022;faixa=2010..
RS4445,ano,passa,ano=2022;faixa=2010..
RS4446,ano,sem_dado,ano_ausente
RS4447,ano,passa,ano=2022;faixa=2010..
RS4448,ano,passa,ano=2022;faixa=2010..
RS4449,ano,passa,ano=2015;faixa=2010..
RS4450,ano,passa,ano=2022;faixa=2010..
RS4451,ano,passa,ano=2022;faixa=2010..
RS4452,ano,passa,ano=2022;faixa=2010..
RS4453,ano,passa,ano=2022;faixa=2010..
RS4454,ano,passa,ano=2022;faixa=2010..
RS4455,ano,exclui,ano=1993;faixa=2010..
RS4456,ano,exclui,ano=2005;faixa=2010..
RS4457,ano,exclui,ano=1990;faixa=2010..
RS4458,ano,passa,ano=2010;faixa=2010..
RS4459,ano,passa,ano=2010;faixa=2010..
RS4460,ano,exclui,ano=2004;faixa=2010..
RS4461,ano,passa,ano=2022;faixa=2010..
RS4462,ano,passa,ano=2022;faixa=2010..
RS4463,ano,passa,ano=2022;faixa=2010..
RS4464,ano,passa,ano=2023;faixa=2010..
RS4465,ano,passa,ano=2023;faixa=2010..
RS4466,ano,passa,ano=2023;faixa=2010..
RS4467,ano,passa,ano=2023;faixa=2010..
RS4468,ano,passa,ano=2023;faixa=2010..
RS4469,ano,passa,ano=2023;faixa=2010..
RS4470,ano,passa,ano=2023;faixa=2010..
RS4471,ano,passa,ano=2023;faixa=2010..
RS4472,ano,passa,ano=2023;faixa=2010..
RS4473,ano,passa,ano=2024;faixa=2010..
RS4474,ano,passa,ano=2024;faixa=2010..
RS4475,ano,passa,ano=2024;faixa=2010..
RS4476,ano,passa,ano=2024;faixa=2010..
RS4477,ano,passa,ano=2024;faixa=2010..
RS4478,ano,passa,ano=2024;faixa=2010..
RS4479,ano,passa,ano=2024;faixa=2010..
RS4480,ano,passa,ano=2017;faixa=2010..
RS4481,ano,passa,ano=2024;faixa=2010..
RS4482,ano,passa,ano=2024;faixa=2010..
RS4483,ano,passa,ano=2024;faixa=2010..
RS4484,ano,passa,ano=2024;faixa=2010..
RS4485,ano,passa,ano=2024;faixa=2010..
RS4486,ano,passa,ano=2024;faixa=2010..
RS4487,ano,passa,ano=2025;faixa=2010..
RS4488,ano,passa,ano=2025;faixa=2010..
RS4489,ano,passa,ano=2025;faixa=2010..
RS4490,ano,passa,ano=2025;faixa=2010..
RS4491,ano,passa,ano=2025;faixa=2010..
RS4492,ano,passa,ano=2025;faixa=2010..
RS4493,ano,passa,ano=2024;faixa=2010..
RS4494,ano,passa,ano=2025;faixa=2010..
RS4495,ano,passa,ano=2025;faixa=2010..
RS4496,ano,passa,ano=2025;faixa=2010..
RS4497,ano,passa,ano=2025;faixa=2010..
RS4498,ano,passa,ano=2025;faixa=2010..
RS4499,ano,passa,ano=2025;faixa=2010..
RS4500,ano,passa,ano=2025;faixa=2010..
RS4501,ano,passa,ano=2025;faixa=2010..
RS4502,ano,passa,ano=2025;faixa=2010..
RS4503,ano,passa,ano=2025;faixa=2010..
RS4504,ano,passa,ano=2025;faixa=2010..
RS4505,ano,passa,ano=2025;faixa=2010..
RS4506,ano,passa,ano=2025;faixa=2010..
RS4507,ano,passa,ano=2025;faixa=2010..
RS4508,ano,passa,ano=2025;faixa=2010..
RS4509,ano,passa,ano=2025;faixa=2010..
RS4510,ano,passa,ano=2025;faixa=2010..
RS4511,ano,passa,ano=2026;faixa=2010..
RS4512,ano,passa,ano=2025;faixa=2010..
RS4513,ano,passa,ano=2025;faixa=2010..
RS4514,ano,passa,ano=2025;faixa=2010..
RS4515,ano,passa,ano=2026;faixa=2010..
RS4516,ano,passa,ano=2026;faixa=2010..
RS4517,ano,passa,ano=2026;faixa=2010..
RS4518,ano,passa,ano=2026;faixa=2010..
RS4519,ano,passa,ano=2026;faixa=2010..
RS4520,ano,passa,ano=2026;faixa=2010..
RS4521,ano,passa,ano=2026;faixa=2010..
RS4522,ano,passa,ano=2026;faixa=2010..
RS4523,ano,passa,ano=2026;faixa=2010..
RS4524,ano,passa,ano=2026;faixa=2010..
RS4525,ano,passa,ano=2026;faixa=2010..
RS4526,ano,passa,ano=2026;faixa=2010..
RS4527,ano,passa,ano=2026;faixa=2010..
RS4528,ano,passa,ano=2026;faixa=2010..
RS4529,ano,exclui,ano=2003;faixa=2010..
RS4530,ano,exclui,ano=2009;faixa=2010..
RS4531,ano,passa,ano=2014;faixa=2010..
RS4532,ano,exclui,ano=2000;faixa=2010..
RS4533,ano,exclui,ano=2007;faixa=2010..
RS4534,ano,passa,ano=2011;faixa=2010..
RS4535,ano,exclui,ano=2001;faixa=2010..
RS4536,ano,exclui,ano=1989;faixa=2010..
RS4537,ano,exclui,ano=1988;faixa=2010..
RS4538,ano,exclui,ano=1983;faixa=2010..
RS4539,ano,exclui,ano=1999;faixa=2010..
RS4540,ano,passa,ano=2013;faixa=2010..
RS4541,ano,exclui,ano=1996;faixa=2010..
RS4542,ano,passa,ano=2013;faixa=2010..
RS4543,ano,passa,ano=2010;faixa=2010..
RS4544,ano,exclui,ano=2000;faixa=2010..
RS4545,ano,passa,ano=2012;faixa=2010..
RS4546,ano,exclui,ano=1979;faixa=2010..
RS4547,ano,exclui,ano=2007;faixa=2010..
RS4548,ano,passa,ano=2011;faixa=2010..
RS4549,ano,exclui,ano=2006;faixa=2010..
RS4550,ano,exclui,ano=1986;faixa=2010..
RS4551,ano,exclui,ano=1999;faixa=2010..
RS4552,ano,exclui,ano=1987;faixa=2010..
RS4553,ano,exclui,ano=1997;faixa=2010..
RS4554,ano,exclui,ano=1991;faixa=2010..
RS4555,ano,exclui,ano=1995;faixa=2010..
RS4556,ano,exclui,ano=1958;faixa=2010..
RS4557,ano,exclui,ano=2005;faixa=2010..
RS4558,ano,exclui,ano=1997;faixa=2010..
RS4559,ano,exclui,ano=1996;faixa=2010..
RS4560,ano,exclui,ano=2002;faixa=2010..
RS4561,ano,exclui,ano=1996;faixa=2010..
RS4562,ano,exclui,ano=2004;faixa=2010..
RS4563,ano,passa,ano=2010;faixa=2010..
RS4564,ano,exclui,ano=2004;faixa=2010..
RS4565,ano,exclui,ano=2009;faixa=2010..
RS4566,ano,exclui,ano=1973;faixa=2010..
RS4567,ano,exclui,ano=1995;faixa=2010..
RS4568,ano,passa,ano=2012;faixa=2010..
RS4569,ano,exclui,ano=1994;faixa=2010..
RS4570,ano,exclui,ano=2008;faixa=2010..
RS4571,ano,exclui,ano=2009;faixa=2010..
RS4572,ano,exclui,ano=2009;faixa=2010..
RS4573,ano,exclui,ano=2005;faixa=2010..
RS4574,ano,passa,ano=2012;faixa=2010..
RS4575,ano,exclui,ano=1992;faixa=2010..
RS4576,ano,exclui,ano=1997;faixa=2010..
RS4577,ano,passa,ano=2012;faixa=2010..
RS4578,ano,passa,ano=2014;faixa=2010..
RS4579,ano,exclui,ano=2006;faixa=2010..
RS4580,ano,exclui,ano=2007;faixa=2010..
RS4581,ano,passa,ano=2015;faixa=2010..
RS4582,ano,exclui,ano=2006;faixa=2010..
RS4583,ano,exclui,ano=2007;faixa=2010..
RS4584,ano,exclui,ano=1998;faixa=2010..
RS4585,ano,exclui,ano=2009;faixa=2010..
RS4586,ano,exclui,ano=2008;faixa=2010..
RS4587,ano,passa,ano=2013;faixa=2010..
RS4588,ano,exclui,ano=2006;faixa=2010..
RS4589,ano,exclui,ano=2007;faixa=2010..
RS4590,ano,exclui,ano=1998;faixa=2010..
RS4591,ano,passa,ano=2010;faixa=2010..
RS4592,ano,exclui,ano=1994;faixa=2010..
RS4593,ano,passa,ano=2015;faixa=2010..
RS4594,ano,passa,ano=2012;faixa=2010..
RS4595,ano,passa,ano=2010;faixa=2010..
RS4596,ano,exclui,ano=1984;faixa=2010..
RS4597,ano,passa,ano=2017;faixa=2010..
RS4598,ano,passa,ano=2014;faixa=2010..
RS4599,ano,passa,ano=2015;faixa=2010..
RS4600,ano,exclui,ano=2002;faixa=2010..
RS4601,ano,exclui,ano=2002;faixa=2010..
RS4602,ano,exclui,ano=1998;faixa=2010..
RS4603,ano,exclui,ano=2008;faixa=2010..
RS4604,ano,exclui,ano=2006;faixa=2010..
RS4605,ano,exclui,ano=1996;faixa=2010..
RS4606,ano,passa,ano=2017;faixa=2010..
RS4607,ano,exclui,ano=2006;faixa=2010..
RS4608,ano,passa,ano=2017;faixa=2010..
RS4609,ano,passa,ano=2018;faixa=2010..
RS4610,ano,passa,ano=2021;faixa=2010..
RS4611,ano,passa,ano=2019;faixa=2010..
RS4612,ano,passa,ano=2018;faixa=2010..
RS4613,ano,passa,ano=2019;faixa=2010..
RS4614,ano,passa,ano=2019;faixa=2010..
RS4615,ano,exclui,ano=1948;faixa=2010..
RS4616,ano,passa,ano=2020;faixa=2010..
RS4617,ano,passa,ano=2020;faixa=2010..
RS4618,ano,exclui,ano=2007;faixa=2010..
RS4619,ano,passa,ano=2014;faixa=2010..
RS4620,ano,exclui,ano=1990;faixa=2010..
RS4621,ano,passa,ano=2016;faixa=2010..
RS4622,ano,passa,ano=2020;faixa=2010..
RS4623,ano,exclui,ano=2002;faixa=2010..
RS4624,ano,exclui,ano=2009;faixa=2010..
RS4625,ano,passa,ano=2013;faixa=2010..
RS4626,ano,exclui,ano=1982;faixa=2010..
RS4627,ano,passa,ano=2022;faixa=2010..
RS4628,ano,exclui,ano=1999;faixa=2010..
RS4629,ano,passa,ano=2023;faixa=2010..
RS4630,ano,passa,ano=2023;faixa=2010..
RS4631,ano,passa,ano=2024;faixa=2010..
RS4632,ano,passa,ano=2025;faixa=2010..
RS4633,ano,passa,ano=2025;faixa=2010..
RS4634,ano,passa,ano=2026;faixa=2010..
RS0388,tipo,passa,tipo=artigo
RS0510,tipo,passa,tipo=artigo
RS0656,tipo,passa,tipo=preprint
RS0845,tipo,passa,tipo=tese
RS1015,tipo,passa,tipo=artigo
RS1085,tipo,passa,tipo=artigo
RS1218,tipo,passa,tipo=artigo
RS1219,tipo,passa,tipo=artigo
RS1220,tipo,passa,tipo=artigo
RS1221,tipo,passa,tipo=artigo
RS1222,tipo,passa,tipo=artigo
RS1223,tipo,passa,tipo=tese
RS1224,tipo,passa,tipo=artigo
RS1225,tipo,passa,tipo=artigo
RS1226,tipo,passa,tipo=outro
RS1227,tipo,passa,tipo=tese
RS1228,tipo,passa,tipo=outro
RS1229,tipo,passa,tipo=outro
RS1230,tipo,passa,tipo=artigo
RS1231,tipo,passa,tipo=tese
RS1232,tipo,passa,tipo=artigo
RS1233,tipo,passa,tipo=artigo
RS1234,tipo,passa,tipo=artigo
RS1235,tipo,passa,tipo=artigo
RS1236,tipo,passa,tipo=artigo
RS1237,tipo,passa,tipo=artigo
RS1238,tipo,passa,tipo=artigo
RS1239,tipo,passa,tipo=evento
RS1240,tipo,passa,tipo=artigo
RS1241,tipo,passa,tipo=artigo
RS1242,tipo,passa,tipo=artigo
RS1243,tipo,passa,tipo=preprint
RS1244,tipo,passa,tipo=artigo
RS1245,tipo,passa,tipo=artigo
RS1246,tipo,passa,tipo=evento
RS1247,tipo,passa,tipo=artigo
RS1248,tipo,passa,tipo=artigo
RS1249,tipo,passa,tipo=artigo
RS1250,tipo,passa,tipo=preprint
RS1251,tipo,passa,tipo=livro
RS1252,tipo,passa,tipo=artigo
RS1254,tipo,passa,tipo=tese
RS1255,tipo,passa,tipo=artigo
RS1256,tipo,passa,tipo=artigo
RS1257,tipo,passa,tipo=tese
RS1258,tipo,passa,tipo=tese
RS1259,tipo,passa,tipo=tese
RS1260,tipo,passa,tipo=tese
RS1261,tipo,passa,tipo=tese
RS1262,tipo,passa,tipo=artigo
RS1263,tipo,passa,tipo=artigo
RS1264,tipo,passa,tipo=relatorio
RS1265,tipo,passa,tipo=relatorio
RS1266,tipo,passa,tipo=relatorio
RS1267,tipo,passa,tipo=relatorio
RS1268,tipo,passa,tipo=artigo
RS1269,tipo,passa,tipo=evento
RS1270,tipo,passa,tipo=tese
RS1271,tipo,passa,tipo=artigo
RS1272,tipo,passa,tipo=evento
RS1273,tipo,passa,tipo=artigo
RS1274,tipo,passa,tipo=preprint
RS1275,tipo,passa,tipo=artigo
RS1276,tipo,passa,tipo=artigo
RS1277,tipo,passa,tipo=tese
RS1278,tipo,passa,tipo=artigo
RS1279,tipo,passa,tipo=artigo
RS1280,tipo,passa,tipo=artigo
RS1281,tipo,passa,tipo=artigo
RS1282,tipo,passa,tipo=artigo
RS1283,tipo,passa,tipo=artigo
RS1284,tipo,passa,tipo=tese
RS1285,tipo,passa,tipo=artigo
RS1286,tipo,passa,tipo=artigo
RS1287,tipo,passa,tipo=artigo
RS1288,tipo,passa,tipo=artigo
RS1289,tipo,passa,tipo=tese
RS1290,tipo,etiqueta,tipo=editorial
RS1291,tipo,passa,tipo=artigo
RS1292,tipo,passa,tipo=artigo
RS1293,tipo,passa,tipo=tese
RS1294,tipo,passa,tipo=artigo
RS1295,tipo,passa,tipo=evento
RS1296,tipo,passa,tipo=tese
RS1297,tipo,passa,tipo=artigo
RS1298,tipo,passa,tipo=tese
RS1299,tipo,passa,tipo=tese
RS1300,tipo,passa,tipo=tese
RS1301,tipo,passa,tipo=evento
RS1303,tipo,passa,tipo=evento
RS1304,tipo,passa,tipo=artigo
RS1305,tipo,passa,tipo=tese
RS1306,tipo,passa,tipo=artigo
RS1307,tipo,passa,tipo=artigo
RS1308,tipo,passa,tipo=tese
RS1309,tipo,passa,tipo=artigo
RS1310,tipo,passa,tipo=artigo
RS1311,tipo,passa,tipo=evento
RS1312,tipo,passa,tipo=tese
RS1313,tipo,passa,tipo=artigo
RS1314,tipo,passa,tipo=artigo
RS1315,tipo,passa,tipo=tese
RS1316,tipo,passa,tipo=tese
RS1317,tipo,passa,tipo=artigo
RS1318,tipo,passa,tipo=tese
RS1319,tipo,passa,tipo=artigo
RS1320,tipo,passa,tipo=tese
RS1321,tipo,passa,tipo=tese
RS1322,tipo,passa,tipo=capitulo
RS1323,tipo,passa,tipo=artigo
RS1324,tipo,passa,tipo=tese
RS1325,tipo,passa,tipo=tese
RS1326,tipo,passa,tipo=capitulo
RS1327,tipo,passa,tipo=artigo
RS1328,tipo,passa,tipo=tese
RS1329,tipo,passa,tipo=artigo
RS1330,tipo,passa,tipo=artigo
RS1332,tipo,passa,tipo=artigo
RS1333,tipo,passa,tipo=artigo
RS1334,tipo,passa,tipo=artigo
RS1335,tipo,passa,tipo=artigo
RS1336,tipo,passa,tipo=artigo
RS1337,tipo,passa,tipo=artigo
RS1338,tipo,passa,tipo=artigo
RS1339,tipo,passa,tipo=artigo
RS1340,tipo,passa,tipo=artigo
RS1341,tipo,passa,tipo=artigo
RS1342,tipo,passa,tipo=artigo
RS1343,tipo,passa,tipo=artigo
RS1344,tipo,passa,tipo=artigo
RS1345,tipo,passa,tipo=artigo
RS1346,tipo,passa,tipo=artigo
RS1347,tipo,passa,tipo=artigo
RS1348,tipo,passa,tipo=artigo
RS1349,tipo,passa,tipo=artigo
RS1350,tipo,passa,tipo=artigo
RS1352,tipo,passa,tipo=outro
RS1353,tipo,passa,tipo=outro
RS1354,tipo,passa,tipo=artigo
RS1356,tipo,passa,tipo=artigo
RS1357,tipo,passa,tipo=artigo
RS1358,tipo,passa,tipo=artigo
RS1359,tipo,passa,tipo=livro
RS1360,tipo,passa,tipo=artigo
RS1362,tipo,passa,tipo=artigo
RS1363,tipo,passa,tipo=artigo
RS1364,tipo,passa,tipo=outro
RS1365,tipo,passa,tipo=artigo
RS1366,tipo,passa,tipo=artigo
RS1367,tipo,passa,tipo=artigo
RS1368,tipo,passa,tipo=artigo
RS1369,tipo,passa,tipo=tese
RS1370,tipo,passa,tipo=artigo
RS1371,tipo,passa,tipo=artigo
RS1372,tipo,passa,tipo=artigo
RS1373,tipo,passa,tipo=artigo
RS1374,tipo,passa,tipo=artigo
RS1375,tipo,passa,tipo=artigo
RS1377,tipo,passa,tipo=artigo
RS1378,tipo,passa,tipo=artigo
RS1379,tipo,passa,tipo=artigo
RS1380,tipo,passa,tipo=artigo
RS1381,tipo,passa,tipo=capitulo
RS1382,tipo,passa,tipo=artigo
RS1383,tipo,passa,tipo=capitulo
RS1384,tipo,passa,tipo=livro
RS1385,tipo,passa,tipo=capitulo
RS1386,tipo,passa,tipo=artigo
RS1387,tipo,passa,tipo=artigo
RS1388,tipo,passa,tipo=artigo
RS1389,tipo,passa,tipo=tese
RS1390,tipo,passa,tipo=artigo
RS1391,tipo,passa,tipo=artigo
RS1392,tipo,passa,tipo=artigo
RS1393,tipo,passa,tipo=livro
RS1394,tipo,passa,tipo=artigo
RS1395,tipo,passa,tipo=artigo
RS1396,tipo,passa,tipo=artigo
RS1397,tipo,passa,tipo=artigo
RS1398,tipo,passa,tipo=artigo
RS1399,tipo,passa,tipo=artigo
RS1400,tipo,passa,tipo=tese
RS1401,tipo,passa,tipo=tese
RS1402,tipo,passa,tipo=artigo
RS1403,tipo,passa,tipo=artigo
RS1404,tipo,passa,tipo=artigo
RS1405,tipo,passa,tipo=artigo
RS1406,tipo,passa,tipo=capitulo
RS1407,tipo,passa,tipo=capitulo
RS1408,tipo,passa,tipo=capitulo
RS1409,tipo,passa,tipo=capitulo
RS1410,tipo,passa,tipo=capitulo
RS1411,tipo,passa,tipo=capitulo
RS1412,tipo,passa,tipo=capitulo
RS1413,tipo,passa,tipo=capitulo
RS1414,tipo,passa,tipo=capitulo
RS1415,tipo,passa,tipo=capitulo
RS1416,tipo,passa,tipo=capitulo
RS1417,tipo,passa,tipo=capitulo
RS1418,tipo,passa,tipo=capitulo
RS1419,tipo,passa,tipo=capitulo
RS1420,tipo,passa,tipo=capitulo
RS1421,tipo,passa,tipo=capitulo
RS1422,tipo,passa,tipo=capitulo
RS1423,tipo,passa,tipo=capitulo
RS1424,tipo,passa,tipo=capitulo
RS1425,tipo,passa,tipo=capitulo
RS1426,tipo,passa,tipo=capitulo
RS1427,tipo,passa,tipo=capitulo
RS1428,tipo,passa,tipo=capitulo
RS1429,tipo,passa,tipo=capitulo
RS1430,tipo,passa,tipo=capitulo
RS1431,tipo,passa,tipo=capitulo
RS1432,tipo,passa,tipo=capitulo
RS1433,tipo,passa,tipo=capitulo
RS1434,tipo,passa,tipo=capitulo
RS1435,tipo,passa,tipo=capitulo
RS1436,tipo,passa,tipo=livro
RS1437,tipo,passa,tipo=capitulo
RS1438,tipo,passa,tipo=capitulo
RS1439,tipo,passa,tipo=capitulo
RS1440,tipo,passa,tipo=capitulo
RS1441,tipo,passa,tipo=capitulo
RS1442,tipo,passa,tipo=capitulo
RS1443,tipo,passa,tipo=capitulo
RS1444,tipo,passa,tipo=artigo
RS1445,tipo,passa,tipo=capitulo
RS1446,tipo,passa,tipo=capitulo
RS1447,tipo,passa,tipo=artigo
RS1448,tipo,passa,tipo=artigo
RS1449,tipo,passa,tipo=livro
RS1450,tipo,etiqueta,tipo=editorial
RS1451,tipo,passa,tipo=evento
RS1452,tipo,passa,tipo=livro
RS1453,tipo,passa,tipo=artigo
RS1454,tipo,passa,tipo=artigo
RS1455,tipo,passa,tipo=artigo
RS1456,tipo,passa,tipo=artigo
RS1457,tipo,passa,tipo=tese
RS1461,tipo,passa,tipo=dissertacao
RS1462,tipo,passa,tipo=tese
RS1463,tipo,passa,tipo=dissertacao
RS1464,tipo,passa,tipo=dissertacao
RS1466,tipo,passa,tipo=dissertacao
RS1467,tipo,passa,tipo=dissertacao
RS1469,tipo,passa,tipo=tese
RS1471,tipo,passa,tipo=dissertacao
RS1473,tipo,passa,tipo=dissertacao
RS1474,tipo,passa,tipo=dissertacao
RS1475,tipo,passa,tipo=dissertacao
RS1476,tipo,passa,tipo=dissertacao
RS1480,tipo,passa,tipo=dissertacao
RS1481,tipo,passa,tipo=dissertacao
RS1482,tipo,passa,tipo=tese
RS1483,tipo,passa,tipo=tese
RS1484,tipo,passa,tipo=tese
RS1485,tipo,passa,tipo=dissertacao
RS1486,tipo,passa,tipo=dissertacao
RS1487,tipo,passa,tipo=tese
RS1488,tipo,passa,tipo=tese
RS1489,tipo,passa,tipo=dissertacao
RS1490,tipo,passa,tipo=dissertacao
RS1491,tipo,passa,tipo=tese
RS1493,tipo,passa,tipo=dissertacao
RS1494,tipo,passa,tipo=tese
RS1495,tipo,passa,tipo=dissertacao
RS1496,tipo,passa,tipo=dissertacao
RS1497,tipo,passa,tipo=dissertacao
RS1498,tipo,passa,tipo=dissertacao
RS1499,tipo,passa,tipo=dissertacao
RS1500,tipo,passa,tipo=tese
RS1501,tipo,passa,tipo=tese
RS1502,tipo,passa,tipo=dissertacao
RS1503,tipo,passa,tipo=dissertacao
RS1504,tipo,passa,tipo=dissertacao
RS1505,tipo,passa,tipo=tese
RS1506,tipo,passa,tipo=dissertacao
RS1507,tipo,passa,tipo=dissertacao
RS1508,tipo,passa,tipo=tese
RS1509,tipo,passa,tipo=dissertacao
RS1510,tipo,passa,tipo=dissertacao
RS1511,tipo,passa,tipo=dissertacao
RS1512,tipo,passa,tipo=dissertacao
RS1513,tipo,passa,tipo=dissertacao
RS1514,tipo,passa,tipo=tese
RS1515,tipo,passa,tipo=tese
RS1516,tipo,passa,tipo=dissertacao
RS1517,tipo,passa,tipo=dissertacao
RS1518,tipo,passa,tipo=dissertacao
RS1519,tipo,passa,tipo=dissertacao
RS1520,tipo,passa,tipo=tese
RS1521,tipo,passa,tipo=artigo
RS1522,tipo,passa,tipo=artigo
RS1523,tipo,passa,tipo=artigo
RS1524,tipo,passa,tipo=artigo
RS1525,tipo,passa,tipo=artigo
RS1526,tipo,passa,tipo=artigo
RS1527,tipo,passa,tipo=artigo
RS1528,tipo,passa,tipo=artigo
RS1529,tipo,passa,tipo=artigo
RS1531,tipo,passa,tipo=evento
RS1532,tipo,passa,tipo=artigo
RS1533,tipo,passa,tipo=artigo
RS1534,tipo,passa,tipo=artigo
RS1535,tipo,passa,tipo=preprint
RS1536,tipo,passa,tipo=artigo
RS1537,tipo,passa,tipo=artigo
RS1538,tipo,passa,tipo=artigo
RS1539,tipo,passa,tipo=artigo
RS1541,tipo,passa,tipo=artigo
RS1542,tipo,passa,tipo=artigo
RS1544,tipo,passa,tipo=evento
RS1545,tipo,passa,tipo=livro
RS1546,tipo,passa,tipo=preprint
RS1547,tipo,passa,tipo=preprint
RS1548,tipo,passa,tipo=artigo
RS1549,tipo,passa,tipo=evento
RS1551,tipo,passa,tipo=artigo
RS1553,tipo,passa,tipo=artigo
RS1554,tipo,passa,tipo=artigo
RS1556,tipo,passa,tipo=artigo
RS1557,tipo,passa,tipo=preprint
RS1558,tipo,passa,tipo=artigo
RS1559,tipo,passa,tipo=capitulo
RS1560,tipo,passa,tipo=artigo
RS1561,tipo,passa,tipo=artigo
RS1562,tipo,passa,tipo=artigo
RS1563,tipo,passa,tipo=artigo
RS1564,tipo,passa,tipo=artigo
RS1565,tipo,passa,tipo=artigo
RS1566,tipo,passa,tipo=artigo
RS1567,tipo,passa,tipo=artigo
RS1568,tipo,passa,tipo=artigo
RS1569,tipo,passa,tipo=artigo
RS1570,tipo,passa,tipo=artigo
RS1571,tipo,passa,tipo=artigo
RS1572,tipo,passa,tipo=evento
RS1573,tipo,passa,tipo=artigo
RS1574,tipo,passa,tipo=artigo
RS1575,tipo,passa,tipo=preprint
RS1576,tipo,passa,tipo=artigo
RS1577,tipo,passa,tipo=artigo
RS1578,tipo,passa,tipo=artigo
RS1579,tipo,passa,tipo=artigo
RS1580,tipo,passa,tipo=artigo
RS1581,tipo,passa,tipo=artigo
RS1582,tipo,passa,tipo=artigo
RS1583,tipo,passa,tipo=artigo
RS1584,tipo,passa,tipo=artigo
RS1585,tipo,passa,tipo=artigo
RS1586,tipo,passa,tipo=evento
RS1587,tipo,passa,tipo=artigo
RS1589,tipo,passa,tipo=artigo
RS1590,tipo,passa,tipo=artigo
RS1591,tipo,passa,tipo=artigo
RS1592,tipo,passa,tipo=artigo
RS1593,tipo,passa,tipo=artigo
RS1594,tipo,passa,tipo=artigo
RS1595,tipo,passa,tipo=artigo
RS1596,tipo,passa,tipo=artigo
RS1597,tipo,passa,tipo=preprint
RS1598,tipo,passa,tipo=artigo
RS1599,tipo,passa,tipo=artigo
RS1600,tipo,passa,tipo=artigo
RS1601,tipo,passa,tipo=artigo
RS1602,tipo,passa,tipo=artigo
RS1604,tipo,passa,tipo=artigo
RS1605,tipo,passa,tipo=artigo
RS1606,tipo,passa,tipo=artigo
RS1607,tipo,passa,tipo=evento
RS1608,tipo,passa,tipo=artigo
RS1609,tipo,passa,tipo=artigo
RS1610,tipo,passa,tipo=artigo
RS1611,tipo,passa,tipo=artigo
RS1612,tipo,passa,tipo=artigo
RS1613,tipo,passa,tipo=artigo
RS1614,tipo,passa,tipo=artigo
RS1615,tipo,passa,tipo=artigo
RS1616,tipo,passa,tipo=artigo
RS1617,tipo,passa,tipo=artigo
RS1618,tipo,passa,tipo=artigo
RS1619,tipo,passa,tipo=artigo
RS1620,tipo,passa,tipo=capitulo
RS1621,tipo,passa,tipo=artigo
RS1622,tipo,passa,tipo=tese
RS1623,tipo,passa,tipo=artigo
RS1625,tipo,passa,tipo=artigo
RS1627,tipo,passa,tipo=relatorio
RS1628,tipo,passa,tipo=artigo
RS1629,tipo,passa,tipo=preprint
RS1630,tipo,passa,tipo=artigo
RS1631,tipo,passa,tipo=artigo
RS1632,tipo,passa,tipo=artigo
RS1633,tipo,passa,tipo=artigo
RS1634,tipo,passa,tipo=artigo
RS1636,tipo,passa,tipo=artigo
RS1637,tipo,passa,tipo=outro
RS1638,tipo,passa,tipo=artigo
RS1639,tipo,passa,tipo=artigo
RS1640,tipo,passa,tipo=artigo
RS1641,tipo,passa,tipo=artigo
RS1642,tipo,passa,tipo=capitulo
RS1643,tipo,passa,tipo=outro
RS1644,tipo,passa,tipo=artigo
RS1645,tipo,passa,tipo=artigo
RS1646,tipo,passa,tipo=preprint
RS1647,tipo,passa,tipo=artigo
RS1648,tipo,passa,tipo=evento
RS1649,tipo,passa,tipo=capitulo
RS1650,tipo,passa,tipo=artigo
RS1651,tipo,passa,tipo=artigo
RS1652,tipo,passa,tipo=artigo
RS1653,tipo,passa,tipo=artigo
RS1654,tipo,passa,tipo=capitulo
RS1656,tipo,passa,tipo=artigo
RS1657,tipo,passa,tipo=artigo
RS1658,tipo,passa,tipo=artigo
RS1659,tipo,passa,tipo=outro
RS1660,tipo,passa,tipo=artigo
RS1661,tipo,passa,tipo=artigo
RS1662,tipo,passa,tipo=artigo
RS1663,tipo,passa,tipo=artigo
RS1664,tipo,passa,tipo=artigo
RS1665,tipo,passa,tipo=artigo
RS1666,tipo,passa,tipo=artigo
RS1667,tipo,passa,tipo=artigo
RS1668,tipo,passa,tipo=artigo
RS1669,tipo,passa,tipo=artigo
RS1670,tipo,passa,tipo=preprint
RS1671,tipo,passa,tipo=evento
RS1672,tipo,passa,tipo=outro
RS1673,tipo,passa,tipo=preprint
RS1674,tipo,passa,tipo=artigo
RS1675,tipo,passa,tipo=artigo
RS1676,tipo,passa,tipo=artigo
RS1677,tipo,passa,tipo=artigo
RS1678,tipo,passa,tipo=preprint
RS1679,tipo,passa,tipo=artigo
RS1680,tipo,passa,tipo=artigo
RS1681,tipo,passa,tipo=relatorio
RS1682,tipo,etiqueta,tipo=editorial
RS1683,tipo,passa,tipo=artigo
RS1684,tipo,passa,tipo=preprint
RS1685,tipo,passa,tipo=capitulo
RS1687,tipo,passa,tipo=preprint
RS1688,tipo,passa,tipo=artigo
RS1689,tipo,passa,tipo=tese
RS1690,tipo,passa,tipo=artigo
RS1691,tipo,passa,tipo=artigo
RS1692,tipo,passa,tipo=artigo
RS1693,tipo,passa,tipo=artigo
RS1694,tipo,passa,tipo=relatorio
RS1695,tipo,passa,tipo=artigo
RS1696,tipo,passa,tipo=artigo
RS1697,tipo,passa,tipo=preprint
RS1698,tipo,passa,tipo=artigo
RS1699,tipo,passa,tipo=artigo
RS1700,tipo,passa,tipo=artigo
RS1701,tipo,passa,tipo=artigo
RS1702,tipo,passa,tipo=artigo
RS1703,tipo,passa,tipo=artigo
RS1704,tipo,passa,tipo=artigo
RS1705,tipo,passa,tipo=artigo
RS1706,tipo,passa,tipo=artigo
RS1707,tipo,passa,tipo=artigo
RS1708,tipo,passa,tipo=preprint
RS1709,tipo,passa,tipo=artigo
RS1710,tipo,passa,tipo=preprint
RS1711,tipo,passa,tipo=artigo
RS1712,tipo,passa,tipo=artigo
RS1713,tipo,passa,tipo=artigo
RS1714,tipo,passa,tipo=artigo
RS1715,tipo,passa,tipo=preprint
RS1716,tipo,passa,tipo=artigo
RS1717,tipo,passa,tipo=artigo
RS1718,tipo,passa,tipo=artigo
RS1719,tipo,passa,tipo=artigo
RS1722,tipo,passa,tipo=artigo
RS1723,tipo,passa,tipo=artigo
RS1725,tipo,passa,tipo=preprint
RS1726,tipo,passa,tipo=capitulo
RS1727,tipo,passa,tipo=capitulo
RS1728,tipo,passa,tipo=artigo
RS1729,tipo,passa,tipo=artigo
RS1730,tipo,passa,tipo=artigo
RS1731,tipo,passa,tipo=capitulo
RS1734,tipo,passa,tipo=artigo
RS1735,tipo,passa,tipo=artigo
RS1736,tipo,passa,tipo=outro
RS1737,tipo,passa,tipo=evento
RS1738,tipo,passa,tipo=artigo
RS1739,tipo,passa,tipo=artigo
RS1740,tipo,passa,tipo=outro
RS1742,tipo,passa,tipo=artigo
RS1743,tipo,passa,tipo=evento
RS1744,tipo,passa,tipo=artigo
RS1745,tipo,passa,tipo=artigo
RS1746,tipo,passa,tipo=evento
RS1748,tipo,passa,tipo=artigo
RS1749,tipo,passa,tipo=capitulo
RS1750,tipo,passa,tipo=artigo
RS1751,tipo,passa,tipo=artigo
RS1752,tipo,passa,tipo=tese
RS1753,tipo,passa,tipo=evento
RS1754,tipo,passa,tipo=artigo
RS1755,tipo,passa,tipo=preprint
RS1756,tipo,passa,tipo=outro
RS1757,tipo,passa,tipo=artigo
RS1758,tipo,passa,tipo=artigo
RS1759,tipo,passa,tipo=preprint
RS1760,tipo,passa,tipo=artigo
RS1763,tipo,passa,tipo=artigo
RS1764,tipo,passa,tipo=artigo
RS1765,tipo,passa,tipo=artigo
RS1766,tipo,passa,tipo=outro
RS1767,tipo,passa,tipo=artigo
RS1770,tipo,passa,tipo=artigo
RS1771,tipo,passa,tipo=capitulo
RS1772,tipo,passa,tipo=relatorio
RS1773,tipo,passa,tipo=artigo
RS1775,tipo,passa,tipo=artigo
RS1776,tipo,passa,tipo=artigo
RS1777,tipo,passa,tipo=artigo
RS1778,tipo,passa,tipo=artigo
RS1779,tipo,passa,tipo=livro
RS1780,tipo,passa,tipo=preprint
RS1781,tipo,passa,tipo=artigo
RS1782,tipo,passa,tipo=relatorio
RS1783,tipo,passa,tipo=relatorio
RS1784,tipo,passa,tipo=capitulo
RS1785,tipo,passa,tipo=capitulo
RS1786,tipo,passa,tipo=artigo
RS1787,tipo,passa,tipo=artigo
RS1788,tipo,passa,tipo=artigo
RS1789,tipo,passa,tipo=artigo
RS1790,tipo,passa,tipo=outro
RS1791,tipo,passa,tipo=artigo
RS1792,tipo,passa,tipo=evento
RS1793,tipo,passa,tipo=artigo
RS1794,tipo,passa,tipo=capitulo
RS1795,tipo,passa,tipo=evento
RS1796,tipo,passa,tipo=artigo
RS1797,tipo,passa,tipo=tese
RS1798,tipo,passa,tipo=livro
RS1799,tipo,passa,tipo=preprint
RS1800,tipo,passa,tipo=artigo
RS1801,tipo,passa,tipo=preprint
RS1802,tipo,passa,tipo=evento
RS1803,tipo,passa,tipo=artigo
RS1805,tipo,passa,tipo=artigo
RS1806,tipo,passa,tipo=artigo
RS1807,tipo,passa,tipo=artigo
RS1808,tipo,passa,tipo=artigo
RS1809,tipo,passa,tipo=artigo
RS1812,tipo,passa,tipo=artigo
RS1813,tipo,passa,tipo=artigo
RS1814,tipo,passa,tipo=artigo
RS1815,tipo,passa,tipo=artigo
RS1816,tipo,passa,tipo=artigo
RS1817,tipo,passa,tipo=artigo
RS1819,tipo,passa,tipo=artigo
RS1820,tipo,passa,tipo=preprint
RS1821,tipo,passa,tipo=artigo
RS1822,tipo,passa,tipo=artigo
RS1823,tipo,passa,tipo=artigo
RS1824,tipo,passa,tipo=artigo
RS1825,tipo,passa,tipo=artigo
RS1826,tipo,passa,tipo=artigo
RS1827,tipo,passa,tipo=artigo
RS1828,tipo,passa,tipo=artigo
RS1830,tipo,passa,tipo=outro
RS1831,tipo,passa,tipo=artigo
RS1832,tipo,passa,tipo=artigo
RS1833,tipo,passa,tipo=artigo
RS1834,tipo,passa,tipo=artigo
RS1835,tipo,passa,tipo=evento
RS1836,tipo,passa,tipo=artigo
RS1837,tipo,passa,tipo=outro
RS1838,tipo,passa,tipo=tese
RS1839,tipo,passa,tipo=tese
RS1840,tipo,passa,tipo=artigo
RS1841,tipo,passa,tipo=artigo
RS1842,tipo,passa,tipo=artigo
RS1843,tipo,passa,tipo=livro
RS1845,tipo,etiqueta,tipo=editorial
RS1846,tipo,passa,tipo=capitulo
RS1847,tipo,passa,tipo=artigo
RS1849,tipo,passa,tipo=artigo
RS1850,tipo,passa,tipo=artigo
RS1851,tipo,passa,tipo=outro
RS1852,tipo,passa,tipo=artigo
RS1853,tipo,passa,tipo=outro
RS1854,tipo,passa,tipo=outro
RS1856,tipo,passa,tipo=artigo
RS1857,tipo,passa,tipo=artigo
RS1858,tipo,passa,tipo=outro
RS1859,tipo,passa,tipo=artigo
RS1860,tipo,passa,tipo=outro
RS1861,tipo,passa,tipo=artigo
RS1863,tipo,passa,tipo=artigo
RS1864,tipo,passa,tipo=outro
RS1865,tipo,passa,tipo=preprint
RS1866,tipo,passa,tipo=preprint
RS1867,tipo,passa,tipo=artigo
RS1868,tipo,passa,tipo=artigo
RS1869,tipo,passa,tipo=artigo
RS1870,tipo,passa,tipo=artigo
RS1871,tipo,passa,tipo=artigo
RS1872,tipo,passa,tipo=artigo
RS1873,tipo,passa,tipo=preprint
RS1874,tipo,passa,tipo=artigo
RS1875,tipo,passa,tipo=artigo
RS1876,tipo,passa,tipo=artigo
RS1877,tipo,passa,tipo=preprint
RS1879,tipo,passa,tipo=capitulo
RS1880,tipo,passa,tipo=preprint
RS1881,tipo,passa,tipo=artigo
RS1882,tipo,passa,tipo=capitulo
RS1883,tipo,passa,tipo=artigo
RS1884,tipo,passa,tipo=preprint
RS1885,tipo,passa,tipo=preprint
RS1886,tipo,passa,tipo=artigo
RS1887,tipo,passa,tipo=outro
RS1888,tipo,passa,tipo=preprint
RS1889,tipo,passa,tipo=capitulo
RS1890,tipo,passa,tipo=artigo
RS1891,tipo,passa,tipo=capitulo
RS1892,tipo,passa,tipo=artigo
RS1893,tipo,passa,tipo=preprint
RS1894,tipo,passa,tipo=evento
RS1895,tipo,passa,tipo=artigo
RS1896,tipo,passa,tipo=artigo
RS1897,tipo,passa,tipo=artigo
RS1898,tipo,passa,tipo=artigo
RS1899,tipo,passa,tipo=artigo
RS1900,tipo,passa,tipo=artigo
RS1901,tipo,passa,tipo=tese
RS1902,tipo,passa,tipo=artigo
RS1903,tipo,passa,tipo=preprint
RS1904,tipo,passa,tipo=capitulo
RS1905,tipo,passa,tipo=artigo
RS1906,tipo,passa,tipo=preprint
RS1907,tipo,passa,tipo=artigo
RS1908,tipo,passa,tipo=artigo
RS1909,tipo,passa,tipo=artigo
RS1910,tipo,passa,tipo=artigo
RS1911,tipo,passa,tipo=capitulo
RS1912,tipo,passa,tipo=artigo
RS1914,tipo,passa,tipo=artigo
RS1915,tipo,passa,tipo=artigo
RS1916,tipo,passa,tipo=outro
RS1917,tipo,passa,tipo=artigo
RS1918,tipo,passa,tipo=capitulo
RS1919,tipo,passa,tipo=artigo
RS1920,tipo,passa,tipo=artigo
RS1921,tipo,passa,tipo=evento
RS1922,tipo,passa,tipo=artigo
RS1923,tipo,passa,tipo=preprint
RS1924,tipo,passa,tipo=livro
RS1925,tipo,passa,tipo=artigo
RS1926,tipo,passa,tipo=artigo
RS1927,tipo,passa,tipo=artigo
RS1928,tipo,passa,tipo=artigo
RS1929,tipo,passa,tipo=artigo
RS1931,tipo,passa,tipo=livro
RS1932,tipo,passa,tipo=artigo
RS1933,tipo,passa,tipo=outro
RS1934,tipo,passa,tipo=outro
RS1935,tipo,passa,tipo=artigo
RS1936,tipo,passa,tipo=artigo
RS1937,tipo,passa,tipo=artigo
RS1938,tipo,passa,tipo=artigo
RS1939,tipo,passa,tipo=artigo
RS1940,tipo,passa,tipo=artigo
RS1941,tipo,passa,tipo=capitulo
RS1942,tipo,passa,tipo=artigo
RS1943,tipo,passa,tipo=artigo
RS1945,tipo,passa,tipo=outro
RS1946,tipo,passa,tipo=artigo
RS1948,tipo,passa,tipo=artigo
RS1949,tipo,passa,tipo=capitulo
RS1950,tipo,passa,tipo=relatorio
RS1951,tipo,passa,tipo=capitulo
RS1952,tipo,passa,tipo=evento
RS1953,tipo,passa,tipo=artigo
RS1956,tipo,passa,tipo=evento
RS1957,tipo,passa,tipo=artigo
RS1958,tipo,passa,tipo=artigo
RS1959,tipo,passa,tipo=artigo
RS1960,tipo,passa,tipo=artigo
RS1961,tipo,passa,tipo=artigo
RS1962,tipo,passa,tipo=artigo
RS1963,tipo,passa,tipo=artigo
RS1964,tipo,passa,tipo=preprint
RS1965,tipo,passa,tipo=artigo
RS1966,tipo,passa,tipo=artigo
RS1967,tipo,passa,tipo=artigo
RS1968,tipo,passa,tipo=artigo
RS1970,tipo,passa,tipo=artigo
RS1971,tipo,passa,tipo=livro
RS1972,tipo,passa,tipo=artigo
RS1974,tipo,passa,tipo=artigo
RS1975,tipo,passa,tipo=artigo
RS1977,tipo,passa,tipo=livro
RS1978,tipo,passa,tipo=artigo
RS1979,tipo,passa,tipo=artigo
RS1980,tipo,passa,tipo=tese
RS1981,tipo,passa,tipo=preprint
RS1982,tipo,passa,tipo=evento
RS1983,tipo,passa,tipo=artigo
RS1984,tipo,passa,tipo=artigo
RS1985,tipo,passa,tipo=capitulo
RS1986,tipo,passa,tipo=artigo
RS1987,tipo,passa,tipo=artigo
RS1988,tipo,passa,tipo=artigo
RS1989,tipo,passa,tipo=artigo
RS1990,tipo,passa,tipo=artigo
RS1991,tipo,passa,tipo=preprint
RS1992,tipo,passa,tipo=tese
RS1993,tipo,passa,tipo=capitulo
RS1995,tipo,passa,tipo=evento
RS1997,tipo,passa,tipo=capitulo
RS1998,tipo,passa,tipo=artigo
RS1999,tipo,passa,tipo=artigo
RS2000,tipo,passa,tipo=artigo
RS2001,tipo,passa,tipo=artigo
RS2002,tipo,passa,tipo=outro
RS2003,tipo,passa,tipo=capitulo
RS2004,tipo,passa,tipo=outro
RS2006,tipo,passa,tipo=outro
RS2007,tipo,passa,tipo=evento
RS2008,tipo,passa,tipo=preprint
RS2010,tipo,passa,tipo=preprint
RS2011,tipo,passa,tipo=artigo
RS2012,tipo,passa,tipo=artigo
RS2013,tipo,passa,tipo=artigo
RS2014,tipo,passa,tipo=capitulo
RS2015,tipo,passa,tipo=evento
RS2016,tipo,passa,tipo=preprint
RS2017,tipo,passa,tipo=artigo
RS2018,tipo,passa,tipo=artigo
RS2019,tipo,passa,tipo=outro
RS2020,tipo,passa,tipo=preprint
RS2021,tipo,passa,tipo=outro
RS2022,tipo,passa,tipo=outro
RS2023,tipo,passa,tipo=artigo
RS2024,tipo,passa,tipo=artigo
RS2025,tipo,passa,tipo=artigo
RS2026,tipo,passa,tipo=outro
RS2027,tipo,passa,tipo=capitulo
RS2028,tipo,passa,tipo=artigo
RS2029,tipo,passa,tipo=outro
RS2030,tipo,passa,tipo=evento
RS2031,tipo,passa,tipo=artigo
RS2032,tipo,passa,tipo=outro
RS2033,tipo,passa,tipo=artigo
RS2034,tipo,passa,tipo=preprint
RS2035,tipo,passa,tipo=outro
RS2036,tipo,passa,tipo=artigo
RS2037,tipo,passa,tipo=artigo
RS2038,tipo,passa,tipo=preprint
RS2040,tipo,passa,tipo=artigo
RS2041,tipo,passa,tipo=capitulo
RS2042,tipo,passa,tipo=outro
RS2043,tipo,passa,tipo=preprint
RS2044,tipo,passa,tipo=outro
RS2045,tipo,passa,tipo=outro
RS2046,tipo,passa,tipo=capitulo
RS2047,tipo,passa,tipo=artigo
RS2048,tipo,passa,tipo=revisao
RS2049,tipo,passa,tipo=outro
RS2050,tipo,passa,tipo=outro
RS2051,tipo,passa,tipo=artigo
RS2053,tipo,passa,tipo=tese
RS2054,tipo,passa,tipo=artigo
RS2055,tipo,passa,tipo=evento
RS2056,tipo,passa,tipo=capitulo
RS2057,tipo,passa,tipo=artigo
RS2058,tipo,passa,tipo=outro
RS2059,tipo,passa,tipo=capitulo
RS2060,tipo,passa,tipo=outro
RS2061,tipo,passa,tipo=outro
RS2062,tipo,passa,tipo=artigo
RS2063,tipo,passa,tipo=artigo
RS2064,tipo,passa,tipo=outro
RS2065,tipo,passa,tipo=artigo
RS2066,tipo,passa,tipo=artigo
RS2067,tipo,passa,tipo=relatorio
RS2068,tipo,passa,tipo=artigo
RS2069,tipo,passa,tipo=capitulo
RS2070,tipo,passa,tipo=revisao
RS2071,tipo,passa,tipo=artigo
RS2072,tipo,passa,tipo=artigo
RS2073,tipo,passa,tipo=evento
RS2074,tipo,passa,tipo=artigo
RS2075,tipo,passa,tipo=artigo
RS2076,tipo,passa,tipo=livro
RS2077,tipo,passa,tipo=outro
RS2078,tipo,passa,tipo=capitulo
RS2079,tipo,passa,tipo=artigo
RS2080,tipo,passa,tipo=capitulo
RS2081,tipo,passa,tipo=tese
RS2082,tipo,passa,tipo=capitulo
RS2083,tipo,passa,tipo=artigo
RS2084,tipo,passa,tipo=preprint
RS2085,tipo,passa,tipo=capitulo
RS2086,tipo,passa,tipo=tese
RS2087,tipo,passa,tipo=artigo
RS2088,tipo,passa,tipo=outro
RS2089,tipo,passa,tipo=artigo
RS2090,tipo,passa,tipo=artigo
RS2091,tipo,passa,tipo=outro
RS2092,tipo,passa,tipo=artigo
RS2093,tipo,passa,tipo=outro
RS2094,tipo,passa,tipo=capitulo
RS2095,tipo,passa,tipo=preprint
RS2096,tipo,passa,tipo=outro
RS2097,tipo,passa,tipo=artigo
RS2098,tipo,passa,tipo=artigo
RS2100,tipo,passa,tipo=artigo
RS2101,tipo,passa,tipo=artigo
RS2102,tipo,passa,tipo=evento
RS2105,tipo,passa,tipo=capitulo
RS2106,tipo,passa,tipo=outro
RS2107,tipo,passa,tipo=preprint
RS2108,tipo,passa,tipo=artigo
RS2109,tipo,passa,tipo=outro
RS2110,tipo,passa,tipo=artigo
RS2111,tipo,passa,tipo=artigo
RS2112,tipo,passa,tipo=artigo
RS2114,tipo,passa,tipo=preprint
RS2115,tipo,passa,tipo=artigo
RS2116,tipo,passa,tipo=artigo
RS2117,tipo,passa,tipo=outro
RS2118,tipo,passa,tipo=artigo
RS2119,tipo,passa,tipo=preprint
RS2120,tipo,passa,tipo=artigo
RS2121,tipo,passa,tipo=artigo
RS2122,tipo,passa,tipo=tese
RS2123,tipo,passa,tipo=outro
RS2124,tipo,passa,tipo=preprint
RS2125,tipo,passa,tipo=artigo
RS2126,tipo,passa,tipo=artigo
RS2127,tipo,passa,tipo=outro
RS2128,tipo,passa,tipo=artigo
RS2129,tipo,passa,tipo=artigo
RS2130,tipo,passa,tipo=artigo
RS2131,tipo,passa,tipo=artigo
RS2132,tipo,passa,tipo=artigo
RS2135,tipo,passa,tipo=artigo
RS2136,tipo,passa,tipo=outro
RS2137,tipo,passa,tipo=capitulo
RS2138,tipo,passa,tipo=outro
RS2139,tipo,passa,tipo=artigo
RS2140,tipo,passa,tipo=capitulo
RS2141,tipo,passa,tipo=preprint
RS2144,tipo,passa,tipo=artigo
RS2145,tipo,passa,tipo=artigo
RS2146,tipo,passa,tipo=artigo
RS2147,tipo,passa,tipo=artigo
RS2148,tipo,passa,tipo=outro
RS2149,tipo,passa,tipo=artigo
RS2150,tipo,passa,tipo=artigo
RS2151,tipo,passa,tipo=artigo
RS2152,tipo,passa,tipo=preprint
RS2153,tipo,passa,tipo=artigo
RS2155,tipo,passa,tipo=preprint
RS2156,tipo,passa,tipo=artigo
RS2158,tipo,passa,tipo=artigo
RS2160,tipo,passa,tipo=preprint
RS2161,tipo,passa,tipo=artigo
RS2162,tipo,passa,tipo=artigo
RS2163,tipo,passa,tipo=artigo
RS2164,tipo,passa,tipo=artigo
RS2165,tipo,passa,tipo=tese
RS2166,tipo,passa,tipo=livro
RS2167,tipo,passa,tipo=artigo
RS2168,tipo,passa,tipo=artigo
RS2169,tipo,passa,tipo=artigo
RS2170,tipo,passa,tipo=artigo
RS2171,tipo,passa,tipo=artigo
RS2174,tipo,passa,tipo=capitulo
RS2175,tipo,passa,tipo=artigo
RS2176,tipo,passa,tipo=capitulo
RS2177,tipo,passa,tipo=artigo
RS2178,tipo,passa,tipo=capitulo
RS2179,tipo,passa,tipo=artigo
RS2180,tipo,passa,tipo=outro
RS2181,tipo,passa,tipo=artigo
RS2182,tipo,passa,tipo=artigo
RS2183,tipo,passa,tipo=artigo
RS2184,tipo,passa,tipo=capitulo
RS2185,tipo,passa,tipo=artigo
RS2187,tipo,passa,tipo=artigo
RS2188,tipo,passa,tipo=tese
RS2189,tipo,passa,tipo=preprint
RS2190,tipo,passa,tipo=tese
RS2192,tipo,passa,tipo=artigo
RS2193,tipo,passa,tipo=artigo
RS2194,tipo,passa,tipo=artigo
RS2195,tipo,passa,tipo=capitulo
RS2196,tipo,passa,tipo=tese
RS2197,tipo,passa,tipo=artigo
RS2198,tipo,passa,tipo=artigo
RS2199,tipo,passa,tipo=capitulo
RS2200,tipo,passa,tipo=artigo
RS2201,tipo,passa,tipo=artigo
RS2202,tipo,passa,tipo=artigo
RS2203,tipo,passa,tipo=outro
RS2204,tipo,passa,tipo=capitulo
RS2205,tipo,passa,tipo=artigo
RS2206,tipo,passa,tipo=artigo
RS2207,tipo,passa,tipo=relatorio
RS2208,tipo,passa,tipo=preprint
RS2209,tipo,passa,tipo=capitulo
RS2210,tipo,passa,tipo=artigo
RS2211,tipo,passa,tipo=capitulo
RS2212,tipo,passa,tipo=preprint
RS2213,tipo,passa,tipo=artigo
RS2214,tipo,passa,tipo=artigo
RS2215,tipo,passa,tipo=capitulo
RS2216,tipo,passa,tipo=artigo
RS2217,tipo,passa,tipo=artigo
RS2218,tipo,passa,tipo=artigo
RS2219,tipo,passa,tipo=artigo
RS2221,tipo,passa,tipo=artigo
RS2222,tipo,passa,tipo=preprint
RS2224,tipo,passa,tipo=outro
RS2225,tipo,passa,tipo=artigo
RS2226,tipo,passa,tipo=artigo
RS2227,tipo,passa,tipo=artigo
RS2228,tipo,passa,tipo=artigo
RS2229,tipo,passa,tipo=artigo
RS2230,tipo,passa,tipo=preprint
RS2231,tipo,passa,tipo=preprint
RS2232,tipo,passa,tipo=artigo
RS2233,tipo,passa,tipo=artigo
RS2235,tipo,passa,tipo=artigo
RS2236,tipo,passa,tipo=preprint
RS2237,tipo,passa,tipo=artigo
RS2238,tipo,passa,tipo=preprint
RS2239,tipo,passa,tipo=relatorio
RS2240,tipo,passa,tipo=preprint
RS2241,tipo,passa,tipo=artigo
RS2242,tipo,passa,tipo=outro
RS2243,tipo,passa,tipo=artigo
RS2244,tipo,passa,tipo=artigo
RS2245,tipo,passa,tipo=evento
RS2246,tipo,passa,tipo=preprint
RS2247,tipo,passa,tipo=preprint
RS2248,tipo,passa,tipo=preprint
RS2249,tipo,passa,tipo=capitulo
RS2250,tipo,passa,tipo=artigo
RS2251,tipo,passa,tipo=outro
RS2252,tipo,etiqueta,tipo=editorial
RS2253,tipo,passa,tipo=artigo
RS2254,tipo,passa,tipo=artigo
RS2255,tipo,passa,tipo=preprint
RS2256,tipo,passa,tipo=artigo
RS2257,tipo,passa,tipo=artigo
RS2258,tipo,passa,tipo=artigo
RS2259,tipo,passa,tipo=artigo
RS2260,tipo,passa,tipo=artigo
RS2261,tipo,passa,tipo=capitulo
RS2262,tipo,passa,tipo=relatorio
RS2263,tipo,passa,tipo=artigo
RS2264,tipo,passa,tipo=artigo
RS2265,tipo,passa,tipo=preprint
RS2266,tipo,passa,tipo=artigo
RS2267,tipo,passa,tipo=artigo
RS2268,tipo,passa,tipo=artigo
RS2269,tipo,passa,tipo=artigo
RS2271,tipo,passa,tipo=artigo
RS2272,tipo,passa,tipo=artigo
RS2273,tipo,passa,tipo=evento
RS2274,tipo,passa,tipo=capitulo
RS2275,tipo,passa,tipo=artigo
RS2276,tipo,passa,tipo=artigo
RS2278,tipo,passa,tipo=artigo
RS2279,tipo,passa,tipo=evento
RS2281,tipo,passa,tipo=evento
RS2282,tipo,passa,tipo=artigo
RS2283,tipo,passa,tipo=tese
RS2284,tipo,passa,tipo=outro
RS2285,tipo,passa,tipo=artigo
RS2286,tipo,passa,tipo=artigo
RS2287,tipo,passa,tipo=tese
RS2288,tipo,passa,tipo=preprint
RS2289,tipo,passa,tipo=capitulo
RS2290,tipo,passa,tipo=revisao
RS2291,tipo,passa,tipo=preprint
RS2292,tipo,passa,tipo=outro
RS2293,tipo,passa,tipo=artigo
RS2295,tipo,passa,tipo=capitulo
RS2296,tipo,passa,tipo=capitulo
RS2297,tipo,passa,tipo=artigo
RS2300,tipo,passa,tipo=artigo
RS2301,tipo,passa,tipo=relatorio
RS2303,tipo,passa,tipo=outro
RS2305,tipo,passa,tipo=artigo
RS2306,tipo,passa,tipo=livro
RS2307,tipo,passa,tipo=capitulo
RS2308,tipo,passa,tipo=outro
RS2309,tipo,passa,tipo=artigo
RS2310,tipo,passa,tipo=artigo
RS2312,tipo,passa,tipo=artigo
RS2313,tipo,passa,tipo=artigo
RS2314,tipo,passa,tipo=artigo
RS2315,tipo,passa,tipo=artigo
RS2316,tipo,passa,tipo=artigo
RS2317,tipo,passa,tipo=artigo
RS2318,tipo,passa,tipo=capitulo
RS2320,tipo,passa,tipo=artigo
RS2321,tipo,passa,tipo=outro
RS2322,tipo,passa,tipo=artigo
RS2323,tipo,passa,tipo=capitulo
RS2324,tipo,passa,tipo=artigo
RS2325,tipo,passa,tipo=artigo
RS2326,tipo,passa,tipo=capitulo
RS2327,tipo,passa,tipo=capitulo
RS2328,tipo,passa,tipo=artigo
RS2329,tipo,passa,tipo=artigo
RS2330,tipo,passa,tipo=artigo
RS2331,tipo,passa,tipo=artigo
RS2332,tipo,passa,tipo=artigo
RS2333,tipo,passa,tipo=artigo
RS2334,tipo,passa,tipo=artigo
RS2335,tipo,passa,tipo=artigo
RS2336,tipo,passa,tipo=artigo
RS2337,tipo,passa,tipo=artigo
RS2338,tipo,passa,tipo=artigo
RS2339,tipo,passa,tipo=artigo
RS2340,tipo,passa,tipo=artigo
RS2341,tipo,passa,tipo=artigo
RS2342,tipo,passa,tipo=artigo
RS2343,tipo,passa,tipo=artigo
RS2344,tipo,passa,tipo=artigo
RS2345,tipo,passa,tipo=artigo
RS2348,tipo,passa,tipo=artigo
RS2349,tipo,passa,tipo=artigo
RS2350,tipo,passa,tipo=artigo
RS2351,tipo,passa,tipo=artigo
RS2352,tipo,passa,tipo=artigo
RS2353,tipo,passa,tipo=artigo
RS2354,tipo,passa,tipo=preprint
RS2355,tipo,passa,tipo=tese
RS2358,tipo,passa,tipo=artigo
RS2359,tipo,passa,tipo=artigo
RS2361,tipo,passa,tipo=capitulo
RS2362,tipo,passa,tipo=capitulo
RS2363,tipo,passa,tipo=tese
RS2364,tipo,passa,tipo=artigo
RS2365,tipo,passa,tipo=preprint
RS2366,tipo,passa,tipo=artigo
RS2367,tipo,passa,tipo=preprint
RS2368,tipo,passa,tipo=capitulo
RS2369,tipo,passa,tipo=evento
RS2370,tipo,passa,tipo=tese
RS2371,tipo,passa,tipo=artigo
RS2372,tipo,passa,tipo=artigo
RS2373,tipo,passa,tipo=artigo
RS2374,tipo,passa,tipo=artigo
RS2375,tipo,passa,tipo=capitulo
RS2376,tipo,passa,tipo=tese
RS2377,tipo,passa,tipo=artigo
RS2378,tipo,passa,tipo=livro
RS2379,tipo,passa,tipo=artigo
RS2380,tipo,passa,tipo=evento
RS2382,tipo,passa,tipo=artigo
RS2383,tipo,passa,tipo=artigo
RS2384,tipo,passa,tipo=tese
RS2385,tipo,passa,tipo=preprint
RS2386,tipo,passa,tipo=artigo
RS2387,tipo,passa,tipo=artigo
RS2388,tipo,passa,tipo=evento
RS2389,tipo,passa,tipo=artigo
RS2390,tipo,passa,tipo=capitulo
RS2391,tipo,passa,tipo=artigo
RS2392,tipo,passa,tipo=capitulo
RS2393,tipo,passa,tipo=artigo
RS2394,tipo,passa,tipo=artigo
RS2395,tipo,passa,tipo=outro
RS2396,tipo,passa,tipo=outro
RS2397,tipo,passa,tipo=evento
RS2398,tipo,passa,tipo=artigo
RS2399,tipo,passa,tipo=artigo
RS2400,tipo,passa,tipo=artigo
RS2401,tipo,passa,tipo=preprint
RS2402,tipo,passa,tipo=capitulo
RS2403,tipo,passa,tipo=tese
RS2404,tipo,passa,tipo=artigo
RS2406,tipo,etiqueta,tipo=editorial
RS2407,tipo,passa,tipo=artigo
RS2408,tipo,passa,tipo=artigo
RS2409,tipo,passa,tipo=capitulo
RS2410,tipo,passa,tipo=outro
RS2411,tipo,passa,tipo=capitulo
RS2412,tipo,passa,tipo=artigo
RS2413,tipo,passa,tipo=artigo
RS2415,tipo,passa,tipo=evento
RS2416,tipo,passa,tipo=artigo
RS2417,tipo,passa,tipo=artigo
RS2418,tipo,passa,tipo=preprint
RS2419,tipo,passa,tipo=artigo
RS2420,tipo,passa,tipo=artigo
RS2421,tipo,passa,tipo=artigo
RS2422,tipo,passa,tipo=artigo
RS2423,tipo,passa,tipo=artigo
RS2424,tipo,passa,tipo=artigo
RS2425,tipo,passa,tipo=evento
RS2426,tipo,passa,tipo=capitulo
RS2427,tipo,passa,tipo=artigo
RS2428,tipo,passa,tipo=evento
RS2429,tipo,passa,tipo=artigo
RS2430,tipo,passa,tipo=artigo
RS2431,tipo,passa,tipo=artigo
RS2432,tipo,passa,tipo=artigo
RS2433,tipo,passa,tipo=capitulo
RS2434,tipo,passa,tipo=artigo
RS2435,tipo,passa,tipo=artigo
RS2436,tipo,passa,tipo=preprint
RS2437,tipo,passa,tipo=artigo
RS2438,tipo,passa,tipo=preprint
RS2439,tipo,passa,tipo=artigo
RS2440,tipo,passa,tipo=capitulo
RS2441,tipo,etiqueta,tipo=editorial
RS2442,tipo,passa,tipo=tese
RS2443,tipo,passa,tipo=outro
RS2444,tipo,passa,tipo=tese
RS2445,tipo,passa,tipo=preprint
RS2446,tipo,passa,tipo=tese
RS2447,tipo,passa,tipo=artigo
RS2448,tipo,passa,tipo=outro
RS2449,tipo,passa,tipo=artigo
RS2450,tipo,passa,tipo=preprint
RS2451,tipo,passa,tipo=artigo
RS2453,tipo,passa,tipo=outro
RS2454,tipo,passa,tipo=outro
RS2455,tipo,passa,tipo=artigo
RS2456,tipo,passa,tipo=artigo
RS2457,tipo,passa,tipo=artigo
RS2458,tipo,passa,tipo=artigo
RS2460,tipo,passa,tipo=artigo
RS2461,tipo,passa,tipo=artigo
RS2462,tipo,passa,tipo=preprint
RS2464,tipo,passa,tipo=tese
RS2465,tipo,passa,tipo=artigo
RS2466,tipo,passa,tipo=capitulo
RS2467,tipo,passa,tipo=artigo
RS2468,tipo,passa,tipo=outro
RS2469,tipo,passa,tipo=evento
RS2470,tipo,passa,tipo=artigo
RS2471,tipo,passa,tipo=outro
RS2472,tipo,passa,tipo=evento
RS2473,tipo,passa,tipo=artigo
RS2474,tipo,passa,tipo=capitulo
RS2476,tipo,passa,tipo=artigo
RS2477,tipo,passa,tipo=evento
RS2478,tipo,passa,tipo=artigo
RS2479,tipo,passa,tipo=artigo
RS2480,tipo,passa,tipo=preprint
RS2481,tipo,passa,tipo=artigo
RS2483,tipo,passa,tipo=artigo
RS2484,tipo,passa,tipo=capitulo
RS2485,tipo,passa,tipo=preprint
RS2486,tipo,passa,tipo=preprint
RS2487,tipo,passa,tipo=capitulo
RS2488,tipo,passa,tipo=artigo
RS2489,tipo,passa,tipo=artigo
RS2490,tipo,passa,tipo=artigo
RS2491,tipo,passa,tipo=artigo
RS2492,tipo,passa,tipo=capitulo
RS2493,tipo,passa,tipo=artigo
RS2494,tipo,etiqueta,tipo=errata
RS2496,tipo,passa,tipo=evento
RS2497,tipo,passa,tipo=evento
RS2499,tipo,passa,tipo=artigo
RS2500,tipo,passa,tipo=outro
RS2501,tipo,passa,tipo=artigo
RS2502,tipo,passa,tipo=preprint
RS2503,tipo,passa,tipo=evento
RS2504,tipo,passa,tipo=artigo
RS2505,tipo,passa,tipo=preprint
RS2506,tipo,passa,tipo=preprint
RS2507,tipo,passa,tipo=tese
RS2508,tipo,passa,tipo=tese
RS2509,tipo,passa,tipo=artigo
RS2510,tipo,passa,tipo=artigo
RS2511,tipo,passa,tipo=artigo
RS2512,tipo,passa,tipo=artigo
RS2513,tipo,passa,tipo=capitulo
RS2514,tipo,passa,tipo=preprint
RS2515,tipo,passa,tipo=tese
RS2516,tipo,passa,tipo=preprint
RS2517,tipo,passa,tipo=artigo
RS2518,tipo,passa,tipo=tese
RS2519,tipo,passa,tipo=artigo
RS2520,tipo,passa,tipo=artigo
RS2521,tipo,passa,tipo=artigo
RS2522,tipo,passa,tipo=artigo
RS2523,tipo,passa,tipo=preprint
RS2524,tipo,passa,tipo=artigo
RS2525,tipo,passa,tipo=tese
RS2526,tipo,passa,tipo=preprint
RS2527,tipo,passa,tipo=outro
RS2528,tipo,passa,tipo=artigo
RS2529,tipo,passa,tipo=artigo
RS2530,tipo,passa,tipo=livro
RS2532,tipo,passa,tipo=artigo
RS2533,tipo,passa,tipo=artigo
RS2534,tipo,passa,tipo=outro
RS2535,tipo,passa,tipo=artigo
RS2536,tipo,passa,tipo=artigo
RS2537,tipo,passa,tipo=artigo
RS2538,tipo,passa,tipo=revisao
RS2539,tipo,passa,tipo=outro
RS2540,tipo,passa,tipo=capitulo
RS2541,tipo,passa,tipo=artigo
RS2542,tipo,passa,tipo=artigo
RS2543,tipo,passa,tipo=artigo
RS2544,tipo,passa,tipo=relatorio
RS2545,tipo,etiqueta,tipo=editorial
RS2546,tipo,passa,tipo=preprint
RS2547,tipo,passa,tipo=artigo
RS2548,tipo,passa,tipo=artigo
RS2549,tipo,passa,tipo=outro
RS2550,tipo,passa,tipo=capitulo
RS2551,tipo,passa,tipo=artigo
RS2552,tipo,passa,tipo=capitulo
RS2553,tipo,passa,tipo=artigo
RS2554,tipo,passa,tipo=artigo
RS2555,tipo,passa,tipo=artigo
RS2556,tipo,passa,tipo=preprint
RS2557,tipo,passa,tipo=artigo
RS2558,tipo,passa,tipo=tese
RS2559,tipo,passa,tipo=artigo
RS2561,tipo,passa,tipo=preprint
RS2562,tipo,passa,tipo=artigo
RS2563,tipo,passa,tipo=capitulo
RS2564,tipo,passa,tipo=outro
RS2565,tipo,passa,tipo=outro
RS2566,tipo,passa,tipo=outro
RS2567,tipo,passa,tipo=tese
RS2568,tipo,passa,tipo=artigo
RS2569,tipo,passa,tipo=artigo
RS2570,tipo,passa,tipo=artigo
RS2572,tipo,passa,tipo=preprint
RS2573,tipo,passa,tipo=artigo
RS2574,tipo,passa,tipo=outro
RS2575,tipo,passa,tipo=evento
RS2576,tipo,passa,tipo=artigo
RS2577,tipo,passa,tipo=artigo
RS2578,tipo,passa,tipo=preprint
RS2579,tipo,passa,tipo=artigo
RS2583,tipo,passa,tipo=preprint
RS2584,tipo,passa,tipo=outro
RS2585,tipo,passa,tipo=evento
RS2586,tipo,passa,tipo=capitulo
RS2587,tipo,passa,tipo=outro
RS2588,tipo,passa,tipo=artigo
RS2589,tipo,passa,tipo=artigo
RS2590,tipo,passa,tipo=artigo
RS2591,tipo,passa,tipo=artigo
RS2592,tipo,passa,tipo=preprint
RS2593,tipo,passa,tipo=artigo
RS2594,tipo,passa,tipo=outro
RS2596,tipo,passa,tipo=livro
RS2597,tipo,passa,tipo=artigo
RS2598,tipo,passa,tipo=tese
RS2599,tipo,passa,tipo=artigo
RS2600,tipo,passa,tipo=artigo
RS2601,tipo,passa,tipo=tese
RS2602,tipo,passa,tipo=artigo
RS2603,tipo,passa,tipo=artigo
RS2604,tipo,passa,tipo=tese
RS2605,tipo,passa,tipo=capitulo
RS2606,tipo,passa,tipo=capitulo
RS2607,tipo,passa,tipo=artigo
RS2608,tipo,passa,tipo=capitulo
RS2609,tipo,passa,tipo=artigo
RS2610,tipo,passa,tipo=artigo
RS2611,tipo,passa,tipo=capitulo
RS2612,tipo,passa,tipo=artigo
RS2613,tipo,passa,tipo=artigo
RS2614,tipo,passa,tipo=capitulo
RS2615,tipo,passa,tipo=artigo
RS2616,tipo,passa,tipo=outro
RS2617,tipo,passa,tipo=artigo
RS2618,tipo,passa,tipo=outro
RS2619,tipo,passa,tipo=capitulo
RS2620,tipo,passa,tipo=preprint
RS2621,tipo,passa,tipo=preprint
RS2622,tipo,passa,tipo=preprint
RS2623,tipo,passa,tipo=outro
RS2624,tipo,passa,tipo=artigo
RS2625,tipo,passa,tipo=artigo
RS2626,tipo,passa,tipo=artigo
RS2627,tipo,passa,tipo=tese
RS2628,tipo,passa,tipo=outro
RS2629,tipo,passa,tipo=relatorio
RS2630,tipo,passa,tipo=outro
RS2631,tipo,passa,tipo=outro
RS2632,tipo,passa,tipo=artigo
RS2633,tipo,passa,tipo=capitulo
RS2635,tipo,passa,tipo=outro
RS2636,tipo,passa,tipo=capitulo
RS2637,tipo,passa,tipo=artigo
RS2638,tipo,passa,tipo=artigo
RS2639,tipo,passa,tipo=artigo
RS2640,tipo,passa,tipo=outro
RS2641,tipo,passa,tipo=artigo
RS2642,tipo,passa,tipo=outro
RS2643,tipo,passa,tipo=outro
RS2644,tipo,passa,tipo=preprint
RS2645,tipo,passa,tipo=artigo
RS2646,tipo,passa,tipo=artigo
RS2648,tipo,passa,tipo=artigo
RS2649,tipo,passa,tipo=artigo
RS2650,tipo,passa,tipo=artigo
RS2651,tipo,passa,tipo=capitulo
RS2652,tipo,passa,tipo=tese
RS2653,tipo,passa,tipo=outro
RS2654,tipo,passa,tipo=tese
RS2655,tipo,passa,tipo=artigo
RS2656,tipo,passa,tipo=capitulo
RS2657,tipo,passa,tipo=outro
RS2658,tipo,passa,tipo=artigo
RS2659,tipo,passa,tipo=artigo
RS2660,tipo,passa,tipo=artigo
RS2661,tipo,passa,tipo=outro
RS2662,tipo,passa,tipo=outro
RS2663,tipo,passa,tipo=outro
RS2664,tipo,passa,tipo=evento
RS2665,tipo,passa,tipo=artigo
RS2666,tipo,passa,tipo=artigo
RS2667,tipo,passa,tipo=artigo
RS2669,tipo,passa,tipo=evento
RS2670,tipo,passa,tipo=artigo
RS2671,tipo,passa,tipo=evento
RS2672,tipo,passa,tipo=outro
RS2673,tipo,passa,tipo=artigo
RS2674,tipo,passa,tipo=outro
RS2675,tipo,passa,tipo=artigo
RS2677,tipo,passa,tipo=artigo
RS2678,tipo,passa,tipo=artigo
RS2679,tipo,passa,tipo=tese
RS2680,tipo,passa,tipo=artigo
RS2681,tipo,passa,tipo=revisao
RS2682,tipo,passa,tipo=artigo
RS2683,tipo,passa,tipo=tese
RS2684,tipo,passa,tipo=capitulo
RS2685,tipo,passa,tipo=relatorio
RS2686,tipo,passa,tipo=outro
RS2687,tipo,passa,tipo=capitulo
RS2688,tipo,passa,tipo=artigo
RS2689,tipo,passa,tipo=livro
RS2690,tipo,passa,tipo=tese
RS2691,tipo,passa,tipo=artigo
RS2692,tipo,passa,tipo=preprint
RS2693,tipo,passa,tipo=capitulo
RS2694,tipo,passa,tipo=capitulo
RS2695,tipo,passa,tipo=artigo
RS2696,tipo,passa,tipo=capitulo
RS2697,tipo,passa,tipo=artigo
RS2698,tipo,passa,tipo=preprint
RS2699,tipo,passa,tipo=artigo
RS2700,tipo,passa,tipo=artigo
RS2701,tipo,passa,tipo=artigo
RS2702,tipo,passa,tipo=capitulo
RS2703,tipo,passa,tipo=tese
RS2704,tipo,passa,tipo=outro
RS2705,tipo,passa,tipo=outro
RS2706,tipo,passa,tipo=capitulo
RS2707,tipo,passa,tipo=relatorio
RS2708,tipo,passa,tipo=artigo
RS2709,tipo,passa,tipo=artigo
RS2710,tipo,passa,tipo=artigo
RS2711,tipo,passa,tipo=artigo
RS2712,tipo,passa,tipo=outro
RS2713,tipo,passa,tipo=outro
RS2714,tipo,passa,tipo=artigo
RS2715,tipo,passa,tipo=outro
RS2716,tipo,passa,tipo=artigo
RS2717,tipo,passa,tipo=artigo
RS2718,tipo,passa,tipo=artigo
RS2719,tipo,passa,tipo=artigo
RS2720,tipo,passa,tipo=artigo
RS2721,tipo,passa,tipo=capitulo
RS2722,tipo,etiqueta,tipo=editorial
RS2723,tipo,passa,tipo=livro
RS2724,tipo,passa,tipo=relatorio
RS2725,tipo,passa,tipo=capitulo
RS2726,tipo,passa,tipo=preprint
RS2727,tipo,passa,tipo=outro
RS2728,tipo,passa,tipo=tese
RS2729,tipo,passa,tipo=artigo
RS2730,tipo,passa,tipo=tese
RS2731,tipo,passa,tipo=outro
RS2733,tipo,passa,tipo=capitulo
RS2734,tipo,passa,tipo=preprint
RS2735,tipo,passa,tipo=capitulo
RS2736,tipo,passa,tipo=capitulo
RS2737,tipo,passa,tipo=artigo
RS2738,tipo,passa,tipo=outro
RS2739,tipo,passa,tipo=artigo
RS2740,tipo,passa,tipo=preprint
RS2741,tipo,passa,tipo=outro
RS2742,tipo,passa,tipo=capitulo
RS2743,tipo,passa,tipo=outro
RS2745,tipo,passa,tipo=preprint
RS2746,tipo,passa,tipo=outro
RS2747,tipo,passa,tipo=preprint
RS2748,tipo,passa,tipo=capitulo
RS2749,tipo,passa,tipo=artigo
RS2750,tipo,passa,tipo=artigo
RS2751,tipo,passa,tipo=evento
RS2752,tipo,passa,tipo=preprint
RS2753,tipo,passa,tipo=outro
RS2754,tipo,passa,tipo=outro
RS2755,tipo,passa,tipo=artigo
RS2757,tipo,passa,tipo=tese
RS2758,tipo,passa,tipo=artigo
RS2759,tipo,passa,tipo=artigo
RS2760,tipo,passa,tipo=outro
RS2761,tipo,passa,tipo=artigo
RS2762,tipo,passa,tipo=artigo
RS2763,tipo,passa,tipo=tese
RS2764,tipo,passa,tipo=artigo
RS2765,tipo,passa,tipo=tese
RS2766,tipo,passa,tipo=artigo
RS2767,tipo,passa,tipo=artigo
RS2768,tipo,passa,tipo=capitulo
RS2769,tipo,passa,tipo=artigo
RS2770,tipo,passa,tipo=artigo
RS2771,tipo,passa,tipo=artigo
RS2772,tipo,passa,tipo=artigo
RS2773,tipo,passa,tipo=artigo
RS2774,tipo,passa,tipo=artigo
RS2775,tipo,passa,tipo=artigo
RS2777,tipo,passa,tipo=preprint
RS2778,tipo,passa,tipo=outro
RS2779,tipo,passa,tipo=capitulo
RS2780,tipo,passa,tipo=artigo
RS2781,tipo,passa,tipo=capitulo
RS2783,tipo,passa,tipo=artigo
RS2785,tipo,passa,tipo=artigo
RS2786,tipo,passa,tipo=outro
RS2787,tipo,passa,tipo=artigo
RS2788,tipo,passa,tipo=preprint
RS2789,tipo,passa,tipo=artigo
RS2790,tipo,passa,tipo=capitulo
RS2791,tipo,passa,tipo=artigo
RS2792,tipo,passa,tipo=artigo
RS2793,tipo,passa,tipo=capitulo
RS2794,tipo,passa,tipo=capitulo
RS2795,tipo,passa,tipo=artigo
RS2796,tipo,passa,tipo=capitulo
RS2798,tipo,passa,tipo=artigo
RS2799,tipo,passa,tipo=outro
RS2800,tipo,passa,tipo=tese
RS2801,tipo,passa,tipo=capitulo
RS2802,tipo,passa,tipo=artigo
RS2803,tipo,passa,tipo=artigo
RS2804,tipo,passa,tipo=artigo
RS2806,tipo,passa,tipo=evento
RS2807,tipo,passa,tipo=artigo
RS2808,tipo,passa,tipo=artigo
RS2810,tipo,passa,tipo=artigo
RS2811,tipo,passa,tipo=artigo
RS2812,tipo,passa,tipo=artigo
RS2813,tipo,passa,tipo=artigo
RS2814,tipo,passa,tipo=artigo
RS2815,tipo,passa,tipo=outro
RS2816,tipo,passa,tipo=artigo
RS2817,tipo,passa,tipo=tese
RS2818,tipo,passa,tipo=artigo
RS2819,tipo,passa,tipo=artigo
RS2820,tipo,passa,tipo=outro
RS2821,tipo,passa,tipo=artigo
RS2822,tipo,passa,tipo=artigo
RS2823,tipo,passa,tipo=artigo
RS2824,tipo,passa,tipo=preprint
RS2825,tipo,passa,tipo=artigo
RS2826,tipo,passa,tipo=capitulo
RS2827,tipo,etiqueta,tipo=editorial
RS2829,tipo,passa,tipo=artigo
RS2830,tipo,passa,tipo=outro
RS2832,tipo,passa,tipo=tese
RS2833,tipo,passa,tipo=tese
RS2834,tipo,passa,tipo=outro
RS2835,tipo,passa,tipo=artigo
RS2836,tipo,passa,tipo=artigo
RS2837,tipo,passa,tipo=outro
RS2838,tipo,passa,tipo=artigo
RS2839,tipo,passa,tipo=revisao
RS2840,tipo,passa,tipo=tese
RS2841,tipo,passa,tipo=artigo
RS2842,tipo,passa,tipo=outro
RS2843,tipo,passa,tipo=artigo
RS2844,tipo,passa,tipo=artigo
RS2845,tipo,passa,tipo=outro
RS2846,tipo,passa,tipo=artigo
RS2847,tipo,passa,tipo=artigo
RS2848,tipo,passa,tipo=evento
RS2849,tipo,passa,tipo=artigo
RS2850,tipo,passa,tipo=artigo
RS2851,tipo,passa,tipo=outro
RS2852,tipo,passa,tipo=artigo
RS2853,tipo,passa,tipo=capitulo
RS2854,tipo,passa,tipo=artigo
RS2856,tipo,passa,tipo=artigo
RS2857,tipo,passa,tipo=preprint
RS2858,tipo,passa,tipo=artigo
RS2859,tipo,passa,tipo=tese
RS2860,tipo,passa,tipo=capitulo
RS2861,tipo,passa,tipo=artigo
RS2862,tipo,passa,tipo=artigo
RS2863,tipo,passa,tipo=preprint
RS2864,tipo,passa,tipo=outro
RS2866,tipo,passa,tipo=capitulo
RS2867,tipo,passa,tipo=artigo
RS2868,tipo,passa,tipo=artigo
RS2871,tipo,passa,tipo=artigo
RS2872,tipo,passa,tipo=artigo
RS2875,tipo,passa,tipo=artigo
RS2876,tipo,passa,tipo=livro
RS2877,tipo,passa,tipo=artigo
RS2879,tipo,passa,tipo=artigo
RS2880,tipo,passa,tipo=artigo
RS2881,tipo,passa,tipo=artigo
RS2882,tipo,passa,tipo=artigo
RS2883,tipo,passa,tipo=artigo
RS2884,tipo,passa,tipo=preprint
RS2885,tipo,passa,tipo=artigo
RS2886,tipo,passa,tipo=preprint
RS2887,tipo,passa,tipo=artigo
RS2888,tipo,passa,tipo=artigo
RS2889,tipo,passa,tipo=artigo
RS2890,tipo,passa,tipo=tese
RS2891,tipo,passa,tipo=capitulo
RS2892,tipo,passa,tipo=artigo
RS2898,tipo,passa,tipo=artigo
RS2899,tipo,passa,tipo=artigo
RS2900,tipo,passa,tipo=artigo
RS2901,tipo,passa,tipo=artigo
RS2902,tipo,passa,tipo=preprint
RS2904,tipo,passa,tipo=artigo
RS2905,tipo,passa,tipo=preprint
RS2906,tipo,passa,tipo=artigo
RS2907,tipo,passa,tipo=artigo
RS2908,tipo,passa,tipo=preprint
RS2909,tipo,passa,tipo=artigo
RS2910,tipo,etiqueta,tipo=editorial
RS2911,tipo,passa,tipo=artigo
RS2912,tipo,passa,tipo=artigo
RS2913,tipo,passa,tipo=artigo
RS2915,tipo,passa,tipo=artigo
RS2917,tipo,passa,tipo=artigo
RS2918,tipo,passa,tipo=artigo
RS2919,tipo,passa,tipo=artigo
RS2920,tipo,etiqueta,tipo=editorial
RS2921,tipo,passa,tipo=artigo
RS2922,tipo,passa,tipo=artigo
RS2923,tipo,passa,tipo=artigo
RS2924,tipo,passa,tipo=artigo
RS2925,tipo,passa,tipo=artigo
RS2926,tipo,passa,tipo=artigo
RS2927,tipo,passa,tipo=artigo
RS2928,tipo,passa,tipo=artigo
RS2929,tipo,passa,tipo=artigo
RS2930,tipo,passa,tipo=artigo
RS2931,tipo,etiqueta,tipo=editorial
RS2932,tipo,passa,tipo=artigo
RS2933,tipo,passa,tipo=capitulo
RS2936,tipo,passa,tipo=preprint
RS2937,tipo,passa,tipo=artigo
RS2940,tipo,passa,tipo=evento
RS2942,tipo,passa,tipo=evento
RS2943,tipo,passa,tipo=artigo
RS2946,tipo,passa,tipo=livro
RS2950,tipo,passa,tipo=capitulo
RS2951,tipo,passa,tipo=livro
RS2953,tipo,passa,tipo=capitulo
RS2956,tipo,passa,tipo=capitulo
RS2957,tipo,passa,tipo=artigo
RS2958,tipo,passa,tipo=artigo
RS2965,tipo,passa,tipo=artigo
RS2969,tipo,passa,tipo=capitulo
RS2971,tipo,etiqueta,tipo=editorial
RS2972,tipo,etiqueta,tipo=editorial
RS2974,tipo,etiqueta,tipo=editorial
RS2975,tipo,passa,tipo=artigo
RS2976,tipo,passa,tipo=artigo
RS2979,tipo,passa,tipo=preprint
RS2981,tipo,passa,tipo=preprint
RS2982,tipo,passa,tipo=relatorio
RS2984,tipo,passa,tipo=preprint
RS2985,tipo,passa,tipo=capitulo
RS2987,tipo,passa,tipo=livro
RS2988,tipo,passa,tipo=artigo
RS2992,tipo,passa,tipo=artigo
RS2996,tipo,passa,tipo=artigo
RS2999,tipo,passa,tipo=artigo
RS3002,tipo,passa,tipo=artigo
RS3007,tipo,passa,tipo=artigo
RS3010,tipo,passa,tipo=preprint
RS3011,tipo,passa,tipo=livro
RS3015,tipo,passa,tipo=capitulo
RS3019,tipo,passa,tipo=preprint
RS3020,tipo,passa,tipo=artigo
RS3021,tipo,passa,tipo=artigo
RS3022,tipo,passa,tipo=capitulo
RS3023,tipo,passa,tipo=artigo
RS3025,tipo,passa,tipo=preprint
RS3027,tipo,passa,tipo=artigo
RS3028,tipo,passa,tipo=capitulo
RS3029,tipo,passa,tipo=artigo
RS3030,tipo,passa,tipo=artigo
RS3031,tipo,passa,tipo=artigo
RS3032,tipo,passa,tipo=artigo
RS3033,tipo,passa,tipo=artigo
RS3034,tipo,passa,tipo=artigo
RS3043,tipo,passa,tipo=artigo
RS3049,tipo,passa,tipo=evento
RS3053,tipo,passa,tipo=artigo
RS3058,tipo,passa,tipo=artigo
RS3059,tipo,passa,tipo=artigo
RS3061,tipo,passa,tipo=artigo
RS3064,tipo,passa,tipo=artigo
RS3067,tipo,passa,tipo=artigo
RS3075,tipo,passa,tipo=artigo
RS3085,tipo,passa,tipo=artigo
RS3095,tipo,passa,tipo=artigo
RS3098,tipo,passa,tipo=artigo
RS3107,tipo,passa,tipo=artigo
RS3111,tipo,passa,tipo=artigo
RS3121,tipo,passa,tipo=artigo
RS3122,tipo,passa,tipo=artigo
RS3126,tipo,passa,tipo=artigo
RS3131,tipo,passa,tipo=evento
RS3133,tipo,passa,tipo=artigo
RS3142,tipo,passa,tipo=artigo
RS3144,tipo,passa,tipo=artigo
RS3152,tipo,passa,tipo=artigo
RS3156,tipo,passa,tipo=artigo
RS3157,tipo,passa,tipo=artigo
RS3167,tipo,passa,tipo=artigo
RS3171,tipo,passa,tipo=artigo
RS3190,tipo,passa,tipo=artigo
RS3193,tipo,passa,tipo=artigo
RS3195,tipo,passa,tipo=artigo
RS3199,tipo,passa,tipo=artigo
RS3200,tipo,passa,tipo=artigo
RS3207,tipo,passa,tipo=artigo
RS3208,tipo,passa,tipo=artigo
RS3213,tipo,passa,tipo=artigo
RS3214,tipo,passa,tipo=artigo
RS3224,tipo,passa,tipo=artigo
RS3233,tipo,passa,tipo=artigo
RS3235,tipo,passa,tipo=artigo
RS3236,tipo,passa,tipo=artigo
RS3238,tipo,passa,tipo=artigo
RS3248,tipo,passa,tipo=artigo
RS3253,tipo,passa,tipo=artigo
RS3258,tipo,passa,tipo=artigo
RS3263,tipo,passa,tipo=artigo
RS3264,tipo,passa,tipo=artigo
RS3266,tipo,passa,tipo=artigo
RS3268,tipo,passa,tipo=artigo
RS3271,tipo,passa,tipo=artigo
RS3274,tipo,passa,tipo=artigo
RS3276,tipo,passa,tipo=evento
RS3281,tipo,passa,tipo=artigo
RS3282,tipo,passa,tipo=artigo
RS3284,tipo,passa,tipo=artigo
RS3286,tipo,passa,tipo=artigo
RS3288,tipo,passa,tipo=preprint
RS3298,tipo,passa,tipo=artigo
RS3299,tipo,passa,tipo=artigo
RS3301,tipo,passa,tipo=revisao
RS3304,tipo,passa,tipo=artigo
RS3307,tipo,passa,tipo=artigo
RS3310,tipo,passa,tipo=artigo
RS3318,tipo,passa,tipo=artigo
RS3319,tipo,passa,tipo=revisao
RS3320,tipo,passa,tipo=artigo
RS3322,tipo,passa,tipo=artigo
RS3326,tipo,passa,tipo=artigo
RS3327,tipo,passa,tipo=artigo
RS3332,tipo,passa,tipo=artigo
RS3333,tipo,passa,tipo=artigo
RS3334,tipo,passa,tipo=artigo
RS3335,tipo,passa,tipo=artigo
RS3337,tipo,passa,tipo=artigo
RS3340,tipo,passa,tipo=artigo
RS3343,tipo,passa,tipo=tese
RS3346,tipo,passa,tipo=artigo
RS3347,tipo,passa,tipo=artigo
RS3348,tipo,passa,tipo=artigo
RS3349,tipo,passa,tipo=artigo
RS3351,tipo,passa,tipo=artigo
RS3353,tipo,passa,tipo=artigo
RS3363,tipo,passa,tipo=artigo
RS3364,tipo,passa,tipo=artigo
RS3366,tipo,passa,tipo=artigo
RS3367,tipo,passa,tipo=artigo
RS3370,tipo,passa,tipo=artigo
RS3371,tipo,passa,tipo=artigo
RS3372,tipo,passa,tipo=artigo
RS3373,tipo,passa,tipo=artigo
RS3374,tipo,passa,tipo=artigo
RS3375,tipo,passa,tipo=artigo
RS3377,tipo,passa,tipo=artigo
RS3388,tipo,passa,tipo=artigo
RS3390,tipo,passa,tipo=artigo
RS3392,tipo,passa,tipo=artigo
RS3399,tipo,passa,tipo=preprint
RS3400,tipo,passa,tipo=artigo
RS3403,tipo,passa,tipo=artigo
RS3404,tipo,passa,tipo=artigo
RS3406,tipo,passa,tipo=artigo
RS3408,tipo,passa,tipo=artigo
RS3409,tipo,passa,tipo=artigo
RS3410,tipo,passa,tipo=artigo
RS3416,tipo,passa,tipo=revisao
RS3425,tipo,passa,tipo=artigo
RS3426,tipo,passa,tipo=revisao
RS3428,tipo,passa,tipo=artigo
RS3431,tipo,passa,tipo=artigo
RS3440,tipo,passa,tipo=artigo
RS3441,tipo,passa,tipo=artigo
RS3442,tipo,passa,tipo=artigo
RS3445,tipo,passa,tipo=artigo
RS3446,tipo,passa,tipo=artigo
RS3448,tipo,passa,tipo=artigo
RS3450,tipo,passa,tipo=revisao
RS3452,tipo,passa,tipo=artigo
RS3455,tipo,passa,tipo=artigo
RS3458,tipo,passa,tipo=artigo
RS3467,tipo,passa,tipo=artigo
RS3472,tipo,passa,tipo=artigo
RS3478,tipo,passa,tipo=relatorio
RS3479,tipo,passa,tipo=artigo
RS3480,tipo,passa,tipo=artigo
RS3481,tipo,passa,tipo=artigo
RS3482,tipo,passa,tipo=artigo
RS3484,tipo,passa,tipo=preprint
RS3485,tipo,passa,tipo=artigo
RS3486,tipo,passa,tipo=artigo
RS3488,tipo,passa,tipo=artigo
RS3490,tipo,passa,tipo=preprint
RS3491,tipo,passa,tipo=artigo
RS3492,tipo,passa,tipo=artigo
RS3493,tipo,passa,tipo=artigo
RS3494,tipo,passa,tipo=artigo
RS3495,tipo,passa,tipo=preprint
RS3496,tipo,passa,tipo=livro
RS3498,tipo,passa,tipo=tese
RS3499,tipo,passa,tipo=artigo
RS3500,tipo,passa,tipo=artigo
RS3501,tipo,passa,tipo=preprint
RS3503,tipo,passa,tipo=revisao
RS3504,tipo,passa,tipo=artigo
RS3505,tipo,passa,tipo=artigo
RS3506,tipo,passa,tipo=artigo
RS3507,tipo,passa,tipo=artigo
RS3514,tipo,passa,tipo=artigo
RS3516,tipo,passa,tipo=artigo
RS3518,tipo,passa,tipo=artigo
RS3522,tipo,passa,tipo=artigo
RS3525,tipo,passa,tipo=preprint
RS3526,tipo,passa,tipo=artigo
RS3527,tipo,passa,tipo=capitulo
RS3528,tipo,passa,tipo=artigo
RS3529,tipo,passa,tipo=artigo
RS3530,tipo,passa,tipo=capitulo
RS3532,tipo,passa,tipo=evento
RS3533,tipo,passa,tipo=artigo
RS3534,tipo,passa,tipo=evento
RS3535,tipo,passa,tipo=artigo
RS3536,tipo,passa,tipo=livro
RS3537,tipo,passa,tipo=capitulo
RS3538,tipo,passa,tipo=capitulo
RS3540,tipo,passa,tipo=capitulo
RS3541,tipo,passa,tipo=capitulo
RS3543,tipo,passa,tipo=capitulo
RS3544,tipo,passa,tipo=capitulo
RS3545,tipo,passa,tipo=capitulo
RS3546,tipo,passa,tipo=artigo
RS3548,tipo,passa,tipo=artigo
RS3549,tipo,passa,tipo=capitulo
RS3550,tipo,passa,tipo=artigo
RS3551,tipo,passa,tipo=artigo
RS3552,tipo,passa,tipo=artigo
RS3553,tipo,passa,tipo=evento
RS3554,tipo,passa,tipo=artigo
RS3555,tipo,passa,tipo=artigo
RS3556,tipo,passa,tipo=revisao
RS3557,tipo,passa,tipo=artigo
RS3558,tipo,passa,tipo=artigo
RS3559,tipo,passa,tipo=artigo
RS3561,tipo,passa,tipo=capitulo
RS3562,tipo,passa,tipo=artigo
RS3563,tipo,passa,tipo=revisao
RS3564,tipo,passa,tipo=artigo
RS3565,tipo,passa,tipo=artigo
RS3566,tipo,passa,tipo=artigo
RS3567,tipo,passa,tipo=artigo
RS3568,tipo,passa,tipo=relatorio
RS3569,tipo,passa,tipo=artigo
RS3570,tipo,passa,tipo=artigo
RS3571,tipo,passa,tipo=capitulo
RS3572,tipo,passa,tipo=artigo
RS3573,tipo,passa,tipo=relatorio
RS3574,tipo,passa,tipo=artigo
RS3575,tipo,passa,tipo=revisao
RS3576,tipo,passa,tipo=artigo
RS3577,tipo,passa,tipo=artigo
RS3578,tipo,passa,tipo=relatorio
RS3579,tipo,passa,tipo=artigo
RS3580,tipo,passa,tipo=preprint
RS3581,tipo,passa,tipo=artigo
RS3582,tipo,passa,tipo=artigo
RS3583,tipo,passa,tipo=artigo
RS3584,tipo,passa,tipo=artigo
RS3585,tipo,passa,tipo=artigo
RS3586,tipo,passa,tipo=artigo
RS3587,tipo,passa,tipo=capitulo
RS3588,tipo,passa,tipo=capitulo
RS3589,tipo,passa,tipo=artigo
RS3590,tipo,passa,tipo=artigo
RS3591,tipo,passa,tipo=artigo
RS3592,tipo,passa,tipo=evento
RS3593,tipo,passa,tipo=artigo
RS3594,tipo,passa,tipo=artigo
RS3595,tipo,passa,tipo=artigo
RS3596,tipo,passa,tipo=artigo
RS3597,tipo,passa,tipo=artigo
RS3598,tipo,passa,tipo=artigo
RS3599,tipo,passa,tipo=artigo
RS3600,tipo,passa,tipo=artigo
RS3601,tipo,passa,tipo=artigo
RS3602,tipo,passa,tipo=preprint
RS3603,tipo,passa,tipo=artigo
RS3604,tipo,passa,tipo=artigo
RS3605,tipo,passa,tipo=tese
RS3606,tipo,passa,tipo=artigo
RS3607,tipo,passa,tipo=artigo
RS3608,tipo,passa,tipo=artigo
RS3609,tipo,passa,tipo=artigo
RS3610,tipo,passa,tipo=artigo
RS3611,tipo,passa,tipo=artigo
RS3612,tipo,passa,tipo=artigo
RS3613,tipo,passa,tipo=artigo
RS3614,tipo,passa,tipo=tese
RS3615,tipo,passa,tipo=artigo
RS3618,tipo,passa,tipo=artigo
RS3619,tipo,passa,tipo=artigo
RS3620,tipo,passa,tipo=artigo
RS3621,tipo,passa,tipo=artigo
RS3622,tipo,passa,tipo=artigo
RS3623,tipo,passa,tipo=artigo
RS3624,tipo,passa,tipo=artigo
RS3625,tipo,passa,tipo=artigo
RS3626,tipo,passa,tipo=preprint
RS3627,tipo,passa,tipo=tese
RS3628,tipo,passa,tipo=outro
RS3629,tipo,passa,tipo=artigo
RS3630,tipo,passa,tipo=artigo
RS3631,tipo,passa,tipo=artigo
RS3632,tipo,passa,tipo=artigo
RS3633,tipo,passa,tipo=artigo
RS3635,tipo,passa,tipo=artigo
RS3636,tipo,passa,tipo=livro
RS3637,tipo,passa,tipo=artigo
RS3638,tipo,passa,tipo=artigo
RS3639,tipo,passa,tipo=artigo
RS3640,tipo,passa,tipo=artigo
RS3641,tipo,passa,tipo=artigo
RS3642,tipo,passa,tipo=tese
RS3643,tipo,passa,tipo=artigo
RS3644,tipo,passa,tipo=artigo
RS3645,tipo,passa,tipo=artigo
RS3646,tipo,passa,tipo=artigo
RS3647,tipo,passa,tipo=artigo
RS3648,tipo,passa,tipo=artigo
RS3649,tipo,passa,tipo=artigo
RS3650,tipo,passa,tipo=artigo
RS3651,tipo,passa,tipo=artigo
RS3652,tipo,passa,tipo=artigo
RS3653,tipo,passa,tipo=preprint
RS3654,tipo,passa,tipo=artigo
RS3655,tipo,passa,tipo=artigo
RS3656,tipo,passa,tipo=preprint
RS3657,tipo,passa,tipo=artigo
RS3658,tipo,passa,tipo=artigo
RS3659,tipo,passa,tipo=capitulo
RS3661,tipo,passa,tipo=preprint
RS3662,tipo,passa,tipo=artigo
RS3663,tipo,passa,tipo=preprint
RS3664,tipo,passa,tipo=artigo
RS3665,tipo,passa,tipo=artigo
RS3666,tipo,passa,tipo=preprint
RS3667,tipo,passa,tipo=evento
RS3668,tipo,passa,tipo=artigo
RS3669,tipo,passa,tipo=artigo
RS3670,tipo,passa,tipo=artigo
RS3671,tipo,passa,tipo=artigo
RS3672,tipo,passa,tipo=artigo
RS3673,tipo,passa,tipo=artigo
RS3674,tipo,passa,tipo=artigo
RS3675,tipo,passa,tipo=preprint
RS3677,tipo,passa,tipo=evento
RS3678,tipo,passa,tipo=capitulo
RS3679,tipo,passa,tipo=livro
RS3680,tipo,passa,tipo=capitulo
RS3681,tipo,passa,tipo=capitulo
RS3682,tipo,passa,tipo=capitulo
RS3683,tipo,passa,tipo=capitulo
RS3684,tipo,passa,tipo=capitulo
RS3685,tipo,passa,tipo=capitulo
RS3686,tipo,passa,tipo=capitulo
RS3687,tipo,passa,tipo=artigo
RS3688,tipo,passa,tipo=artigo
RS3689,tipo,passa,tipo=artigo
RS3690,tipo,passa,tipo=artigo
RS3691,tipo,passa,tipo=artigo
RS3692,tipo,passa,tipo=capitulo
RS3693,tipo,passa,tipo=artigo
RS3694,tipo,passa,tipo=artigo
RS3695,tipo,passa,tipo=revisao
RS3696,tipo,passa,tipo=preprint
RS3697,tipo,passa,tipo=artigo
RS3698,tipo,passa,tipo=artigo
RS3699,tipo,passa,tipo=artigo
RS3700,tipo,passa,tipo=artigo
RS3701,tipo,passa,tipo=artigo
RS3702,tipo,passa,tipo=artigo
RS3703,tipo,passa,tipo=artigo
RS3704,tipo,passa,tipo=artigo
RS3706,tipo,passa,tipo=artigo
RS3708,tipo,passa,tipo=relatorio
RS3709,tipo,passa,tipo=artigo
RS3710,tipo,passa,tipo=relatorio
RS3711,tipo,passa,tipo=artigo
RS3712,tipo,passa,tipo=artigo
RS3713,tipo,passa,tipo=capitulo
RS3714,tipo,passa,tipo=artigo
RS3715,tipo,passa,tipo=artigo
RS3716,tipo,passa,tipo=evento
RS3717,tipo,passa,tipo=artigo
RS3718,tipo,passa,tipo=artigo
RS3719,tipo,passa,tipo=evento
RS3720,tipo,passa,tipo=artigo
RS3721,tipo,passa,tipo=artigo
RS3722,tipo,passa,tipo=artigo
RS3723,tipo,passa,tipo=artigo
RS3724,tipo,passa,tipo=artigo
RS3725,tipo,passa,tipo=artigo
RS3726,tipo,passa,tipo=artigo
RS3727,tipo,passa,tipo=artigo
RS3728,tipo,passa,tipo=relatorio
RS3729,tipo,passa,tipo=evento
RS3731,tipo,passa,tipo=artigo
RS3732,tipo,passa,tipo=artigo
RS3733,tipo,passa,tipo=relatorio
RS3734,tipo,passa,tipo=artigo
RS3735,tipo,passa,tipo=artigo
RS3736,tipo,passa,tipo=artigo
RS3737,tipo,passa,tipo=relatorio
RS3738,tipo,passa,tipo=artigo
RS3739,tipo,passa,tipo=artigo
RS3740,tipo,passa,tipo=artigo
RS3741,tipo,passa,tipo=artigo
RS3742,tipo,passa,tipo=artigo
RS3743,tipo,passa,tipo=artigo
RS3744,tipo,passa,tipo=artigo
RS3745,tipo,passa,tipo=evento
RS3746,tipo,passa,tipo=preprint
RS3747,tipo,passa,tipo=artigo
RS3748,tipo,passa,tipo=preprint
RS3749,tipo,passa,tipo=artigo
RS3750,tipo,passa,tipo=artigo
RS3751,tipo,passa,tipo=preprint
RS3752,tipo,passa,tipo=relatorio
RS3755,tipo,passa,tipo=preprint
RS3757,tipo,passa,tipo=artigo
RS3759,tipo,passa,tipo=artigo
RS3761,tipo,passa,tipo=artigo
RS3762,tipo,passa,tipo=preprint
RS3763,tipo,passa,tipo=preprint
RS3764,tipo,passa,tipo=preprint
RS3766,tipo,passa,tipo=preprint
RS3768,tipo,passa,tipo=outro
RS3769,tipo,passa,tipo=preprint
RS3771,tipo,passa,tipo=preprint
RS3772,tipo,passa,tipo=artigo
RS3774,tipo,passa,tipo=artigo
RS3775,tipo,passa,tipo=artigo
RS3776,tipo,passa,tipo=relatorio
RS3777,tipo,passa,tipo=artigo
RS3778,tipo,passa,tipo=artigo
RS3779,tipo,passa,tipo=preprint
RS3781,tipo,passa,tipo=artigo
RS3783,tipo,passa,tipo=artigo
RS3784,tipo,passa,tipo=artigo
RS3785,tipo,passa,tipo=artigo
RS3786,tipo,passa,tipo=preprint
RS3787,tipo,passa,tipo=artigo
RS3788,tipo,passa,tipo=artigo
RS3789,tipo,passa,tipo=capitulo
RS3790,tipo,passa,tipo=artigo
RS3792,tipo,passa,tipo=artigo
RS3793,tipo,passa,tipo=artigo
RS3794,tipo,passa,tipo=preprint
RS3795,tipo,passa,tipo=artigo
RS3796,tipo,passa,tipo=preprint
RS3797,tipo,passa,tipo=artigo
RS3798,tipo,passa,tipo=artigo
RS3799,tipo,passa,tipo=preprint
RS3800,tipo,passa,tipo=artigo
RS3801,tipo,passa,tipo=preprint
RS3802,tipo,passa,tipo=preprint
RS3803,tipo,passa,tipo=artigo
RS3804,tipo,passa,tipo=artigo
RS3805,tipo,passa,tipo=artigo
RS3806,tipo,passa,tipo=artigo
RS3807,tipo,passa,tipo=artigo
RS3808,tipo,passa,tipo=artigo
RS3809,tipo,passa,tipo=artigo
RS3810,tipo,passa,tipo=artigo
RS3811,tipo,passa,tipo=outro
RS3812,tipo,passa,tipo=artigo
RS3813,tipo,passa,tipo=artigo
RS3814,tipo,passa,tipo=capitulo
RS3815,tipo,passa,tipo=capitulo
RS3816,tipo,passa,tipo=capitulo
RS3817,tipo,passa,tipo=artigo
RS3818,tipo,passa,tipo=artigo
RS3819,tipo,passa,tipo=preprint
RS3820,tipo,passa,tipo=relatorio
RS3821,tipo,passa,tipo=preprint
RS3822,tipo,passa,tipo=revisao
RS3823,tipo,passa,tipo=artigo
RS3824,tipo,passa,tipo=artigo
RS3825,tipo,passa,tipo=artigo
RS3826,tipo,passa,tipo=artigo
RS3827,tipo,passa,tipo=artigo
RS3828,tipo,passa,tipo=artigo
RS3829,tipo,passa,tipo=artigo
RS3830,tipo,passa,tipo=artigo
RS3831,tipo,passa,tipo=preprint
RS3832,tipo,passa,tipo=artigo
RS3833,tipo,passa,tipo=livro
RS3834,tipo,passa,tipo=capitulo
RS3835,tipo,passa,tipo=relatorio
RS3836,tipo,passa,tipo=relatorio
RS3837,tipo,passa,tipo=artigo
RS3838,tipo,passa,tipo=livro
RS3839,tipo,passa,tipo=outro
RS3840,tipo,passa,tipo=capitulo
RS3841,tipo,passa,tipo=capitulo
RS3842,tipo,passa,tipo=artigo
RS3843,tipo,passa,tipo=capitulo
RS3844,tipo,passa,tipo=outro
RS3845,tipo,passa,tipo=capitulo
RS3846,tipo,passa,tipo=preprint
RS3847,tipo,passa,tipo=capitulo
RS3848,tipo,passa,tipo=capitulo
RS3849,tipo,passa,tipo=capitulo
RS3850,tipo,passa,tipo=artigo
RS3851,tipo,passa,tipo=outro
RS3852,tipo,passa,tipo=capitulo
RS3853,tipo,passa,tipo=outro
RS3854,tipo,passa,tipo=artigo
RS3855,tipo,passa,tipo=preprint
RS3857,tipo,passa,tipo=preprint
RS3858,tipo,passa,tipo=artigo
RS3861,tipo,passa,tipo=capitulo
RS3862,tipo,passa,tipo=capitulo
RS3863,tipo,passa,tipo=capitulo
RS3864,tipo,passa,tipo=artigo
RS3867,tipo,passa,tipo=artigo
RS3868,tipo,passa,tipo=artigo
RS3869,tipo,passa,tipo=artigo
RS3870,tipo,passa,tipo=artigo
RS3871,tipo,passa,tipo=artigo
RS3872,tipo,passa,tipo=artigo
RS3873,tipo,passa,tipo=artigo
RS3874,tipo,passa,tipo=artigo
RS3875,tipo,passa,tipo=preprint
RS3876,tipo,passa,tipo=capitulo
RS3878,tipo,passa,tipo=livro
RS3879,tipo,passa,tipo=preprint
RS3880,tipo,passa,tipo=capitulo
RS3887,tipo,passa,tipo=preprint
RS3891,tipo,passa,tipo=artigo
RS3892,tipo,passa,tipo=capitulo
RS3893,tipo,passa,tipo=livro
RS3895,tipo,passa,tipo=artigo
RS3897,tipo,passa,tipo=outro
RS3899,tipo,passa,tipo=capitulo
RS3900,tipo,passa,tipo=capitulo
RS3902,tipo,passa,tipo=artigo
RS3903,tipo,passa,tipo=preprint
RS3905,tipo,passa,tipo=outro
RS3906,tipo,passa,tipo=livro
RS3908,tipo,passa,tipo=evento
RS3909,tipo,passa,tipo=preprint
RS3910,tipo,passa,tipo=preprint
RS3912,tipo,passa,tipo=artigo
RS3913,tipo,passa,tipo=artigo
RS3914,tipo,passa,tipo=artigo
RS3915,tipo,passa,tipo=artigo
RS3916,tipo,passa,tipo=artigo
RS3917,tipo,passa,tipo=artigo
RS3918,tipo,passa,tipo=evento
RS3919,tipo,passa,tipo=preprint
RS3920,tipo,passa,tipo=preprint
RS3921,tipo,passa,tipo=artigo
RS3922,tipo,passa,tipo=artigo
RS3923,tipo,passa,tipo=artigo
RS3924,tipo,passa,tipo=artigo
RS3925,tipo,passa,tipo=artigo
RS3926,tipo,passa,tipo=preprint
RS3928,tipo,passa,tipo=artigo
RS3929,tipo,passa,tipo=artigo
RS3930,tipo,passa,tipo=artigo
RS3931,tipo,passa,tipo=capitulo
RS3932,tipo,passa,tipo=artigo
RS3933,tipo,passa,tipo=artigo
RS3938,tipo,passa,tipo=livro
RS3940,tipo,passa,tipo=artigo
RS3941,tipo,passa,tipo=artigo
RS3942,tipo,passa,tipo=livro
RS3945,tipo,passa,tipo=livro
RS3947,tipo,passa,tipo=artigo
RS3948,tipo,passa,tipo=artigo
RS3949,tipo,passa,tipo=artigo
RS3950,tipo,passa,tipo=artigo
RS3951,tipo,passa,tipo=artigo
RS3952,tipo,passa,tipo=artigo
RS3953,tipo,passa,tipo=artigo
RS3954,tipo,passa,tipo=artigo
RS3955,tipo,passa,tipo=artigo
RS3956,tipo,passa,tipo=artigo
RS3957,tipo,passa,tipo=artigo
RS3958,tipo,passa,tipo=artigo
RS3959,tipo,passa,tipo=preprint
RS3960,tipo,passa,tipo=preprint
RS3961,tipo,passa,tipo=artigo
RS3962,tipo,passa,tipo=preprint
RS3963,tipo,passa,tipo=relatorio
RS3964,tipo,passa,tipo=artigo
RS3965,tipo,passa,tipo=artigo
RS3966,tipo,passa,tipo=evento
RS3967,tipo,passa,tipo=artigo
RS3968,tipo,passa,tipo=artigo
RS3969,tipo,passa,tipo=preprint
RS3970,tipo,passa,tipo=preprint
RS3971,tipo,passa,tipo=artigo
RS3973,tipo,passa,tipo=artigo
RS3974,tipo,passa,tipo=artigo
RS3975,tipo,passa,tipo=preprint
RS3976,tipo,passa,tipo=relatorio
RS3977,tipo,passa,tipo=artigo
RS3978,tipo,passa,tipo=preprint
RS3979,tipo,passa,tipo=artigo
RS3980,tipo,passa,tipo=preprint
RS3981,tipo,passa,tipo=artigo
RS3982,tipo,passa,tipo=preprint
RS3983,tipo,passa,tipo=outro
RS3984,tipo,passa,tipo=artigo
RS3985,tipo,passa,tipo=preprint
RS3986,tipo,passa,tipo=artigo
RS3987,tipo,passa,tipo=preprint
RS3988,tipo,passa,tipo=artigo
RS3989,tipo,passa,tipo=artigo
RS3990,tipo,passa,tipo=capitulo
RS3991,tipo,passa,tipo=artigo
RS3992,tipo,passa,tipo=capitulo
RS3993,tipo,passa,tipo=artigo
RS3994,tipo,passa,tipo=artigo
RS3995,tipo,passa,tipo=artigo
RS3996,tipo,passa,tipo=artigo
RS3999,tipo,passa,tipo=capitulo
RS4000,tipo,passa,tipo=artigo
RS4001,tipo,passa,tipo=artigo
RS4002,tipo,passa,tipo=artigo
RS4003,tipo,passa,tipo=artigo
RS4004,tipo,passa,tipo=artigo
RS4005,tipo,passa,tipo=artigo
RS4006,tipo,passa,tipo=artigo
RS4007,tipo,passa,tipo=artigo
RS4008,tipo,passa,tipo=artigo
RS4009,tipo,passa,tipo=outro
RS4010,tipo,passa,tipo=artigo
RS4011,tipo,passa,tipo=artigo
RS4012,tipo,passa,tipo=preprint
RS4013,tipo,passa,tipo=evento
RS4014,tipo,passa,tipo=evento
RS4015,tipo,passa,tipo=outro
RS4016,tipo,passa,tipo=outro
RS4017,tipo,passa,tipo=outro
RS4018,tipo,passa,tipo=outro
RS4019,tipo,passa,tipo=outro
RS4020,tipo,passa,tipo=preprint
RS4021,tipo,passa,tipo=artigo
RS4022,tipo,passa,tipo=evento
RS4023,tipo,passa,tipo=preprint
RS4024,tipo,passa,tipo=preprint
RS4025,tipo,passa,tipo=preprint
RS4026,tipo,passa,tipo=artigo
RS4027,tipo,passa,tipo=relatorio
RS4028,tipo,passa,tipo=capitulo
RS4029,tipo,passa,tipo=artigo
RS4030,tipo,passa,tipo=preprint
RS4031,tipo,passa,tipo=artigo
RS4032,tipo,passa,tipo=tese
RS4033,tipo,passa,tipo=artigo
RS4034,tipo,passa,tipo=preprint
RS4035,tipo,passa,tipo=artigo
RS4036,tipo,passa,tipo=artigo
RS4037,tipo,passa,tipo=artigo
RS4038,tipo,etiqueta,tipo=errata
RS4039,tipo,passa,tipo=preprint
RS4040,tipo,passa,tipo=artigo
RS4041,tipo,passa,tipo=artigo
RS4042,tipo,passa,tipo=artigo
RS4043,tipo,passa,tipo=artigo
RS4044,tipo,passa,tipo=artigo
RS4045,tipo,passa,tipo=artigo
RS4046,tipo,passa,tipo=artigo
RS4047,tipo,passa,tipo=artigo
RS4048,tipo,passa,tipo=artigo
RS4049,tipo,passa,tipo=artigo
RS4050,tipo,passa,tipo=artigo
RS4051,tipo,passa,tipo=artigo
RS4052,tipo,passa,tipo=artigo
RS4053,tipo,passa,tipo=preprint
RS4054,tipo,passa,tipo=artigo
RS4055,tipo,passa,tipo=artigo
RS4056,tipo,passa,tipo=preprint
RS4057,tipo,passa,tipo=preprint
RS4058,tipo,passa,tipo=capitulo
RS4059,tipo,passa,tipo=revisao
RS4060,tipo,passa,tipo=artigo
RS4061,tipo,passa,tipo=artigo
RS4062,tipo,passa,tipo=artigo
RS4063,tipo,passa,tipo=preprint
RS4064,tipo,passa,tipo=artigo
RS4065,tipo,passa,tipo=preprint
RS4066,tipo,passa,tipo=artigo
RS4067,tipo,passa,tipo=artigo
RS4068,tipo,passa,tipo=artigo
RS4069,tipo,passa,tipo=revisao
RS4070,tipo,passa,tipo=artigo
RS4071,tipo,passa,tipo=artigo
RS4072,tipo,passa,tipo=artigo
RS4073,tipo,passa,tipo=artigo
RS4074,tipo,passa,tipo=artigo
RS4075,tipo,passa,tipo=artigo
RS4076,tipo,passa,tipo=artigo
RS4077,tipo,passa,tipo=artigo
RS4078,tipo,passa,tipo=artigo
RS4079,tipo,passa,tipo=artigo
RS4080,tipo,passa,tipo=artigo
RS4081,tipo,passa,tipo=artigo
RS4082,tipo,passa,tipo=artigo
RS4083,tipo,passa,tipo=artigo
RS4084,tipo,passa,tipo=artigo
RS4085,tipo,passa,tipo=artigo
RS4086,tipo,passa,tipo=artigo
RS4087,tipo,passa,tipo=artigo
RS4088,tipo,passa,tipo=artigo
RS4089,tipo,passa,tipo=artigo
RS4090,tipo,passa,tipo=artigo
RS4091,tipo,passa,tipo=artigo
RS4092,tipo,passa,tipo=artigo
RS4093,tipo,passa,tipo=capitulo
RS4094,tipo,passa,tipo=artigo
RS4095,tipo,passa,tipo=artigo
RS4096,tipo,passa,tipo=artigo
RS4097,tipo,passa,tipo=artigo
RS4098,tipo,passa,tipo=artigo
RS4099,tipo,passa,tipo=artigo
RS4100,tipo,passa,tipo=artigo
RS4101,tipo,passa,tipo=artigo
RS4102,tipo,passa,tipo=artigo
RS4103,tipo,passa,tipo=artigo
RS4104,tipo,passa,tipo=preprint
RS4105,tipo,passa,tipo=artigo
RS4106,tipo,passa,tipo=artigo
RS4107,tipo,passa,tipo=artigo
RS4108,tipo,passa,tipo=artigo
RS4109,tipo,passa,tipo=artigo
RS4110,tipo,passa,tipo=artigo
RS4111,tipo,passa,tipo=artigo
RS4112,tipo,passa,tipo=preprint
RS4113,tipo,passa,tipo=artigo
RS4114,tipo,passa,tipo=artigo
RS4115,tipo,passa,tipo=capitulo
RS4116,tipo,passa,tipo=artigo
RS4117,tipo,passa,tipo=artigo
RS4118,tipo,passa,tipo=artigo
RS4119,tipo,passa,tipo=capitulo
RS4122,tipo,passa,tipo=relatorio
RS4123,tipo,passa,tipo=livro
RS4125,tipo,passa,tipo=livro
RS4126,tipo,passa,tipo=artigo
RS4128,tipo,passa,tipo=livro
RS4129,tipo,passa,tipo=capitulo
RS4130,tipo,passa,tipo=artigo
RS4131,tipo,passa,tipo=artigo
RS4133,tipo,passa,tipo=artigo
RS4134,tipo,passa,tipo=capitulo
RS4136,tipo,passa,tipo=outro
RS4137,tipo,passa,tipo=artigo
RS4138,tipo,passa,tipo=relatorio
RS4139,tipo,passa,tipo=artigo
RS4142,tipo,passa,tipo=livro
RS4144,tipo,passa,tipo=artigo
RS4151,tipo,passa,tipo=artigo
RS4152,tipo,passa,tipo=artigo
RS4153,tipo,passa,tipo=artigo
RS4157,tipo,passa,tipo=artigo
RS4161,tipo,passa,tipo=artigo
RS4162,tipo,passa,tipo=artigo
RS4163,tipo,passa,tipo=artigo
RS4167,tipo,passa,tipo=artigo
RS4177,tipo,passa,tipo=artigo
RS4179,tipo,passa,tipo=artigo
RS4183,tipo,passa,tipo=artigo
RS4186,tipo,passa,tipo=artigo
RS4190,tipo,passa,tipo=artigo
RS4193,tipo,passa,tipo=artigo
RS4201,tipo,passa,tipo=artigo
RS4203,tipo,passa,tipo=artigo
RS4208,tipo,passa,tipo=artigo
RS4209,tipo,passa,tipo=artigo
RS4212,tipo,passa,tipo=artigo
RS4213,tipo,passa,tipo=artigo
RS4214,tipo,passa,tipo=artigo
RS4215,tipo,passa,tipo=artigo
RS4220,tipo,passa,tipo=artigo
RS4221,tipo,passa,tipo=artigo
RS4225,tipo,passa,tipo=artigo
RS4227,tipo,passa,tipo=artigo
RS4228,tipo,passa,tipo=artigo
RS4229,tipo,passa,tipo=artigo
RS4230,tipo,passa,tipo=artigo
RS4238,tipo,passa,tipo=artigo
RS4239,tipo,passa,tipo=artigo
RS4241,tipo,passa,tipo=artigo
RS4242,tipo,passa,tipo=artigo
RS4246,tipo,passa,tipo=relatorio
RS4247,tipo,passa,tipo=artigo
RS4248,tipo,passa,tipo=artigo
RS4249,tipo,passa,tipo=artigo
RS4252,tipo,passa,tipo=artigo
RS4254,tipo,passa,tipo=artigo
RS4256,tipo,passa,tipo=artigo
RS4258,tipo,passa,tipo=artigo
RS4260,tipo,passa,tipo=artigo
RS4261,tipo,passa,tipo=artigo
RS4266,tipo,passa,tipo=artigo
RS4267,tipo,passa,tipo=artigo
RS4268,tipo,passa,tipo=capitulo
RS4269,tipo,passa,tipo=artigo
RS4272,tipo,passa,tipo=artigo
RS4274,tipo,passa,tipo=artigo
RS4275,tipo,passa,tipo=artigo
RS4279,tipo,passa,tipo=tese
RS4280,tipo,passa,tipo=artigo
RS4281,tipo,passa,tipo=artigo
RS4282,tipo,passa,tipo=artigo
RS4286,tipo,passa,tipo=artigo
RS4289,tipo,passa,tipo=artigo
RS4293,tipo,passa,tipo=artigo
RS4294,tipo,passa,tipo=livro
RS4295,tipo,passa,tipo=artigo
RS4296,tipo,passa,tipo=preprint
RS4297,tipo,passa,tipo=livro
RS4298,tipo,passa,tipo=preprint
RS4299,tipo,passa,tipo=artigo
RS4300,tipo,passa,tipo=artigo
RS4301,tipo,passa,tipo=artigo
RS4302,tipo,passa,tipo=artigo
RS4307,tipo,passa,tipo=artigo
RS4308,tipo,passa,tipo=artigo
RS4310,tipo,passa,tipo=artigo
RS4311,tipo,passa,tipo=evento
RS4312,tipo,passa,tipo=artigo
RS4313,tipo,passa,tipo=artigo
RS4315,tipo,passa,tipo=artigo
RS4316,tipo,passa,tipo=artigo
RS4320,tipo,passa,tipo=artigo
RS4321,tipo,passa,tipo=artigo
RS4322,tipo,passa,tipo=artigo
RS4323,tipo,passa,tipo=livro
RS4324,tipo,passa,tipo=artigo
RS4325,tipo,passa,tipo=artigo
RS4326,tipo,passa,tipo=relatorio
RS4327,tipo,passa,tipo=livro
RS4328,tipo,passa,tipo=outro
RS4329,tipo,passa,tipo=artigo
RS4330,tipo,passa,tipo=artigo
RS4331,tipo,passa,tipo=relatorio
RS4332,tipo,passa,tipo=evento
RS4333,tipo,passa,tipo=artigo
RS4334,tipo,passa,tipo=capitulo
RS4335,tipo,passa,tipo=artigo
RS4337,tipo,passa,tipo=tese
RS4338,tipo,passa,tipo=artigo
RS4339,tipo,passa,tipo=artigo
RS4340,tipo,passa,tipo=artigo
RS4341,tipo,passa,tipo=artigo
RS4342,tipo,passa,tipo=livro
RS4343,tipo,passa,tipo=artigo
RS4344,tipo,passa,tipo=preprint
RS4345,tipo,passa,tipo=artigo
RS4346,tipo,passa,tipo=artigo
RS4347,tipo,passa,tipo=artigo
RS4348,tipo,passa,tipo=artigo
RS4349,tipo,passa,tipo=artigo
RS4350,tipo,passa,tipo=artigo
RS4351,tipo,passa,tipo=preprint
RS4352,tipo,passa,tipo=evento
RS4353,tipo,passa,tipo=artigo
RS4354,tipo,passa,tipo=artigo
RS4355,tipo,passa,tipo=preprint
RS4356,tipo,passa,tipo=preprint
RS4357,tipo,passa,tipo=artigo
RS4358,tipo,passa,tipo=artigo
RS4359,tipo,passa,tipo=artigo
RS4360,tipo,passa,tipo=preprint
RS4361,tipo,passa,tipo=artigo
RS4362,tipo,passa,tipo=preprint
RS4363,tipo,passa,tipo=artigo
RS4364,tipo,passa,tipo=artigo
RS4365,tipo,passa,tipo=artigo
RS4366,tipo,passa,tipo=artigo
RS4367,tipo,passa,tipo=artigo
RS4368,tipo,passa,tipo=artigo
RS4369,tipo,passa,tipo=preprint
RS4370,tipo,passa,tipo=preprint
RS4371,tipo,passa,tipo=artigo
RS4372,tipo,passa,tipo=preprint
RS4373,tipo,passa,tipo=preprint
RS4374,tipo,passa,tipo=artigo
RS4375,tipo,passa,tipo=artigo
RS4376,tipo,passa,tipo=artigo
RS4377,tipo,passa,tipo=preprint
RS4378,tipo,passa,tipo=preprint
RS4379,tipo,passa,tipo=artigo
RS4381,tipo,passa,tipo=artigo
RS4382,tipo,passa,tipo=preprint
RS4383,tipo,passa,tipo=artigo
RS4384,tipo,passa,tipo=artigo
RS4385,tipo,passa,tipo=artigo
RS4386,tipo,passa,tipo=artigo
RS4388,tipo,passa,tipo=artigo
RS4389,tipo,passa,tipo=artigo
RS4390,tipo,passa,tipo=artigo
RS4391,tipo,passa,tipo=artigo
RS4392,tipo,passa,tipo=artigo
RS4393,tipo,passa,tipo=artigo
RS4394,tipo,passa,tipo=artigo
RS4395,tipo,passa,tipo=artigo
RS4396,tipo,passa,tipo=artigo
RS4397,tipo,passa,tipo=preprint
RS4398,tipo,passa,tipo=artigo
RS4399,tipo,passa,tipo=artigo
RS4400,tipo,passa,tipo=artigo
RS4401,tipo,passa,tipo=artigo
RS4402,tipo,passa,tipo=preprint
RS4403,tipo,passa,tipo=artigo
RS4404,tipo,passa,tipo=artigo
RS4405,tipo,passa,tipo=livro
RS4406,tipo,passa,tipo=artigo
RS4407,tipo,passa,tipo=artigo
RS4408,tipo,passa,tipo=artigo
RS4409,tipo,passa,tipo=artigo
RS4410,tipo,passa,tipo=livro
RS4411,tipo,passa,tipo=artigo
RS4412,tipo,passa,tipo=artigo
RS4413,tipo,passa,tipo=artigo
RS4414,tipo,passa,tipo=artigo
RS4415,tipo,passa,tipo=artigo
RS4416,tipo,passa,tipo=evento
RS4417,tipo,passa,tipo=evento
RS4419,tipo,passa,tipo=artigo
RS4421,tipo,passa,tipo=preprint
RS4428,tipo,passa,tipo=livro
RS4430,tipo,passa,tipo=preprint
RS4433,tipo,passa,tipo=capitulo
RS4434,tipo,etiqueta,tipo=editorial
RS4436,tipo,passa,tipo=livro
RS4438,tipo,passa,tipo=preprint
RS4439,tipo,passa,tipo=preprint
RS4440,tipo,passa,tipo=livro
RS4441,tipo,passa,tipo=preprint
RS4442,tipo,passa,tipo=artigo
RS4443,tipo,passa,tipo=artigo
RS4444,tipo,passa,tipo=artigo
RS4445,tipo,passa,tipo=preprint
RS4446,tipo,passa,tipo=artigo
RS4447,tipo,passa,tipo=artigo
RS4448,tipo,passa,tipo=artigo
RS4449,tipo,etiqueta,tipo=editorial
RS4450,tipo,passa,tipo=artigo
RS4451,tipo,passa,tipo=artigo
RS4452,tipo,passa,tipo=artigo
RS4453,tipo,passa,tipo=outro
RS4454,tipo,passa,tipo=artigo
RS4458,tipo,passa,tipo=livro
RS4459,tipo,passa,tipo=livro
RS4461,tipo,passa,tipo=artigo
RS4462,tipo,passa,tipo=artigo
RS4463,tipo,passa,tipo=artigo
RS4464,tipo,passa,tipo=artigo
RS4465,tipo,passa,tipo=artigo
RS4466,tipo,passa,tipo=capitulo
RS4467,tipo,passa,tipo=artigo
RS4468,tipo,passa,tipo=preprint
RS4469,tipo,passa,tipo=preprint
RS4470,tipo,passa,tipo=artigo
RS4471,tipo,passa,tipo=artigo
RS4472,tipo,passa,tipo=artigo
RS4473,tipo,passa,tipo=artigo
RS4474,tipo,passa,tipo=artigo
RS4475,tipo,passa,tipo=artigo
RS4476,tipo,passa,tipo=preprint
RS4477,tipo,passa,tipo=revisao
RS4478,tipo,passa,tipo=artigo
RS4479,tipo,passa,tipo=capitulo
RS4480,tipo,passa,tipo=outro
RS4481,tipo,passa,tipo=artigo
RS4482,tipo,passa,tipo=artigo
RS4483,tipo,passa,tipo=artigo
RS4484,tipo,passa,tipo=artigo
RS4485,tipo,passa,tipo=artigo
RS4486,tipo,passa,tipo=artigo
RS4487,tipo,passa,tipo=artigo
RS4488,tipo,passa,tipo=artigo
RS4489,tipo,passa,tipo=artigo
RS4490,tipo,passa,tipo=artigo
RS4491,tipo,passa,tipo=artigo
RS4492,tipo,passa,tipo=artigo
RS4493,tipo,passa,tipo=artigo
RS4494,tipo,passa,tipo=artigo
RS4495,tipo,passa,tipo=capitulo
RS4496,tipo,passa,tipo=artigo
RS4497,tipo,passa,tipo=artigo
RS4498,tipo,passa,tipo=artigo
RS4499,tipo,passa,tipo=capitulo
RS4500,tipo,passa,tipo=capitulo
RS4501,tipo,passa,tipo=preprint
RS4502,tipo,passa,tipo=artigo
RS4503,tipo,passa,tipo=preprint
RS4504,tipo,passa,tipo=relatorio
RS4505,tipo,passa,tipo=artigo
RS4506,tipo,passa,tipo=artigo
RS4507,tipo,passa,tipo=capitulo
RS4508,tipo,passa,tipo=preprint
RS4509,tipo,passa,tipo=artigo
RS4510,tipo,passa,tipo=artigo
RS4511,tipo,passa,tipo=artigo
RS4512,tipo,passa,tipo=capitulo
RS4513,tipo,passa,tipo=capitulo
RS4514,tipo,passa,tipo=artigo
RS4515,tipo,passa,tipo=artigo
RS4516,tipo,passa,tipo=capitulo
RS4517,tipo,passa,tipo=artigo
RS4518,tipo,passa,tipo=artigo
RS4519,tipo,passa,tipo=artigo
RS4520,tipo,passa,tipo=artigo
RS4521,tipo,passa,tipo=artigo
RS4522,tipo,passa,tipo=artigo
RS4523,tipo,passa,tipo=artigo
RS4524,tipo,passa,tipo=artigo
RS4525,tipo,passa,tipo=artigo
RS4526,tipo,passa,tipo=artigo
RS4527,tipo,passa,tipo=preprint
RS4528,tipo,passa,tipo=preprint
RS4531,tipo,passa,tipo=livro
RS4534,tipo,passa,tipo=livro
RS4540,tipo,passa,tipo=artigo
RS4542,tipo,passa,tipo=artigo
RS4543,tipo,passa,tipo=preprint
RS4545,tipo,passa,tipo=artigo
RS4548,tipo,passa,tipo=artigo
RS4563,tipo,passa,tipo=artigo
RS4568,tipo,passa,tipo=artigo
RS4574,tipo,passa,tipo=artigo
RS4577,tipo,passa,tipo=artigo
RS4578,tipo,passa,tipo=artigo
RS4581,tipo,passa,tipo=artigo
RS4587,tipo,passa,tipo=artigo
RS4591,tipo,passa,tipo=artigo
RS4593,tipo,passa,tipo=artigo
RS4594,tipo,passa,tipo=revisao
RS4595,tipo,passa,tipo=artigo
RS4597,tipo,passa,tipo=artigo
RS4598,tipo,passa,tipo=preprint
RS4599,tipo,passa,tipo=preprint
RS4606,tipo,passa,tipo=artigo
RS4608,tipo,passa,tipo=artigo
RS4609,tipo,passa,tipo=artigo
RS4610,tipo,passa,tipo=artigo
RS4611,tipo,passa,tipo=artigo
RS4612,tipo,passa,tipo=livro
RS4613,tipo,passa,tipo=artigo
RS4614,tipo,passa,tipo=outro
RS4616,tipo,passa,tipo=artigo
RS4617,tipo,passa,tipo=artigo
RS4619,tipo,passa,tipo=artigo
RS4621,tipo,passa,tipo=artigo
RS4622,tipo,passa,tipo=capitulo
RS4625,tipo,passa,tipo=artigo
RS4627,tipo,passa,tipo=artigo
RS4629,tipo,passa,tipo=artigo
RS4630,tipo,passa,tipo=artigo
RS4631,tipo,passa,tipo=artigo
RS4632,tipo,passa,tipo=preprint
RS4633,tipo,passa,tipo=artigo
RS4634,tipo,passa,tipo=preprint
RS0388,idioma,passa,idioma=es
RS0510,idioma,passa,idioma=es
RS0656,idioma,passa,idioma=es
RS0845,idioma,passa,idioma=es
RS1015,idioma,passa,idioma=pt
RS1085,idioma,passa,idioma=pt
RS1218,idioma,passa,idioma=pt
RS1219,idioma,passa,idioma=pt
RS1220,idioma,passa,idioma=pt
RS1221,idioma,passa,idioma=pt
RS1222,idioma,passa,idioma=en
RS1223,idioma,passa,idioma=pt
RS1224,idioma,passa,idioma=pt
RS1225,idioma,passa,idioma=pt
RS1226,idioma,passa,idioma=pt
RS1227,idioma,passa,idioma=pt
RS1228,idioma,passa,idioma=pt
RS1229,idioma,passa,idioma=pt
RS1230,idioma,passa,idioma=pt
RS1231,idioma,passa,idioma=pt
RS1232,idioma,passa,idioma=pt
RS1233,idioma,passa,idioma=pt
RS1234,idioma,passa,idioma=pt
RS1235,idioma,passa,idioma=pt
RS1236,idioma,passa,idioma=pt
RS1237,idioma,passa,idioma=pt
RS1238,idioma,passa,idioma=pt
RS1239,idioma,passa,idioma=pt
RS1240,idioma,passa,idioma=pt
RS1241,idioma,passa,idioma=pt
RS1242,idioma,passa,idioma=pt
RS1243,idioma,sem_dado,idioma_ausente
RS1244,idioma,passa,idioma=pt
RS1245,idioma,passa,idioma=pt
RS1246,idioma,passa,idioma=pt
RS1247,idioma,passa,idioma=pt
RS1248,idioma,passa,idioma=pt
RS1249,idioma,passa,idioma=pt
RS1250,idioma,sem_dado,idioma_ausente
RS1251,idioma,passa,idioma=pt
RS1252,idioma,passa,idioma=pt
RS1254,idioma,passa,idioma=pt
RS1255,idioma,passa,idioma=pt
RS1256,idioma,passa,idioma=pt
RS1257,idioma,passa,idioma=pt
RS1258,idioma,passa,idioma=pt
RS1259,idioma,passa,idioma=pt
RS1260,idioma,passa,idioma=pt
RS1261,idioma,passa,idioma=pt
RS1262,idioma,passa,idioma=pt
RS1263,idioma,passa,idioma=pt
RS1264,idioma,passa,idioma=pt
RS1265,idioma,passa,idioma=pt
RS1266,idioma,passa,idioma=pt
RS1267,idioma,passa,idioma=pt
RS1268,idioma,passa,idioma=pt
RS1269,idioma,passa,idioma=pt
RS1270,idioma,passa,idioma=pt
RS1271,idioma,passa,idioma=pt
RS1272,idioma,passa,idioma=pt
RS1273,idioma,passa,idioma=pt
RS1274,idioma,passa,idioma=pt
RS1275,idioma,sem_dado,idioma_ausente
RS1276,idioma,passa,idioma=pt
RS1277,idioma,passa,idioma=pt
RS1278,idioma,passa,idioma=pt
RS1279,idioma,passa,idioma=pt
RS1280,idioma,passa,idioma=pt
RS1281,idioma,passa,idioma=pt
RS1282,idioma,passa,idioma=pt
RS1283,idioma,passa,idioma=pt
RS1284,idioma,passa,idioma=pt
RS1285,idioma,sem_dado,idioma_ausente
RS1286,idioma,passa,idioma=pt
RS1287,idioma,passa,idioma=pt
RS1288,idioma,passa,idioma=pt
RS1289,idioma,passa,idioma=pt
RS1290,idioma,passa,idioma=pt
RS1291,idioma,passa,idioma=pt
RS1292,idioma,passa,idioma=pt
RS1293,idioma,passa,idioma=pt
RS1294,idioma,sem_dado,idioma_ausente
RS1295,idioma,passa,idioma=pt
RS1296,idioma,passa,idioma=pt
RS1297,idioma,passa,idioma=pt
RS1298,idioma,passa,idioma=pt
RS1299,idioma,passa,idioma=pt
RS1300,idioma,passa,idioma=pt
RS1301,idioma,passa,idioma=pt
RS1303,idioma,passa,idioma=pt
RS1304,idioma,passa,idioma=pt
RS1305,idioma,passa,idioma=pt
RS1306,idioma,passa,idioma=pt
RS1307,idioma,passa,idioma=pt
RS1308,idioma,passa,idioma=pt
RS1309,idioma,sem_dado,idioma_ausente
RS1310,idioma,passa,idioma=pt
RS1311,idioma,passa,idioma=pt
RS1312,idioma,passa,idioma=pt
RS1313,idioma,passa,idioma=pt
RS1314,idioma,passa,idioma=pt
RS1315,idioma,sem_dado,idioma_ausente
RS1316,idioma,passa,idioma=pt
RS1317,idioma,passa,idioma=pt
RS1318,idioma,passa,idioma=pt
RS1319,idioma,passa,idioma=pt
RS1320,idioma,passa,idioma=pt
RS1321,idioma,passa,idioma=pt
RS1322,idioma,passa,idioma=pt
RS1323,idioma,sem_dado,idioma_ausente
RS1324,idioma,passa,idioma=pt
RS1325,idioma,passa,idioma=pt
RS1326,idioma,passa,idioma=pt
RS1327,idioma,passa,idioma=pt
RS1328,idioma,passa,idioma=pt
RS1329,idioma,passa,idioma=pt
RS1330,idioma,passa,idioma=pt
RS1332,idioma,passa,idioma=es
RS1333,idioma,passa,idioma=es
RS1334,idioma,passa,idioma=es
RS1335,idioma,passa,idioma=es
RS1336,idioma,passa,idioma=es
RS1337,idioma,passa,idioma=es
RS1338,idioma,passa,idioma=es
RS1339,idioma,passa,idioma=es
RS1340,idioma,passa,idioma=es
RS1341,idioma,passa,idioma=es
RS1342,idioma,passa,idioma=es
RS1343,idioma,passa,idioma=es
RS1344,idioma,passa,idioma=es
RS1345,idioma,passa,idioma=es
RS1346,idioma,passa,idioma=es
RS1347,idioma,passa,idioma=es
RS1348,idioma,passa,idioma=es
RS1349,idioma,passa,idioma=es
RS1350,idioma,passa,idioma=es
RS1352,idioma,passa,idioma=es
RS1353,idioma,passa,idioma=es
RS1354,idioma,passa,idioma=es
RS1356,idioma,passa,idioma=es
RS1357,idioma,passa,idioma=es
RS1358,idioma,passa,idioma=es
RS1359,idioma,passa,idioma=es
RS1360,idioma,passa,idioma=es
RS1362,idioma,passa,idioma=es
RS1363,idioma,passa,idioma=es
RS1364,idioma,passa,idioma=es
RS1365,idioma,passa,idioma=es
RS1366,idioma,passa,idioma=es
RS1367,idioma,passa,idioma=es
RS1368,idioma,passa,idioma=es
RS1369,idioma,passa,idioma=es
RS1370,idioma,passa,idioma=es
RS1371,idioma,passa,idioma=en
RS1372,idioma,passa,idioma=es
RS1373,idioma,passa,idioma=es
RS1374,idioma,passa,idioma=es
RS1375,idioma,passa,idioma=es
RS1377,idioma,passa,idioma=es
RS1378,idioma,passa,idioma=es
RS1379,idioma,passa,idioma=es
RS1380,idioma,passa,idioma=es
RS1381,idioma,passa,idioma=es
RS1382,idioma,passa,idioma=es
RS1383,idioma,passa,idioma=es
RS1384,idioma,passa,idioma=es
RS1385,idioma,passa,idioma=es
RS1386,idioma,passa,idioma=es
RS1387,idioma,passa,idioma=es
RS1388,idioma,passa,idioma=en
RS1389,idioma,passa,idioma=es
RS1390,idioma,passa,idioma=en
RS1391,idioma,passa,idioma=es
RS1392,idioma,passa,idioma=es
RS1393,idioma,passa,idioma=es
RS1394,idioma,passa,idioma=es
RS1395,idioma,passa,idioma=es
RS1396,idioma,passa,idioma=es
RS1397,idioma,sem_dado,idioma_ausente
RS1398,idioma,passa,idioma=es
RS1399,idioma,passa,idioma=es
RS1400,idioma,passa,idioma=es
RS1401,idioma,passa,idioma=es
RS1402,idioma,passa,idioma=es
RS1403,idioma,passa,idioma=es
RS1404,idioma,passa,idioma=es
RS1405,idioma,sem_dado,idioma_ausente
RS1406,idioma,passa,idioma=es
RS1407,idioma,passa,idioma=es
RS1408,idioma,passa,idioma=es
RS1409,idioma,passa,idioma=es
RS1410,idioma,passa,idioma=es
RS1411,idioma,passa,idioma=es
RS1412,idioma,passa,idioma=es
RS1413,idioma,passa,idioma=es
RS1414,idioma,passa,idioma=es
RS1415,idioma,passa,idioma=es
RS1416,idioma,passa,idioma=es
RS1417,idioma,passa,idioma=es
RS1418,idioma,passa,idioma=es
RS1419,idioma,passa,idioma=es
RS1420,idioma,passa,idioma=es
RS1421,idioma,passa,idioma=es
RS1422,idioma,passa,idioma=es
RS1423,idioma,passa,idioma=es
RS1424,idioma,passa,idioma=es
RS1425,idioma,passa,idioma=es
RS1426,idioma,passa,idioma=es
RS1427,idioma,passa,idioma=es
RS1428,idioma,passa,idioma=es
RS1429,idioma,passa,idioma=es
RS1430,idioma,passa,idioma=es
RS1431,idioma,passa,idioma=es
RS1432,idioma,passa,idioma=es
RS1433,idioma,passa,idioma=es
RS1434,idioma,passa,idioma=es
RS1435,idioma,passa,idioma=es
RS1436,idioma,passa,idioma=es
RS1437,idioma,passa,idioma=es
RS1438,idioma,passa,idioma=es
RS1439,idioma,passa,idioma=es
RS1440,idioma,passa,idioma=es
RS1441,idioma,passa,idioma=es
RS1442,idioma,passa,idioma=es
RS1443,idioma,passa,idioma=es
RS1444,idioma,passa,idioma=es
RS1445,idioma,passa,idioma=es
RS1446,idioma,passa,idioma=es
RS1447,idioma,passa,idioma=es
RS1448,idioma,passa,idioma=pt
RS1449,idioma,passa,idioma=es
RS1450,idioma,passa,idioma=es
RS1451,idioma,passa,idioma=en
RS1452,idioma,passa,idioma=es
RS1453,idioma,sem_dado,idioma_ausente
RS1454,idioma,passa,idioma=es
RS1455,idioma,passa,idioma=es
RS1456,idioma,passa,idioma=es
RS1457,idioma,passa,idioma=es
RS1461,idioma,passa,idioma=pt
RS1462,idioma,passa,idioma=pt
RS1463,idioma,passa,idioma=pt
RS1464,idioma,passa,idioma=pt
RS1466,idioma,passa,idioma=pt
RS1467,idioma,passa,idioma=pt
RS1469,idioma,passa,idioma=pt
RS1471,idioma,passa,idioma=pt
RS1473,idioma,passa,idioma=pt
RS1474,idioma,passa,idioma=pt
RS1475,idioma,passa,idioma=pt
RS1476,idioma,passa,idioma=en
RS1480,idioma,passa,idioma=en
RS1481,idioma,passa,idioma=en
RS1482,idioma,passa,idioma=pt
RS1483,idioma,passa,idioma=pt
RS1484,idioma,passa,idioma=pt
RS1485,idioma,passa,idioma=pt
RS1486,idioma,passa,idioma=pt
RS1487,idioma,passa,idioma=pt
RS1488,idioma,passa,idioma=pt
RS1489,idioma,passa,idioma=pt
RS1490,idioma,passa,idioma=pt
RS1491,idioma,passa,idioma=pt
RS1493,idioma,passa,idioma=pt
RS1494,idioma,passa,idioma=pt
RS1495,idioma,passa,idioma=pt
RS1496,idioma,passa,idioma=pt
RS1497,idioma,passa,idioma=pt
RS1498,idioma,passa,idioma=pt
RS1499,idioma,passa,idioma=pt
RS1500,idioma,passa,idioma=en
RS1501,idioma,passa,idioma=pt
RS1502,idioma,passa,idioma=pt
RS1503,idioma,passa,idioma=pt
RS1504,idioma,passa,idioma=pt
RS1505,idioma,passa,idioma=en
RS1506,idioma,passa,idioma=en
RS1507,idioma,passa,idioma=pt
RS1508,idioma,passa,idioma=pt
RS1509,idioma,passa,idioma=pt
RS1510,idioma,passa,idioma=pt
RS1511,idioma,passa,idioma=pt
RS1512,idioma,passa,idioma=pt
RS1513,idioma,passa,idioma=pt
RS1514,idioma,passa,idioma=pt
RS1515,idioma,passa,idioma=en
RS1516,idioma,passa,idioma=pt
RS1517,idioma,passa,idioma=pt
RS1518,idioma,passa,idioma=pt
RS1519,idioma,passa,idioma=pt
RS1520,idioma,passa,idioma=pt
RS1521,idioma,passa,idioma=en
RS1522,idioma,passa,idioma=en
RS1523,idioma,passa,idioma=en
RS1524,idioma,passa,idioma=en
RS1525,idioma,passa,idioma=en
RS1526,idioma,passa,idioma=en
RS1527,idioma,passa,idioma=en
RS1528,idioma,passa,idioma=en
RS1529,idioma,passa,idioma=en
RS1531,idioma,passa,idioma=en
RS1532,idioma,passa,idioma=en
RS1533,idioma,passa,idioma=en
RS1534,idioma,passa,idioma=en
RS1535,idioma,passa,idioma=en
RS1536,idioma,passa,idioma=en
RS1537,idioma,passa,idioma=en
RS1538,idioma,passa,idioma=en
RS1539,idioma,passa,idioma=en
RS1541,idioma,passa,idioma=en
RS1542,idioma,passa,idioma=en
RS1544,idioma,passa,idioma=en
RS1545,idioma,passa,idioma=en
RS1546,idioma,passa,idioma=en
RS1547,idioma,passa,idioma=en
RS1548,idioma,passa,idioma=en
RS1549,idioma,passa,idioma=en
RS1551,idioma,passa,idioma=en
RS1553,idioma,passa,idioma=en
RS1554,idioma,passa,idioma=en
RS1556,idioma,passa,idioma=en
RS1557,idioma,passa,idioma=en
RS1558,idioma,passa,idioma=en
RS1559,idioma,passa,idioma=en
RS1560,idioma,passa,idioma=en
RS1561,idioma,passa,idioma=en
RS1562,idioma,passa,idioma=en
RS1563,idioma,passa,idioma=en
RS1564,idioma,passa,idioma=en
RS1565,idioma,passa,idioma=en
RS1566,idioma,passa,idioma=en
RS1567,idioma,passa,idioma=en
RS1568,idioma,passa,idioma=en
RS1569,idioma,passa,idioma=en
RS1570,idioma,passa,idioma=en
RS1571,idioma,passa,idioma=en
RS1572,idioma,passa,idioma=en
RS1573,idioma,passa,idioma=en
RS1574,idioma,passa,idioma=en
RS1575,idioma,passa,idioma=en
RS1576,idioma,passa,idioma=en
RS1577,idioma,passa,idioma=en
RS1578,idioma,passa,idioma=en
RS1579,idioma,passa,idioma=en
RS1580,idioma,passa,idioma=en
RS1581,idioma,passa,idioma=en
RS1582,idioma,passa,idioma=en
RS1583,idioma,passa,idioma=en
RS1584,idioma,passa,idioma=en
RS1585,idioma,passa,idioma=en
RS1586,idioma,passa,idioma=en
RS1587,idioma,passa,idioma=en
RS1589,idioma,passa,idioma=en
RS1590,idioma,passa,idioma=en
RS1591,idioma,passa,idioma=en
RS1592,idioma,passa,idioma=en
RS1593,idioma,passa,idioma=en
RS1594,idioma,passa,idioma=en
RS1595,idioma,passa,idioma=en
RS1596,idioma,etiqueta,idioma=fr
RS1597,idioma,passa,idioma=en
RS1598,idioma,passa,idioma=en
RS1599,idioma,passa,idioma=en
RS1600,idioma,passa,idioma=en
RS1601,idioma,passa,idioma=en
RS1602,idioma,passa,idioma=en
RS1604,idioma,passa,idioma=en
RS1605,idioma,passa,idioma=en
RS1606,idioma,passa,idioma=en
RS1607,idioma,passa,idioma=en
RS1608,idioma,passa,idioma=en
RS1609,idioma,passa,idioma=en
RS1610,idioma,passa,idioma=en
RS1611,idioma,passa,idioma=en
RS1612,idioma,passa,idioma=en
RS1613,idioma,passa,idioma=en
RS1614,idioma,passa,idioma=en
RS1615,idioma,passa,idioma=en
RS1616,idioma,passa,idioma=en
RS1617,idioma,passa,idioma=en
RS1618,idioma,passa,idioma=en
RS1619,idioma,passa,idioma=en
RS1620,idioma,passa,idioma=en
RS1621,idioma,passa,idioma=en
RS1622,idioma,passa,idioma=en
RS1623,idioma,passa,idioma=en
RS1625,idioma,passa,idioma=en
RS1627,idioma,passa,idioma=en
RS1628,idioma,passa,idioma=en
RS1629,idioma,passa,idioma=en
RS1630,idioma,passa,idioma=en
RS1631,idioma,passa,idioma=en
RS1632,idioma,passa,idioma=en
RS1633,idioma,passa,idioma=en
RS1634,idioma,passa,idioma=en
RS1636,idioma,passa,idioma=en
RS1637,idioma,passa,idioma=en
RS1638,idioma,passa,idioma=en
RS1639,idioma,passa,idioma=en
RS1640,idioma,passa,idioma=en
RS1641,idioma,passa,idioma=en
RS1642,idioma,passa,idioma=en
RS1643,idioma,passa,idioma=en
RS1644,idioma,passa,idioma=en
RS1645,idioma,passa,idioma=en
RS1646,idioma,passa,idioma=en
RS1647,idioma,passa,idioma=en
RS1648,idioma,passa,idioma=en
RS1649,idioma,passa,idioma=en
RS1650,idioma,passa,idioma=en
RS1651,idioma,passa,idioma=en
RS1652,idioma,passa,idioma=en
RS1653,idioma,passa,idioma=en
RS1654,idioma,passa,idioma=en
RS1656,idioma,passa,idioma=en
RS1657,idioma,passa,idioma=en
RS1658,idioma,passa,idioma=en
RS1659,idioma,passa,idioma=en
RS1660,idioma,passa,idioma=en
RS1661,idioma,passa,idioma=en
RS1662,idioma,passa,idioma=en
RS1663,idioma,passa,idioma=en
RS1664,idioma,passa,idioma=en
RS1665,idioma,passa,idioma=en
RS1666,idioma,passa,idioma=en
RS1667,idioma,passa,idioma=en
RS1668,idioma,passa,idioma=en
RS1669,idioma,passa,idioma=en
RS1670,idioma,passa,idioma=en
RS1671,idioma,passa,idioma=en
RS1672,idioma,passa,idioma=en
RS1673,idioma,passa,idioma=en
RS1674,idioma,passa,idioma=en
RS1675,idioma,passa,idioma=en
RS1676,idioma,passa,idioma=en
RS1677,idioma,passa,idioma=en
RS1678,idioma,passa,idioma=en
RS1679,idioma,passa,idioma=en
RS1680,idioma,passa,idioma=en
RS1681,idioma,passa,idioma=en
RS1682,idioma,passa,idioma=en
RS1683,idioma,passa,idioma=en
RS1684,idioma,passa,idioma=en
RS1685,idioma,passa,idioma=en
RS1687,idioma,passa,idioma=en
RS1688,idioma,passa,idioma=en
RS1689,idioma,passa,idioma=en
RS1690,idioma,passa,idioma=en
RS1691,idioma,passa,idioma=en
RS1692,idioma,passa,idioma=en
RS1693,idioma,passa,idioma=en
RS1694,idioma,passa,idioma=en
RS1695,idioma,passa,idioma=en
RS1696,idioma,passa,idioma=en
RS1697,idioma,passa,idioma=en
RS1698,idioma,passa,idioma=en
RS1699,idioma,passa,idioma=en
RS1700,idioma,passa,idioma=en
RS1701,idioma,passa,idioma=en
RS1702,idioma,passa,idioma=en
RS1703,idioma,passa,idioma=en
RS1704,idioma,passa,idioma=en
RS1705,idioma,passa,idioma=en
RS1706,idioma,passa,idioma=en
RS1707,idioma,passa,idioma=en
RS1708,idioma,passa,idioma=en
RS1709,idioma,passa,idioma=en
RS1710,idioma,passa,idioma=en
RS1711,idioma,passa,idioma=en
RS1712,idioma,passa,idioma=en
RS1713,idioma,passa,idioma=en
RS1714,idioma,passa,idioma=en
RS1715,idioma,passa,idioma=en
RS1716,idioma,passa,idioma=en
RS1717,idioma,passa,idioma=en
RS1718,idioma,passa,idioma=en
RS1719,idioma,passa,idioma=en
RS1722,idioma,passa,idioma=en
RS1723,idioma,passa,idioma=en
RS1725,idioma,passa,idioma=en
RS1726,idioma,passa,idioma=en
RS1727,idioma,passa,idioma=en
RS1728,idioma,passa,idioma=en
RS1729,idioma,passa,idioma=en
RS1730,idioma,passa,idioma=en
RS1731,idioma,passa,idioma=en
RS1734,idioma,passa,idioma=en
RS1735,idioma,passa,idioma=en
RS1736,idioma,passa,idioma=en
RS1737,idioma,passa,idioma=en
RS1738,idioma,passa,idioma=en
RS1739,idioma,passa,idioma=en
RS1740,idioma,passa,idioma=en
RS1742,idioma,passa,idioma=en
RS1743,idioma,passa,idioma=en
RS1744,idioma,passa,idioma=en
RS1745,idioma,passa,idioma=en
RS1746,idioma,passa,idioma=en
RS1748,idioma,passa,idioma=en
RS1749,idioma,passa,idioma=en
RS1750,idioma,passa,idioma=en
RS1751,idioma,passa,idioma=en
RS1752,idioma,passa,idioma=en
RS1753,idioma,passa,idioma=en
RS1754,idioma,passa,idioma=en
RS1755,idioma,passa,idioma=en
RS1756,idioma,passa,idioma=en
RS1757,idioma,passa,idioma=en
RS1758,idioma,passa,idioma=en
RS1759,idioma,passa,idioma=en
RS1760,idioma,passa,idioma=en
RS1763,idioma,passa,idioma=en
RS1764,idioma,passa,idioma=en
RS1765,idioma,passa,idioma=en
RS1766,idioma,passa,idioma=es
RS1767,idioma,passa,idioma=en
RS1770,idioma,passa,idioma=en
RS1771,idioma,passa,idioma=en
RS1772,idioma,passa,idioma=en
RS1773,idioma,passa,idioma=en
RS1775,idioma,passa,idioma=en
RS1776,idioma,passa,idioma=en
RS1777,idioma,passa,idioma=en
RS1778,idioma,passa,idioma=en
RS1779,idioma,passa,idioma=en
RS1780,idioma,passa,idioma=en
RS1781,idioma,passa,idioma=en
RS1782,idioma,passa,idioma=en
RS1783,idioma,passa,idioma=en
RS1784,idioma,passa,idioma=en
RS1785,idioma,passa,idioma=en
RS1786,idioma,passa,idioma=en
RS1787,idioma,passa,idioma=en
RS1788,idioma,passa,idioma=en
RS1789,idioma,passa,idioma=en
RS1790,idioma,passa,idioma=en
RS1791,idioma,passa,idioma=en
RS1792,idioma,passa,idioma=en
RS1793,idioma,passa,idioma=en
RS1794,idioma,passa,idioma=en
RS1795,idioma,passa,idioma=en
RS1796,idioma,passa,idioma=en
RS1797,idioma,passa,idioma=en
RS1798,idioma,passa,idioma=en
RS1799,idioma,passa,idioma=en
RS1800,idioma,passa,idioma=en
RS1801,idioma,passa,idioma=en
RS1802,idioma,passa,idioma=en
RS1803,idioma,passa,idioma=en
RS1805,idioma,etiqueta,idioma=fr
RS1806,idioma,passa,idioma=en
RS1807,idioma,passa,idioma=en
RS1808,idioma,passa,idioma=en
RS1809,idioma,passa,idioma=en
RS1812,idioma,passa,idioma=en
RS1813,idioma,passa,idioma=en
RS1814,idioma,passa,idioma=en
RS1815,idioma,passa,idioma=en
RS1816,idioma,passa,idioma=en
RS1817,idioma,passa,idioma=en
RS1819,idioma,passa,idioma=en
RS1820,idioma,passa,idioma=en
RS1821,idioma,passa,idioma=en
RS1822,idioma,passa,idioma=en
RS1823,idioma,passa,idioma=en
RS1824,idioma,passa,idioma=en
RS1825,idioma,passa,idioma=en
RS1826,idioma,passa,idioma=en
RS1827,idioma,passa,idioma=en
RS1828,idioma,passa,idioma=en
RS1830,idioma,sem_dado,idioma_ausente
RS1831,idioma,passa,idioma=en
RS1832,idioma,passa,idioma=en
RS1833,idioma,passa,idioma=en
RS1834,idioma,passa,idioma=en
RS1835,idioma,passa,idioma=en
RS1836,idioma,passa,idioma=en
RS1837,idioma,sem_dado,idioma_ausente
RS1838,idioma,etiqueta,idioma=cs
RS1839,idioma,passa,idioma=en
RS1840,idioma,passa,idioma=en
RS1841,idioma,passa,idioma=en
RS1842,idioma,passa,idioma=en
RS1843,idioma,passa,idioma=en
RS1845,idioma,passa,idioma=en
RS1846,idioma,passa,idioma=en
RS1847,idioma,passa,idioma=en
RS1849,idioma,passa,idioma=en
RS1850,idioma,passa,idioma=en
RS1851,idioma,sem_dado,idioma_ausente
RS1852,idioma,passa,idioma=en
RS1853,idioma,passa,idioma=en
RS1854,idioma,passa,idioma=en
RS1856,idioma,passa,idioma=en
RS1857,idioma,passa,idioma=en
RS1858,idioma,passa,idioma=en
RS1859,idioma,passa,idioma=en
RS1860,idioma,passa,idioma=en
RS1861,idioma,passa,idioma=en
RS1863,idioma,passa,idioma=en
RS1864,idioma,passa,idioma=en
RS1865,idioma,passa,idioma=en
RS1866,idioma,passa,idioma=en
RS1867,idioma,passa,idioma=en
RS1868,idioma,passa,idioma=en
RS1869,idioma,passa,idioma=en
RS1870,idioma,passa,idioma=en
RS1871,idioma,passa,idioma=en
RS1872,idioma,passa,idioma=en
RS1873,idioma,sem_dado,idioma_ausente
RS1874,idioma,passa,idioma=en
RS1875,idioma,passa,idioma=en
RS1876,idioma,passa,idioma=en
RS1877,idioma,passa,idioma=en
RS1879,idioma,passa,idioma=en
RS1880,idioma,passa,idioma=en
RS1881,idioma,passa,idioma=en
RS1882,idioma,passa,idioma=en
RS1883,idioma,passa,idioma=es
RS1884,idioma,sem_dado,idioma_ausente
RS1885,idioma,sem_dado,idioma_ausente
RS1886,idioma,passa,idioma=en
RS1887,idioma,sem_dado,idioma_ausente
RS1888,idioma,sem_dado,idioma_ausente
RS1889,idioma,passa,idioma=en
RS1890,idioma,passa,idioma=en
RS1891,idioma,passa,idioma=en
RS1892,idioma,passa,idioma=en
RS1893,idioma,passa,idioma=en
RS1894,idioma,passa,idioma=en
RS1895,idioma,passa,idioma=en
RS1896,idioma,passa,idioma=en
RS1897,idioma,passa,idioma=en
RS1898,idioma,passa,idioma=en
RS1899,idioma,passa,idioma=en
RS1900,idioma,passa,idioma=en
RS1901,idioma,passa,idioma=en
RS1902,idioma,passa,idioma=en
RS1903,idioma,passa,idioma=en
RS1904,idioma,passa,idioma=en
RS1905,idioma,passa,idioma=en
RS1906,idioma,passa,idioma=en
RS1907,idioma,passa,idioma=en
RS1908,idioma,passa,idioma=en
RS1909,idioma,passa,idioma=en
RS1910,idioma,passa,idioma=en
RS1911,idioma,passa,idioma=en
RS1912,idioma,passa,idioma=en
RS1914,idioma,sem_dado,idioma_ausente
RS1915,idioma,passa,idioma=en
RS1916,idioma,passa,idioma=en
RS1917,idioma,passa,idioma=en
RS1918,idioma,passa,idioma=en
RS1919,idioma,passa,idioma=en
RS1920,idioma,passa,idioma=en
RS1921,idioma,passa,idioma=en
RS1922,idioma,passa,idioma=en
RS1923,idioma,passa,idioma=en
RS1924,idioma,passa,idioma=en
RS1925,idioma,passa,idioma=en
RS1926,idioma,passa,idioma=en
RS1927,idioma,passa,idioma=en
RS1928,idioma,passa,idioma=en
RS1929,idioma,passa,idioma=en
RS1931,idioma,passa,idioma=en
RS1932,idioma,passa,idioma=en
RS1933,idioma,passa,idioma=en
RS1934,idioma,passa,idioma=en
RS1935,idioma,passa,idioma=en
RS1936,idioma,passa,idioma=en
RS1937,idioma,passa,idioma=en
RS1938,idioma,sem_dado,idioma_ausente
RS1939,idioma,passa,idioma=en
RS1940,idioma,passa,idioma=en
RS1941,idioma,passa,idioma=en
RS1942,idioma,passa,idioma=en
RS1943,idioma,passa,idioma=en
RS1945,idioma,passa,idioma=en
RS1946,idioma,passa,idioma=en
RS1948,idioma,passa,idioma=en
RS1949,idioma,passa,idioma=en
RS1950,idioma,passa,idioma=en
RS1951,idioma,passa,idioma=en
RS1952,idioma,passa,idioma=en
RS1953,idioma,passa,idioma=en
RS1956,idioma,passa,idioma=en
RS1957,idioma,passa,idioma=en
RS1958,idioma,passa,idioma=en
RS1959,idioma,passa,idioma=en
RS1960,idioma,passa,idioma=en
RS1961,idioma,passa,idioma=en
RS1962,idioma,passa,idioma=en
RS1963,idioma,passa,idioma=en
RS1964,idioma,passa,idioma=en
RS1965,idioma,passa,idioma=en
RS1966,idioma,passa,idioma=en
RS1967,idioma,passa,idioma=en
RS1968,idioma,passa,idioma=en
RS1970,idioma,passa,idioma=en
RS1971,idioma,passa,idioma=en
RS1972,idioma,passa,idioma=en
RS1974,idioma,passa,idioma=en
RS1975,idioma,passa,idioma=en
RS1977,idioma,passa,idioma=en
RS1978,idioma,passa,idioma=en
RS1979,idioma,passa,idioma=en
RS1980,idioma,passa,idioma=en
RS1981,idioma,passa,idioma=en
RS1982,idioma,passa,idioma=en
RS1983,idioma,passa,idioma=en
RS1984,idioma,passa,idioma=en
RS1985,idioma,passa,idioma=en
RS1986,idioma,passa,idioma=en
RS1987,idioma,passa,idioma=es
RS1988,idioma,passa,idioma=en
RS1989,idioma,passa,idioma=en
RS1990,idioma,passa,idioma=en
RS1991,idioma,passa,idioma=en
RS1992,idioma,etiqueta,idioma=cs
RS1993,idioma,passa,idioma=en
RS1995,idioma,passa,idioma=en
RS1997,idioma,passa,idioma=en
RS1998,idioma,passa,idioma=en
RS1999,idioma,passa,idioma=en
RS2000,idioma,passa,idioma=en
RS2001,idioma,passa,idioma=en
RS2002,idioma,passa,idioma=en
RS2003,idioma,passa,idioma=en
RS2004,idioma,sem_dado,idioma_ausente
RS2006,idioma,passa,idioma=en
RS2007,idioma,passa,idioma=en
RS2008,idioma,passa,idioma=en
RS2010,idioma,passa,idioma=en
RS2011,idioma,passa,idioma=en
RS2012,idioma,passa,idioma=en
RS2013,idioma,passa,idioma=en
RS2014,idioma,passa,idioma=en
RS2015,idioma,sem_dado,idioma_ausente
RS2016,idioma,passa,idioma=en
RS2017,idioma,passa,idioma=en
RS2018,idioma,passa,idioma=en
RS2019,idioma,passa,idioma=en
RS2020,idioma,passa,idioma=en
RS2021,idioma,passa,idioma=en
RS2022,idioma,passa,idioma=en
RS2023,idioma,passa,idioma=en
RS2024,idioma,passa,idioma=en
RS2025,idioma,passa,idioma=en
RS2026,idioma,sem_dado,idioma_ausente
RS2027,idioma,passa,idioma=en
RS2028,idioma,passa,idioma=en
RS2029,idioma,sem_dado,idioma_ausente
RS2030,idioma,passa,idioma=en
RS2031,idioma,passa,idioma=en
RS2032,idioma,sem_dado,idioma_ausente
RS2033,idioma,passa,idioma=en
RS2034,idioma,passa,idioma=en
RS2035,idioma,sem_dado,idioma_ausente
RS2036,idioma,passa,idioma=en
RS2037,idioma,passa,idioma=en
RS2038,idioma,passa,idioma=en
RS2040,idioma,passa,idioma=en
RS2041,idioma,passa,idioma=en
RS2042,idioma,sem_dado,idioma_ausente
RS2043,idioma,passa,idioma=en
RS2044,idioma,sem_dado,idioma_ausente
RS2045,idioma,sem_dado,idioma_ausente
RS2046,idioma,passa,idioma=en
RS2047,idioma,passa,idioma=en
RS2048,idioma,passa,idioma=en
RS2049,idioma,passa,idioma=en
RS2050,idioma,passa,idioma=en
RS2051,idioma,passa,idioma=en
RS2053,idioma,passa,idioma=en
RS2054,idioma,passa,idioma=en
RS2055,idioma,passa,idioma=en
RS2056,idioma,passa,idioma=en
RS2057,idioma,passa,idioma=en
RS2058,idioma,sem_dado,idioma_ausente
RS2059,idioma,etiqueta,idioma=de
RS2060,idioma,sem_dado,idioma_ausente
RS2061,idioma,sem_dado,idioma_ausente
RS2062,idioma,passa,idioma=en
RS2063,idioma,passa,idioma=en
RS2064,idioma,sem_dado,idioma_ausente
RS2065,idioma,passa,idioma=en
RS2066,idioma,passa,idioma=en
RS2067,idioma,passa,idioma=en
RS2068,idioma,passa,idioma=en
RS2069,idioma,passa,idioma=en
RS2070,idioma,passa,idioma=en
RS2071,idioma,passa,idioma=en
RS2072,idioma,passa,idioma=en
RS2073,idioma,passa,idioma=en
RS2074,idioma,passa,idioma=en
RS2075,idioma,passa,idioma=en
RS2076,idioma,passa,idioma=en
RS2077,idioma,passa,idioma=en
RS2078,idioma,passa,idioma=en
RS2079,idioma,passa,idioma=en
RS2080,idioma,passa,idioma=en
RS2081,idioma,passa,idioma=en
RS2082,idioma,passa,idioma=en
RS2083,idioma,etiqueta,idioma=lt
RS2084,idioma,passa,idioma=en
RS2085,idioma,passa,idioma=en
RS2086,idioma,passa,idioma=en
RS2087,idioma,passa,idioma=en
RS2088,idioma,passa,idioma=en
RS2089,idioma,passa,idioma=en
RS2090,idioma,passa,idioma=en
RS2091,idioma,sem_dado,idioma_ausente
RS2092,idioma,passa,idioma=en
RS2093,idioma,passa,idioma=en
RS2094,idioma,passa,idioma=en
RS2095,idioma,passa,idioma=en
RS2096,idioma,passa,idioma=en
RS2097,idioma,passa,idioma=en
RS2098,idioma,etiqueta,idioma=fr
RS2100,idioma,passa,idioma=en
RS2101,idioma,passa,idioma=en
RS2102,idioma,passa,idioma=en
RS2105,idioma,passa,idioma=en
RS2106,idioma,sem_dado,idioma_ausente
RS2107,idioma,passa,idioma=en
RS2108,idioma,passa,idioma=en
RS2109,idioma,sem_dado,idioma_ausente
RS2110,idioma,passa,idioma=en
RS2111,idioma,passa,idioma=en
RS2112,idioma,passa,idioma=en
RS2114,idioma,passa,idioma=en
RS2115,idioma,etiqueta,idioma=fr
RS2116,idioma,passa,idioma=en
RS2117,idioma,sem_dado,idioma_ausente
RS2118,idioma,passa,idioma=en
RS2119,idioma,passa,idioma=en
RS2120,idioma,passa,idioma=en
RS2121,idioma,passa,idioma=en
RS2122,idioma,etiqueta,idioma=sk
RS2123,idioma,passa,idioma=en
RS2124,idioma,passa,idioma=en
RS2125,idioma,passa,idioma=en
RS2126,idioma,sem_dado,idioma_ausente
RS2127,idioma,passa,idioma=en
RS2128,idioma,passa,idioma=en
RS2129,idioma,passa,idioma=en
RS2130,idioma,passa,idioma=en
RS2131,idioma,passa,idioma=en
RS2132,idioma,passa,idioma=en
RS2135,idioma,passa,idioma=en
RS2136,idioma,sem_dado,idioma_ausente
RS2137,idioma,passa,idioma=en
RS2138,idioma,sem_dado,idioma_ausente
RS2139,idioma,sem_dado,idioma_ausente
RS2140,idioma,passa,idioma=en
RS2141,idioma,passa,idioma=en
RS2144,idioma,passa,idioma=en
RS2145,idioma,passa,idioma=en
RS2146,idioma,sem_dado,idioma_ausente
RS2147,idioma,passa,idioma=en
RS2148,idioma,passa,idioma=en
RS2149,idioma,passa,idioma=en
RS2150,idioma,passa,idioma=en
RS2151,idioma,passa,idioma=en
RS2152,idioma,passa,idioma=en
RS2153,idioma,etiqueta,idioma=ru
RS2155,idioma,passa,idioma=en
RS2156,idioma,passa,idioma=en
RS2158,idioma,passa,idioma=en
RS2160,idioma,passa,idioma=en
RS2161,idioma,passa,idioma=en
RS2162,idioma,passa,idioma=en
RS2163,idioma,passa,idioma=en
RS2164,idioma,passa,idioma=en
RS2165,idioma,etiqueta,idioma=cs
RS2166,idioma,passa,idioma=en
RS2167,idioma,passa,idioma=en
RS2168,idioma,passa,idioma=en
RS2169,idioma,passa,idioma=en
RS2170,idioma,passa,idioma=en
RS2171,idioma,passa,idioma=en
RS2174,idioma,passa,idioma=en
RS2175,idioma,passa,idioma=es
RS2176,idioma,passa,idioma=en
RS2177,idioma,passa,idioma=en
RS2178,idioma,passa,idioma=en
RS2179,idioma,passa,idioma=en
RS2180,idioma,passa,idioma=en
RS2181,idioma,passa,idioma=es
RS2182,idioma,passa,idioma=en
RS2183,idioma,passa,idioma=en
RS2184,idioma,passa,idioma=en
RS2185,idioma,passa,idioma=en
RS2187,idioma,etiqueta,idioma=de
RS2188,idioma,passa,idioma=en
RS2189,idioma,passa,idioma=en
RS2190,idioma,passa,idioma=en
RS2192,idioma,passa,idioma=en
RS2193,idioma,passa,idioma=en
RS2194,idioma,passa,idioma=en
RS2195,idioma,passa,idioma=en
RS2196,idioma,passa,idioma=en
RS2197,idioma,passa,idioma=en
RS2198,idioma,etiqueta,idioma=pl
RS2199,idioma,passa,idioma=en
RS2200,idioma,etiqueta,idioma=de
RS2201,idioma,sem_dado,idioma_ausente
RS2202,idioma,passa,idioma=en
RS2203,idioma,passa,idioma=en
RS2204,idioma,passa,idioma=en
RS2205,idioma,passa,idioma=en
RS2206,idioma,passa,idioma=en
RS2207,idioma,passa,idioma=en
RS2208,idioma,passa,idioma=en
RS2209,idioma,passa,idioma=en
RS2210,idioma,passa,idioma=en
RS2211,idioma,passa,idioma=en
RS2212,idioma,passa,idioma=en
RS2213,idioma,passa,idioma=en
RS2214,idioma,passa,idioma=en
RS2215,idioma,passa,idioma=en
RS2216,idioma,passa,idioma=en
RS2217,idioma,passa,idioma=en
RS2218,idioma,passa,idioma=en
RS2219,idioma,passa,idioma=en
RS2221,idioma,passa,idioma=en
RS2222,idioma,sem_dado,idioma_ausente
RS2224,idioma,sem_dado,idioma_ausente
RS2225,idioma,passa,idioma=en
RS2226,idioma,passa,idioma=en
RS2227,idioma,passa,idioma=en
RS2228,idioma,passa,idioma=en
RS2229,idioma,passa,idioma=en
RS2230,idioma,passa,idioma=en
RS2231,idioma,passa,idioma=en
RS2232,idioma,passa,idioma=en
RS2233,idioma,passa,idioma=en
RS2235,idioma,passa,idioma=en
RS2236,idioma,passa,idioma=en
RS2237,idioma,passa,idioma=en
RS2238,idioma,passa,idioma=en
RS2239,idioma,passa,idioma=en
RS2240,idioma,passa,idioma=en
RS2241,idioma,sem_dado,idioma_ausente
RS2242,idioma,passa,idioma=en
RS2243,idioma,passa,idioma=en
RS2244,idioma,etiqueta,idioma=pl
RS2245,idioma,passa,idioma=en
RS2246,idioma,passa,idioma=en
RS2247,idioma,passa,idioma=en
RS2248,idioma,passa,idioma=en
RS2249,idioma,passa,idioma=en
RS2250,idioma,passa,idioma=en
RS2251,idioma,passa,idioma=en
RS2252,idioma,passa,idioma=en
RS2253,idioma,passa,idioma=en
RS2254,idioma,passa,idioma=en
RS2255,idioma,passa,idioma=en
RS2256,idioma,passa,idioma=en
RS2257,idioma,passa,idioma=en
RS2258,idioma,etiqueta,idioma=ru
RS2259,idioma,passa,idioma=en
RS2260,idioma,passa,idioma=en
RS2261,idioma,passa,idioma=en
RS2262,idioma,passa,idioma=en
RS2263,idioma,passa,idioma=en
RS2264,idioma,passa,idioma=en
RS2265,idioma,sem_dado,idioma_ausente
RS2266,idioma,passa,idioma=en
RS2267,idioma,passa,idioma=en
RS2268,idioma,passa,idioma=en
RS2269,idioma,passa,idioma=es
RS2271,idioma,passa,idioma=en
RS2272,idioma,passa,idioma=en
RS2273,idioma,passa,idioma=en
RS2274,idioma,passa,idioma=en
RS2275,idioma,passa,idioma=en
RS2276,idioma,passa,idioma=en
RS2278,idioma,passa,idioma=en
RS2279,idioma,passa,idioma=en
RS2281,idioma,passa,idioma=en
RS2282,idioma,passa,idioma=en
RS2283,idioma,passa,idioma=en
RS2284,idioma,passa,idioma=en
RS2285,idioma,passa,idioma=en
RS2286,idioma,passa,idioma=en
RS2287,idioma,passa,idioma=en
RS2288,idioma,passa,idioma=en
RS2289,idioma,passa,idioma=en
RS2290,idioma,passa,idioma=en
RS2291,idioma,passa,idioma=en
RS2292,idioma,passa,idioma=en
RS2293,idioma,passa,idioma=en
RS2295,idioma,passa,idioma=en
RS2296,idioma,passa,idioma=en
RS2297,idioma,passa,idioma=en
RS2300,idioma,passa,idioma=en
RS2301,idioma,passa,idioma=en
RS2303,idioma,passa,idioma=en
RS2305,idioma,passa,idioma=en
RS2306,idioma,passa,idioma=en
RS2307,idioma,passa,idioma=en
RS2308,idioma,passa,idioma=en
RS2309,idioma,passa,idioma=en
RS2310,idioma,passa,idioma=en
RS2312,idioma,passa,idioma=en
RS2313,idioma,sem_dado,idioma_ausente
RS2314,idioma,etiqueta,idioma=ru
RS2315,idioma,passa,idioma=en
RS2316,idioma,passa,idioma=en
RS2317,idioma,passa,idioma=en
RS2318,idioma,passa,idioma=en
RS2320,idioma,passa,idioma=en
RS2321,idioma,passa,idioma=en
RS2322,idioma,passa,idioma=en
RS2323,idioma,passa,idioma=en
RS2324,idioma,passa,idioma=es
RS2325,idioma,passa,idioma=en
RS2326,idioma,passa,idioma=en
RS2327,idioma,passa,idioma=en
RS2328,idioma,passa,idioma=en
RS2329,idioma,passa,idioma=en
RS2330,idioma,passa,idioma=en
RS2331,idioma,passa,idioma=en
RS2332,idioma,passa,idioma=en
RS2333,idioma,passa,idioma=en
RS2334,idioma,passa,idioma=en
RS2335,idioma,passa,idioma=en
RS2336,idioma,passa,idioma=en
RS2337,idioma,passa,idioma=en
RS2338,idioma,passa,idioma=en
RS2339,idioma,passa,idioma=en
RS2340,idioma,passa,idioma=en
RS2341,idioma,passa,idioma=en
RS2342,idioma,passa,idioma=en
RS2343,idioma,passa,idioma=en
RS2344,idioma,passa,idioma=en
RS2345,idioma,passa,idioma=en
RS2348,idioma,passa,idioma=en
RS2349,idioma,passa,idioma=en
RS2350,idioma,passa,idioma=en
RS2351,idioma,passa,idioma=en
RS2352,idioma,etiqueta,idioma=fr
RS2353,idioma,passa,idioma=en
RS2354,idioma,passa,idioma=en
RS2355,idioma,passa,idioma=en
RS2358,idioma,passa,idioma=en
RS2359,idioma,passa,idioma=en
RS2361,idioma,passa,idioma=en
RS2362,idioma,passa,idioma=en
RS2363,idioma,passa,idioma=en
RS2364,idioma,passa,idioma=en
RS2365,idioma,passa,idioma=en
RS2366,idioma,passa,idioma=en
RS2367,idioma,passa,idioma=en
RS2368,idioma,etiqueta,idioma=ca
RS2369,idioma,passa,idioma=en
RS2370,idioma,passa,idioma=en
RS2371,idioma,passa,idioma=en
RS2372,idioma,passa,idioma=en
RS2373,idioma,passa,idioma=en
RS2374,idioma,passa,idioma=en
RS2375,idioma,passa,idioma=en
RS2376,idioma,etiqueta,idioma=hr
RS2377,idioma,passa,idioma=en
RS2378,idioma,passa,idioma=en
RS2379,idioma,passa,idioma=es
RS2380,idioma,passa,idioma=en
RS2382,idioma,passa,idioma=en
RS2383,idioma,passa,idioma=en
RS2384,idioma,passa,idioma=en
RS2385,idioma,passa,idioma=en
RS2386,idioma,passa,idioma=en
RS2387,idioma,passa,idioma=en
RS2388,idioma,passa,idioma=en
RS2389,idioma,passa,idioma=en
RS2390,idioma,passa,idioma=en
RS2391,idioma,passa,idioma=en
RS2392,idioma,passa,idioma=en
RS2393,idioma,passa,idioma=en
RS2394,idioma,passa,idioma=en
RS2395,idioma,passa,idioma=en
RS2396,idioma,passa,idioma=en
RS2397,idioma,passa,idioma=en
RS2398,idioma,passa,idioma=en
RS2399,idioma,etiqueta,idioma=uk
RS2400,idioma,passa,idioma=en
RS2401,idioma,passa,idioma=en
RS2402,idioma,passa,idioma=en
RS2403,idioma,sem_dado,idioma_ausente
RS2404,idioma,passa,idioma=en
RS2406,idioma,passa,idioma=en
RS2407,idioma,passa,idioma=en
RS2408,idioma,passa,idioma=en
RS2409,idioma,passa,idioma=en
RS2410,idioma,passa,idioma=en
RS2411,idioma,passa,idioma=en
RS2412,idioma,passa,idioma=en
RS2413,idioma,passa,idioma=en
RS2415,idioma,passa,idioma=en
RS2416,idioma,passa,idioma=en
RS2417,idioma,passa,idioma=es
RS2418,idioma,sem_dado,idioma_ausente
RS2419,idioma,passa,idioma=en
RS2420,idioma,passa,idioma=en
RS2421,idioma,passa,idioma=en
RS2422,idioma,passa,idioma=en
RS2423,idioma,passa,idioma=en
RS2424,idioma,passa,idioma=en
RS2425,idioma,passa,idioma=en
RS2426,idioma,etiqueta,idioma=cs
RS2427,idioma,passa,idioma=en
RS2428,idioma,passa,idioma=en
RS2429,idioma,passa,idioma=en
RS2430,idioma,passa,idioma=en
RS2431,idioma,passa,idioma=en
RS2432,idioma,passa,idioma=en
RS2433,idioma,passa,idioma=en
RS2434,idioma,sem_dado,idioma_ausente
RS2435,idioma,passa,idioma=en
RS2436,idioma,sem_dado,idioma_ausente
RS2437,idioma,passa,idioma=en
RS2438,idioma,sem_dado,idioma_ausente
RS2439,idioma,etiqueta,idioma=pl
RS2440,idioma,passa,idioma=en
RS2441,idioma,passa,idioma=es
RS2442,idioma,etiqueta,idioma=sv
RS2443,idioma,passa,idioma=en
RS2444,idioma,passa,idioma=en
RS2445,idioma,passa,idioma=en
RS2446,idioma,passa,idioma=en
RS2447,idioma,passa,idioma=en
RS2448,idioma,passa,idioma=en
RS2449,idioma,passa,idioma=en
RS2450,idioma,passa,idioma=en
RS2451,idioma,passa,idioma=en
RS2453,idioma,passa,idioma=en
RS2454,idioma,passa,idioma=en
RS2455,idioma,passa,idioma=en
RS2456,idioma,passa,idioma=en
RS2457,idioma,sem_dado,idioma_ausente
RS2458,idioma,passa,idioma=en
RS2460,idioma,sem_dado,idioma_ausente
RS2461,idioma,passa,idioma=en
RS2462,idioma,etiqueta,idioma=it
RS2464,idioma,passa,idioma=es
RS2465,idioma,passa,idioma=en
RS2466,idioma,passa,idioma=en
RS2467,idioma,passa,idioma=en
RS2468,idioma,passa,idioma=en
RS2469,idioma,sem_dado,idioma_ausente
RS2470,idioma,passa,idioma=en
RS2471,idioma,passa,idioma=en
RS2472,idioma,passa,idioma=en
RS2473,idioma,passa,idioma=en
RS2474,idioma,passa,idioma=en
RS2476,idioma,passa,idioma=en
RS2477,idioma,sem_dado,idioma_ausente
RS2478,idioma,passa,idioma=en
RS2479,idioma,passa,idioma=es
RS2480,idioma,passa,idioma=en
RS2481,idioma,passa,idioma=en
RS2483,idioma,sem_dado,idioma_ausente
RS2484,idioma,passa,idioma=en
RS2485,idioma,passa,idioma=en
RS2486,idioma,passa,idioma=en
RS2487,idioma,passa,idioma=en
RS2488,idioma,passa,idioma=en
RS2489,idioma,passa,idioma=en
RS2490,idioma,etiqueta,idioma=ko
RS2491,idioma,passa,idioma=en
RS2492,idioma,passa,idioma=en
RS2493,idioma,passa,idioma=en
RS2494,idioma,passa,idioma=en
RS2496,idioma,sem_dado,idioma_ausente
RS2497,idioma,passa,idioma=en
RS2499,idioma,passa,idioma=en
RS2500,idioma,passa,idioma=en
RS2501,idioma,passa,idioma=en
RS2502,idioma,passa,idioma=en
RS2503,idioma,passa,idioma=en
RS2504,idioma,passa,idioma=en
RS2505,idioma,passa,idioma=en
RS2506,idioma,passa,idioma=en
RS2507,idioma,passa,idioma=en
RS2508,idioma,passa,idioma=en
RS2509,idioma,passa,idioma=en
RS2510,idioma,passa,idioma=en
RS2511,idioma,passa,idioma=en
RS2512,idioma,passa,idioma=en
RS2513,idioma,passa,idioma=en
RS2514,idioma,passa,idioma=en
RS2515,idioma,etiqueta,idioma=sv
RS2516,idioma,passa,idioma=en
RS2517,idioma,passa,idioma=en
RS2518,idioma,passa,idioma=en
RS2519,idioma,passa,idioma=en
RS2520,idioma,etiqueta,idioma=ru
RS2521,idioma,etiqueta,idioma=sv
RS2522,idioma,passa,idioma=en
RS2523,idioma,passa,idioma=en
RS2524,idioma,passa,idioma=en
RS2525,idioma,passa,idioma=en
RS2526,idioma,passa,idioma=en
RS2527,idioma,sem_dado,idioma_ausente
RS2528,idioma,passa,idioma=en
RS2529,idioma,passa,idioma=en
RS2530,idioma,passa,idioma=en
RS2532,idioma,passa,idioma=en
RS2533,idioma,passa,idioma=en
RS2534,idioma,sem_dado,idioma_ausente
RS2535,idioma,passa,idioma=en
RS2536,idioma,passa,idioma=en
RS2537,idioma,passa,idioma=en
RS2538,idioma,passa,idioma=en
RS2539,idioma,sem_dado,idioma_ausente
RS2540,idioma,passa,idioma=en
RS2541,idioma,etiqueta,idioma=fr
RS2542,idioma,passa,idioma=en
RS2543,idioma,passa,idioma=en
RS2544,idioma,etiqueta,idioma=fr
RS2545,idioma,passa,idioma=en
RS2546,idioma,passa,idioma=en
RS2547,idioma,passa,idioma=en
RS2548,idioma,passa,idioma=en
RS2549,idioma,passa,idioma=en
RS2550,idioma,passa,idioma=en
RS2551,idioma,passa,idioma=en
RS2552,idioma,passa,idioma=en
RS2553,idioma,passa,idioma=en
RS2554,idioma,passa,idioma=en
RS2555,idioma,passa,idioma=en
RS2556,idioma,passa,idioma=en
RS2557,idioma,passa,idioma=en
RS2558,idioma,etiqueta,idioma=cs
RS2559,idioma,passa,idioma=en
RS2561,idioma,passa,idioma=en
RS2562,idioma,passa,idioma=en
RS2563,idioma,passa,idioma=en
RS2564,idioma,passa,idioma=en
RS2565,idioma,passa,idioma=en
RS2566,idioma,passa,idioma=en
RS2567,idioma,passa,idioma=en
RS2568,idioma,etiqueta,idioma=pl
RS2569,idioma,passa,idioma=en
RS2570,idioma,passa,idioma=en
RS2572,idioma,passa,idioma=en
RS2573,idioma,passa,idioma=en
RS2574,idioma,passa,idioma=en
RS2575,idioma,passa,idioma=en
RS2576,idioma,passa,idioma=en
RS2577,idioma,passa,idioma=en
RS2578,idioma,passa,idioma=en
RS2579,idioma,passa,idioma=en
RS2583,idioma,passa,idioma=en
RS2584,idioma,passa,idioma=en
RS2585,idioma,passa,idioma=en
RS2586,idioma,passa,idioma=en
RS2587,idioma,passa,idioma=en
RS2588,idioma,passa,idioma=en
RS2589,idioma,passa,idioma=en
RS2590,idioma,passa,idioma=en
RS2591,idioma,passa,idioma=en
RS2592,idioma,sem_dado,idioma_ausente
RS2593,idioma,passa,idioma=en
RS2594,idioma,passa,idioma=en
RS2596,idioma,passa,idioma=en
RS2597,idioma,passa,idioma=en
RS2598,idioma,passa,idioma=en
RS2599,idioma,passa,idioma=en
RS2600,idioma,passa,idioma=en
RS2601,idioma,sem_dado,idioma_ausente
RS2602,idioma,passa,idioma=en
RS2603,idioma,passa,idioma=en
RS2604,idioma,passa,idioma=en
RS2605,idioma,passa,idioma=en
RS2606,idioma,passa,idioma=en
RS2607,idioma,passa,idioma=en
RS2608,idioma,passa,idioma=en
RS2609,idioma,passa,idioma=en
RS2610,idioma,passa,idioma=en
RS2611,idioma,passa,idioma=en
RS2612,idioma,sem_dado,idioma_ausente
RS2613,idioma,passa,idioma=en
RS2614,idioma,passa,idioma=en
RS2615,idioma,passa,idioma=en
RS2616,idioma,passa,idioma=en
RS2617,idioma,passa,idioma=en
RS2618,idioma,passa,idioma=en
RS2619,idioma,passa,idioma=en
RS2620,idioma,passa,idioma=en
RS2621,idioma,passa,idioma=en
RS2622,idioma,passa,idioma=en
RS2623,idioma,passa,idioma=en
RS2624,idioma,passa,idioma=en
RS2625,idioma,passa,idioma=en
RS2626,idioma,passa,idioma=en
RS2627,idioma,etiqueta,idioma=cs
RS2628,idioma,passa,idioma=en
RS2629,idioma,passa,idioma=en
RS2630,idioma,passa,idioma=en
RS2631,idioma,passa,idioma=en
RS2632,idioma,passa,idioma=en
RS2633,idioma,passa,idioma=en
RS2635,idioma,etiqueta,idioma=sv
RS2636,idioma,passa,idioma=en
RS2637,idioma,passa,idioma=es
RS2638,idioma,passa,idioma=en
RS2639,idioma,passa,idioma=en
RS2640,idioma,sem_dado,idioma_ausente
RS2641,idioma,passa,idioma=en
RS2642,idioma,passa,idioma=en
RS2643,idioma,passa,idioma=en
RS2644,idioma,passa,idioma=en
RS2645,idioma,passa,idioma=en
RS2646,idioma,passa,idioma=en
RS2648,idioma,passa,idioma=en
RS2649,idioma,passa,idioma=en
RS2650,idioma,passa,idioma=en
RS2651,idioma,passa,idioma=en
RS2652,idioma,passa,idioma=pt
RS2653,idioma,sem_dado,idioma_ausente
RS2654,idioma,etiqueta,idioma=ko
RS2655,idioma,passa,idioma=en
RS2656,idioma,passa,idioma=en
RS2657,idioma,passa,idioma=en
RS2658,idioma,passa,idioma=en
RS2659,idioma,passa,idioma=en
RS2660,idioma,passa,idioma=pt
RS2661,idioma,passa,idioma=en
RS2662,idioma,passa,idioma=en
RS2663,idioma,passa,idioma=en
RS2664,idioma,passa,idioma=en
RS2665,idioma,sem_dado,idioma_ausente
RS2666,idioma,sem_dado,idioma_ausente
RS2667,idioma,etiqueta,idioma=sv
RS2669,idioma,passa,idioma=en
RS2670,idioma,passa,idioma=en
RS2671,idioma,passa,idioma=en
RS2672,idioma,sem_dado,idioma_ausente
RS2673,idioma,passa,idioma=en
RS2674,idioma,passa,idioma=en
RS2675,idioma,sem_dado,idioma_ausente
RS2677,idioma,passa,idioma=en
RS2678,idioma,passa,idioma=en
RS2679,idioma,etiqueta,idioma=cs
RS2680,idioma,etiqueta,idioma=pl
RS2681,idioma,passa,idioma=en
RS2682,idioma,passa,idioma=en
RS2683,idioma,passa,idioma=en
RS2684,idioma,passa,idioma=en
RS2685,idioma,passa,idioma=en
RS2686,idioma,passa,idioma=en
RS2687,idioma,passa,idioma=en
RS2688,idioma,passa,idioma=es
RS2689,idioma,passa,idioma=en
RS2690,idioma,etiqueta,idioma=cs
RS2691,idioma,passa,idioma=en
RS2692,idioma,passa,idioma=en
RS2693,idioma,passa,idioma=en
RS2694,idioma,passa,idioma=en
RS2695,idioma,passa,idioma=en
RS2696,idioma,passa,idioma=en
RS2697,idioma,etiqueta,idioma=id
RS2698,idioma,passa,idioma=en
RS2699,idioma,passa,idioma=en
RS2700,idioma,passa,idioma=en
RS2701,idioma,passa,idioma=en
RS2702,idioma,passa,idioma=en
RS2703,idioma,passa,idioma=en
RS2704,idioma,passa,idioma=en
RS2705,idioma,passa,idioma=en
RS2706,idioma,passa,idioma=en
RS2707,idioma,passa,idioma=en
RS2708,idioma,passa,idioma=en
RS2709,idioma,passa,idioma=en
RS2710,idioma,passa,idioma=en
RS2711,idioma,passa,idioma=en
RS2712,idioma,sem_dado,idioma_ausente
RS2713,idioma,sem_dado,idioma_ausente
RS2714,idioma,passa,idioma=en
RS2715,idioma,passa,idioma=en
RS2716,idioma,sem_dado,idioma_ausente
RS2717,idioma,passa,idioma=en
RS2718,idioma,passa,idioma=en
RS2719,idioma,passa,idioma=en
RS2720,idioma,etiqueta,idioma=ja
RS2721,idioma,passa,idioma=en
RS2722,idioma,passa,idioma=en
RS2723,idioma,passa,idioma=en
RS2724,idioma,passa,idioma=en
RS2725,idioma,passa,idioma=en
RS2726,idioma,passa,idioma=en
RS2727,idioma,passa,idioma=en
RS2728,idioma,passa,idioma=en
RS2729,idioma,passa,idioma=en
RS2730,idioma,passa,idioma=en
RS2731,idioma,passa,idioma=en
RS2733,idioma,passa,idioma=en
RS2734,idioma,passa,idioma=en
RS2735,idioma,sem_dado,idioma_ausente
RS2736,idioma,passa,idioma=en
RS2737,idioma,passa,idioma=en
RS2738,idioma,sem_dado,idioma_ausente
RS2739,idioma,passa,idioma=en
RS2740,idioma,passa,idioma=en
RS2741,idioma,passa,idioma=en
RS2742,idioma,passa,idioma=en
RS2743,idioma,passa,idioma=en
RS2745,idioma,passa,idioma=en
RS2746,idioma,sem_dado,idioma_ausente
RS2747,idioma,sem_dado,idioma_ausente
RS2748,idioma,passa,idioma=en
RS2749,idioma,passa,idioma=en
RS2750,idioma,passa,idioma=en
RS2751,idioma,passa,idioma=en
RS2752,idioma,passa,idioma=en
RS2753,idioma,passa,idioma=en
RS2754,idioma,sem_dado,idioma_ausente
RS2755,idioma,passa,idioma=en
RS2757,idioma,etiqueta,idioma=cs
RS2758,idioma,passa,idioma=en
RS2759,idioma,passa,idioma=en
RS2760,idioma,sem_dado,idioma_ausente
RS2761,idioma,passa,idioma=en
RS2762,idioma,passa,idioma=en
RS2763,idioma,etiqueta,idioma=cs
RS2764,idioma,passa,idioma=en
RS2765,idioma,passa,idioma=en
RS2766,idioma,sem_dado,idioma_ausente
RS2767,idioma,passa,idioma=es
RS2768,idioma,passa,idioma=en
RS2769,idioma,passa,idioma=en
RS2770,idioma,passa,idioma=en
RS2771,idioma,passa,idioma=en
RS2772,idioma,passa,idioma=en
RS2773,idioma,passa,idioma=en
RS2774,idioma,passa,idioma=en
RS2775,idioma,passa,idioma=en
RS2777,idioma,passa,idioma=en
RS2778,idioma,sem_dado,idioma_ausente
RS2779,idioma,etiqueta,idioma=de
RS2780,idioma,passa,idioma=en
RS2781,idioma,passa,idioma=en
RS2783,idioma,passa,idioma=en
RS2785,idioma,passa,idioma=en
RS2786,idioma,passa,idioma=en
RS2787,idioma,passa,idioma=en
RS2788,idioma,passa,idioma=en
RS2789,idioma,passa,idioma=en
RS2790,idioma,passa,idioma=en
RS2791,idioma,passa,idioma=en
RS2792,idioma,etiqueta,idioma=ru
RS2793,idioma,passa,idioma=en
RS2794,idioma,passa,idioma=en
RS2795,idioma,passa,idioma=en
RS2796,idioma,passa,idioma=en
RS2798,idioma,passa,idioma=en
RS2799,idioma,sem_dado,idioma_ausente
RS2800,idioma,passa,idioma=en
RS2801,idioma,passa,idioma=en
RS2802,idioma,sem_dado,idioma_ausente
RS2803,idioma,passa,idioma=en
RS2804,idioma,passa,idioma=en
RS2806,idioma,passa,idioma=en
RS2807,idioma,passa,idioma=en
RS2808,idioma,passa,idioma=en
RS2810,idioma,passa,idioma=en
RS2811,idioma,passa,idioma=en
RS2812,idioma,sem_dado,idioma_ausente
RS2813,idioma,sem_dado,idioma_ausente
RS2814,idioma,passa,idioma=en
RS2815,idioma,passa,idioma=en
RS2816,idioma,passa,idioma=en
RS2817,idioma,passa,idioma=en
RS2818,idioma,passa,idioma=en
RS2819,idioma,passa,idioma=en
RS2820,idioma,passa,idioma=en
RS2821,idioma,passa,idioma=en
RS2822,idioma,passa,idioma=es
RS2823,idioma,passa,idioma=en
RS2824,idioma,sem_dado,idioma_ausente
RS2825,idioma,passa,idioma=en
RS2826,idioma,passa,idioma=en
RS2827,idioma,passa,idioma=en
RS2829,idioma,passa,idioma=en
RS2830,idioma,passa,idioma=en
RS2832,idioma,passa,idioma=en
RS2833,idioma,passa,idioma=en
RS2834,idioma,passa,idioma=en
RS2835,idioma,sem_dado,idioma_ausente
RS2836,idioma,passa,idioma=en
RS2837,idioma,passa,idioma=en
RS2838,idioma,etiqueta,idioma=pl
RS2839,idioma,passa,idioma=en
RS2840,idioma,passa,idioma=es
RS2841,idioma,passa,idioma=en
RS2842,idioma,passa,idioma=en
RS2843,idioma,passa,idioma=en
RS2844,idioma,sem_dado,idioma_ausente
RS2845,idioma,passa,idioma=en
RS2846,idioma,passa,idioma=en
RS2847,idioma,passa,idioma=en
RS2848,idioma,passa,idioma=en
RS2849,idioma,passa,idioma=en
RS2850,idioma,passa,idioma=en
RS2851,idioma,passa,idioma=en
RS2852,idioma,etiqueta,idioma=fr
RS2853,idioma,passa,idioma=en
RS2854,idioma,passa,idioma=en
RS2856,idioma,passa,idioma=en
RS2857,idioma,passa,idioma=en
RS2858,idioma,passa,idioma=en
RS2859,idioma,passa,idioma=en
RS2860,idioma,passa,idioma=en
RS2861,idioma,passa,idioma=en
RS2862,idioma,passa,idioma=en
RS2863,idioma,passa,idioma=en
RS2864,idioma,passa,idioma=en
RS2866,idioma,passa,idioma=en
RS2867,idioma,passa,idioma=en
RS2868,idioma,passa,idioma=en
RS2871,idioma,passa,idioma=en
RS2872,idioma,passa,idioma=en
RS2875,idioma,passa,idioma=pt
RS2876,idioma,passa,idioma=en
RS2877,idioma,passa,idioma=en
RS2879,idioma,passa,idioma=en
RS2880,idioma,sem_dado,idioma_ausente
RS2881,idioma,passa,idioma=en
RS2882,idioma,passa,idioma=en
RS2883,idioma,passa,idioma=en
RS2884,idioma,passa,idioma=en
RS2885,idioma,passa,idioma=en
RS2886,idioma,sem_dado,idioma_ausente
RS2887,idioma,etiqueta,idioma=hu
RS2888,idioma,sem_dado,idioma_ausente
RS2889,idioma,passa,idioma=en
RS2890,idioma,etiqueta,idioma=hr
RS2891,idioma,passa,idioma=en
RS2892,idioma,passa,idioma=en
RS2898,idioma,passa,idioma=en
RS2899,idioma,passa,idioma=en
RS2900,idioma,passa,idioma=en
RS2901,idioma,passa,idioma=en
RS2902,idioma,passa,idioma=en
RS2904,idioma,passa,idioma=en
RS2905,idioma,etiqueta,idioma=ro
RS2906,idioma,passa,idioma=en
RS2907,idioma,passa,idioma=en
RS2908,idioma,sem_dado,idioma_ausente
RS2909,idioma,passa,idioma=en
RS2910,idioma,passa,idioma=en
RS2911,idioma,passa,idioma=en
RS2912,idioma,passa,idioma=en
RS2913,idioma,passa,idioma=en
RS2915,idioma,passa,idioma=en
RS2917,idioma,passa,idioma=en
RS2918,idioma,passa,idioma=en
RS2919,idioma,passa,idioma=en
RS2920,idioma,passa,idioma=en
RS2921,idioma,passa,idioma=en
RS2922,idioma,passa,idioma=en
RS2923,idioma,passa,idioma=en
RS2924,idioma,passa,idioma=en
RS2925,idioma,passa,idioma=en
RS2926,idioma,passa,idioma=en
RS2927,idioma,passa,idioma=en
RS2928,idioma,passa,idioma=en
RS2929,idioma,passa,idioma=en
RS2930,idioma,passa,idioma=en
RS2931,idioma,passa,idioma=en
RS2932,idioma,passa,idioma=en
RS2933,idioma,etiqueta,idioma=de
RS2936,idioma,passa,idioma=en
RS2937,idioma,passa,idioma=en
RS2940,idioma,passa,idioma=en
RS2942,idioma,passa,idioma=en
RS2943,idioma,etiqueta,idioma=de
RS2946,idioma,passa,idioma=en
RS2950,idioma,etiqueta,idioma=de
RS2951,idioma,passa,idioma=en
RS2953,idioma,passa,idioma=en
RS2956,idioma,etiqueta,idioma=de
RS2957,idioma,passa,idioma=en
RS2958,idioma,passa,idioma=en
RS2965,idioma,passa,idioma=en
RS2969,idioma,passa,idioma=en
RS2971,idioma,passa,idioma=en
RS2972,idioma,passa,idioma=en
RS2974,idioma,passa,idioma=en
RS2975,idioma,passa,idioma=en
RS2976,idioma,passa,idioma=en
RS2979,idioma,passa,idioma=en
RS2981,idioma,passa,idioma=en
RS2982,idioma,passa,idioma=en
RS2984,idioma,passa,idioma=en
RS2985,idioma,passa,idioma=en
RS2987,idioma,passa,idioma=en
RS2988,idioma,passa,idioma=en
RS2992,idioma,passa,idioma=en
RS2996,idioma,passa,idioma=en
RS2999,idioma,passa,idioma=en
RS3002,idioma,passa,idioma=en
RS3007,idioma,passa,idioma=en
RS3010,idioma,passa,idioma=en
RS3011,idioma,passa,idioma=en
RS3015,idioma,passa,idioma=en
RS3019,idioma,passa,idioma=en
RS3020,idioma,passa,idioma=en
RS3021,idioma,passa,idioma=en
RS3022,idioma,passa,idioma=en
RS3023,idioma,passa,idioma=en
RS3025,idioma,passa,idioma=en
RS3027,idioma,passa,idioma=en
RS3028,idioma,etiqueta,idioma=de
RS3029,idioma,etiqueta,idioma=fr
RS3030,idioma,passa,idioma=en
RS3031,idioma,etiqueta,idioma=he
RS3032,idioma,passa,idioma=en
RS3033,idioma,passa,idioma=en
RS3034,idioma,passa,idioma=en
RS3043,idioma,passa,idioma=en
RS3049,idioma,passa,idioma=en
RS3053,idioma,passa,idioma=en
RS3058,idioma,passa,idioma=en
RS3059,idioma,passa,idioma=en
RS3061,idioma,passa,idioma=en
RS3064,idioma,passa,idioma=en
RS3067,idioma,passa,idioma=en
RS3075,idioma,passa,idioma=en
RS3085,idioma,passa,idioma=en
RS3095,idioma,passa,idioma=en
RS3098,idioma,passa,idioma=en
RS3107,idioma,passa,idioma=en
RS3111,idioma,passa,idioma=en
RS3121,idioma,passa,idioma=en
RS3122,idioma,passa,idioma=en
RS3126,idioma,passa,idioma=en
RS3131,idioma,passa,idioma=en
RS3133,idioma,passa,idioma=en
RS3142,idioma,passa,idioma=en
RS3144,idioma,passa,idioma=en
RS3152,idioma,passa,idioma=en
RS3156,idioma,etiqueta,idioma=it
RS3157,idioma,passa,idioma=en
RS3167,idioma,passa,idioma=en
RS3171,idioma,passa,idioma=en
RS3190,idioma,passa,idioma=en
RS3193,idioma,passa,idioma=en
RS3195,idioma,passa,idioma=en
RS3199,idioma,passa,idioma=en
RS3200,idioma,passa,idioma=en
RS3207,idioma,passa,idioma=en
RS3208,idioma,passa,idioma=en
RS3213,idioma,passa,idioma=en
RS3214,idioma,passa,idioma=en
RS3224,idioma,passa,idioma=en
RS3233,idioma,passa,idioma=en
RS3235,idioma,passa,idioma=en
RS3236,idioma,passa,idioma=en
RS3238,idioma,passa,idioma=en
RS3248,idioma,passa,idioma=en
RS3253,idioma,passa,idioma=en
RS3258,idioma,passa,idioma=en
RS3263,idioma,passa,idioma=en
RS3264,idioma,passa,idioma=en
RS3266,idioma,passa,idioma=en
RS3268,idioma,passa,idioma=en
RS3271,idioma,passa,idioma=en
RS3274,idioma,passa,idioma=en
RS3276,idioma,passa,idioma=en
RS3281,idioma,passa,idioma=en
RS3282,idioma,passa,idioma=en
RS3284,idioma,passa,idioma=en
RS3286,idioma,passa,idioma=en
RS3288,idioma,passa,idioma=en
RS3298,idioma,passa,idioma=en
RS3299,idioma,passa,idioma=en
RS3301,idioma,passa,idioma=en
RS3304,idioma,passa,idioma=en
RS3307,idioma,passa,idioma=en
RS3310,idioma,passa,idioma=en
RS3318,idioma,passa,idioma=en
RS3319,idioma,passa,idioma=en
RS3320,idioma,passa,idioma=en
RS3322,idioma,passa,idioma=en
RS3326,idioma,passa,idioma=en
RS3327,idioma,passa,idioma=en
RS3332,idioma,passa,idioma=en
RS3333,idioma,passa,idioma=en
RS3334,idioma,passa,idioma=en
RS3335,idioma,passa,idioma=en
RS3337,idioma,passa,idioma=en
RS3340,idioma,passa,idioma=en
RS3343,idioma,passa,idioma=en
RS3346,idioma,passa,idioma=en
RS3347,idioma,passa,idioma=en
RS3348,idioma,passa,idioma=en
RS3349,idioma,passa,idioma=en
RS3351,idioma,passa,idioma=en
RS3353,idioma,passa,idioma=en
RS3363,idioma,passa,idioma=en
RS3364,idioma,passa,idioma=en
RS3366,idioma,passa,idioma=en
RS3367,idioma,passa,idioma=en
RS3370,idioma,passa,idioma=en
RS3371,idioma,passa,idioma=en
RS3372,idioma,passa,idioma=en
RS3373,idioma,passa,idioma=en
RS3374,idioma,passa,idioma=en
RS3375,idioma,passa,idioma=en
RS3377,idioma,passa,idioma=en
RS3388,idioma,passa,idioma=en
RS3390,idioma,passa,idioma=en
RS3392,idioma,passa,idioma=en
RS3399,idioma,passa,idioma=en
RS3400,idioma,passa,idioma=en
RS3403,idioma,passa,idioma=en
RS3404,idioma,passa,idioma=en
RS3406,idioma,passa,idioma=en
RS3408,idioma,passa,idioma=en
RS3409,idioma,passa,idioma=en
RS3410,idioma,passa,idioma=en
RS3416,idioma,passa,idioma=en
RS3425,idioma,passa,idioma=en
RS3426,idioma,passa,idioma=en
RS3428,idioma,passa,idioma=en
RS3431,idioma,passa,idioma=en
RS3440,idioma,passa,idioma=en
RS3441,idioma,passa,idioma=en
RS3442,idioma,passa,idioma=en
RS3445,idioma,passa,idioma=en
RS3446,idioma,passa,idioma=en
RS3448,idioma,passa,idioma=en
RS3450,idioma,passa,idioma=en
RS3452,idioma,passa,idioma=en
RS3455,idioma,passa,idioma=en
RS3458,idioma,passa,idioma=en
RS3467,idioma,passa,idioma=en
RS3472,idioma,passa,idioma=en
RS3478,idioma,passa,idioma=en
RS3479,idioma,passa,idioma=en
RS3480,idioma,passa,idioma=en
RS3481,idioma,passa,idioma=en
RS3482,idioma,passa,idioma=en
RS3484,idioma,passa,idioma=en
RS3485,idioma,passa,idioma=en
RS3486,idioma,passa,idioma=en
RS3488,idioma,passa,idioma=en
RS3490,idioma,passa,idioma=en
RS3491,idioma,passa,idioma=en
RS3492,idioma,passa,idioma=en
RS3493,idioma,passa,idioma=en
RS3494,idioma,passa,idioma=en
RS3495,idioma,passa,idioma=en
RS3496,idioma,passa,idioma=en
RS3498,idioma,passa,idioma=en
RS3499,idioma,passa,idioma=en
RS3500,idioma,passa,idioma=en
RS3501,idioma,passa,idioma=en
RS3503,idioma,passa,idioma=en
RS3504,idioma,passa,idioma=en
RS3505,idioma,passa,idioma=en
RS3506,idioma,passa,idioma=en
RS3507,idioma,passa,idioma=en
RS3514,idioma,passa,idioma=en
RS3516,idioma,passa,idioma=en
RS3518,idioma,passa,idioma=en
RS3522,idioma,passa,idioma=en
RS3525,idioma,passa,idioma=en
RS3526,idioma,passa,idioma=en
RS3527,idioma,passa,idioma=en
RS3528,idioma,passa,idioma=en
RS3529,idioma,passa,idioma=en
RS3530,idioma,passa,idioma=en
RS3532,idioma,passa,idioma=en
RS3533,idioma,passa,idioma=en
RS3534,idioma,passa,idioma=en
RS3535,idioma,passa,idioma=en
RS3536,idioma,passa,idioma=en
RS3537,idioma,etiqueta,idioma=de
RS3538,idioma,passa,idioma=en
RS3540,idioma,passa,idioma=en
RS3541,idioma,etiqueta,idioma=de
RS3543,idioma,passa,idioma=en
RS3544,idioma,passa,idioma=en
RS3545,idioma,etiqueta,idioma=de
RS3546,idioma,passa,idioma=en
RS3548,idioma,passa,idioma=en
RS3549,idioma,passa,idioma=en
RS3550,idioma,passa,idioma=en
RS3551,idioma,passa,idioma=en
RS3552,idioma,passa,idioma=en
RS3553,idioma,passa,idioma=en
RS3554,idioma,passa,idioma=en
RS3555,idioma,passa,idioma=en
RS3556,idioma,passa,idioma=en
RS3557,idioma,passa,idioma=en
RS3558,idioma,passa,idioma=en
RS3559,idioma,passa,idioma=en
RS3561,idioma,passa,idioma=en
RS3562,idioma,passa,idioma=en
RS3563,idioma,passa,idioma=en
RS3564,idioma,passa,idioma=en
RS3565,idioma,passa,idioma=en
RS3566,idioma,passa,idioma=en
RS3567,idioma,passa,idioma=en
RS3568,idioma,passa,idioma=en
RS3569,idioma,passa,idioma=en
RS3570,idioma,passa,idioma=en
RS3571,idioma,etiqueta,idioma=de
RS3572,idioma,passa,idioma=en
RS3573,idioma,passa,idioma=en
RS3574,idioma,passa,idioma=en
RS3575,idioma,passa,idioma=en
RS3576,idioma,passa,idioma=en
RS3577,idioma,passa,idioma=en
RS3578,idioma,passa,idioma=en
RS3579,idioma,passa,idioma=en
RS3580,idioma,passa,idioma=en
RS3581,idioma,passa,idioma=en
RS3582,idioma,passa,idioma=en
RS3583,idioma,passa,idioma=en
RS3584,idioma,passa,idioma=en
RS3585,idioma,passa,idioma=en
RS3586,idioma,passa,idioma=en
RS3587,idioma,passa,idioma=en
RS3588,idioma,passa,idioma=en
RS3589,idioma,passa,idioma=en
RS3590,idioma,passa,idioma=en
RS3591,idioma,passa,idioma=en
RS3592,idioma,passa,idioma=en
RS3593,idioma,passa,idioma=en
RS3594,idioma,passa,idioma=en
RS3595,idioma,passa,idioma=en
RS3596,idioma,passa,idioma=en
RS3597,idioma,passa,idioma=en
RS3598,idioma,passa,idioma=en
RS3599,idioma,etiqueta,idioma=de
RS3600,idioma,passa,idioma=en
RS3601,idioma,passa,idioma=en
RS3602,idioma,passa,idioma=en
RS3603,idioma,passa,idioma=en
RS3604,idioma,passa,idioma=en
RS3605,idioma,passa,idioma=en
RS3606,idioma,etiqueta,idioma=da
RS3607,idioma,passa,idioma=en
RS3608,idioma,passa,idioma=en
RS3609,idioma,passa,idioma=en
RS3610,idioma,passa,idioma=en
RS3611,idioma,passa,idioma=en
RS3612,idioma,passa,idioma=en
RS3613,idioma,passa,idioma=en
RS3614,idioma,passa,idioma=en
RS3615,idioma,passa,idioma=en
RS3618,idioma,passa,idioma=en
RS3619,idioma,etiqueta,idioma=fr
RS3620,idioma,passa,idioma=en
RS3621,idioma,passa,idioma=en
RS3622,idioma,passa,idioma=en
RS3623,idioma,passa,idioma=en
RS3624,idioma,passa,idioma=en
RS3625,idioma,passa,idioma=en
RS3626,idioma,passa,idioma=en
RS3627,idioma,passa,idioma=en
RS3628,idioma,passa,idioma=en
RS3629,idioma,passa,idioma=en
RS3630,idioma,passa,idioma=en
RS3631,idioma,passa,idioma=en
RS3632,idioma,passa,idioma=en
RS3633,idioma,passa,idioma=en
RS3635,idioma,passa,idioma=en
RS3636,idioma,passa,idioma=en
RS3637,idioma,passa,idioma=en
RS3638,idioma,passa,idioma=en
RS3639,idioma,passa,idioma=en
RS3640,idioma,passa,idioma=en
RS3641,idioma,passa,idioma=en
RS3642,idioma,passa,idioma=en
RS3643,idioma,passa,idioma=en
RS3644,idioma,passa,idioma=en
RS3645,idioma,passa,idioma=en
RS3646,idioma,passa,idioma=en
RS3647,idioma,passa,idioma=en
RS3648,idioma,passa,idioma=en
RS3649,idioma,passa,idioma=en
RS3650,idioma,passa,idioma=en
RS3651,idioma,passa,idioma=en
RS3652,idioma,passa,idioma=en
RS3653,idioma,passa,idioma=en
RS3654,idioma,passa,idioma=en
RS3655,idioma,passa,idioma=en
RS3656,idioma,passa,idioma=en
RS3657,idioma,passa,idioma=en
RS3658,idioma,passa,idioma=en
RS3659,idioma,passa,idioma=en
RS3661,idioma,passa,idioma=en
RS3662,idioma,passa,idioma=en
RS3663,idioma,passa,idioma=en
RS3664,idioma,passa,idioma=en
RS3665,idioma,passa,idioma=en
RS3666,idioma,passa,idioma=en
RS3667,idioma,passa,idioma=en
RS3668,idioma,passa,idioma=en
RS3669,idioma,passa,idioma=en
RS3670,idioma,passa,idioma=en
RS3671,idioma,passa,idioma=en
RS3672,idioma,passa,idioma=pt
RS3673,idioma,passa,idioma=en
RS3674,idioma,passa,idioma=en
RS3675,idioma,passa,idioma=en
RS3677,idioma,passa,idioma=en
RS3678,idioma,passa,idioma=en
RS3679,idioma,passa,idioma=en
RS3680,idioma,passa,idioma=en
RS3681,idioma,passa,idioma=en
RS3682,idioma,passa,idioma=en
RS3683,idioma,passa,idioma=en
RS3684,idioma,passa,idioma=en
RS3685,idioma,passa,idioma=en
RS3686,idioma,passa,idioma=en
RS3687,idioma,passa,idioma=en
RS3688,idioma,passa,idioma=en
RS3689,idioma,passa,idioma=en
RS3690,idioma,passa,idioma=en
RS3691,idioma,passa,idioma=en
RS3692,idioma,passa,idioma=en
RS3693,idioma,passa,idioma=en
RS3694,idioma,passa,idioma=en
RS3695,idioma,passa,idioma=en
RS3696,idioma,passa,idioma=en
RS3697,idioma,passa,idioma=en
RS3698,idioma,passa,idioma=es
RS3699,idioma,passa,idioma=en
RS3700,idioma,passa,idioma=en
RS3701,idioma,passa,idioma=en
RS3702,idioma,passa,idioma=en
RS3703,idioma,passa,idioma=en
RS3704,idioma,passa,idioma=en
RS3706,idioma,passa,idioma=en
RS3708,idioma,passa,idioma=en
RS3709,idioma,passa,idioma=en
RS3710,idioma,passa,idioma=en
RS3711,idioma,passa,idioma=en
RS3712,idioma,passa,idioma=en
RS3713,idioma,passa,idioma=en
RS3714,idioma,passa,idioma=en
RS3715,idioma,passa,idioma=en
RS3716,idioma,passa,idioma=en
RS3717,idioma,passa,idioma=en
RS3718,idioma,passa,idioma=en
RS3719,idioma,passa,idioma=en
RS3720,idioma,passa,idioma=en
RS3721,idioma,passa,idioma=en
RS3722,idioma,passa,idioma=en
RS3723,idioma,passa,idioma=en
RS3724,idioma,passa,idioma=en
RS3725,idioma,passa,idioma=en
RS3726,idioma,passa,idioma=en
RS3727,idioma,passa,idioma=en
RS3728,idioma,passa,idioma=en
RS3729,idioma,passa,idioma=en
RS3731,idioma,passa,idioma=en
RS3732,idioma,passa,idioma=en
RS3733,idioma,passa,idioma=en
RS3734,idioma,passa,idioma=en
RS3735,idioma,passa,idioma=en
RS3736,idioma,passa,idioma=en
RS3737,idioma,passa,idioma=en
RS3738,idioma,passa,idioma=en
RS3739,idioma,passa,idioma=en
RS3740,idioma,passa,idioma=en
RS3741,idioma,passa,idioma=en
RS3742,idioma,passa,idioma=en
RS3743,idioma,passa,idioma=en
RS3744,idioma,passa,idioma=en
RS3745,idioma,passa,idioma=en
RS3746,idioma,passa,idioma=en
RS3747,idioma,passa,idioma=en
RS3748,idioma,passa,idioma=en
RS3749,idioma,passa,idioma=en
RS3750,idioma,passa,idioma=en
RS3751,idioma,passa,idioma=en
RS3752,idioma,passa,idioma=en
RS3755,idioma,passa,idioma=en
RS3757,idioma,passa,idioma=en
RS3759,idioma,passa,idioma=en
RS3761,idioma,passa,idioma=en
RS3762,idioma,passa,idioma=en
RS3763,idioma,passa,idioma=en
RS3764,idioma,passa,idioma=en
RS3766,idioma,passa,idioma=en
RS3768,idioma,passa,idioma=en
RS3769,idioma,passa,idioma=en
RS3771,idioma,passa,idioma=en
RS3772,idioma,passa,idioma=en
RS3774,idioma,passa,idioma=en
RS3775,idioma,passa,idioma=en
RS3776,idioma,passa,idioma=en
RS3777,idioma,passa,idioma=en
RS3778,idioma,passa,idioma=en
RS3779,idioma,passa,idioma=en
RS3781,idioma,passa,idioma=en
RS3783,idioma,passa,idioma=en
RS3784,idioma,passa,idioma=en
RS3785,idioma,passa,idioma=en
RS3786,idioma,passa,idioma=en
RS3787,idioma,passa,idioma=en
RS3788,idioma,passa,idioma=en
RS3789,idioma,passa,idioma=en
RS3790,idioma,passa,idioma=en
RS3792,idioma,passa,idioma=en
RS3793,idioma,passa,idioma=en
RS3794,idioma,passa,idioma=en
RS3795,idioma,passa,idioma=en
RS3796,idioma,passa,idioma=en
RS3797,idioma,passa,idioma=en
RS3798,idioma,passa,idioma=en
RS3799,idioma,passa,idioma=en
RS3800,idioma,passa,idioma=en
RS3801,idioma,passa,idioma=en
RS3802,idioma,passa,idioma=en
RS3803,idioma,passa,idioma=en
RS3804,idioma,passa,idioma=en
RS3805,idioma,passa,idioma=en
RS3806,idioma,passa,idioma=en
RS3807,idioma,passa,idioma=en
RS3808,idioma,passa,idioma=en
RS3809,idioma,etiqueta,idioma=uk
RS3810,idioma,passa,idioma=en
RS3811,idioma,passa,idioma=en
RS3812,idioma,passa,idioma=en
RS3813,idioma,passa,idioma=en
RS3814,idioma,passa,idioma=en
RS3815,idioma,passa,idioma=en
RS3816,idioma,passa,idioma=en
RS3817,idioma,passa,idioma=en
RS3818,idioma,passa,idioma=en
RS3819,idioma,passa,idioma=en
RS3820,idioma,passa,idioma=en
RS3821,idioma,passa,idioma=en
RS3822,idioma,passa,idioma=en
RS3823,idioma,passa,idioma=en
RS3824,idioma,passa,idioma=en
RS3825,idioma,passa,idioma=en
RS3826,idioma,passa,idioma=en
RS3827,idioma,passa,idioma=en
RS3828,idioma,passa,idioma=en
RS3829,idioma,passa,idioma=en
RS3830,idioma,passa,idioma=en
RS3831,idioma,passa,idioma=en
RS3832,idioma,passa,idioma=en
RS3833,idioma,passa,idioma=en
RS3834,idioma,passa,idioma=en
RS3835,idioma,passa,idioma=en
RS3836,idioma,passa,idioma=en
RS3837,idioma,passa,idioma=en
RS3838,idioma,passa,idioma=en
RS3839,idioma,passa,idioma=en
RS3840,idioma,passa,idioma=en
RS3841,idioma,passa,idioma=en
RS3842,idioma,passa,idioma=en
RS3843,idioma,passa,idioma=en
RS3844,idioma,passa,idioma=en
RS3845,idioma,passa,idioma=en
RS3846,idioma,passa,idioma=en
RS3847,idioma,passa,idioma=en
RS3848,idioma,passa,idioma=en
RS3849,idioma,passa,idioma=en
RS3850,idioma,passa,idioma=en
RS3851,idioma,passa,idioma=en
RS3852,idioma,passa,idioma=en
RS3853,idioma,passa,idioma=en
RS3854,idioma,passa,idioma=en
RS3855,idioma,passa,idioma=en
RS3857,idioma,passa,idioma=en
RS3858,idioma,passa,idioma=en
RS3861,idioma,passa,idioma=en
RS3862,idioma,passa,idioma=en
RS3863,idioma,passa,idioma=en
RS3864,idioma,passa,idioma=en
RS3867,idioma,passa,idioma=en
RS3868,idioma,passa,idioma=en
RS3869,idioma,passa,idioma=en
RS3870,idioma,passa,idioma=en
RS3871,idioma,passa,idioma=en
RS3872,idioma,passa,idioma=en
RS3873,idioma,passa,idioma=en
RS3874,idioma,passa,idioma=en
RS3875,idioma,passa,idioma=en
RS3876,idioma,etiqueta,idioma=de
RS3878,idioma,passa,idioma=en
RS3879,idioma,passa,idioma=en
RS3880,idioma,passa,idioma=en
RS3887,idioma,passa,idioma=en
RS3891,idioma,passa,idioma=en
RS3892,idioma,passa,idioma=en
RS3893,idioma,passa,idioma=en
RS3895,idioma,passa,idioma=en
RS3897,idioma,passa,idioma=en
RS3899,idioma,passa,idioma=en
RS3900,idioma,passa,idioma=en
RS3902,idioma,etiqueta,idioma=da
RS3903,idioma,passa,idioma=en
RS3905,idioma,passa,idioma=en
RS3906,idioma,passa,idioma=en
RS3908,idioma,passa,idioma=en
RS3909,idioma,passa,idioma=en
RS3910,idioma,passa,idioma=es
RS3912,idioma,passa,idioma=en
RS3913,idioma,passa,idioma=en
RS3914,idioma,passa,idioma=en
RS3915,idioma,passa,idioma=en
RS3916,idioma,passa,idioma=en
RS3917,idioma,passa,idioma=en
RS3918,idioma,passa,idioma=en
RS3919,idioma,passa,idioma=en
RS3920,idioma,passa,idioma=en
RS3921,idioma,etiqueta,idioma=hu
RS3922,idioma,passa,idioma=en
RS3923,idioma,passa,idioma=en
RS3924,idioma,passa,idioma=en
RS3925,idioma,passa,idioma=en
RS3926,idioma,passa,idioma=en
RS3928,idioma,passa,idioma=en
RS3929,idioma,passa,idioma=en
RS3930,idioma,passa,idioma=en
RS3931,idioma,passa,idioma=en
RS3932,idioma,passa,idioma=en
RS3933,idioma,passa,idioma=en
RS3938,idioma,passa,idioma=en
RS3940,idioma,etiqueta,idioma=de
RS3941,idioma,passa,idioma=en
RS3942,idioma,passa,idioma=en
RS3945,idioma,passa,idioma=en
RS3947,idioma,passa,idioma=en
RS3948,idioma,passa,idioma=en
RS3949,idioma,passa,idioma=en
RS3950,idioma,passa,idioma=en
RS3951,idioma,passa,idioma=en
RS3952,idioma,passa,idioma=en
RS3953,idioma,passa,idioma=en
RS3954,idioma,passa,idioma=en
RS3955,idioma,passa,idioma=en
RS3956,idioma,passa,idioma=es
RS3957,idioma,passa,idioma=en
RS3958,idioma,passa,idioma=en
RS3959,idioma,passa,idioma=en
RS3960,idioma,passa,idioma=en
RS3961,idioma,passa,idioma=en
RS3962,idioma,passa,idioma=en
RS3963,idioma,passa,idioma=en
RS3964,idioma,passa,idioma=en
RS3965,idioma,passa,idioma=en
RS3966,idioma,passa,idioma=en
RS3967,idioma,passa,idioma=en
RS3968,idioma,passa,idioma=en
RS3969,idioma,passa,idioma=en
RS3970,idioma,passa,idioma=en
RS3971,idioma,passa,idioma=en
RS3973,idioma,passa,idioma=en
RS3974,idioma,passa,idioma=en
RS3975,idioma,passa,idioma=en
RS3976,idioma,passa,idioma=en
RS3977,idioma,passa,idioma=en
RS3978,idioma,passa,idioma=en
RS3979,idioma,passa,idioma=en
RS3980,idioma,passa,idioma=en
RS3981,idioma,passa,idioma=en
RS3982,idioma,passa,idioma=en
RS3983,idioma,sem_dado,idioma_ausente
RS3984,idioma,passa,idioma=en
RS3985,idioma,passa,idioma=en
RS3986,idioma,passa,idioma=en
RS3987,idioma,passa,idioma=en
RS3988,idioma,passa,idioma=en
RS3989,idioma,passa,idioma=en
RS3990,idioma,passa,idioma=en
RS3991,idioma,passa,idioma=en
RS3992,idioma,passa,idioma=en
RS3993,idioma,etiqueta,idioma=tr
RS3994,idioma,passa,idioma=en
RS3995,idioma,passa,idioma=en
RS3996,idioma,passa,idioma=en
RS3999,idioma,passa,idioma=en
RS4000,idioma,passa,idioma=en
RS4001,idioma,passa,idioma=en
RS4002,idioma,passa,idioma=en
RS4003,idioma,passa,idioma=en
RS4004,idioma,passa,idioma=en
RS4005,idioma,passa,idioma=en
RS4006,idioma,passa,idioma=en
RS4007,idioma,passa,idioma=en
RS4008,idioma,passa,idioma=en
RS4009,idioma,sem_dado,idioma_ausente
RS4010,idioma,passa,idioma=en
RS4011,idioma,passa,idioma=en
RS4012,idioma,passa,idioma=en
RS4013,idioma,passa,idioma=en
RS4014,idioma,passa,idioma=en
RS4015,idioma,passa,idioma=en
RS4016,idioma,passa,idioma=en
RS4017,idioma,passa,idioma=en
RS4018,idioma,passa,idioma=en
RS4019,idioma,passa,idioma=en
RS4020,idioma,passa,idioma=en
RS4021,idioma,passa,idioma=en
RS4022,idioma,passa,idioma=en
RS4023,idioma,passa,idioma=en
RS4024,idioma,passa,idioma=en
RS4025,idioma,passa,idioma=en
RS4026,idioma,passa,idioma=en
RS4027,idioma,passa,idioma=en
RS4028,idioma,passa,idioma=en
RS4029,idioma,passa,idioma=en
RS4030,idioma,passa,idioma=en
RS4031,idioma,passa,idioma=en
RS4032,idioma,passa,idioma=en
RS4033,idioma,etiqueta,idioma=de
RS4034,idioma,passa,idioma=en
RS4035,idioma,passa,idioma=en
RS4036,idioma,passa,idioma=en
RS4037,idioma,passa,idioma=en
RS4038,idioma,passa,idioma=en
RS4039,idioma,passa,idioma=en
RS4040,idioma,passa,idioma=en
RS4041,idioma,passa,idioma=en
RS4042,idioma,passa,idioma=en
RS4043,idioma,passa,idioma=en
RS4044,idioma,passa,idioma=en
RS4045,idioma,passa,idioma=en
RS4046,idioma,etiqueta,idioma=tr
RS4047,idioma,passa,idioma=en
RS4048,idioma,passa,idioma=en
RS4049,idioma,passa,idioma=en
RS4050,idioma,passa,idioma=en
RS4051,idioma,passa,idioma=en
RS4052,idioma,passa,idioma=en
RS4053,idioma,passa,idioma=en
RS4054,idioma,passa,idioma=en
RS4055,idioma,passa,idioma=en
RS4056,idioma,passa,idioma=en
RS4057,idioma,passa,idioma=en
RS4058,idioma,passa,idioma=en
RS4059,idioma,passa,idioma=en
RS4060,idioma,passa,idioma=en
RS4061,idioma,passa,idioma=en
RS4062,idioma,passa,idioma=en
RS4063,idioma,passa,idioma=en
RS4064,idioma,passa,idioma=en
RS4065,idioma,passa,idioma=en
RS4066,idioma,passa,idioma=en
RS4067,idioma,passa,idioma=en
RS4068,idioma,passa,idioma=en
RS4069,idioma,passa,idioma=en
RS4070,idioma,passa,idioma=en
RS4071,idioma,passa,idioma=en
RS4072,idioma,passa,idioma=en
RS4073,idioma,passa,idioma=en
RS4074,idioma,passa,idioma=en
RS4075,idioma,passa,idioma=en
RS4076,idioma,passa,idioma=en
RS4077,idioma,passa,idioma=en
RS4078,idioma,passa,idioma=en
RS4079,idioma,passa,idioma=en
RS4080,idioma,passa,idioma=en
RS4081,idioma,passa,idioma=en
RS4082,idioma,passa,idioma=en
RS4083,idioma,passa,idioma=en
RS4084,idioma,passa,idioma=en
RS4085,idioma,passa,idioma=en
RS4086,idioma,passa,idioma=en
RS4087,idioma,passa,idioma=en
RS4088,idioma,passa,idioma=en
RS4089,idioma,passa,idioma=en
RS4090,idioma,passa,idioma=en
RS4091,idioma,passa,idioma=en
RS4092,idioma,passa,idioma=en
RS4093,idioma,passa,idioma=en
RS4094,idioma,passa,idioma=en
RS4095,idioma,passa,idioma=en
RS4096,idioma,passa,idioma=en
RS4097,idioma,passa,idioma=en
RS4098,idioma,passa,idioma=en
RS4099,idioma,passa,idioma=en
RS4100,idioma,sem_dado,idioma_ausente
RS4101,idioma,passa,idioma=en
RS4102,idioma,passa,idioma=en
RS4103,idioma,passa,idioma=en
RS4104,idioma,sem_dado,idioma_ausente
RS4105,idioma,passa,idioma=en
RS4106,idioma,passa,idioma=en
RS4107,idioma,passa,idioma=en
RS4108,idioma,passa,idioma=en
RS4109,idioma,passa,idioma=en
RS4110,idioma,passa,idioma=en
RS4111,idioma,passa,idioma=en
RS4112,idioma,sem_dado,idioma_ausente
RS4113,idioma,passa,idioma=en
RS4114,idioma,passa,idioma=en
RS4115,idioma,sem_dado,idioma_ausente
RS4116,idioma,sem_dado,idioma_ausente
RS4117,idioma,passa,idioma=en
RS4118,idioma,passa,idioma=en
RS4119,idioma,passa,idioma=en
RS4122,idioma,passa,idioma=en
RS4123,idioma,passa,idioma=en
RS4125,idioma,passa,idioma=en
RS4126,idioma,passa,idioma=en
RS4128,idioma,passa,idioma=en
RS4129,idioma,passa,idioma=en
RS4130,idioma,passa,idioma=en
RS4131,idioma,passa,idioma=en
RS4133,idioma,passa,idioma=en
RS4134,idioma,passa,idioma=en
RS4136,idioma,passa,idioma=en
RS4137,idioma,passa,idioma=en
RS4138,idioma,passa,idioma=en
RS4139,idioma,passa,idioma=en
RS4142,idioma,passa,idioma=en
RS4144,idioma,passa,idioma=en
RS4151,idioma,passa,idioma=en
RS4152,idioma,passa,idioma=en
RS4153,idioma,etiqueta,idioma=it
RS4157,idioma,passa,idioma=en
RS4161,idioma,passa,idioma=en
RS4162,idioma,passa,idioma=en
RS4163,idioma,passa,idioma=en
RS4167,idioma,passa,idioma=en
RS4177,idioma,passa,idioma=en
RS4179,idioma,passa,idioma=en
RS4183,idioma,passa,idioma=en
RS4186,idioma,passa,idioma=en
RS4190,idioma,passa,idioma=en
RS4193,idioma,passa,idioma=en
RS4201,idioma,passa,idioma=en
RS4203,idioma,passa,idioma=en
RS4208,idioma,passa,idioma=en
RS4209,idioma,passa,idioma=en
RS4212,idioma,passa,idioma=en
RS4213,idioma,passa,idioma=en
RS4214,idioma,passa,idioma=en
RS4215,idioma,passa,idioma=en
RS4220,idioma,passa,idioma=en
RS4221,idioma,passa,idioma=en
RS4225,idioma,passa,idioma=en
RS4227,idioma,passa,idioma=en
RS4228,idioma,passa,idioma=en
RS4229,idioma,etiqueta,idioma=fr
RS4230,idioma,passa,idioma=en
RS4238,idioma,passa,idioma=en
RS4239,idioma,passa,idioma=en
RS4241,idioma,passa,idioma=en
RS4242,idioma,passa,idioma=en
RS4246,idioma,passa,idioma=en
RS4247,idioma,passa,idioma=en
RS4248,idioma,passa,idioma=en
RS4249,idioma,passa,idioma=en
RS4252,idioma,passa,idioma=en
RS4254,idioma,passa,idioma=en
RS4256,idioma,passa,idioma=en
RS4258,idioma,passa,idioma=en
RS4260,idioma,passa,idioma=en
RS4261,idioma,passa,idioma=en
RS4266,idioma,passa,idioma=en
RS4267,idioma,passa,idioma=en
RS4268,idioma,passa,idioma=en
RS4269,idioma,passa,idioma=en
RS4272,idioma,passa,idioma=en
RS4274,idioma,passa,idioma=en
RS4275,idioma,passa,idioma=en
RS4279,idioma,passa,idioma=en
RS4280,idioma,passa,idioma=en
RS4281,idioma,passa,idioma=en
RS4282,idioma,passa,idioma=en
RS4286,idioma,passa,idioma=en
RS4289,idioma,passa,idioma=en
RS4293,idioma,passa,idioma=en
RS4294,idioma,passa,idioma=en
RS4295,idioma,passa,idioma=pt
RS4296,idioma,passa,idioma=en
RS4297,idioma,passa,idioma=en
RS4298,idioma,passa,idioma=en
RS4299,idioma,passa,idioma=en
RS4300,idioma,passa,idioma=en
RS4301,idioma,passa,idioma=en
RS4302,idioma,passa,idioma=en
RS4307,idioma,passa,idioma=en
RS4308,idioma,passa,idioma=en
RS4310,idioma,passa,idioma=en
RS4311,idioma,passa,idioma=en
RS4312,idioma,passa,idioma=en
RS4313,idioma,passa,idioma=en
RS4315,idioma,passa,idioma=en
RS4316,idioma,passa,idioma=en
RS4320,idioma,passa,idioma=en
RS4321,idioma,passa,idioma=en
RS4322,idioma,passa,idioma=en
RS4323,idioma,passa,idioma=en
RS4324,idioma,passa,idioma=en
RS4325,idioma,passa,idioma=en
RS4326,idioma,passa,idioma=en
RS4327,idioma,passa,idioma=en
RS4328,idioma,passa,idioma=en
RS4329,idioma,passa,idioma=en
RS4330,idioma,passa,idioma=en
RS4331,idioma,passa,idioma=en
RS4332,idioma,passa,idioma=en
RS4333,idioma,passa,idioma=en
RS4334,idioma,etiqueta,idioma=it
RS4335,idioma,passa,idioma=en
RS4337,idioma,passa,idioma=en
RS4338,idioma,passa,idioma=en
RS4339,idioma,passa,idioma=en
RS4340,idioma,passa,idioma=en
RS4341,idioma,passa,idioma=en
RS4342,idioma,etiqueta,idioma=fr
RS4343,idioma,passa,idioma=en
RS4344,idioma,passa,idioma=en
RS4345,idioma,passa,idioma=en
RS4346,idioma,passa,idioma=en
RS4347,idioma,passa,idioma=en
RS4348,idioma,passa,idioma=en
RS4349,idioma,passa,idioma=en
RS4350,idioma,passa,idioma=en
RS4351,idioma,passa,idioma=en
RS4352,idioma,passa,idioma=en
RS4353,idioma,passa,idioma=en
RS4354,idioma,passa,idioma=en
RS4355,idioma,passa,idioma=en
RS4356,idioma,passa,idioma=en
RS4357,idioma,passa,idioma=en
RS4358,idioma,passa,idioma=en
RS4359,idioma,passa,idioma=en
RS4360,idioma,passa,idioma=en
RS4361,idioma,passa,idioma=en
RS4362,idioma,passa,idioma=en
RS4363,idioma,passa,idioma=en
RS4364,idioma,passa,idioma=en
RS4365,idioma,passa,idioma=en
RS4366,idioma,passa,idioma=en
RS4367,idioma,passa,idioma=en
RS4368,idioma,passa,idioma=en
RS4369,idioma,passa,idioma=en
RS4370,idioma,passa,idioma=en
RS4371,idioma,passa,idioma=en
RS4372,idioma,passa,idioma=en
RS4373,idioma,passa,idioma=en
RS4374,idioma,passa,idioma=en
RS4375,idioma,passa,idioma=en
RS4376,idioma,passa,idioma=en
RS4377,idioma,passa,idioma=en
RS4378,idioma,passa,idioma=en
RS4379,idioma,passa,idioma=en
RS4381,idioma,passa,idioma=en
RS4382,idioma,passa,idioma=en
RS4383,idioma,passa,idioma=en
RS4384,idioma,passa,idioma=en
RS4385,idioma,passa,idioma=en
RS4386,idioma,passa,idioma=en
RS4388,idioma,passa,idioma=en
RS4389,idioma,passa,idioma=en
RS4390,idioma,passa,idioma=en
RS4391,idioma,passa,idioma=en
RS4392,idioma,passa,idioma=en
RS4393,idioma,passa,idioma=en
RS4394,idioma,passa,idioma=en
RS4395,idioma,passa,idioma=pt
RS4396,idioma,passa,idioma=en
RS4397,idioma,passa,idioma=en
RS4398,idioma,passa,idioma=en
RS4399,idioma,passa,idioma=en
RS4400,idioma,passa,idioma=en
RS4401,idioma,passa,idioma=en
RS4402,idioma,passa,idioma=en
RS4403,idioma,passa,idioma=en
RS4404,idioma,passa,idioma=en
RS4405,idioma,passa,idioma=en
RS4406,idioma,passa,idioma=en
RS4407,idioma,passa,idioma=en
RS4408,idioma,passa,idioma=en
RS4409,idioma,passa,idioma=en
RS4410,idioma,passa,idioma=en
RS4411,idioma,passa,idioma=en
RS4412,idioma,passa,idioma=en
RS4413,idioma,passa,idioma=en
RS4414,idioma,passa,idioma=en
RS4415,idioma,passa,idioma=en
RS4416,idioma,passa,idioma=en
RS4417,idioma,passa,idioma=en
RS4419,idioma,passa,idioma=en
RS4421,idioma,passa,idioma=en
RS4428,idioma,passa,idioma=en
RS4430,idioma,passa,idioma=en
RS4433,idioma,passa,idioma=en
RS4434,idioma,passa,idioma=en
RS4436,idioma,passa,idioma=en
RS4438,idioma,passa,idioma=en
RS4439,idioma,passa,idioma=en
RS4440,idioma,passa,idioma=en
RS4441,idioma,passa,idioma=en
RS4442,idioma,passa,idioma=en
RS4443,idioma,passa,idioma=en
RS4444,idioma,passa,idioma=en
RS4445,idioma,passa,idioma=en
RS4446,idioma,etiqueta,idioma=tr
RS4447,idioma,passa,idioma=en
RS4448,idioma,passa,idioma=en
RS4449,idioma,passa,idioma=en
RS4450,idioma,passa,idioma=en
RS4451,idioma,passa,idioma=en
RS4452,idioma,passa,idioma=en
RS4453,idioma,passa,idioma=en
RS4454,idioma,passa,idioma=en
RS4458,idioma,passa,idioma=en
RS4459,idioma,passa,idioma=en
RS4461,idioma,passa,idioma=en
RS4462,idioma,passa,idioma=en
RS4463,idioma,passa,idioma=en
RS4464,idioma,passa,idioma=en
RS4465,idioma,passa,idioma=en
RS4466,idioma,passa,idioma=en
RS4467,idioma,passa,idioma=en
RS4468,idioma,passa,idioma=en
RS4469,idioma,passa,idioma=en
RS4470,idioma,passa,idioma=en
RS4471,idioma,passa,idioma=en
RS4472,idioma,passa,idioma=en
RS4473,idioma,passa,idioma=en
RS4474,idioma,passa,idioma=en
RS4475,idioma,passa,idioma=en
RS4476,idioma,passa,idioma=en
RS4477,idioma,passa,idioma=en
RS4478,idioma,passa,idioma=en
RS4479,idioma,passa,idioma=en
RS4480,idioma,passa,idioma=en
RS4481,idioma,passa,idioma=en
RS4482,idioma,passa,idioma=en
RS4483,idioma,passa,idioma=en
RS4484,idioma,passa,idioma=en
RS4485,idioma,passa,idioma=en
RS4486,idioma,passa,idioma=en
RS4487,idioma,passa,idioma=en
RS4488,idioma,passa,idioma=en
RS4489,idioma,passa,idioma=en
RS4490,idioma,passa,idioma=en
RS4491,idioma,passa,idioma=en
RS4492,idioma,passa,idioma=en
RS4493,idioma,etiqueta,idioma=fr
RS4494,idioma,passa,idioma=en
RS4495,idioma,passa,idioma=en
RS4496,idioma,passa,idioma=en
RS4497,idioma,passa,idioma=en
RS4498,idioma,passa,idioma=en
RS4499,idioma,etiqueta,idioma=de
RS4500,idioma,etiqueta,idioma=de
RS4501,idioma,passa,idioma=en
RS4502,idioma,passa,idioma=en
RS4503,idioma,passa,idioma=en
RS4504,idioma,passa,idioma=en
RS4505,idioma,passa,idioma=en
RS4506,idioma,passa,idioma=en
RS4507,idioma,etiqueta,idioma=de
RS4508,idioma,passa,idioma=en
RS4509,idioma,passa,idioma=en
RS4510,idioma,passa,idioma=en
RS4511,idioma,passa,idioma=en
RS4512,idioma,passa,idioma=en
RS4513,idioma,passa,idioma=en
RS4514,idioma,passa,idioma=en
RS4515,idioma,passa,idioma=en
RS4516,idioma,passa,idioma=en
RS4517,idioma,passa,idioma=en
RS4518,idioma,passa,idioma=en
RS4519,idioma,passa,idioma=en
RS4520,idioma,sem_dado,idioma_ausente
RS4521,idioma,sem_dado,idioma_ausente
RS4522,idioma,passa,idioma=en
RS4523,idioma,passa,idioma=en
RS4524,idioma,passa,idioma=en
RS4525,idioma,passa,idioma=en
RS4526,idioma,passa,idioma=en
RS4527,idioma,sem_dado,idioma_ausente
RS4528,idioma,sem_dado,idioma_ausente
RS4531,idioma,passa,idioma=en
RS4534,idioma,passa,idioma=en
RS4540,idioma,passa,idioma=en
RS4542,idioma,passa,idioma=en
RS4543,idioma,passa,idioma=en
RS4545,idioma,passa,idioma=en
RS4548,idioma,passa,idioma=en
RS4563,idioma,passa,idioma=en
RS4568,idioma,passa,idioma=en
RS4574,idioma,passa,idioma=en
RS4577,idioma,passa,idioma=en
RS4578,idioma,passa,idioma=en
RS4581,idioma,passa,idioma=en
RS4587,idioma,passa,idioma=en
RS4591,idioma,passa,idioma=en
RS4593,idioma,passa,idioma=en
RS4594,idioma,passa,idioma=en
RS4595,idioma,passa,idioma=en
RS4597,idioma,passa,idioma=en
RS4598,idioma,passa,idioma=en
RS4599,idioma,passa,idioma=en
RS4606,idioma,passa,idioma=en
RS4608,idioma,passa,idioma=en
RS4609,idioma,passa,idioma=en
RS4610,idioma,passa,idioma=en
RS4611,idioma,passa,idioma=en
RS4612,idioma,passa,idioma=en
RS4613,idioma,passa,idioma=en
RS4614,idioma,passa,idioma=en
RS4616,idioma,passa,idioma=en
RS4617,idioma,passa,idioma=en
RS4619,idioma,passa,idioma=en
RS4621,idioma,passa,idioma=en
RS4622,idioma,passa,idioma=en
RS4625,idioma,passa,idioma=en
RS4627,idioma,passa,idioma=en
RS4629,idioma,passa,idioma=en
RS4630,idioma,passa,idioma=en
RS4631,idioma,passa,idioma=en
RS4632,idioma,passa,idioma=en
RS4633,idioma,passa,idioma=en
RS4634,idioma,sem_dado,idioma_ausente
RS0388,metodo,etiqueta,nenhum_termo
RS0510,metodo,etiqueta,nenhum_termo
RS0656,metodo,sem_dado,sem_resumo;nenhum_termo_no_restante
RS0845,metodo,etiqueta,nenhum_termo
RS1015,metodo,etiqueta,nenhum_termo
RS1085,metodo,passa,"grupos=causalidade,quantitativo;termos=correlation*,correlação,endogeneity,linear regression,regression,regressão,regressão linear"
RS1218,metodo,etiqueta,nenhum_termo
RS1219,metodo,etiqueta,nenhum_termo
RS1220,metodo,etiqueta,nenhum_termo
RS1221,metodo,etiqueta,nenhum_termo
RS1222,metodo,etiqueta,nenhum_termo
RS1223,metodo,etiqueta,nenhum_termo
RS1224,metodo,etiqueta,nenhum_termo
RS1225,metodo,etiqueta,nenhum_termo
RS1226,metodo,sem_dado,sem_resumo;nenhum_termo_no_restante
RS1227,metodo,etiqueta,nenhum_termo
RS1228,metodo,etiqueta,nenhum_termo
RS1229,metodo,etiqueta,nenhum_termo
RS1230,metodo,etiqueta,nenhum_termo
RS1231,metodo,etiqueta,nenhum_termo
RS1232,metodo,sem_dado,sem_resumo;nenhum_termo_no_restante
RS1233,metodo,etiqueta,nenhum_termo
RS1234,metodo,passa,"grupos=experimental;termos=experiment*,experimento"
RS1235,metodo,etiqueta,nenhum_termo
RS1236,metodo,etiqueta,nenhum_termo
RS1237,metodo,etiqueta,nenhum_termo
RS1238,metodo,etiqueta,nenhum_termo
RS1239,metodo,etiqueta,nenhum_termo
RS1240,metodo,etiqueta,nenhum_termo
RS1241,metodo,etiqueta,nenhum_termo
RS1242,metodo,etiqueta,nenhum_termo
RS1243,metodo,passa,grupos=quantitativo;termos=efeitos fixos
RS1244,metodo,etiqueta,nenhum_termo
RS1245,metodo,etiqueta,nenhum_termo
RS1246,metodo,etiqueta,nenhum_termo
RS1247,metodo,etiqueta,nenhum_termo
RS1248,metodo,etiqueta,nenhum_termo
RS1249,metodo,etiqueta,nenhum_termo
RS1250,metodo,passa,grupos=quantitativo;termos=efeitos fixos
RS1251,metodo,etiqueta,nenhum_termo
RS1252,metodo,etiqueta,nenhum_termo
RS1254,metodo,etiqueta,nenhum_termo
RS1255,metodo,passa,"grupos=experimental;termos=experiment*,experimental"
RS1256,metodo,passa,"grupos=experimental;termos=experiment*,experimental"
RS1257,metodo,etiqueta,nenhum_termo
RS1258,metodo,passa,"grupos=experimental,quantitativo;termos=experiment*,experimentos,séries temporais"
RS1259,metodo,etiqueta,nenhum_termo
RS1260,metodo,etiqueta,nenhum_termo
RS1261,metodo,etiqueta,nenhum_termo
RS1262,metodo,etiqueta,nenhum_termo
RS1263,metodo,passa,"grupos=quantitativo;termos=análise fatorial,componentes principais"
RS1264,metodo,etiqueta,nenhum_termo
RS1265,metodo,etiqueta,nenhum_termo
RS1266,metodo,etiqueta,nenhum_termo
RS1267,metodo,etiqueta,nenhum_termo
RS1268,metodo,etiqueta,nenhum_termo
RS1269,metodo,etiqueta,nenhum_termo
RS1270,metodo,passa,"grupos=experimental;termos=experiment*,experimento"
RS1271,metodo,etiqueta,nenhum_termo
RS1272,metodo,etiqueta,nenhum_termo
RS1273,metodo,etiqueta,nenhum_termo
RS1274,metodo,etiqueta,nenhum_termo
RS1275,metodo,etiqueta,nenhum_termo
RS1276,metodo,etiqueta,nenhum_termo
RS1277,metodo,passa,"grupos=quantitativo;termos=correlação,estudo de evento*"
RS1278,metodo,etiqueta,nenhum_termo
RS1279,metodo,etiqueta,nenhum_termo
RS1280,metodo,etiqueta,nenhum_termo
RS1281,metodo,etiqueta,nenhum_termo
RS1282,metodo,etiqueta,nenhum_termo
RS1283,metodo,etiqueta,nenhum_termo
RS1284,metodo,etiqueta,nenhum_termo
RS1285,metodo,etiqueta,nenhum_termo
RS1286,metodo,etiqueta,nenhum_termo
RS1287,metodo,etiqueta,nenhum_termo
RS1288,metodo,passa,grupos=experimental;termos=experiment*
RS1289,metodo,etiqueta,nenhum_termo
RS1290,metodo,etiqueta,nenhum_termo
RS1291,metodo,etiqueta,nenhum_termo
RS1292,metodo,etiqueta,nenhum_termo
RS1293,metodo,etiqueta,nenhum_termo
RS1294,metodo,etiqueta,nenhum_termo
RS1295,metodo,etiqueta,nenhum_termo
RS1296,metodo,etiqueta,nenhum_termo
RS1297,metodo,etiqueta,nenhum_termo
RS1298,metodo,etiqueta,nenhum_termo
RS1299,metodo,etiqueta,nenhum_termo
RS1300,metodo,passa,grupos=quantitativo;termos=dados em painel
RS1301,metodo,etiqueta,nenhum_termo
RS1303,metodo,etiqueta,nenhum_termo
RS1304,metodo,etiqueta,nenhum_termo
RS1305,metodo,etiqueta,nenhum_termo
RS1306,metodo,passa,grupos=quantitativo;termos=estudo de evento*
RS1307,metodo,etiqueta,nenhum_termo
RS1308,metodo,passa,"grupos=quantitativo;termos=bayesian,bayesian*,regression,regressão"
RS1309,metodo,etiqueta,nenhum_termo
RS1310,metodo,etiqueta,nenhum_termo
RS1311,metodo,etiqueta,nenhum_termo
RS1312,metodo,etiqueta,nenhum_termo
RS1313,metodo,etiqueta,nenhum_termo
RS1314,metodo,etiqueta,nenhum_termo
RS1315,metodo,etiqueta,nenhum_termo
RS1316,metodo,passa,"grupos=experimental;termos=experiment*,experimentos"
RS1317,metodo,etiqueta,nenhum_termo
RS1318,metodo,passa,"grupos=experimental;termos=experiment*,experimento,grupo de controle"
RS1319,metodo,etiqueta,nenhum_termo
RS1320,metodo,etiqueta,nenhum_termo
RS1321,metodo,etiqueta,nenhum_termo
RS1322,metodo,etiqueta,nenhum_termo
RS1323,metodo,etiqueta,nenhum_termo
RS1324,metodo,etiqueta,nenhum_termo
RS1325,metodo,etiqueta,nenhum_termo
RS1326,metodo,etiqueta,nenhum_termo
RS1327,metodo,etiqueta,nenhum_termo
RS1328,metodo,passa,"grupos=experimental;termos=experiment*,experimentos"
RS1329,metodo,passa,grupos=quantitativo;termos=correlação
RS1330,metodo,etiqueta,nenhum_termo
RS1332,metodo,etiqueta,nenhum_termo
RS1333,metodo,etiqueta,nenhum_termo
RS1334,metodo,passa,grupos=experimental;termos=experiment*
RS1335,metodo,etiqueta,nenhum_termo
RS1336,metodo,etiqueta,nenhum_termo
RS1337,metodo,etiqueta,nenhum_termo
RS1338,metodo,etiqueta,nenhum_termo
RS1339,metodo,etiqueta,nenhum_termo
RS1340,metodo,etiqueta,nenhum_termo
RS1341,metodo,etiqueta,nenhum_termo
RS1342,metodo,etiqueta,nenhum_termo
RS1343,metodo,etiqueta,nenhum_termo
RS1344,metodo,etiqueta,nenhum_termo
RS1345,metodo,etiqueta,nenhum_termo
RS1346,metodo,etiqueta,nenhum_termo
RS1347,metodo,etiqueta,nenhum_termo
RS1348,metodo,passa,"grupos=experimental;termos=experiment*,experimental"
RS1349,metodo,etiqueta,nenhum_termo
RS1350,metodo,etiqueta,nenhum_termo
RS1352,metodo,etiqueta,nenhum_termo
RS1353,metodo,sem_dado,sem_resumo;nenhum_termo_no_restante
RS1354,metodo,etiqueta,nenhum_termo
RS1356,metodo,passa,grupos=experimental;termos=cuasiexperiment*
RS1357,metodo,etiqueta,nenhum_termo
RS1358,metodo,etiqueta,nenhum_termo
RS1359,metodo,etiqueta,nenhum_termo
RS1360,metodo,etiqueta,nenhum_termo
RS1362,metodo,etiqueta,nenhum_termo
RS1363,metodo,etiqueta,nenhum_termo
RS1364,metodo,etiqueta,nenhum_termo
RS1365,metodo,etiqueta,nenhum_termo
RS1366,metodo,passa,grupos=quantitativo;termos=probit
RS1367,metodo,etiqueta,nenhum_termo
RS1368,metodo,etiqueta,nenhum_termo
RS1369,metodo,passa,"grupos=quantitativo;termos=regresión,regresión logística"
RS1370,metodo,etiqueta,nenhum_termo
RS1371,metodo,etiqueta,nenhum_termo
RS1372,metodo,etiqueta,nenhum_termo
RS1373,metodo,passa,"grupos=quantitativo;termos=logistic regression,regression"
RS1374,metodo,etiqueta,nenhum_termo
RS1375,metodo,passa,grupos=quantitativo;termos=logit
RS1377,metodo,etiqueta,nenhum_termo
RS1378,metodo,etiqueta,nenhum_termo
RS1379,metodo,etiqueta,nenhum_termo
RS1380,metodo,etiqueta,nenhum_termo
RS1381,metodo,etiqueta,nenhum_termo
RS1382,metodo,etiqueta,nenhum_termo
RS1383,metodo,etiqueta,nenhum_termo
RS1384,metodo,etiqueta,nenhum_termo
RS1385,metodo,etiqueta,nenhum_termo
RS1386,metodo,etiqueta,nenhum_termo
RS1387,metodo,etiqueta,nenhum_termo
RS1388,metodo,etiqueta,nenhum_termo
RS1389,metodo,etiqueta,nenhum_termo
RS1390,metodo,etiqueta,nenhum_termo
RS1391,metodo,etiqueta,nenhum_termo
RS1392,metodo,etiqueta,nenhum_termo
RS1393,metodo,etiqueta,nenhum_termo
RS1394,metodo,etiqueta,nenhum_termo
RS1395,metodo,etiqueta,nenhum_termo
RS1396,metodo,etiqueta,nenhum_termo
RS1397,metodo,etiqueta,nenhum_termo
RS1398,metodo,etiqueta,nenhum_termo
RS1399,metodo,passa,"grupos=causalidade,quantitativo;termos=causal,correlation*"
RS1400,metodo,etiqueta,nenhum_termo
RS1401,metodo,etiqueta,nenhum_termo
RS1402,metodo,etiqueta,nenhum_termo
RS1403,metodo,etiqueta,nenhum_termo
RS1404,metodo,passa,"grupos=quantitativo;termos=regresión,regresión lineal"
RS1405,metodo,etiqueta,nenhum_termo
RS1406,metodo,etiqueta,nenhum_termo
RS1407,metodo,etiqueta,nenhum_termo
RS1408,metodo,etiqueta,nenhum_termo
RS1409,metodo,etiqueta,nenhum_termo
RS1410,metodo,etiqueta,nenhum_termo
RS1411,metodo,etiqueta,nenhum_termo
RS1412,metodo,etiqueta,nenhum_termo
RS1413,metodo,etiqueta,nenhum_termo
RS1414,metodo,etiqueta,nenhum_termo
RS1415,metodo,etiqueta,nenhum_termo
RS1416,metodo,etiqueta,nenhum_termo
RS1417,metodo,etiqueta,nenhum_termo
RS1418,metodo,etiqueta,nenhum_termo
RS1419,metodo,etiqueta,nenhum_termo
RS1420,metodo,etiqueta,nenhum_termo
RS1421,metodo,etiqueta,nenhum_termo
RS1422,metodo,etiqueta,nenhum_termo
RS1423,metodo,etiqueta,nenhum_termo
RS1424,metodo,etiqueta,nenhum_termo
RS1425,metodo,etiqueta,nenhum_termo
RS1426,metodo,etiqueta,nenhum_termo
RS1427,metodo,etiqueta,nenhum_termo
RS1428,metodo,etiqueta,nenhum_termo
RS1429,metodo,etiqueta,nenhum_termo
RS1430,metodo,etiqueta,nenhum_termo
RS1431,metodo,etiqueta,nenhum_termo
RS1432,metodo,etiqueta,nenhum_termo
RS1433,metodo,etiqueta,nenhum_termo
RS1434,metodo,etiqueta,nenhum_termo
RS1435,metodo,etiqueta,nenhum_termo
RS1436,metodo,etiqueta,nenhum_termo
RS1437,metodo,etiqueta,nenhum_termo
RS1438,metodo,etiqueta,nenhum_termo
RS1439,metodo,etiqueta,nenhum_termo
RS1440,metodo,etiqueta,nenhum_termo
RS1441,metodo,etiqueta,nenhum_termo
RS1442,metodo,etiqueta,nenhum_termo
RS1443,metodo,etiqueta,nenhum_termo
RS1444,metodo,passa,grupos=quantitativo;termos=correlación
RS1445,metodo,etiqueta,nenhum_termo
RS1446,metodo,etiqueta,nenhum_termo
RS1447,metodo,etiqueta,nenhum_termo
RS1448,metodo,etiqueta,nenhum_termo
RS1449,metodo,etiqueta,nenhum_termo
RS1450,metodo,etiqueta,nenhum_termo
RS1451,metodo,etiqueta,nenhum_termo
RS1452,metodo,passa,grupos=quantitativo;termos=correlaciones
RS1453,metodo,etiqueta,nenhum_termo
RS1454,metodo,etiqueta,nenhum_termo
RS1455,metodo,etiqueta,nenhum_termo
RS1456,metodo,etiqueta,nenhum_termo
RS1457,metodo,etiqueta,nenhum_termo
RS1461,metodo,etiqueta,nenhum_termo
RS1462,metodo,etiqueta,nenhum_termo
RS1463,metodo,etiqueta,nenhum_termo
RS1464,metodo,etiqueta,nenhum_termo
RS1466,metodo,etiqueta,nenhum_termo
RS1467,metodo,etiqueta,nenhum_termo
RS1469,metodo,etiqueta,nenhum_termo
RS1471,metodo,etiqueta,nenhum_termo
RS1473,metodo,etiqueta,nenhum_termo
RS1474,metodo,etiqueta,nenhum_termo
RS1475,metodo,etiqueta,nenhum_termo
RS1476,metodo,etiqueta,nenhum_termo
RS1480,metodo,etiqueta,nenhum_termo
RS1481,metodo,passa,"grupos=causalidade,experimental;termos=causal,causal inference,inferencia causal,inferência causal,pareamento"
RS1482,metodo,etiqueta,nenhum_termo
RS1483,metodo,etiqueta,nenhum_termo
RS1484,metodo,passa,"grupos=experimental;termos=experiment*,experimental"
RS1485,metodo,etiqueta,nenhum_termo
RS1486,metodo,etiqueta,nenhum_termo
RS1487,metodo,etiqueta,nenhum_termo
RS1488,metodo,etiqueta,nenhum_termo
RS1489,metodo,etiqueta,nenhum_termo
RS1490,metodo,passa,grupos=quantitativo;termos=correlação
RS1491,metodo,etiqueta,nenhum_termo
RS1493,metodo,etiqueta,nenhum_termo
RS1494,metodo,etiqueta,nenhum_termo
RS1495,metodo,passa,"grupos=quantitativo;termos=bayesian,bayesian*"
RS1496,metodo,etiqueta,nenhum_termo
RS1497,metodo,etiqueta,nenhum_termo
RS1498,metodo,etiqueta,nenhum_termo
RS1499,metodo,etiqueta,nenhum_termo
RS1500,metodo,passa,grupos=quantitativo;termos=correlation*
RS1501,metodo,etiqueta,nenhum_termo
RS1502,metodo,etiqueta,nenhum_termo
RS1503,metodo,etiqueta,nenhum_termo
RS1504,metodo,etiqueta,nenhum_termo
RS1505,metodo,passa,"grupos=quantitativo;termos=regression,regression analysis"
RS1506,metodo,etiqueta,nenhum_termo
RS1507,metodo,etiqueta,nenhum_termo
RS1508,metodo,etiqueta,nenhum_termo
RS1509,metodo,etiqueta,nenhum_termo
RS1510,metodo,etiqueta,nenhum_termo
RS1511,metodo,etiqueta,nenhum_termo
RS1512,metodo,etiqueta,nenhum_termo
RS1513,metodo,etiqueta,nenhum_termo
RS1514,metodo,etiqueta,nenhum_termo
RS1515,metodo,passa,"grupos=experimental;termos=experiment*,natural experiment*"
RS1516,metodo,etiqueta,nenhum_termo
RS1517,metodo,etiqueta,nenhum_termo
RS1518,metodo,etiqueta,nenhum_termo
RS1519,metodo,etiqueta,nenhum_termo
RS1520,metodo,etiqueta,nenhum_termo
RS1521,metodo,etiqueta,nenhum_termo
RS1522,metodo,passa,"grupos=experimental;termos=experiment*,natural experiment*"
RS1523,metodo,passa,grupos=experimental;termos=experiment*
RS1524,metodo,passa,"grupos=experimental;termos=experiment*,survey experiment*"
RS1525,metodo,passa,"grupos=experimental;termos=experiment*,randomized,survey experiment*"
RS1526,metodo,etiqueta,nenhum_termo
RS1527,metodo,passa,"grupos=causalidade,experimental;termos=causal,experiment*,experimental"
RS1528,metodo,passa,"grupos=experimental;termos=experiment*,survey experiment*"
RS1529,metodo,passa,grupos=experimental;termos=experiment*
RS1531,metodo,etiqueta,nenhum_termo
RS1532,metodo,etiqueta,nenhum_termo
RS1533,metodo,passa,grupos=experimental;termos=experiment*
RS1534,metodo,etiqueta,nenhum_termo
RS1535,metodo,sem_dado,sem_resumo;nenhum_termo_no_restante
RS1536,metodo,passa,"grupos=experimental;termos=experiment*,experimental,survey experiment*"
RS1537,metodo,passa,grupos=experimental;termos=experiment*
RS1538,metodo,sem_dado,sem_resumo;nenhum_termo_no_restante
RS1539,metodo,etiqueta,nenhum_termo
RS1541,metodo,etiqueta,nenhum_termo
RS1542,metodo,etiqueta,nenhum_termo
RS1544,metodo,passa,grupos=experimental;termos=experiment*
RS1545,metodo,etiqueta,nenhum_termo
RS1546,metodo,sem_dado,sem_resumo;nenhum_termo_no_restante
RS1547,metodo,etiqueta,nenhum_termo
RS1548,metodo,etiqueta,nenhum_termo
RS1549,metodo,passa,"grupos=experimental;termos=experiment*,experimental"
RS1551,metodo,etiqueta,nenhum_termo
RS1553,metodo,passa,grupos=experimental;termos=experiment*
RS1554,metodo,etiqueta,nenhum_termo
RS1556,metodo,passa,"grupos=causalidade,experimental,quantitativo;termos=bayesian,bayesian*,causal,experiment*,experimental,experimental design,field experiment*,natural experiment*(+3)"
RS1557,metodo,sem_dado,sem_resumo;nenhum_termo_no_restante
RS1558,metodo,etiqueta,nenhum_termo
RS1559,metodo,sem_dado,sem_resumo;nenhum_termo_no_restante
RS1560,metodo,etiqueta,nenhum_termo
RS1561,metodo,etiqueta,nenhum_termo
RS1562,metodo,etiqueta,nenhum_termo
RS1563,metodo,passa,"grupos=experimental;termos=experiment*,experimental"
RS1564,metodo,passa,grupos=quantitativo;termos=regression
RS1565,metodo,sem_dado,sem_resumo;nenhum_termo_no_restante
RS1566,metodo,passa,grupos=quantitativo;termos=correlation*
RS1567,metodo,etiqueta,nenhum_termo
RS1568,metodo,passa,grupos=quantitativo;termos=regression
RS1569,metodo,sem_dado,sem_resumo;nenhum_termo_no_restante
RS1570,metodo,sem_dado,sem_resumo;nenhum_termo_no_restante
RS1571,metodo,passa,"grupos=experimental,quantitativo;termos=instrumental variable*,regression"
RS1572,metodo,sem_dado,sem_resumo;nenhum_termo_no_restante
RS1573,metodo,etiqueta,nenhum_termo
RS1574,metodo,passa,grupos=experimental;termos=experiment*
RS1575,metodo,passa,"grupos=experimental;termos=experiment*,natural experiment*"
RS1576,metodo,sem_dado,sem_resumo;nenhum_termo_no_restante
RS1577,metodo,sem_dado,sem_resumo;nenhum_termo_no_restante
RS1578,metodo,etiqueta,nenhum_termo
RS1579,metodo,sem_dado,sem_resumo;nenhum_termo_no_restante
RS1580,metodo,etiqueta,nenhum_termo
RS1581,metodo,passa,"grupos=causalidade;termos=causal,causality"
RS1582,metodo,passa,grupos=quantitativo;termos=time series
RS1583,metodo,etiqueta,nenhum_termo
RS1584,metodo,etiqueta,nenhum_termo
RS1585,metodo,etiqueta,nenhum_termo
RS1586,metodo,passa,"grupos=experimental,quantitativo;termos=experiment*,time series"
RS1587,metodo,passa,"grupos=experimental;termos=RCT,experiment*,field experiment*"
RS1589,metodo,passa,"grupos=experimental,quantitativo;termos=experiment*,experimental,logit"
RS1590,metodo,etiqueta,nenhum_termo
RS1591,metodo,passa,"grupos=experimental;termos=experiment*,survey experiment*"
RS1592,metodo,etiqueta,nenhum_termo
RS1593,metodo,etiqueta,nenhum_termo
RS1594,metodo,etiqueta,nenhum_termo
RS1595,metodo,sem_dado,sem_resumo;nenhum_termo_no_restante
RS1596,metodo,etiqueta,nenhum_termo
RS1597,metodo,sem_dado,sem_resumo;nenhum_termo_no_restante
RS1598,metodo,etiqueta,nenhum_termo
RS1599,metodo,etiqueta,nenhum_termo
RS1600,metodo,passa,"grupos=experimental;termos=experiment*,experimental"
RS1601,metodo,passa,"grupos=causalidade,quantitativo;termos=causal,causal effect*,counterfactual*,event stud*"
RS1602,metodo,etiqueta,nenhum_termo
RS1604,metodo,passa,"grupos=experimental;termos=experiment*,experimental"
RS1605,metodo,etiqueta,nenhum_termo
RS1606,metodo,passa,grupos=quantitativo;termos=event stud*
RS1607,metodo,etiqueta,nenhum_termo
RS1608,metodo,etiqueta,nenhum_termo
RS1609,metodo,etiqueta,nenhum_termo
RS1610,metodo,sem_dado,sem_resumo;nenhum_termo_no_restante
RS1611,metodo,passa,"grupos=experimental;termos=propensity score matching,propensity score*"
RS1612,metodo,passa,"grupos=experimental;termos=experiment*,experimental"
RS1613,metodo,passa,"grupos=experimental;termos=experiment*,experimental,experimental design"
RS1614,metodo,passa,grupos=experimental;termos=experiment*
RS1615,metodo,etiqueta,nenhum_termo
RS1616,metodo,etiqueta,nenhum_termo
RS1617,metodo,etiqueta,nenhum_termo
RS1618,metodo,etiqueta,nenhum_termo
RS1619,metodo,passa,"grupos=experimental;termos=experiment*,experimental"
RS1620,metodo,sem_dado,sem_resumo;nenhum_termo_no_restante
RS1621,metodo,passa,"grupos=experimental;termos=experiment*,experimental"
RS1622,metodo,passa,"grupos=experimental;termos=experiment*,experimental"
RS1623,metodo,etiqueta,nenhum_termo
RS1625,metodo,etiqueta,nenhum_termo
RS1627,metodo,passa,"grupos=causalidade,quantitativo;termos=causal,causal effect*,counterfactual*,event stud*"
RS1628,metodo,etiqueta,nenhum_termo
RS1629,metodo,passa,grupos=quantitativo;termos=time series
RS1630,metodo,etiqueta,nenhum_termo
RS1631,metodo,passa,"grupos=experimental;termos=experiment*,experimental"
RS1632,metodo,etiqueta,nenhum_termo
RS1633,metodo,etiqueta,nenhum_termo
RS1634,metodo,etiqueta,nenhum_termo
RS1636,metodo,passa,"grupos=experimental;termos=experiment*,experimental,survey experiment*"
RS1637,metodo,etiqueta,nenhum_termo
RS1638,metodo,passa,"grupos=quantitativo;termos=regression,regression analysis"
RS1639,metodo,etiqueta,nenhum_termo
RS1640,metodo,passa,grupos=quantitativo;termos=correlation*
RS1641,metodo,sem_dado,sem_resumo;nenhum_termo_no_restante
RS1642,metodo,sem_dado,sem_resumo;nenhum_termo_no_restante
RS1643,metodo,etiqueta,nenhum_termo
RS1644,metodo,passa,grupos=experimental;termos=experiment*
RS1645,metodo,passa,grupos=experimental;termos=experiment*
RS1646,metodo,passa,"grupos=causalidade;termos=causal,causal effect*"
RS1647,metodo,etiqueta,nenhum_termo
RS1648,metodo,sem_dado,sem_resumo;nenhum_termo_no_restante
RS1649,metodo,etiqueta,nenhum_termo
RS1650,metodo,etiqueta,nenhum_termo
RS1651,metodo,etiqueta,nenhum_termo
RS1652,metodo,passa,"grupos=quantitativo;termos=multilevel,multilevel model*"
RS1653,metodo,etiqueta,nenhum_termo
RS1654,metodo,sem_dado,sem_resumo;nenhum_termo_no_restante
RS1656,metodo,etiqueta,nenhum_termo
RS1657,metodo,etiqueta,nenhum_termo
RS1658,metodo,etiqueta,nenhum_termo
RS1659,metodo,etiqueta,nenhum_termo
RS1660,metodo,etiqueta,nenhum_termo
RS1661,metodo,passa,"grupos=experimental;termos=experiment*,experimental"
RS1662,metodo,passa,grupos=experimental;termos=experiment*
RS1663,metodo,etiqueta,nenhum_termo
RS1664,metodo,sem_dado,sem_resumo;nenhum_termo_no_restante
RS1665,metodo,sem_dado,sem_resumo;nenhum_termo_no_restante
RS1666,metodo,etiqueta,nenhum_termo
RS1667,metodo,etiqueta,nenhum_termo
RS1668,metodo,etiqueta,nenhum_termo
RS1669,metodo,etiqueta,nenhum_termo
RS1670,metodo,sem_dado,sem_resumo;nenhum_termo_no_restante
RS1671,metodo,etiqueta,nenhum_termo
RS1672,metodo,passa,grupos=quantitativo;termos=regression
RS1673,metodo,etiqueta,nenhum_termo
RS1674,metodo,etiqueta,nenhum_termo
RS1675,metodo,etiqueta,nenhum_termo
RS1676,metodo,etiqueta,nenhum_termo
RS1677,metodo,passa,grupos=quantitativo;termos=time series
RS1678,metodo,etiqueta,nenhum_termo
RS1679,metodo,etiqueta,nenhum_termo
RS1680,metodo,etiqueta,nenhum_termo
RS1681,metodo,etiqueta,nenhum_termo
RS1682,metodo,etiqueta,nenhum_termo
RS1683,metodo,sem_dado,sem_resumo;nenhum_termo_no_restante
RS1684,metodo,sem_dado,sem_resumo;nenhum_termo_no_restante
RS1685,metodo,etiqueta,nenhum_termo
RS1687,metodo,passa,"grupos=quantitativo;termos=bayesian,bayesian*,bootstrap*"
RS1688,metodo,sem_dado,sem_resumo;nenhum_termo_no_restante
RS1689,metodo,passa,grupos=experimental;termos=experiment*
RS1690,metodo,passa,"grupos=quantitativo;termos=bayesian,bayesian*,multilevel,regression"
RS1691,metodo,etiqueta,nenhum_termo
RS1692,metodo,etiqueta,nenhum_termo
RS1693,metodo,etiqueta,nenhum_termo
RS1694,metodo,passa,"grupos=experimental;termos=experiment*,field experiment*"
RS1695,metodo,sem_dado,sem_resumo;nenhum_termo_no_restante
RS1696,metodo,passa,grupos=experimental;termos=experiment*
RS1697,metodo,sem_dado,sem_resumo;nenhum_termo_no_restante
RS1698,metodo,etiqueta,nenhum_termo
RS1699,metodo,sem_dado,sem_resumo;nenhum_termo_no_restante
RS1700,metodo,sem_dado,sem_resumo;nenhum_termo_no_restante
RS1701,metodo,sem_dado,sem_resumo;nenhum_termo_no_restante
RS1702,metodo,etiqueta,nenhum_termo
RS1703,metodo,sem_dado,sem_resumo;nenhum_termo_no_restante
RS1704,metodo,passa,grupos=quantitativo;termos=correlation*
RS1705,metodo,passa,"grupos=causalidade,experimental,quantitativo;termos=causal,causal effect*,experiment*,natural experiment*,randomization,randomized,randomized controlled trial*,regression(+2)"
RS1706,metodo,etiqueta,nenhum_termo
RS1707,metodo,etiqueta,nenhum_termo
RS1708,metodo,passa,grupos=quantitativo;termos=event stud*
RS1709,metodo,passa,grupos=quantitativo;termos=structural equation*
RS1710,metodo,etiqueta,nenhum_termo
RS1711,metodo,passa,"grupos=experimental,quantitativo;termos=regression,regression discontinuity"
RS1712,metodo,passa,grupos=experimental;termos=experiment*
RS1713,metodo,sem_dado,sem_resumo;nenhum_termo_no_restante
RS1714,metodo,passa,"grupos=experimental,quantitativo;termos=experiment*,time series"
RS1715,metodo,etiqueta,nenhum_termo
RS1716,metodo,etiqueta,nenhum_termo
RS1717,metodo,etiqueta,nenhum_termo
RS1718,metodo,sem_dado,sem_resumo;nenhum_termo_no_restante
RS1719,metodo,sem_dado,sem_resumo;nenhum_termo_no_restante
RS1722,metodo,etiqueta,nenhum_termo
RS1723,metodo,etiqueta,nenhum_termo
RS1725,metodo,sem_dado,sem_resumo;nenhum_termo_no_restante
RS1726,metodo,sem_dado,sem_resumo;nenhum_termo_no_restante
RS1727,metodo,sem_dado,sem_resumo;nenhum_termo_no_restante
RS1728,metodo,etiqueta,nenhum_termo
RS1729,metodo,etiqueta,nenhum_termo
RS1730,metodo,etiqueta,nenhum_termo
RS1731,metodo,etiqueta,nenhum_termo
RS1734,metodo,passa,"grupos=quantitativo;termos=multilevel,multilevel model*"
RS1735,metodo,passa,"grupos=quantitativo;termos=bayesian,bayesian*"
RS1736,metodo,etiqueta,nenhum_termo
RS1737,metodo,etiqueta,nenhum_termo
RS1738,metodo,passa,grupos=quantitativo;termos=time series
RS1739,metodo,passa,grupos=experimental;termos=experiment*
RS1740,metodo,etiqueta,nenhum_termo
RS1742,metodo,etiqueta,nenhum_termo
RS1743,metodo,etiqueta,nenhum_termo
RS1744,metodo,passa,"grupos=experimental;termos=experiment*,experimental,experimental design"
RS1745,metodo,etiqueta,nenhum_termo
RS1746,metodo,passa,"grupos=experimental,quantitativo;termos=experiment*,logistic regression,regression"
RS1748,metodo,passa,grupos=quantitativo;termos=OLS
RS1749,metodo,etiqueta,nenhum_termo
RS1750,metodo,etiqueta,nenhum_termo
RS1751,metodo,sem_dado,sem_resumo;nenhum_termo_no_restante
RS1752,metodo,passa,"grupos=experimental,quantitativo;termos=control group*,experiment*,experimental,logistic regression,regression,regression analysis"
RS1753,metodo,sem_dado,sem_resumo;nenhum_termo_no_restante
RS1754,metodo,passa,grupos=quantitativo;termos=time series
RS1755,metodo,sem_dado,sem_resumo;nenhum_termo_no_restante
RS1756,metodo,etiqueta,nenhum_termo
RS1757,metodo,etiqueta,nenhum_termo
RS1758,metodo,sem_dado,sem_resumo;nenhum_termo_no_restante
RS1759,metodo,etiqueta,nenhum_termo
RS1760,metodo,etiqueta,nenhum_termo
RS1763,metodo,passa,grupos=quantitativo;termos=correlation*
RS1764,metodo,passa,grupos=quantitativo;termos=time series
RS1765,metodo,etiqueta,nenhum_termo
RS1766,metodo,etiqueta,nenhum_termo
RS1767,metodo,passa,"grupos=experimental;termos=experiment*,natural experiment*"
RS1770,metodo,sem_dado,sem_resumo;nenhum_termo_no_restante
RS1771,metodo,etiqueta,nenhum_termo
RS1772,metodo,etiqueta,nenhum_termo
RS1773,metodo,sem_dado,sem_resumo;nenhum_termo_no_restante
RS1775,metodo,etiqueta,nenhum_termo
RS1776,metodo,etiqueta,nenhum_termo
RS1777,metodo,etiqueta,nenhum_termo
RS1778,metodo,sem_dado,sem_resumo;nenhum_termo_no_restante
RS1779,metodo,sem_dado,sem_resumo;nenhum_termo_no_restante
RS1780,metodo,sem_dado,sem_resumo;nenhum_termo_no_restante
RS1781,metodo,etiqueta,nenhum_termo
RS1782,metodo,passa,"grupos=quantitativo;termos=correlation*,time series"
RS1783,metodo,etiqueta,nenhum_termo
RS1784,metodo,etiqueta,nenhum_termo
RS1785,metodo,etiqueta,nenhum_termo
RS1786,metodo,passa,grupos=quantitativo;termos=logit
RS1787,metodo,etiqueta,nenhum_termo
RS1788,metodo,passa,grupos=experimental;termos=experiment*
RS1789,metodo,passa,"grupos=causalidade,experimental;termos=causal,causal effect*,experiment*,natural experiment*"
RS1790,metodo,passa,"grupos=experimental;termos=experiment*,field experiment*"
RS1791,metodo,etiqueta,nenhum_termo
RS1792,metodo,sem_dado,sem_resumo;nenhum_termo_no_restante
RS1793,metodo,etiqueta,nenhum_termo
RS1794,metodo,etiqueta,nenhum_termo
RS1795,metodo,etiqueta,nenhum_termo
RS1796,metodo,etiqueta,nenhum_termo
RS1797,metodo,passa,"grupos=experimental;termos=experiment*,natural experiment*"
RS1798,metodo,etiqueta,nenhum_termo
RS1799,metodo,sem_dado,sem_resumo;nenhum_termo_no_restante
RS1800,metodo,etiqueta,nenhum_termo
RS1801,metodo,sem_dado,sem_resumo;nenhum_termo_no_restante
RS1802,metodo,etiqueta,nenhum_termo
RS1803,metodo,passa,grupos=experimental;termos=experiment*
RS1805,metodo,etiqueta,nenhum_termo
RS1806,metodo,passa,grupos=experimental;termos=experiment*
RS1807,metodo,sem_dado,sem_resumo;nenhum_termo_no_restante
RS1808,metodo,passa,"grupos=quantitativo;termos=logistic regression,regression"
RS1809,metodo,sem_dado,sem_resumo;nenhum_termo_no_restante
RS1812,metodo,etiqueta,nenhum_termo
RS1813,metodo,etiqueta,nenhum_termo
RS1814,metodo,etiqueta,nenhum_termo
RS1815,metodo,etiqueta,nenhum_termo
RS1816,metodo,sem_dado,sem_resumo;nenhum_termo_no_restante
RS1817,metodo,etiqueta,nenhum_termo
RS1819,metodo,passa,"grupos=quantitativo;termos=bayesian,bayesian*"
RS1820,metodo,etiqueta,nenhum_termo
RS1821,metodo,etiqueta,nenhum_termo
RS1822,metodo,etiqueta,nenhum_termo
RS1823,metodo,etiqueta,nenhum_termo
RS1824,metodo,etiqueta,nenhum_termo
RS1825,metodo,sem_dado,sem_resumo;nenhum_termo_no_restante
RS1826,metodo,etiqueta,nenhum_termo
RS1827,metodo,passa,"grupos=experimental;termos=experiment*,experimental"
RS1828,metodo,passa,"grupos=quantitativo;termos=SEM,structural equation model*,structural equation*"
RS1830,metodo,etiqueta,nenhum_termo
RS1831,metodo,etiqueta,nenhum_termo
RS1832,metodo,etiqueta,nenhum_termo
RS1833,metodo,etiqueta,nenhum_termo
RS1834,metodo,etiqueta,nenhum_termo
RS1835,metodo,etiqueta,nenhum_termo
RS1836,metodo,etiqueta,nenhum_termo
RS1837,metodo,etiqueta,nenhum_termo
RS1838,metodo,etiqueta,nenhum_termo
RS1839,metodo,etiqueta,nenhum_termo
RS1840,metodo,etiqueta,nenhum_termo
RS1841,metodo,etiqueta,nenhum_termo
RS1842,metodo,passa,grupos=experimental;termos=experiment*
RS1843,metodo,passa,"grupos=experimental;termos=experiment*,experimental,experimental design"
RS1845,metodo,etiqueta,nenhum_termo
RS1846,metodo,etiqueta,nenhum_termo
RS1847,metodo,sem_dado,sem_resumo;nenhum_termo_no_restante
RS1849,metodo,etiqueta,nenhum_termo
RS1850,metodo,passa,"grupos=experimental;termos=experiment*,experimental"
RS1851,metodo,etiqueta,nenhum_termo
RS1852,metodo,etiqueta,nenhum_termo
RS1853,metodo,etiqueta,nenhum_termo
RS1854,metodo,etiqueta,nenhum_termo
RS1856,metodo,etiqueta,nenhum_termo
RS1857,metodo,sem_dado,sem_resumo;nenhum_termo_no_restante
RS1858,metodo,etiqueta,nenhum_termo
RS1859,metodo,etiqueta,nenhum_termo
RS1860,metodo,etiqueta,nenhum_termo
RS1861,metodo,passa,grupos=causalidade;termos=causal
RS1863,metodo,sem_dado,sem_resumo;nenhum_termo_no_restante
RS1864,metodo,etiqueta,nenhum_termo
RS1865,metodo,etiqueta,nenhum_termo
RS1866,metodo,passa,grupos=experimental;termos=experiment*
RS1867,metodo,passa,"grupos=causalidade,quantitativo;termos=endogeneity,multilevel,regression"
RS1868,metodo,sem_dado,sem_resumo;nenhum_termo_no_restante
RS1869,metodo,etiqueta,nenhum_termo
RS1870,metodo,etiqueta,nenhum_termo
RS1871,metodo,passa,grupos=quantitativo;termos=time series
RS1872,metodo,etiqueta,nenhum_termo
RS1873,metodo,sem_dado,sem_resumo;nenhum_termo_no_restante
RS1874,metodo,etiqueta,nenhum_termo
RS1875,metodo,passa,"grupos=experimental;termos=experiment*,experimental"
RS1876,metodo,passa,grupos=experimental;termos=experiment*
RS1877,metodo,etiqueta,nenhum_termo
RS1879,metodo,etiqueta,nenhum_termo
RS1880,metodo,etiqueta,nenhum_termo
RS1881,metodo,etiqueta,nenhum_termo
RS1882,metodo,sem_dado,sem_resumo;nenhum_termo_no_restante
RS1883,metodo,passa,grupos=experimental;termos=experiment*
RS1884,metodo,passa,"grupos=experimental;termos=experiment*,experimental,survey experiment*"
RS1885,metodo,passa,"grupos=experimental;termos=experiment*,experimental,survey experiment*"
RS1886,metodo,sem_dado,sem_resumo;nenhum_termo_no_restante
RS1887,metodo,etiqueta,nenhum_termo
RS1888,metodo,passa,grupos=quantitativo;termos=panel data
RS1889,metodo,etiqueta,nenhum_termo
RS1890,metodo,etiqueta,nenhum_termo
RS1891,metodo,sem_dado,sem_resumo;nenhum_termo_no_restante
RS1892,metodo,sem_dado,sem_resumo;nenhum_termo_no_restante
RS1893,metodo,sem_dado,sem_resumo;nenhum_termo_no_restante
RS1894,metodo,etiqueta,nenhum_termo
RS1895,metodo,etiqueta,nenhum_termo
RS1896,metodo,etiqueta,nenhum_termo
RS1897,metodo,passa,"grupos=experimental;termos=experiment*,experimental"
RS1898,metodo,passa,grupos=quantitativo;termos=bootstrap*
RS1899,metodo,etiqueta,nenhum_termo
RS1900,metodo,sem_dado,sem_resumo;nenhum_termo_no_restante
RS1901,metodo,etiqueta,nenhum_termo
RS1902,metodo,etiqueta,nenhum_termo
RS1903,metodo,etiqueta,nenhum_termo
RS1904,metodo,etiqueta,nenhum_termo
RS1905,metodo,sem_dado,sem_resumo;nenhum_termo_no_restante
RS1906,metodo,etiqueta,nenhum_termo
RS1907,metodo,etiqueta,nenhum_termo
RS1908,metodo,etiqueta,nenhum_termo
RS1909,metodo,etiqueta,nenhum_termo
RS1910,metodo,etiqueta,nenhum_termo
RS1911,metodo,etiqueta,nenhum_termo
RS1912,metodo,passa,grupos=quantitativo;termos=event stud*
RS1914,metodo,sem_dado,sem_resumo;nenhum_termo_no_restante
RS1915,metodo,etiqueta,nenhum_termo
RS1916,metodo,etiqueta,nenhum_termo
RS1917,metodo,etiqueta,nenhum_termo
RS1918,metodo,passa,"grupos=experimental;termos=experiment*,experimental"
RS1919,metodo,sem_dado,sem_resumo;nenhum_termo_no_restante
RS1920,metodo,etiqueta,nenhum_termo
RS1921,metodo,etiqueta,nenhum_termo
RS1922,metodo,etiqueta,nenhum_termo
RS1923,metodo,sem_dado,sem_resumo;nenhum_termo_no_restante
RS1924,metodo,etiqueta,nenhum_termo
RS1925,metodo,etiqueta,nenhum_termo
RS1926,metodo,etiqueta,nenhum_termo
RS1927,metodo,passa,"grupos=experimental;termos=experiment*,experimental"
RS1928,metodo,etiqueta,nenhum_termo
RS1929,metodo,etiqueta,nenhum_termo
RS1931,metodo,passa,"grupos=experimental;termos=experiment*,experimental,experimental design"
RS1932,metodo,sem_dado,sem_resumo;nenhum_termo_no_restante
RS1933,metodo,sem_dado,sem_resumo;nenhum_termo_no_restante
RS1934,metodo,etiqueta,nenhum_termo
RS1935,metodo,etiqueta,nenhum_termo
RS1936,metodo,etiqueta,nenhum_termo
RS1937,metodo,etiqueta,nenhum_termo
RS1938,metodo,etiqueta,nenhum_termo
RS1939,metodo,passa,"grupos=quantitativo;termos=logistic regression,regression"
RS1940,metodo,etiqueta,nenhum_termo
RS1941,metodo,passa,"grupos=quantitativo;termos=multilevel,multilevel model*,regression"
RS1942,metodo,etiqueta,nenhum_termo
RS1943,metodo,passa,"grupos=causalidade,quantitativo;termos=causal,structural equation model*,structural equation*"
RS1945,metodo,passa,grupos=experimental;termos=experiment*
RS1946,metodo,sem_dado,sem_resumo;nenhum_termo_no_restante
RS1948,metodo,passa,grupos=experimental;termos=experiment*
RS1949,metodo,passa,"grupos=experimental;termos=experiment*,experimental"
RS1950,metodo,etiqueta,nenhum_termo
RS1951,metodo,etiqueta,nenhum_termo
RS1952,metodo,passa,"grupos=experimental,quantitativo;termos=bayesian,bayesian*,randomized,regression"
RS1953,metodo,passa,"grupos=experimental;termos=experiment*,survey experiment*"
RS1956,metodo,etiqueta,nenhum_termo
RS1957,metodo,etiqueta,nenhum_termo
RS1958,metodo,sem_dado,sem_resumo;nenhum_termo_no_restante
RS1959,metodo,sem_dado,sem_resumo;nenhum_termo_no_restante
RS1960,metodo,etiqueta,nenhum_termo
RS1961,metodo,sem_dado,sem_resumo;nenhum_termo_no_restante
RS1962,metodo,etiqueta,nenhum_termo
RS1963,metodo,etiqueta,nenhum_termo
RS1964,metodo,etiqueta,nenhum_termo
RS1965,metodo,passa,grupos=experimental;termos=experiment*
RS1966,metodo,etiqueta,nenhum_termo
RS1967,metodo,etiqueta,nenhum_termo
RS1968,metodo,sem_dado,sem_resumo;nenhum_termo_no_restante
RS1970,metodo,sem_dado,sem_resumo;nenhum_termo_no_restante
RS1971,metodo,etiqueta,nenhum_termo
RS1972,metodo,etiqueta,nenhum_termo
RS1974,metodo,etiqueta,nenhum_termo
RS1975,metodo,etiqueta,nenhum_termo
RS1977,metodo,etiqueta,nenhum_termo
RS1978,metodo,etiqueta,nenhum_termo
RS1979,metodo,passa,grupos=quantitativo;termos=time series
RS1980,metodo,passa,grupos=experimental;termos=experiment*
RS1981,metodo,sem_dado,sem_resumo;nenhum_termo_no_restante
RS1982,metodo,etiqueta,nenhum_termo
RS1983,metodo,etiqueta,nenhum_termo
RS1984,metodo,etiqueta,nenhum_termo
RS1985,metodo,etiqueta,nenhum_termo
RS1986,metodo,passa,"grupos=quantitativo;termos=structural equation model*,structural equation*"
RS1987,metodo,etiqueta,nenhum_termo
RS1988,metodo,etiqueta,nenhum_termo
RS1989,metodo,passa,grupos=experimental;termos=experiment*
RS1990,metodo,etiqueta,nenhum_termo
RS1991,metodo,etiqueta,nenhum_termo
RS1992,metodo,passa,grupos=quantitativo;termos=time series
RS1993,metodo,etiqueta,nenhum_termo
RS1995,metodo,etiqueta,nenhum_termo
RS1997,metodo,etiqueta,nenhum_termo
RS1998,metodo,sem_dado,sem_resumo;nenhum_termo_no_restante
RS1999,metodo,etiqueta,nenhum_termo
RS2000,metodo,etiqueta,nenhum_termo
RS2001,metodo,etiqueta,nenhum_termo
RS2002,metodo,passa,"grupos=quantitativo,revisao;termos=logistic regression,meta-analys*,regression"
RS2003,metodo,etiqueta,nenhum_termo
RS2004,metodo,passa,"grupos=causalidade,experimental;termos=causal,causal effect*,experiment*,experimental,randomization,survey experiment*"
RS2006,metodo,passa,grupos=quantitativo;termos=time series
RS2007,metodo,etiqueta,nenhum_termo
RS2008,metodo,passa,"grupos=causalidade,experimental;termos=causal,causal effect*,endogeneity,experiment*,instrumental variable*,natural experiment*"
RS2010,metodo,etiqueta,nenhum_termo
RS2011,metodo,etiqueta,nenhum_termo
RS2012,metodo,etiqueta,nenhum_termo
RS2013,metodo,etiqueta,nenhum_termo
RS2014,metodo,etiqueta,nenhum_termo
RS2015,metodo,etiqueta,nenhum_termo
RS2016,metodo,sem_dado,sem_resumo;nenhum_termo_no_restante
RS2017,metodo,passa,grupos=quantitativo;termos=panel data
RS2018,metodo,etiqueta,nenhum_termo
RS2019,metodo,etiqueta,nenhum_termo
RS2020,metodo,etiqueta,nenhum_termo
RS2021,metodo,etiqueta,nenhum_termo
RS2022,metodo,etiqueta,nenhum_termo
RS2023,metodo,etiqueta,nenhum_termo
RS2024,metodo,etiqueta,nenhum_termo
RS2025,metodo,sem_dado,sem_resumo;nenhum_termo_no_restante
RS2026,metodo,etiqueta,nenhum_termo
RS2027,metodo,etiqueta,nenhum_termo
RS2028,metodo,passa,"grupos=experimental,quantitativo;termos=bayesian,bayesian*,experiment*,regression"
RS2029,metodo,etiqueta,nenhum_termo
RS2030,metodo,passa,grupos=experimental;termos=experiment*
RS2031,metodo,etiqueta,nenhum_termo
RS2032,metodo,etiqueta,nenhum_termo
RS2033,metodo,etiqueta,nenhum_termo
RS2034,metodo,sem_dado,sem_resumo;nenhum_termo_no_restante
RS2035,metodo,etiqueta,nenhum_termo
RS2036,metodo,etiqueta,nenhum_termo
RS2037,metodo,etiqueta,nenhum_termo
RS2038,metodo,sem_dado,sem_resumo;nenhum_termo_no_restante
RS2040,metodo,etiqueta,nenhum_termo
RS2041,metodo,etiqueta,nenhum_termo
RS2042,metodo,etiqueta,nenhum_termo
RS2043,metodo,sem_dado,sem_resumo;nenhum_termo_no_restante
RS2044,metodo,etiqueta,nenhum_termo
RS2045,metodo,etiqueta,nenhum_termo
RS2046,metodo,sem_dado,sem_resumo;nenhum_termo_no_restante
RS2047,metodo,etiqueta,nenhum_termo
RS2048,metodo,passa,"grupos=revisao;termos=meta-analys*,systematic review*"
RS2049,metodo,etiqueta,nenhum_termo
RS2050,metodo,etiqueta,nenhum_termo
RS2051,metodo,passa,"grupos=experimental;termos=experiment*,experimental"
RS2053,metodo,passa,grupos=experimental;termos=experiment*
RS2054,metodo,etiqueta,nenhum_termo
RS2055,metodo,passa,"grupos=experimental;termos=experiment*,field experiment*,survey experiment*"
RS2056,metodo,etiqueta,nenhum_termo
RS2057,metodo,passa,"grupos=experimental,quantitativo;termos=difference* in difference*,fixed effect*"
RS2058,metodo,etiqueta,nenhum_termo
RS2059,metodo,sem_dado,sem_resumo;nenhum_termo_no_restante
RS2060,metodo,etiqueta,nenhum_termo
RS2061,metodo,etiqueta,nenhum_termo
RS2062,metodo,passa,grupos=quantitativo;termos=cluster analysis
RS2063,metodo,etiqueta,nenhum_termo
RS2064,metodo,etiqueta,nenhum_termo
RS2065,metodo,etiqueta,nenhum_termo
RS2066,metodo,etiqueta,nenhum_termo
RS2067,metodo,etiqueta,nenhum_termo
RS2068,metodo,passa,"grupos=experimental;termos=experiment*,experimental,survey experiment*"
RS2069,metodo,etiqueta,nenhum_termo
RS2070,metodo,passa,"grupos=revisao;termos=meta-analys*,systematic review*"
RS2071,metodo,etiqueta,nenhum_termo
RS2072,metodo,etiqueta,nenhum_termo
RS2073,metodo,passa,"grupos=experimental;termos=experiment*,experimental"
RS2074,metodo,passa,"grupos=quantitativo;termos=bayesian,bayesian*,multilevel,regression"
RS2075,metodo,etiqueta,nenhum_termo
RS2076,metodo,etiqueta,nenhum_termo
RS2077,metodo,etiqueta,nenhum_termo
RS2078,metodo,sem_dado,sem_resumo;nenhum_termo_no_restante
RS2079,metodo,etiqueta,nenhum_termo
RS2080,metodo,passa,grupos=quantitativo;termos=time series
RS2081,metodo,passa,"grupos=causalidade,quantitativo;termos=causal,causality,correlation*"
RS2082,metodo,sem_dado,sem_resumo;nenhum_termo_no_restante
RS2083,metodo,etiqueta,nenhum_termo
RS2084,metodo,etiqueta,nenhum_termo
RS2085,metodo,sem_dado,sem_resumo;nenhum_termo_no_restante
RS2086,metodo,etiqueta,nenhum_termo
RS2087,metodo,etiqueta,nenhum_termo
RS2088,metodo,etiqueta,nenhum_termo
RS2089,metodo,sem_dado,sem_resumo;nenhum_termo_no_restante
RS2090,metodo,passa,grupos=quantitativo;termos=regression
RS2091,metodo,passa,"grupos=quantitativo;termos=multilevel,regression"
RS2092,metodo,etiqueta,nenhum_termo
RS2093,metodo,etiqueta,nenhum_termo
RS2094,metodo,etiqueta,nenhum_termo
RS2095,metodo,passa,"grupos=causalidade,quantitativo;termos=exogenous variation,panel data"
RS2096,metodo,etiqueta,nenhum_termo
RS2097,metodo,etiqueta,nenhum_termo
RS2098,metodo,etiqueta,nenhum_termo
RS2100,metodo,passa,grupos=quantitativo;termos=time series
RS2101,metodo,etiqueta,nenhum_termo
RS2102,metodo,passa,grupos=quantitativo;termos=correlation*
RS2105,metodo,etiqueta,nenhum_termo
RS2106,metodo,etiqueta,nenhum_termo
RS2107,metodo,sem_dado,sem_resumo;nenhum_termo_no_restante
RS2108,metodo,etiqueta,nenhum_termo
RS2109,metodo,etiqueta,nenhum_termo
RS2110,metodo,etiqueta,nenhum_termo
RS2111,metodo,etiqueta,nenhum_termo
RS2112,metodo,etiqueta,nenhum_termo
RS2114,metodo,passa,"grupos=quantitativo;termos=multilevel,regression"
RS2115,metodo,etiqueta,nenhum_termo
RS2116,metodo,etiqueta,nenhum_termo
RS2117,metodo,passa,grupos=quantitativo;termos=time series
RS2118,metodo,etiqueta,nenhum_termo
RS2119,metodo,passa,grupos=quantitativo;termos=time series
RS2120,metodo,passa,"grupos=experimental;termos=experiment*,experimental"
RS2121,metodo,etiqueta,nenhum_termo
RS2122,metodo,etiqueta,nenhum_termo
RS2123,metodo,etiqueta,nenhum_termo
RS2124,metodo,etiqueta,nenhum_termo
RS2125,metodo,etiqueta,nenhum_termo
RS2126,metodo,etiqueta,nenhum_termo
RS2127,metodo,etiqueta,nenhum_termo
RS2128,metodo,sem_dado,sem_resumo;nenhum_termo_no_restante
RS2129,metodo,passa,"grupos=quantitativo;termos=bayesian,bayesian*"
RS2130,metodo,etiqueta,nenhum_termo
RS2131,metodo,sem_dado,sem_resumo;nenhum_termo_no_restante
RS2132,metodo,passa,grupos=quantitativo;termos=correlation*
RS2135,metodo,passa,"grupos=experimental;termos=control group*,experiment*,experimental"
RS2136,metodo,etiqueta,nenhum_termo
RS2137,metodo,etiqueta,nenhum_termo
RS2138,metodo,etiqueta,nenhum_termo
RS2139,metodo,etiqueta,nenhum_termo
RS2140,metodo,etiqueta,nenhum_termo
RS2141,metodo,passa,"grupos=quantitativo;termos=bayesian,bayesian*,bootstrap*"
RS2144,metodo,passa,"grupos=quantitativo;termos=linear regression,regression,regression analysis"
RS2145,metodo,passa,"grupos=causalidade,experimental;termos=causal,experiment*,experimental,survey experiment*"
RS2146,metodo,passa,grupos=experimental;termos=experiment*
RS2147,metodo,passa,"grupos=experimental;termos=experiment*,survey experiment*"
RS2148,metodo,etiqueta,nenhum_termo
RS2149,metodo,passa,grupos=experimental;termos=experiment*
RS2150,metodo,passa,grupos=experimental;termos=experiment*
RS2151,metodo,passa,"grupos=quantitativo;termos=bayesian,bayesian*"
RS2152,metodo,etiqueta,nenhum_termo
RS2153,metodo,etiqueta,nenhum_termo
RS2155,metodo,passa,grupos=quantitativo;termos=time series
RS2156,metodo,sem_dado,sem_resumo;nenhum_termo_no_restante
RS2158,metodo,etiqueta,nenhum_termo
RS2160,metodo,passa,grupos=experimental;termos=experiment*
RS2161,metodo,etiqueta,nenhum_termo
RS2162,metodo,etiqueta,nenhum_termo
RS2163,metodo,etiqueta,nenhum_termo
RS2164,metodo,etiqueta,nenhum_termo
RS2165,metodo,etiqueta,nenhum_termo
RS2166,metodo,etiqueta,nenhum_termo
RS2167,metodo,etiqueta,nenhum_termo
RS2168,metodo,etiqueta,nenhum_termo
RS2169,metodo,sem_dado,sem_resumo;nenhum_termo_no_restante
RS2170,metodo,etiqueta,nenhum_termo
RS2171,metodo,etiqueta,nenhum_termo
RS2174,metodo,etiqueta,nenhum_termo
RS2175,metodo,etiqueta,nenhum_termo
RS2176,metodo,etiqueta,nenhum_termo
RS2177,metodo,etiqueta,nenhum_termo
RS2178,metodo,etiqueta,nenhum_termo
RS2179,metodo,etiqueta,nenhum_termo
RS2180,metodo,etiqueta,nenhum_termo
RS2181,metodo,etiqueta,nenhum_termo
RS2182,metodo,etiqueta,nenhum_termo
RS2183,metodo,sem_dado,sem_resumo;nenhum_termo_no_restante
RS2184,metodo,etiqueta,nenhum_termo
RS2185,metodo,etiqueta,nenhum_termo
RS2187,metodo,etiqueta,nenhum_termo
RS2188,metodo,etiqueta,nenhum_termo
RS2189,metodo,passa,"grupos=experimental;termos=experiment*,experimental"
RS2190,metodo,etiqueta,nenhum_termo
RS2192,metodo,etiqueta,nenhum_termo
RS2193,metodo,etiqueta,nenhum_termo
RS2194,metodo,passa,"grupos=quantitativo;termos=bayesian,bayesian*"
RS2195,metodo,etiqueta,nenhum_termo
RS2196,metodo,passa,grupos=quantitativo;termos=logit
RS2197,metodo,etiqueta,nenhum_termo
RS2198,metodo,etiqueta,nenhum_termo
RS2199,metodo,passa,"grupos=causalidade,experimental;termos=causal,experiment*"
RS2200,metodo,sem_dado,sem_resumo;nenhum_termo_no_restante
RS2201,metodo,etiqueta,nenhum_termo
RS2202,metodo,sem_dado,sem_resumo;nenhum_termo_no_restante
RS2203,metodo,etiqueta,nenhum_termo
RS2204,metodo,sem_dado,sem_resumo;nenhum_termo_no_restante
RS2205,metodo,etiqueta,nenhum_termo
RS2206,metodo,etiqueta,nenhum_termo
RS2207,metodo,passa,"grupos=quantitativo;termos=logistic regression,regression"
RS2208,metodo,passa,"grupos=experimental;termos=experiment*,experimental"
RS2209,metodo,sem_dado,sem_resumo;nenhum_termo_no_restante
RS2210,metodo,etiqueta,nenhum_termo
RS2211,metodo,passa,grupos=experimental;termos=experiment*
RS2212,metodo,passa,"grupos=experimental;termos=experiment*,field experiment*,survey experiment*"
RS2213,metodo,etiqueta,nenhum_termo
RS2214,metodo,etiqueta,nenhum_termo
RS2215,metodo,passa,"grupos=experimental;termos=experiment*,experimental"
RS2216,metodo,passa,grupos=quantitativo;termos=regression
RS2217,metodo,etiqueta,nenhum_termo
RS2218,metodo,passa,"grupos=experimental;termos=experiment*,experimental"
RS2219,metodo,etiqueta,nenhum_termo
RS2221,metodo,etiqueta,nenhum_termo
RS2222,metodo,passa,grupos=experimental;termos=experiment*
RS2224,metodo,passa,"grupos=experimental;termos=experiment*,experimental,quasi-experiment*,survey experiment*"
RS2225,metodo,etiqueta,nenhum_termo
RS2226,metodo,etiqueta,nenhum_termo
RS2227,metodo,etiqueta,nenhum_termo
RS2228,metodo,etiqueta,nenhum_termo
RS2229,metodo,etiqueta,nenhum_termo
RS2230,metodo,etiqueta,nenhum_termo
RS2231,metodo,sem_dado,sem_resumo;nenhum_termo_no_restante
RS2232,metodo,etiqueta,nenhum_termo
RS2233,metodo,etiqueta,nenhum_termo
RS2235,metodo,passa,"grupos=quantitativo;termos=logistic regression,regression,regressions"
RS2236,metodo,passa,"grupos=quantitativo;termos=bayesian,bayesian*"
RS2237,metodo,etiqueta,nenhum_termo
RS2238,metodo,etiqueta,nenhum_termo
RS2239,metodo,etiqueta,nenhum_termo
RS2240,metodo,passa,"grupos=experimental;termos=experiment*,field experiment*"
RS2241,metodo,etiqueta,nenhum_termo
RS2242,metodo,passa,"grupos=experimental;termos=experiment*,field experiment*"
RS2243,metodo,etiqueta,nenhum_termo
RS2244,metodo,etiqueta,nenhum_termo
RS2245,metodo,sem_dado,sem_resumo;nenhum_termo_no_restante
RS2246,metodo,passa,grupos=quantitativo;termos=time series
RS2247,metodo,sem_dado,sem_resumo;nenhum_termo_no_restante
RS2248,metodo,sem_dado,sem_resumo;nenhum_termo_no_restante
RS2249,metodo,sem_dado,sem_resumo;nenhum_termo_no_restante
RS2250,metodo,etiqueta,nenhum_termo
RS2251,metodo,etiqueta,nenhum_termo
RS2252,metodo,sem_dado,sem_resumo;nenhum_termo_no_restante
RS2253,metodo,etiqueta,nenhum_termo
RS2254,metodo,etiqueta,nenhum_termo
RS2255,metodo,etiqueta,nenhum_termo
RS2256,metodo,etiqueta,nenhum_termo
RS2257,metodo,etiqueta,nenhum_termo
RS2258,metodo,etiqueta,nenhum_termo
RS2259,metodo,etiqueta,nenhum_termo
RS2260,metodo,passa,"grupos=quantitativo;termos=correlation*,regression"
RS2261,metodo,passa,"grupos=experimental;termos=experiment*,experimental"
RS2262,metodo,etiqueta,nenhum_termo
RS2263,metodo,passa,"grupos=experimental;termos=control group*,experiment*,experimental,quasi-experiment*,treatment group*"
RS2264,metodo,etiqueta,nenhum_termo
RS2265,metodo,passa,grupos=quantitativo;termos=panel data
RS2266,metodo,etiqueta,nenhum_termo
RS2267,metodo,etiqueta,nenhum_termo
RS2268,metodo,passa,grupos=quantitativo;termos=regression
RS2269,metodo,etiqueta,nenhum_termo
RS2271,metodo,etiqueta,nenhum_termo
RS2272,metodo,etiqueta,nenhum_termo
RS2273,metodo,etiqueta,nenhum_termo
RS2274,metodo,etiqueta,nenhum_termo
RS2275,metodo,etiqueta,nenhum_termo
RS2276,metodo,etiqueta,nenhum_termo
RS2278,metodo,etiqueta,nenhum_termo
RS2279,metodo,passa,"grupos=quantitativo;termos=logistic regression,regression"
RS2281,metodo,etiqueta,nenhum_termo
RS2282,metodo,etiqueta,nenhum_termo
RS2283,metodo,etiqueta,nenhum_termo
RS2284,metodo,passa,"grupos=experimental;termos=experiment*,survey experiment*"
RS2285,metodo,etiqueta,nenhum_termo
RS2286,metodo,passa,"grupos=quantitativo;termos=regression,time series"
RS2287,metodo,etiqueta,nenhum_termo
RS2288,metodo,etiqueta,nenhum_termo
RS2289,metodo,etiqueta,nenhum_termo
RS2290,metodo,passa,"grupos=quantitativo,revisao;termos=meta-analys*,random effect*,systematic review*"
RS2291,metodo,etiqueta,nenhum_termo
RS2292,metodo,passa,"grupos=experimental,quantitativo;termos=bayesian,bayesian*,experiment*,regression"
RS2293,metodo,passa,grupos=experimental;termos=randomized
RS2295,metodo,passa,"grupos=experimental;termos=experiment*,experimental"
RS2296,metodo,sem_dado,sem_resumo;nenhum_termo_no_restante
RS2297,metodo,etiqueta,nenhum_termo
RS2300,metodo,etiqueta,nenhum_termo
RS2301,metodo,etiqueta,nenhum_termo
RS2303,metodo,etiqueta,nenhum_termo
RS2305,metodo,etiqueta,nenhum_termo
RS2306,metodo,etiqueta,nenhum_termo
RS2307,metodo,etiqueta,nenhum_termo
RS2308,metodo,etiqueta,nenhum_termo
RS2309,metodo,etiqueta,nenhum_termo
RS2310,metodo,etiqueta,nenhum_termo
RS2312,metodo,passa,"grupos=quantitativo;termos=logistic regression,ordinary least squares,regression"
RS2313,metodo,etiqueta,nenhum_termo
RS2314,metodo,etiqueta,nenhum_termo
RS2315,metodo,passa,grupos=quantitativo;termos=time series
RS2316,metodo,etiqueta,nenhum_termo
RS2317,metodo,etiqueta,nenhum_termo
RS2318,metodo,passa,"grupos=quantitativo;termos=logistic regression,regression"
RS2320,metodo,etiqueta,nenhum_termo
RS2321,metodo,passa,"grupos=quantitativo;termos=bayesian,bayesian*"
RS2322,metodo,etiqueta,nenhum_termo
RS2323,metodo,sem_dado,sem_resumo;nenhum_termo_no_restante
RS2324,metodo,etiqueta,nenhum_termo
RS2325,metodo,etiqueta,nenhum_termo
RS2326,metodo,sem_dado,sem_resumo;nenhum_termo_no_restante
RS2327,metodo,passa,"grupos=quantitativo;termos=logit,probit"
RS2328,metodo,passa,"grupos=experimental;termos=experiment*,experimental,survey experiment*"
RS2329,metodo,etiqueta,nenhum_termo
RS2330,metodo,etiqueta,nenhum_termo
RS2331,metodo,etiqueta,nenhum_termo
RS2332,metodo,etiqueta,nenhum_termo
RS2333,metodo,etiqueta,nenhum_termo
RS2334,metodo,etiqueta,nenhum_termo
RS2335,metodo,etiqueta,nenhum_termo
RS2336,metodo,etiqueta,nenhum_termo
RS2337,metodo,passa,grupos=experimental;termos=experiment*
RS2338,metodo,etiqueta,nenhum_termo
RS2339,metodo,sem_dado,sem_resumo;nenhum_termo_no_restante
RS2340,metodo,passa,grupos=quantitativo;termos=correlation*
RS2341,metodo,etiqueta,nenhum_termo
RS2342,metodo,etiqueta,nenhum_termo
RS2343,metodo,etiqueta,nenhum_termo
RS2344,metodo,etiqueta,nenhum_termo
RS2345,metodo,passa,"grupos=experimental;termos=experiment*,experimental,survey experiment*"
RS2348,metodo,etiqueta,nenhum_termo
RS2349,metodo,etiqueta,nenhum_termo
RS2350,metodo,sem_dado,sem_resumo;nenhum_termo_no_restante
RS2351,metodo,etiqueta,nenhum_termo
RS2352,metodo,sem_dado,sem_resumo;nenhum_termo_no_restante
RS2353,metodo,passa,grupos=experimental;termos=experiment*
RS2354,metodo,passa,"grupos=experimental;termos=control group*,experiment*,experimental"
RS2355,metodo,passa,grupos=causalidade;termos=counterfactual*
RS2358,metodo,etiqueta,nenhum_termo
RS2359,metodo,passa,"grupos=experimental,quantitativo;termos=correlation*,experiment*,experimental,logit,multilevel,multilevel model*,regression"
RS2361,metodo,etiqueta,nenhum_termo
RS2362,metodo,etiqueta,nenhum_termo
RS2363,metodo,etiqueta,nenhum_termo
RS2364,metodo,etiqueta,nenhum_termo
RS2365,metodo,etiqueta,nenhum_termo
RS2366,metodo,etiqueta,nenhum_termo
RS2367,metodo,etiqueta,nenhum_termo
RS2368,metodo,etiqueta,nenhum_termo
RS2369,metodo,etiqueta,nenhum_termo
RS2370,metodo,etiqueta,nenhum_termo
RS2371,metodo,etiqueta,nenhum_termo
RS2372,metodo,passa,"grupos=causalidade,experimental,quantitativo;termos=causal,experiment*,panel data,survey experiment*"
RS2373,metodo,passa,grupos=quantitativo;termos=time series
RS2374,metodo,etiqueta,nenhum_termo
RS2375,metodo,etiqueta,nenhum_termo
RS2376,metodo,etiqueta,nenhum_termo
RS2377,metodo,etiqueta,nenhum_termo
RS2378,metodo,etiqueta,nenhum_termo
RS2379,metodo,etiqueta,nenhum_termo
RS2380,metodo,passa,"grupos=experimental;termos=experiment*,experimental"
RS2382,metodo,etiqueta,nenhum_termo
RS2383,metodo,etiqueta,nenhum_termo
RS2384,metodo,passa,"grupos=experimental;termos=experiment*,experimental"
RS2385,metodo,etiqueta,nenhum_termo
RS2386,metodo,passa,grupos=quantitativo;termos=regression
RS2387,metodo,etiqueta,nenhum_termo
RS2388,metodo,etiqueta,nenhum_termo
RS2389,metodo,etiqueta,nenhum_termo
RS2390,metodo,etiqueta,nenhum_termo
RS2391,metodo,etiqueta,nenhum_termo
RS2392,metodo,etiqueta,nenhum_termo
RS2393,metodo,etiqueta,nenhum_termo
RS2394,metodo,etiqueta,nenhum_termo
RS2395,metodo,etiqueta,nenhum_termo
RS2396,metodo,etiqueta,nenhum_termo
RS2397,metodo,etiqueta,nenhum_termo
RS2398,metodo,etiqueta,nenhum_termo
RS2399,metodo,etiqueta,nenhum_termo
RS2400,metodo,etiqueta,nenhum_termo
RS2401,metodo,sem_dado,sem_resumo;nenhum_termo_no_restante
RS2402,metodo,etiqueta,nenhum_termo
RS2403,metodo,etiqueta,nenhum_termo
RS2404,metodo,passa,"grupos=quantitativo;termos=logistic regression,regression,regression analysis"
RS2406,metodo,etiqueta,nenhum_termo
RS2407,metodo,etiqueta,nenhum_termo
RS2408,metodo,passa,grupos=quantitativo;termos=correlation*
RS2409,metodo,passa,"grupos=experimental;termos=experiment*,experimental"
RS2410,metodo,passa,"grupos=causalidade,experimental,quantitativo;termos=causal,experiment*,natural experiment*,randomization,regression,regression discontinuity"
RS2411,metodo,etiqueta,nenhum_termo
RS2412,metodo,etiqueta,nenhum_termo
RS2413,metodo,etiqueta,nenhum_termo
RS2415,metodo,etiqueta,nenhum_termo
RS2416,metodo,etiqueta,nenhum_termo
RS2417,metodo,passa,"grupos=quantitativo;termos=correlaciones,correlación,correlation*"
RS2418,metodo,sem_dado,sem_resumo;nenhum_termo_no_restante
RS2419,metodo,etiqueta,nenhum_termo
RS2420,metodo,etiqueta,nenhum_termo
RS2421,metodo,etiqueta,nenhum_termo
RS2422,metodo,etiqueta,nenhum_termo
RS2423,metodo,etiqueta,nenhum_termo
RS2424,metodo,passa,grupos=experimental;termos=control group*
RS2425,metodo,etiqueta,nenhum_termo
RS2426,metodo,etiqueta,nenhum_termo
RS2427,metodo,etiqueta,nenhum_termo
RS2428,metodo,etiqueta,nenhum_termo
RS2429,metodo,etiqueta,nenhum_termo
RS2430,metodo,etiqueta,nenhum_termo
RS2431,metodo,etiqueta,nenhum_termo
RS2432,metodo,etiqueta,nenhum_termo
RS2433,metodo,etiqueta,nenhum_termo
RS2434,metodo,etiqueta,nenhum_termo
RS2435,metodo,etiqueta,nenhum_termo
RS2436,metodo,passa,"grupos=quantitativo;termos=bayesian,bayesian*"
RS2437,metodo,etiqueta,nenhum_termo
RS2438,metodo,passa,"grupos=quantitativo;termos=bayesian,bayesian*"
RS2439,metodo,etiqueta,nenhum_termo
RS2440,metodo,passa,grupos=quantitativo;termos=panel data
RS2441,metodo,etiqueta,nenhum_termo
RS2442,metodo,etiqueta,nenhum_termo
RS2443,metodo,etiqueta,nenhum_termo
RS2444,metodo,etiqueta,nenhum_termo
RS2445,metodo,etiqueta,nenhum_termo
RS2446,metodo,etiqueta,nenhum_termo
RS2447,metodo,passa,"grupos=causalidade,experimental;termos=causal,experiment*"
RS2448,metodo,passa,grupos=experimental;termos=propensity score*
RS2449,metodo,etiqueta,nenhum_termo
RS2450,metodo,sem_dado,sem_resumo;nenhum_termo_no_restante
RS2451,metodo,etiqueta,nenhum_termo
RS2453,metodo,passa,grupos=experimental;termos=experiment*
RS2454,metodo,etiqueta,nenhum_termo
RS2455,metodo,etiqueta,nenhum_termo
RS2456,metodo,passa,"grupos=experimental,quantitativo;termos=experiment*,panel data"
RS2457,metodo,passa,"grupos=quantitativo;termos=logistic regression,regression"
RS2458,metodo,passa,grupos=experimental;termos=experiment*
RS2460,metodo,etiqueta,nenhum_termo
RS2461,metodo,etiqueta,nenhum_termo
RS2462,metodo,passa,"grupos=quantitativo;termos=logistic regression,regression"
RS2464,metodo,passa,grupos=quantitativo;termos=correspondence analysis
RS2465,metodo,etiqueta,nenhum_termo
RS2466,metodo,sem_dado,sem_resumo;nenhum_termo_no_restante
RS2467,metodo,etiqueta,nenhum_termo
RS2468,metodo,etiqueta,nenhum_termo
RS2469,metodo,etiqueta,nenhum_termo
RS2470,metodo,etiqueta,nenhum_termo
RS2471,metodo,etiqueta,nenhum_termo
RS2472,metodo,passa,grupos=quantitativo;termos=fixed effect*
RS2473,metodo,etiqueta,nenhum_termo
RS2474,metodo,passa,grupos=experimental;termos=experiment*
RS2476,metodo,etiqueta,nenhum_termo
RS2477,metodo,etiqueta,nenhum_termo
RS2478,metodo,etiqueta,nenhum_termo
RS2479,metodo,etiqueta,nenhum_termo
RS2480,metodo,passa,"grupos=quantitativo;termos=multilevel,multilevel model*"
RS2481,metodo,etiqueta,nenhum_termo
RS2483,metodo,etiqueta,nenhum_termo
RS2484,metodo,etiqueta,nenhum_termo
RS2485,metodo,sem_dado,sem_resumo;nenhum_termo_no_restante
RS2486,metodo,etiqueta,nenhum_termo
RS2487,metodo,etiqueta,nenhum_termo
RS2488,metodo,sem_dado,sem_resumo;nenhum_termo_no_restante
RS2489,metodo,etiqueta,nenhum_termo
RS2490,metodo,etiqueta,nenhum_termo
RS2491,metodo,passa,"grupos=causalidade,quantitativo;termos=causal,endogeneity,regression"
RS2492,metodo,etiqueta,nenhum_termo
RS2493,metodo,etiqueta,nenhum_termo
RS2494,metodo,etiqueta,nenhum_termo
RS2496,metodo,etiqueta,nenhum_termo
RS2497,metodo,passa,"grupos=quantitativo;termos=linear regression,random effect*,regression"
RS2499,metodo,etiqueta,nenhum_termo
RS2500,metodo,passa,grupos=experimental;termos=randomized
RS2501,metodo,etiqueta,nenhum_termo
RS2502,metodo,etiqueta,nenhum_termo
RS2503,metodo,sem_dado,sem_resumo;nenhum_termo_no_restante
RS2504,metodo,etiqueta,nenhum_termo
RS2505,metodo,sem_dado,sem_resumo;nenhum_termo_no_restante
RS2506,metodo,passa,"grupos=quantitativo;termos=bayesian,bayesian*"
RS2507,metodo,etiqueta,nenhum_termo
RS2508,metodo,etiqueta,nenhum_termo
RS2509,metodo,etiqueta,nenhum_termo
RS2510,metodo,etiqueta,nenhum_termo
RS2511,metodo,etiqueta,nenhum_termo
RS2512,metodo,passa,grupos=quantitativo;termos=correlation*
RS2513,metodo,passa,"grupos=quantitativo;termos=bayesian,bayesian*,logistic regression,regression"
RS2514,metodo,etiqueta,nenhum_termo
RS2515,metodo,etiqueta,nenhum_termo
RS2516,metodo,sem_dado,sem_resumo;nenhum_termo_no_restante
RS2517,metodo,etiqueta,nenhum_termo
RS2518,metodo,etiqueta,nenhum_termo
RS2519,metodo,etiqueta,nenhum_termo
RS2520,metodo,etiqueta,nenhum_termo
RS2521,metodo,etiqueta,nenhum_termo
RS2522,metodo,etiqueta,nenhum_termo
RS2523,metodo,sem_dado,sem_resumo;nenhum_termo_no_restante
RS2524,metodo,passa,"grupos=quantitativo;termos=multilevel,regression"
RS2525,metodo,etiqueta,nenhum_termo
RS2526,metodo,passa,"grupos=quantitativo;termos=logistic regression,multilevel,multilevel model*,regression"
RS2527,metodo,passa,grupos=quantitativo;termos=panel data
RS2528,metodo,etiqueta,nenhum_termo
RS2529,metodo,sem_dado,sem_resumo;nenhum_termo_no_restante
RS2530,metodo,etiqueta,nenhum_termo
RS2532,metodo,etiqueta,nenhum_termo
RS2533,metodo,etiqueta,nenhum_termo
RS2534,metodo,etiqueta,nenhum_termo
RS2535,metodo,etiqueta,nenhum_termo
RS2536,metodo,passa,"grupos=experimental;termos=experiment*,experimental"
RS2537,metodo,passa,"grupos=quantitativo;termos=linear regression,logistic regression,random effect*,regression"
RS2538,metodo,passa,"grupos=experimental,revisao;termos=experiment*,field experiment*,systematic review*"
RS2539,metodo,etiqueta,nenhum_termo
RS2540,metodo,etiqueta,nenhum_termo
RS2541,metodo,etiqueta,nenhum_termo
RS2542,metodo,etiqueta,nenhum_termo
RS2543,metodo,etiqueta,nenhum_termo
RS2544,metodo,etiqueta,nenhum_termo
RS2545,metodo,passa,"grupos=experimental,quantitativo;termos=experiment*,experimental,regression"
RS2546,metodo,etiqueta,nenhum_termo
RS2547,metodo,etiqueta,nenhum_termo
RS2548,metodo,etiqueta,nenhum_termo
RS2549,metodo,etiqueta,nenhum_termo
RS2550,metodo,etiqueta,nenhum_termo
RS2551,metodo,etiqueta,nenhum_termo
RS2552,metodo,etiqueta,nenhum_termo
RS2553,metodo,etiqueta,nenhum_termo
RS2554,metodo,passa,grupos=causalidade;termos=causal
RS2555,metodo,etiqueta,nenhum_termo
RS2556,metodo,passa,"grupos=quantitativo;termos=multilevel,regression"
RS2557,metodo,etiqueta,nenhum_termo
RS2558,metodo,etiqueta,nenhum_termo
RS2559,metodo,etiqueta,nenhum_termo
RS2561,metodo,etiqueta,nenhum_termo
RS2562,metodo,etiqueta,nenhum_termo
RS2563,metodo,etiqueta,nenhum_termo
RS2564,metodo,etiqueta,nenhum_termo
RS2565,metodo,etiqueta,nenhum_termo
RS2566,metodo,etiqueta,nenhum_termo
RS2567,metodo,passa,"grupos=experimental;termos=experiment*,experimental"
RS2568,metodo,etiqueta,nenhum_termo
RS2569,metodo,etiqueta,nenhum_termo
RS2570,metodo,etiqueta,nenhum_termo
RS2572,metodo,sem_dado,sem_resumo;nenhum_termo_no_restante
RS2573,metodo,passa,grupos=quantitativo;termos=regression
RS2574,metodo,etiqueta,nenhum_termo
RS2575,metodo,passa,"grupos=quantitativo;termos=bayesian,bayesian*,multilevel,multilevel model*,random effect*"
RS2576,metodo,etiqueta,nenhum_termo
RS2577,metodo,etiqueta,nenhum_termo
RS2578,metodo,etiqueta,nenhum_termo
RS2579,metodo,etiqueta,nenhum_termo
RS2583,metodo,sem_dado,sem_resumo;nenhum_termo_no_restante
RS2584,metodo,etiqueta,nenhum_termo
RS2585,metodo,sem_dado,sem_resumo;nenhum_termo_no_restante
RS2586,metodo,passa,"grupos=experimental;termos=experiment*,experimental"
RS2587,metodo,passa,"grupos=quantitativo;termos=bayesian,bayesian*,multilevel,regression"
RS2588,metodo,etiqueta,nenhum_termo
RS2589,metodo,etiqueta,nenhum_termo
RS2590,metodo,etiqueta,nenhum_termo
RS2591,metodo,etiqueta,nenhum_termo
RS2592,metodo,sem_dado,sem_resumo;nenhum_termo_no_restante
RS2593,metodo,etiqueta,nenhum_termo
RS2594,metodo,etiqueta,nenhum_termo
RS2596,metodo,etiqueta,nenhum_termo
RS2597,metodo,etiqueta,nenhum_termo
RS2598,metodo,etiqueta,nenhum_termo
RS2599,metodo,etiqueta,nenhum_termo
RS2600,metodo,passa,"grupos=quantitativo;termos=bayesian,bayesian*"
RS2601,metodo,passa,"grupos=experimental;termos=experiment*,experimental"
RS2602,metodo,etiqueta,nenhum_termo
RS2603,metodo,etiqueta,nenhum_termo
RS2604,metodo,etiqueta,nenhum_termo
RS2605,metodo,sem_dado,sem_resumo;nenhum_termo_no_restante
RS2606,metodo,etiqueta,nenhum_termo
RS2607,metodo,etiqueta,nenhum_termo
RS2608,metodo,sem_dado,sem_resumo;nenhum_termo_no_restante
RS2609,metodo,etiqueta,nenhum_termo
RS2610,metodo,etiqueta,nenhum_termo
RS2611,metodo,sem_dado,sem_resumo;nenhum_termo_no_restante
RS2612,metodo,etiqueta,nenhum_termo
RS2613,metodo,passa,"grupos=quantitativo;termos=multilevel,multilevel model*,regression"
RS2614,metodo,sem_dado,sem_resumo;nenhum_termo_no_restante
RS2615,metodo,passa,grupos=experimental;termos=experiment*
RS2616,metodo,etiqueta,nenhum_termo
RS2617,metodo,etiqueta,nenhum_termo
RS2618,metodo,etiqueta,nenhum_termo
RS2619,metodo,passa,"grupos=experimental;termos=experiment*,experimental"
RS2620,metodo,sem_dado,sem_resumo;nenhum_termo_no_restante
RS2621,metodo,passa,"grupos=revisao;termos=meta-analys*,systematic review*"
RS2622,metodo,passa,"grupos=experimental;termos=experiment*,experimental"
RS2623,metodo,etiqueta,nenhum_termo
RS2624,metodo,etiqueta,nenhum_termo
RS2625,metodo,sem_dado,sem_resumo;nenhum_termo_no_restante
RS2626,metodo,etiqueta,nenhum_termo
RS2627,metodo,etiqueta,nenhum_termo
RS2628,metodo,etiqueta,nenhum_termo
RS2629,metodo,etiqueta,nenhum_termo
RS2630,metodo,etiqueta,nenhum_termo
RS2631,metodo,etiqueta,nenhum_termo
RS2632,metodo,sem_dado,sem_resumo;nenhum_termo_no_restante
RS2633,metodo,etiqueta,nenhum_termo
RS2635,metodo,passa,"grupos=causalidade,experimental;termos=causal,causal inference,difference* in difference*"
RS2636,metodo,passa,"grupos=experimental;termos=experiment*,experimental"
RS2637,metodo,etiqueta,nenhum_termo
RS2638,metodo,etiqueta,nenhum_termo
RS2639,metodo,etiqueta,nenhum_termo
RS2640,metodo,passa,"grupos=experimental;termos=experiment*,experimental"
RS2641,metodo,etiqueta,nenhum_termo
RS2642,metodo,etiqueta,nenhum_termo
RS2643,metodo,etiqueta,nenhum_termo
RS2644,metodo,sem_dado,sem_resumo;nenhum_termo_no_restante
RS2645,metodo,etiqueta,nenhum_termo
RS2646,metodo,etiqueta,nenhum_termo
RS2648,metodo,etiqueta,nenhum_termo
RS2649,metodo,passa,"grupos=experimental,quantitativo;termos=experiment*,multilevel,multilevel model*"
RS2650,metodo,passa,"grupos=experimental,quantitativo;termos=RDD,regression,regression discontinuity"
RS2651,metodo,etiqueta,nenhum_termo
RS2652,metodo,passa,"grupos=experimental;termos=experiment*,survey experiment*"
RS2653,metodo,etiqueta,nenhum_termo
RS2654,metodo,etiqueta,nenhum_termo
RS2655,metodo,etiqueta,nenhum_termo
RS2656,metodo,etiqueta,nenhum_termo
RS2657,metodo,etiqueta,nenhum_termo
RS2658,metodo,etiqueta,nenhum_termo
RS2659,metodo,etiqueta,nenhum_termo
RS2660,metodo,etiqueta,nenhum_termo
RS2661,metodo,etiqueta,nenhum_termo
RS2662,metodo,etiqueta,nenhum_termo
RS2663,metodo,etiqueta,nenhum_termo
RS2664,metodo,etiqueta,nenhum_termo
RS2665,metodo,passa,"grupos=quantitativo;termos=logistic regression,regression"
RS2666,metodo,passa,"grupos=quantitativo;termos=logistic regression,regression"
RS2667,metodo,etiqueta,nenhum_termo
RS2669,metodo,passa,"grupos=quantitativo;termos=bayesian,bayesian*"
RS2670,metodo,etiqueta,nenhum_termo
RS2671,metodo,etiqueta,nenhum_termo
RS2672,metodo,etiqueta,nenhum_termo
RS2673,metodo,etiqueta,nenhum_termo
RS2674,metodo,etiqueta,nenhum_termo
RS2675,metodo,etiqueta,nenhum_termo
RS2677,metodo,etiqueta,nenhum_termo
RS2678,metodo,passa,"grupos=experimental,quantitativo;termos=RDD,principal component*,randomized"
RS2679,metodo,etiqueta,nenhum_termo
RS2680,metodo,etiqueta,nenhum_termo
RS2681,metodo,passa,grupos=revisao;termos=systematic review*
RS2682,metodo,etiqueta,nenhum_termo
RS2683,metodo,passa,"grupos=quantitativo;termos=bayesian,bayesian*"
RS2684,metodo,etiqueta,nenhum_termo
RS2685,metodo,etiqueta,nenhum_termo
RS2686,metodo,etiqueta,nenhum_termo
RS2687,metodo,etiqueta,nenhum_termo
RS2688,metodo,passa,grupos=experimental;termos=experiment*
RS2689,metodo,etiqueta,nenhum_termo
RS2690,metodo,etiqueta,nenhum_termo
RS2691,metodo,passa,grupos=quantitativo;termos=regressions
RS2692,metodo,sem_dado,sem_resumo;nenhum_termo_no_restante
RS2693,metodo,passa,"grupos=experimental;termos=experiment*,experimental"
RS2694,metodo,etiqueta,nenhum_termo
RS2695,metodo,etiqueta,nenhum_termo
RS2696,metodo,sem_dado,sem_resumo;nenhum_termo_no_restante
RS2697,metodo,etiqueta,nenhum_termo
RS2698,metodo,etiqueta,nenhum_termo
RS2699,metodo,etiqueta,nenhum_termo
RS2700,metodo,etiqueta,nenhum_termo
RS2701,metodo,etiqueta,nenhum_termo
RS2702,metodo,etiqueta,nenhum_termo
RS2703,metodo,passa,"grupos=experimental;termos=experiment*,survey experiment*"
RS2704,metodo,etiqueta,nenhum_termo
RS2705,metodo,etiqueta,nenhum_termo
RS2706,metodo,sem_dado,sem_resumo;nenhum_termo_no_restante
RS2707,metodo,etiqueta,nenhum_termo
RS2708,metodo,etiqueta,nenhum_termo
RS2709,metodo,passa,grupos=quantitativo;termos=correlation*
RS2710,metodo,etiqueta,nenhum_termo
RS2711,metodo,etiqueta,nenhum_termo
RS2712,metodo,etiqueta,nenhum_termo
RS2713,metodo,etiqueta,nenhum_termo
RS2714,metodo,etiqueta,nenhum_termo
RS2715,metodo,passa,"grupos=quantitativo;termos=OLS,logistic regression,regression,regressions"
RS2716,metodo,etiqueta,nenhum_termo
RS2717,metodo,sem_dado,sem_resumo;nenhum_termo_no_restante
RS2718,metodo,etiqueta,nenhum_termo
RS2719,metodo,etiqueta,nenhum_termo
RS2720,metodo,etiqueta,nenhum_termo
RS2721,metodo,etiqueta,nenhum_termo
RS2722,metodo,etiqueta,nenhum_termo
RS2723,metodo,etiqueta,nenhum_termo
RS2724,metodo,etiqueta,nenhum_termo
RS2725,metodo,etiqueta,nenhum_termo
RS2726,metodo,sem_dado,sem_resumo;nenhum_termo_no_restante
RS2727,metodo,etiqueta,nenhum_termo
RS2728,metodo,etiqueta,nenhum_termo
RS2729,metodo,etiqueta,nenhum_termo
RS2730,metodo,etiqueta,nenhum_termo
RS2731,metodo,passa,grupos=quantitativo;termos=correlation*
RS2733,metodo,etiqueta,nenhum_termo
RS2734,metodo,etiqueta,nenhum_termo
RS2735,metodo,etiqueta,nenhum_termo
RS2736,metodo,etiqueta,nenhum_termo
RS2737,metodo,passa,"grupos=quantitativo;termos=logistic regression,regression"
RS2738,metodo,passa,grupos=quantitativo;termos=time series
RS2739,metodo,etiqueta,nenhum_termo
RS2740,metodo,sem_dado,sem_resumo;nenhum_termo_no_restante
RS2741,metodo,etiqueta,nenhum_termo
RS2742,metodo,passa,"grupos=experimental;termos=experiment*,experimental"
RS2743,metodo,passa,"grupos=experimental,quantitativo;termos=logistic regression,propensity score*,regression"
RS2745,metodo,etiqueta,nenhum_termo
RS2746,metodo,etiqueta,nenhum_termo
RS2747,metodo,passa,"grupos=causalidade,experimental;termos=exogenous variation,experiment*,natural experiment*"
RS2748,metodo,passa,"grupos=experimental;termos=experiment*,experimental"
RS2749,metodo,etiqueta,nenhum_termo
RS2750,metodo,etiqueta,nenhum_termo
RS2751,metodo,etiqueta,nenhum_termo
RS2752,metodo,etiqueta,nenhum_termo
RS2753,metodo,etiqueta,nenhum_termo
RS2754,metodo,etiqueta,nenhum_termo
RS2755,metodo,etiqueta,nenhum_termo
RS2757,metodo,passa,grupos=experimental;termos=experiment*
RS2758,metodo,etiqueta,nenhum_termo
RS2759,metodo,etiqueta,nenhum_termo
RS2760,metodo,etiqueta,nenhum_termo
RS2761,metodo,etiqueta,nenhum_termo
RS2762,metodo,etiqueta,nenhum_termo
RS2763,metodo,etiqueta,nenhum_termo
RS2764,metodo,etiqueta,nenhum_termo
RS2765,metodo,passa,grupos=causalidade;termos=causal
RS2766,metodo,etiqueta,nenhum_termo
RS2767,metodo,etiqueta,nenhum_termo
RS2768,metodo,etiqueta,nenhum_termo
RS2769,metodo,etiqueta,nenhum_termo
RS2770,metodo,etiqueta,nenhum_termo
RS2771,metodo,etiqueta,nenhum_termo
RS2772,metodo,passa,"grupos=causalidade,experimental,quantitativo;termos=bayesian,bayesian*,causal,regression,regression discontinuity"
RS2773,metodo,passa,"grupos=quantitativo;termos=multilevel,regression"
RS2774,metodo,etiqueta,nenhum_termo
RS2775,metodo,passa,grupos=causalidade;termos=causal
RS2777,metodo,sem_dado,sem_resumo;nenhum_termo_no_restante
RS2778,metodo,etiqueta,nenhum_termo
RS2779,metodo,etiqueta,nenhum_termo
RS2780,metodo,etiqueta,nenhum_termo
RS2781,metodo,etiqueta,nenhum_termo
RS2783,metodo,etiqueta,nenhum_termo
RS2785,metodo,etiqueta,nenhum_termo
RS2786,metodo,etiqueta,nenhum_termo
RS2787,metodo,etiqueta,nenhum_termo
RS2788,metodo,etiqueta,nenhum_termo
RS2789,metodo,etiqueta,nenhum_termo
RS2790,metodo,etiqueta,nenhum_termo
RS2791,metodo,etiqueta,nenhum_termo
RS2792,metodo,etiqueta,nenhum_termo
RS2793,metodo,etiqueta,nenhum_termo
RS2794,metodo,etiqueta,nenhum_termo
RS2795,metodo,etiqueta,nenhum_termo
RS2796,metodo,etiqueta,nenhum_termo
RS2798,metodo,etiqueta,nenhum_termo
RS2799,metodo,etiqueta,nenhum_termo
RS2800,metodo,etiqueta,nenhum_termo
RS2801,metodo,etiqueta,nenhum_termo
RS2802,metodo,etiqueta,nenhum_termo
RS2803,metodo,etiqueta,nenhum_termo
RS2804,metodo,etiqueta,nenhum_termo
RS2806,metodo,etiqueta,nenhum_termo
RS2807,metodo,etiqueta,nenhum_termo
RS2808,metodo,etiqueta,nenhum_termo
RS2810,metodo,etiqueta,nenhum_termo
RS2811,metodo,etiqueta,nenhum_termo
RS2812,metodo,passa,"grupos=quantitativo;termos=fixed effect*,panel data"
RS2813,metodo,passa,"grupos=quantitativo;termos=fixed effect*,panel data"
RS2814,metodo,passa,"grupos=quantitativo;termos=fixed effect*,panel data"
RS2815,metodo,etiqueta,nenhum_termo
RS2816,metodo,etiqueta,nenhum_termo
RS2817,metodo,etiqueta,nenhum_termo
RS2818,metodo,sem_dado,sem_resumo;nenhum_termo_no_restante
RS2819,metodo,etiqueta,nenhum_termo
RS2820,metodo,etiqueta,nenhum_termo
RS2821,metodo,etiqueta,nenhum_termo
RS2822,metodo,etiqueta,nenhum_termo
RS2823,metodo,etiqueta,nenhum_termo
RS2824,metodo,passa,grupos=experimental;termos=experiment*
RS2825,metodo,etiqueta,nenhum_termo
RS2826,metodo,passa,grupos=experimental;termos=experiment*
RS2827,metodo,passa,grupos=experimental;termos=experiment*
RS2829,metodo,etiqueta,nenhum_termo
RS2830,metodo,passa,grupos=experimental;termos=experiment*
RS2832,metodo,etiqueta,nenhum_termo
RS2833,metodo,passa,"grupos=quantitativo;termos=correlation*,factor analysis,logistic regression,regression,regression analysis"
RS2834,metodo,etiqueta,nenhum_termo
RS2835,metodo,etiqueta,nenhum_termo
RS2836,metodo,etiqueta,nenhum_termo
RS2837,metodo,etiqueta,nenhum_termo
RS2838,metodo,etiqueta,nenhum_termo
RS2839,metodo,passa,"grupos=causalidade,experimental,revisao;termos=causal,causality,control group*,experiment*,experimental,systematic review*"
RS2840,metodo,passa,"grupos=quantitativo;termos=correlaciones,correlation*"
RS2841,metodo,etiqueta,nenhum_termo
RS2842,metodo,etiqueta,nenhum_termo
RS2843,metodo,passa,grupos=causalidade;termos=causal
RS2844,metodo,etiqueta,nenhum_termo
RS2845,metodo,etiqueta,nenhum_termo
RS2846,metodo,etiqueta,nenhum_termo
RS2847,metodo,etiqueta,nenhum_termo
RS2848,metodo,etiqueta,nenhum_termo
RS2849,metodo,etiqueta,nenhum_termo
RS2850,metodo,passa,grupos=quantitativo;termos=panel data
RS2851,metodo,etiqueta,nenhum_termo
RS2852,metodo,etiqueta,nenhum_termo
RS2853,metodo,etiqueta,nenhum_termo
RS2854,metodo,etiqueta,nenhum_termo
RS2856,metodo,etiqueta,nenhum_termo
RS2857,metodo,etiqueta,nenhum_termo
RS2858,metodo,etiqueta,nenhum_termo
RS2859,metodo,etiqueta,nenhum_termo
RS2860,metodo,etiqueta,nenhum_termo
RS2861,metodo,etiqueta,nenhum_termo
RS2862,metodo,etiqueta,nenhum_termo
RS2863,metodo,sem_dado,sem_resumo;nenhum_termo_no_restante
RS2864,metodo,etiqueta,nenhum_termo
RS2866,metodo,etiqueta,nenhum_termo
RS2867,metodo,etiqueta,nenhum_termo
RS2868,metodo,etiqueta,nenhum_termo
RS2871,metodo,etiqueta,nenhum_termo
RS2872,metodo,etiqueta,nenhum_termo
RS2875,metodo,etiqueta,nenhum_termo
RS2876,metodo,etiqueta,nenhum_termo
RS2877,metodo,etiqueta,nenhum_termo
RS2879,metodo,etiqueta,nenhum_termo
RS2880,metodo,etiqueta,nenhum_termo
RS2881,metodo,etiqueta,nenhum_termo
RS2882,metodo,etiqueta,nenhum_termo
RS2883,metodo,etiqueta,nenhum_termo
RS2884,metodo,sem_dado,sem_resumo;nenhum_termo_no_restante
RS2885,metodo,etiqueta,nenhum_termo
RS2886,metodo,passa,"grupos=experimental,quantitativo;termos=control group*,correlation*,experiment*,experimental,experimental design,randomized,survey experiment*"
RS2887,metodo,etiqueta,nenhum_termo
RS2888,metodo,etiqueta,nenhum_termo
RS2889,metodo,etiqueta,nenhum_termo
RS2890,metodo,etiqueta,nenhum_termo
RS2891,metodo,sem_dado,sem_resumo;nenhum_termo_no_restante
RS2892,metodo,passa,grupos=quantitativo;termos=PCA
RS2898,metodo,passa,grupos=quantitativo;termos=correlation*
RS2899,metodo,etiqueta,nenhum_termo
RS2900,metodo,etiqueta,nenhum_termo
RS2901,metodo,etiqueta,nenhum_termo
RS2902,metodo,sem_dado,sem_resumo;nenhum_termo_no_restante
RS2904,metodo,passa,grupos=quantitativo;termos=regression
RS2905,metodo,sem_dado,sem_resumo;nenhum_termo_no_restante
RS2906,metodo,etiqueta,nenhum_termo
RS2907,metodo,etiqueta,nenhum_termo
RS2908,metodo,etiqueta,nenhum_termo
RS2909,metodo,etiqueta,nenhum_termo
RS2910,metodo,etiqueta,nenhum_termo
RS2911,metodo,etiqueta,nenhum_termo
RS2912,metodo,etiqueta,nenhum_termo
RS2913,metodo,sem_dado,sem_resumo;nenhum_termo_no_restante
RS2915,metodo,etiqueta,nenhum_termo
RS2917,metodo,etiqueta,nenhum_termo
RS2918,metodo,etiqueta,nenhum_termo
RS2919,metodo,sem_dado,sem_resumo;nenhum_termo_no_restante
RS2920,metodo,etiqueta,nenhum_termo
RS2921,metodo,etiqueta,nenhum_termo
RS2922,metodo,etiqueta,nenhum_termo
RS2923,metodo,etiqueta,nenhum_termo
RS2924,metodo,etiqueta,nenhum_termo
RS2925,metodo,etiqueta,nenhum_termo
RS2926,metodo,etiqueta,nenhum_termo
RS2927,metodo,etiqueta,nenhum_termo
RS2928,metodo,passa,grupos=experimental;termos=experiment*
RS2929,metodo,etiqueta,nenhum_termo
RS2930,metodo,passa,"grupos=causalidade,quantitativo;termos=causality,correlation*"
RS2931,metodo,passa,grupos=causalidade;termos=causal
RS2932,metodo,etiqueta,nenhum_termo
RS2933,metodo,sem_dado,sem_resumo;nenhum_termo_no_restante
RS2936,metodo,passa,grupos=quantitativo;termos=correlation*
RS2937,metodo,passa,"grupos=experimental;termos=experiment*,field experiment*"
RS2940,metodo,etiqueta,nenhum_termo
RS2942,metodo,sem_dado,sem_resumo;nenhum_termo_no_restante
RS2943,metodo,sem_dado,sem_resumo;nenhum_termo_no_restante
RS2946,metodo,etiqueta,nenhum_termo
RS2950,metodo,sem_dado,sem_resumo;nenhum_termo_no_restante
RS2951,metodo,etiqueta,nenhum_termo
RS2953,metodo,etiqueta,nenhum_termo
RS2956,metodo,sem_dado,sem_resumo;nenhum_termo_no_restante
RS2957,metodo,etiqueta,nenhum_termo
RS2958,metodo,passa,grupos=experimental;termos=experiment*
RS2965,metodo,passa,"grupos=experimental,quantitativo;termos=experiment*,instrumental variable*,natural experiment*,regression,regression discontinuity"
RS2969,metodo,passa,"grupos=experimental;termos=experiment*,experimental"
RS2971,metodo,etiqueta,nenhum_termo
RS2972,metodo,passa,"grupos=experimental;termos=experiment*,survey experiment*"
RS2974,metodo,etiqueta,nenhum_termo
RS2975,metodo,etiqueta,nenhum_termo
RS2976,metodo,sem_dado,sem_resumo;nenhum_termo_no_restante
RS2979,metodo,sem_dado,sem_resumo;nenhum_termo_no_restante
RS2981,metodo,sem_dado,sem_resumo;nenhum_termo_no_restante
RS2982,metodo,passa,"grupos=experimental;termos=experiment*,survey experiment*"
RS2984,metodo,sem_dado,sem_resumo;nenhum_termo_no_restante
RS2985,metodo,passa,grupos=experimental;termos=experiment*
RS2987,metodo,etiqueta,nenhum_termo
RS2988,metodo,passa,grupos=quantitativo;termos=panel data
RS2992,metodo,passa,grupos=causalidade;termos=causal
RS2996,metodo,passa,grupos=experimental;termos=experiment*
RS2999,metodo,etiqueta,nenhum_termo
RS3002,metodo,passa,"grupos=experimental,quantitativo;termos=regression,regression discontinuity"
RS3007,metodo,passa,"grupos=experimental;termos=experiment*,experimental"
RS3010,metodo,passa,"grupos=experimental;termos=experiment*,randomized"
RS3011,metodo,passa,"grupos=experimental;termos=experiment*,experimental,experimental design,field experiment*,survey experiment*"
RS3015,metodo,passa,"grupos=experimental;termos=experiment*,experimental,experimental design"
RS3019,metodo,etiqueta,nenhum_termo
RS3020,metodo,etiqueta,nenhum_termo
RS3021,metodo,etiqueta,nenhum_termo
RS3022,metodo,passa,grupos=experimental;termos=experiment*
RS3023,metodo,etiqueta,nenhum_termo
RS3025,metodo,etiqueta,nenhum_termo
RS3027,metodo,passa,grupos=quantitativo;termos=panel data
RS3028,metodo,etiqueta,nenhum_termo
RS3029,metodo,etiqueta,nenhum_termo
RS3030,metodo,etiqueta,nenhum_termo
RS3031,metodo,passa,"grupos=causalidade,experimental,quantitativo;termos=causal,causal effect*,causal inference,experiment*,experimental,randomized,structural equation model*,structural equation*"
RS3032,metodo,etiqueta,nenhum_termo
RS3033,metodo,passa,grupos=quantitativo;termos=random effect*
RS3034,metodo,passa,"grupos=experimental;termos=experiment*,survey experiment*"
RS3043,metodo,etiqueta,nenhum_termo
RS3049,metodo,etiqueta,nenhum_termo
RS3053,metodo,passa,grupos=experimental;termos=experiment*
RS3058,metodo,passa,"grupos=experimental;termos=experiment*,experimental,experimental design"
RS3059,metodo,passa,"grupos=causalidade,experimental;termos=causal,experiment*,experimental"
RS3061,metodo,etiqueta,nenhum_termo
RS3064,metodo,sem_dado,sem_resumo;nenhum_termo_no_restante
RS3067,metodo,passa,"grupos=experimental;termos=experiment*,experimental"
RS3075,metodo,sem_dado,sem_resumo;nenhum_termo_no_restante
RS3085,metodo,passa,grupos=quantitativo;termos=panel data
RS3095,metodo,sem_dado,sem_resumo;nenhum_termo_no_restante
RS3098,metodo,passa,"grupos=experimental;termos=experiment*,randomized"
RS3107,metodo,sem_dado,sem_resumo;nenhum_termo_no_restante
RS3111,metodo,etiqueta,nenhum_termo
RS3121,metodo,passa,grupos=quantitativo;termos=logit
RS3122,metodo,etiqueta,nenhum_termo
RS3126,metodo,etiqueta,nenhum_termo
RS3131,metodo,passa,"grupos=experimental,revisao;termos=experiment*,experimental,meta-analys*"
RS3133,metodo,passa,"grupos=experimental;termos=control group*,experiment*,field experiment*,randomized"
RS3142,metodo,etiqueta,nenhum_termo
RS3144,metodo,passa,grupos=quantitativo;termos=panel data
RS3152,metodo,sem_dado,sem_resumo;nenhum_termo_no_restante
RS3156,metodo,sem_dado,sem_resumo;nenhum_termo_no_restante
RS3157,metodo,etiqueta,nenhum_termo
RS3167,metodo,passa,grupos=causalidade;termos=counterfactual*
RS3171,metodo,passa,"grupos=experimental;termos=experiment*,randomized"
RS3190,metodo,sem_dado,sem_resumo;nenhum_termo_no_restante
RS3193,metodo,etiqueta,nenhum_termo
RS3195,metodo,passa,grupos=experimental;termos=experiment*
RS3199,metodo,passa,"grupos=experimental;termos=experiment*,field experiment*"
RS3200,metodo,sem_dado,sem_resumo;nenhum_termo_no_restante
RS3207,metodo,passa,"grupos=causalidade,experimental;termos=endogeneity,instrumental variable*"
RS3208,metodo,sem_dado,sem_resumo;nenhum_termo_no_restante
RS3213,metodo,etiqueta,nenhum_termo
RS3214,metodo,etiqueta,nenhum_termo
RS3224,metodo,passa,"grupos=experimental;termos=experiment*,experimental"
RS3233,metodo,sem_dado,sem_resumo;nenhum_termo_no_restante
RS3235,metodo,passa,"grupos=experimental;termos=experiment*,experimental"
RS3236,metodo,passa,"grupos=experimental;termos=experiment*,experimental"
RS3238,metodo,etiqueta,nenhum_termo
RS3248,metodo,etiqueta,nenhum_termo
RS3253,metodo,sem_dado,sem_resumo;nenhum_termo_no_restante
RS3258,metodo,passa,"grupos=experimental;termos=experiment*,natural experiment*"
RS3263,metodo,etiqueta,nenhum_termo
RS3264,metodo,sem_dado,sem_resumo;nenhum_termo_no_restante
RS3266,metodo,passa,grupos=quantitativo;termos=correlation*
RS3268,metodo,passa,grupos=quantitativo;termos=panel data
RS3271,metodo,sem_dado,sem_resumo;nenhum_termo_no_restante
RS3274,metodo,passa,"grupos=experimental;termos=experiment*,natural experiment*"
RS3276,metodo,etiqueta,nenhum_termo
RS3281,metodo,sem_dado,sem_resumo;nenhum_termo_no_restante
RS3282,metodo,etiqueta,nenhum_termo
RS3284,metodo,etiqueta,nenhum_termo
RS3286,metodo,passa,grupos=quantitativo;termos=panel data
RS3288,metodo,sem_dado,sem_resumo;nenhum_termo_no_restante
RS3298,metodo,passa,"grupos=experimental;termos=experiment*,experimental"
RS3299,metodo,sem_dado,sem_resumo;nenhum_termo_no_restante
RS3301,metodo,etiqueta,nenhum_termo
RS3304,metodo,etiqueta,nenhum_termo
RS3307,metodo,passa,grupos=experimental;termos=experiment*
RS3310,metodo,passa,grupos=quantitativo;termos=panel data
RS3318,metodo,passa,"grupos=experimental;termos=experiment*,experimental"
RS3319,metodo,etiqueta,nenhum_termo
RS3320,metodo,passa,"grupos=experimental;termos=experiment*,field experiment*"
RS3322,metodo,etiqueta,nenhum_termo
RS3326,metodo,etiqueta,nenhum_termo
RS3327,metodo,etiqueta,nenhum_termo
RS3332,metodo,etiqueta,nenhum_termo
RS3333,metodo,passa,"grupos=causalidade,experimental,quantitativo;termos=causal,causal inference,experiment*,randomization,randomized,randomized controlled trial*,regression,regression discontinuity"
RS3334,metodo,etiqueta,nenhum_termo
RS3335,metodo,etiqueta,nenhum_termo
RS3337,metodo,passa,"grupos=experimental;termos=experiment*,experimental"
RS3340,metodo,passa,"grupos=experimental;termos=experiment*,experimental,field experiment*"
RS3343,metodo,sem_dado,sem_resumo;nenhum_termo_no_restante
RS3346,metodo,etiqueta,nenhum_termo
RS3347,metodo,etiqueta,nenhum_termo
RS3348,metodo,passa,"grupos=causalidade,experimental;termos=causal,causal effect*,causal inference,experiment*,experimental"
RS3349,metodo,etiqueta,nenhum_termo
RS3351,metodo,etiqueta,nenhum_termo
RS3353,metodo,etiqueta,nenhum_termo
RS3363,metodo,passa,grupos=experimental;termos=experiment*
RS3364,metodo,sem_dado,sem_resumo;nenhum_termo_no_restante
RS3366,metodo,passa,"grupos=causalidade,experimental;termos=causal,causal effect*,causal inference,experiment*,natural experiment*"
RS3367,metodo,etiqueta,nenhum_termo
RS3370,metodo,etiqueta,nenhum_termo
RS3371,metodo,passa,grupos=quantitativo;termos=panel data
RS3372,metodo,passa,"grupos=experimental;termos=experiment*,experimental,field experiment*"
RS3373,metodo,etiqueta,nenhum_termo
RS3374,metodo,passa,"grupos=causalidade,experimental;termos=counterfactual*,experiment*,randomized"
RS3375,metodo,passa,"grupos=causalidade,experimental,quantitativo;termos=causal,causal inference,experiment*,experimental,generalized method of moments,propensity score matching,propensity score*"
RS3377,metodo,etiqueta,nenhum_termo
RS3388,metodo,passa,grupos=experimental;termos=experiment*
RS3390,metodo,passa,grupos=quantitativo;termos=panel data
RS3392,metodo,etiqueta,nenhum_termo
RS3399,metodo,sem_dado,sem_resumo;nenhum_termo_no_restante
RS3400,metodo,etiqueta,nenhum_termo
RS3403,metodo,etiqueta,nenhum_termo
RS3404,metodo,passa,"grupos=quantitativo;termos=factor analysis,random effect*,structural equation model*,structural equation*"
RS3406,metodo,etiqueta,nenhum_termo
RS3408,metodo,passa,grupos=experimental;termos=experiment*
RS3409,metodo,etiqueta,nenhum_termo
RS3410,metodo,sem_dado,sem_resumo;nenhum_termo_no_restante
RS3416,metodo,passa,grupos=revisao;termos=meta-analys*
RS3425,metodo,passa,grupos=experimental;termos=experiment*
RS3426,metodo,etiqueta,nenhum_termo
RS3428,metodo,etiqueta,nenhum_termo
RS3431,metodo,etiqueta,nenhum_termo
RS3440,metodo,etiqueta,nenhum_termo
RS3441,metodo,sem_dado,sem_resumo;nenhum_termo_no_restante
RS3442,metodo,etiqueta,nenhum_termo
RS3445,metodo,passa,"grupos=experimental;termos=experiment*,field experiment*"
RS3446,metodo,sem_dado,sem_resumo;nenhum_termo_no_restante
RS3448,metodo,sem_dado,sem_resumo;nenhum_termo_no_restante
RS3450,metodo,etiqueta,nenhum_termo
RS3452,metodo,passa,"grupos=experimental;termos=experiment*,natural experiment*"
RS3455,metodo,etiqueta,nenhum_termo
RS3458,metodo,etiqueta,nenhum_termo
RS3467,metodo,sem_dado,sem_resumo;nenhum_termo_no_restante
RS3472,metodo,etiqueta,nenhum_termo
RS3478,metodo,passa,grupos=experimental;termos=experiment*
RS3479,metodo,passa,grupos=experimental;termos=experiment*
RS3480,metodo,etiqueta,nenhum_termo
RS3481,metodo,etiqueta,nenhum_termo
RS3482,metodo,passa,grupos=experimental;termos=randomization
RS3484,metodo,passa,grupos=experimental;termos=experiment*
RS3485,metodo,etiqueta,nenhum_termo
RS3486,metodo,etiqueta,nenhum_termo
RS3488,metodo,etiqueta,nenhum_termo
RS3490,metodo,passa,"grupos=experimental;termos=experiment*,quasi-experiment*"
RS3491,metodo,sem_dado,sem_resumo;nenhum_termo_no_restante
RS3492,metodo,etiqueta,nenhum_termo
RS3493,metodo,etiqueta,nenhum_termo
RS3494,metodo,etiqueta,nenhum_termo
RS3495,metodo,passa,"grupos=experimental,quantitativo;termos=regression,regression discontinuity"
RS3496,metodo,passa,grupos=experimental;termos=experiment*
RS3498,metodo,sem_dado,sem_resumo;nenhum_termo_no_restante
RS3499,metodo,passa,"grupos=experimental;termos=experiment*,quasi-experiment*"
RS3500,metodo,etiqueta,nenhum_termo
RS3501,metodo,sem_dado,sem_resumo;nenhum_termo_no_restante
RS3503,metodo,passa,grupos=revisao;termos=meta-analys*
RS3504,metodo,etiqueta,nenhum_termo
RS3505,metodo,sem_dado,sem_resumo;nenhum_termo_no_restante
RS3506,metodo,etiqueta,nenhum_termo
RS3507,metodo,passa,grupos=experimental;termos=experiment*
RS3514,metodo,passa,grupos=experimental;termos=experiment*
RS3516,metodo,passa,"grupos=experimental;termos=experiment*,field experiment*,randomized"
RS3518,metodo,passa,grupos=experimental;termos=experiment*
RS3522,metodo,etiqueta,nenhum_termo
RS3525,metodo,sem_dado,sem_resumo;nenhum_termo_no_restante
RS3526,metodo,passa,"grupos=causalidade,quantitativo;termos=causal,multilevel,multilevel model*,structural equation model*,structural equation*"
RS3527,metodo,passa,"grupos=causalidade,experimental;termos=causal,causality,experiment*,experimental,randomized"
RS3528,metodo,passa,grupos=quantitativo;termos=panel data
RS3529,metodo,sem_dado,sem_resumo;nenhum_termo_no_restante
RS3530,metodo,passa,"grupos=experimental;termos=experiment*,experimental"
RS3532,metodo,etiqueta,nenhum_termo
RS3533,metodo,sem_dado,sem_resumo;nenhum_termo_no_restante
RS3534,metodo,etiqueta,nenhum_termo
RS3535,metodo,etiqueta,nenhum_termo
RS3536,metodo,etiqueta,nenhum_termo
RS3537,metodo,sem_dado,sem_resumo;nenhum_termo_no_restante
RS3538,metodo,passa,"grupos=experimental;termos=experiment*,experimental"
RS3540,metodo,passa,"grupos=experimental;termos=experiment*,experimental"
RS3541,metodo,sem_dado,sem_resumo;nenhum_termo_no_restante
RS3543,metodo,sem_dado,sem_resumo;nenhum_termo_no_restante
RS3544,metodo,etiqueta,nenhum_termo
RS3545,metodo,etiqueta,nenhum_termo
RS3546,metodo,passa,"grupos=causalidade,experimental,quantitativo;termos=causal,causal inference,randomization,randomized,randomized controlled trial*,regression,regression discontinuity"
RS3548,metodo,sem_dado,sem_resumo;nenhum_termo_no_restante
RS3549,metodo,passa,"grupos=experimental;termos=experiment*,experimental"
RS3550,metodo,sem_dado,sem_resumo;nenhum_termo_no_restante
RS3551,metodo,passa,"grupos=experimental;termos=experiment*,natural experiment*"
RS3552,metodo,sem_dado,sem_resumo;nenhum_termo_no_restante
RS3553,metodo,etiqueta,nenhum_termo
RS3554,metodo,etiqueta,nenhum_termo
RS3555,metodo,sem_dado,sem_resumo;nenhum_termo_no_restante
RS3556,metodo,sem_dado,sem_resumo;nenhum_termo_no_restante
RS3557,metodo,etiqueta,nenhum_termo
RS3558,metodo,passa,grupos=quantitativo;termos=panel data
RS3559,metodo,passa,"grupos=causalidade,experimental,quantitativo;termos=causal,causal effect*,experiment*,panel data,randomized"
RS3561,metodo,passa,grupos=experimental;termos=experiment*
RS3562,metodo,sem_dado,sem_resumo;nenhum_termo_no_restante
RS3563,metodo,passa,"grupos=experimental;termos=experiment*,field experiment*"
RS3564,metodo,etiqueta,nenhum_termo
RS3565,metodo,passa,"grupos=experimental,quantitativo;termos=experiment*,natural experiment*,regression,regression discontinuity"
RS3566,metodo,etiqueta,nenhum_termo
RS3567,metodo,passa,"grupos=experimental;termos=experiment*,survey experiment*"
RS3568,metodo,passa,"grupos=causalidade,experimental;termos=causal,causal effect*,control group*,experiment*,experimental,field experiment*"
RS3569,metodo,etiqueta,nenhum_termo
RS3570,metodo,sem_dado,sem_resumo;nenhum_termo_no_restante
RS3571,metodo,passa,grupos=experimental;termos=experiment*
RS3572,metodo,etiqueta,nenhum_termo
RS3573,metodo,etiqueta,nenhum_termo
RS3574,metodo,sem_dado,sem_resumo;nenhum_termo_no_restante
RS3575,metodo,sem_dado,sem_resumo;nenhum_termo_no_restante
RS3576,metodo,etiqueta,nenhum_termo
RS3577,metodo,passa,"grupos=causalidade,experimental,quantitativo;termos=causal,causal inference,experiment*,experimental,experimental design,quasi-experiment*,randomization,randomized(+2)"
RS3578,metodo,etiqueta,nenhum_termo
RS3579,metodo,etiqueta,nenhum_termo
RS3580,metodo,sem_dado,sem_resumo;nenhum_termo_no_restante
RS3581,metodo,sem_dado,sem_resumo;nenhum_termo_no_restante
RS3582,metodo,passa,"grupos=experimental,quantitativo;termos=bayesian,bayesian*,experiment*"
RS3583,metodo,passa,"grupos=experimental,quantitativo;termos=bayesian,bayesian*,experiment*,randomized"
RS3584,metodo,etiqueta,nenhum_termo
RS3585,metodo,passa,grupos=experimental;termos=RDD
RS3586,metodo,passa,grupos=causalidade;termos=causal
RS3587,metodo,sem_dado,sem_resumo;nenhum_termo_no_restante
RS3588,metodo,etiqueta,nenhum_termo
RS3589,metodo,etiqueta,nenhum_termo
RS3590,metodo,etiqueta,nenhum_termo
RS3591,metodo,passa,"grupos=experimental;termos=experiment*,experimental"
RS3592,metodo,etiqueta,nenhum_termo
RS3593,metodo,sem_dado,sem_resumo;nenhum_termo_no_restante
RS3594,metodo,passa,"grupos=experimental;termos=experiment*,survey experiment*"
RS3595,metodo,etiqueta,nenhum_termo
RS3596,metodo,passa,grupos=experimental;termos=experiment*
RS3597,metodo,passa,"grupos=experimental;termos=experiment*,experimental,survey experiment*"
RS3598,metodo,etiqueta,nenhum_termo
RS3599,metodo,sem_dado,sem_resumo;nenhum_termo_no_restante
RS3600,metodo,etiqueta,nenhum_termo
RS3601,metodo,passa,grupos=experimental;termos=experiment*
RS3602,metodo,sem_dado,sem_resumo;nenhum_termo_no_restante
RS3603,metodo,sem_dado,sem_resumo;nenhum_termo_no_restante
RS3604,metodo,passa,"grupos=quantitativo;termos=fixed effect*,random effect*"
RS3605,metodo,sem_dado,sem_resumo;nenhum_termo_no_restante
RS3606,metodo,etiqueta,nenhum_termo
RS3607,metodo,etiqueta,nenhum_termo
RS3608,metodo,etiqueta,nenhum_termo
RS3609,metodo,passa,grupos=quantitativo;termos=time series
RS3610,metodo,etiqueta,nenhum_termo
RS3611,metodo,etiqueta,nenhum_termo
RS3612,metodo,etiqueta,nenhum_termo
RS3613,metodo,sem_dado,sem_resumo;nenhum_termo_no_restante
RS3614,metodo,etiqueta,nenhum_termo
RS3615,metodo,passa,"grupos=quantitativo;termos=bayesian,bayesian*"
RS3618,metodo,passa,"grupos=causalidade,experimental,quantitativo;termos=exogenous variation,regression,regression discontinuity"
RS3619,metodo,sem_dado,sem_resumo;nenhum_termo_no_restante
RS3620,metodo,passa,"grupos=quantitativo;termos=structural equation model*,structural equation*"
RS3621,metodo,sem_dado,sem_resumo;nenhum_termo_no_restante
RS3622,metodo,etiqueta,nenhum_termo
RS3623,metodo,etiqueta,nenhum_termo
RS3624,metodo,etiqueta,nenhum_termo
RS3625,metodo,passa,grupos=quantitativo;termos=correlation*
RS3626,metodo,sem_dado,sem_resumo;nenhum_termo_no_restante
RS3627,metodo,etiqueta,nenhum_termo
RS3628,metodo,passa,"grupos=causalidade,experimental;termos=causal,causal inference,experiment*,experimental"
RS3629,metodo,sem_dado,sem_resumo;nenhum_termo_no_restante
RS3630,metodo,passa,grupos=quantitativo;termos=panel data
RS3631,metodo,sem_dado,sem_resumo;nenhum_termo_no_restante
RS3632,metodo,etiqueta,nenhum_termo
RS3633,metodo,etiqueta,nenhum_termo
RS3635,metodo,etiqueta,nenhum_termo
RS3636,metodo,passa,"grupos=quantitativo,revisao;termos=HLM,SEM,meta-analys*,multilevel,multilevel model*,regression,structural equation model*,structural equation*(+1)"
RS3637,metodo,passa,"grupos=causalidade,experimental;termos=causal,causal effect*,experiment*,natural experiment*"
RS3638,metodo,etiqueta,nenhum_termo
RS3639,metodo,passa,"grupos=experimental;termos=experiment*,experimental,experimental design"
RS3640,metodo,etiqueta,nenhum_termo
RS3641,metodo,etiqueta,nenhum_termo
RS3642,metodo,passa,"grupos=experimental;termos=experiment*,survey experiment*"
RS3643,metodo,passa,"grupos=causalidade,experimental;termos=causal,causal effect*,causal inference,causality,control group*,identification strategy"
RS3644,metodo,passa,grupos=quantitativo;termos=panel data
RS3645,metodo,passa,"grupos=experimental;termos=experiment*,experimental"
RS3646,metodo,passa,"grupos=causalidade,experimental;termos=causal,causal effect*,experiment*,experimental,field experiment*"
RS3647,metodo,etiqueta,nenhum_termo
RS3648,metodo,sem_dado,sem_resumo;nenhum_termo_no_restante
RS3649,metodo,sem_dado,sem_resumo;nenhum_termo_no_restante
RS3650,metodo,sem_dado,sem_resumo;nenhum_termo_no_restante
RS3651,metodo,etiqueta,nenhum_termo
RS3652,metodo,passa,"grupos=quantitativo;termos=logistic regression,multilevel,multilevel model*,random effect*,regression,regression analysis"
RS3653,metodo,etiqueta,nenhum_termo
RS3654,metodo,passa,"grupos=experimental;termos=experiment*,experimental"
RS3655,metodo,passa,"grupos=experimental;termos=experiment*,experimental"
RS3656,metodo,etiqueta,nenhum_termo
RS3657,metodo,etiqueta,nenhum_termo
RS3658,metodo,passa,"grupos=experimental;termos=experiment*,survey experiment*"
RS3659,metodo,passa,"grupos=experimental,quantitativo;termos=regression,regression analysis,regression discontinuity"
RS3661,metodo,sem_dado,sem_resumo;nenhum_termo_no_restante
RS3662,metodo,passa,"grupos=causalidade,experimental;termos=counterfactual*,experiment*"
RS3663,metodo,sem_dado,sem_resumo;nenhum_termo_no_restante
RS3664,metodo,sem_dado,sem_resumo;nenhum_termo_no_restante
RS3665,metodo,etiqueta,nenhum_termo
RS3666,metodo,sem_dado,sem_resumo;nenhum_termo_no_restante
RS3667,metodo,sem_dado,sem_resumo;nenhum_termo_no_restante
RS3668,metodo,passa,"grupos=experimental;termos=experiment*,experimental"
RS3669,metodo,etiqueta,nenhum_termo
RS3670,metodo,sem_dado,sem_resumo;nenhum_termo_no_restante
RS3671,metodo,sem_dado,sem_resumo;nenhum_termo_no_restante
RS3672,metodo,passa,grupos=revisao;termos=revisão sistemática
RS3673,metodo,etiqueta,nenhum_termo
RS3674,metodo,etiqueta,nenhum_termo
RS3675,metodo,passa,"grupos=experimental,quantitativo;termos=regression,regression analysis,regression discontinuity"
RS3677,metodo,passa,grupos=experimental;termos=experiment*
RS3678,metodo,etiqueta,nenhum_termo
RS3679,metodo,etiqueta,nenhum_termo
RS3680,metodo,etiqueta,nenhum_termo
RS3681,metodo,etiqueta,nenhum_termo
RS3682,metodo,etiqueta,nenhum_termo
RS3683,metodo,etiqueta,nenhum_termo
RS3684,metodo,etiqueta,nenhum_termo
RS3685,metodo,etiqueta,nenhum_termo
RS3686,metodo,etiqueta,nenhum_termo
RS3687,metodo,etiqueta,nenhum_termo
RS3688,metodo,etiqueta,nenhum_termo
RS3689,metodo,etiqueta,nenhum_termo
RS3690,metodo,etiqueta,nenhum_termo
RS3691,metodo,etiqueta,nenhum_termo
RS3692,metodo,passa,"grupos=causalidade,experimental;termos=causal,causal effect*,control group*,experiment*,natural experiment*,randomized,randomized controlled trial*"
RS3693,metodo,etiqueta,nenhum_termo
RS3694,metodo,etiqueta,nenhum_termo
RS3695,metodo,passa,grupos=revisao;termos=meta-analys*
RS3696,metodo,sem_dado,sem_resumo;nenhum_termo_no_restante
RS3697,metodo,etiqueta,nenhum_termo
RS3698,metodo,etiqueta,nenhum_termo
RS3699,metodo,etiqueta,nenhum_termo
RS3700,metodo,passa,"grupos=experimental,quantitativo;termos=correlation*,experiment*"
RS3701,metodo,passa,"grupos=quantitativo;termos=bayesian,bayesian*"
RS3702,metodo,etiqueta,nenhum_termo
RS3703,metodo,sem_dado,sem_resumo;nenhum_termo_no_restante
RS3704,metodo,passa,"grupos=experimental;termos=experiment*,survey experiment*"
RS3706,metodo,etiqueta,nenhum_termo
RS3708,metodo,passa,"grupos=causalidade,experimental;termos=causal,exogenous variation,experiment*,field experiment*,randomized"
RS3709,metodo,passa,grupos=experimental;termos=experiment*
RS3710,metodo,passa,"grupos=experimental;termos=experiment*,quasi-experiment*"
RS3711,metodo,passa,"grupos=experimental;termos=experiment*,survey experiment*"
RS3712,metodo,etiqueta,nenhum_termo
RS3713,metodo,sem_dado,sem_resumo;nenhum_termo_no_restante
RS3714,metodo,etiqueta,nenhum_termo
RS3715,metodo,sem_dado,sem_resumo;nenhum_termo_no_restante
RS3716,metodo,etiqueta,nenhum_termo
RS3717,metodo,etiqueta,nenhum_termo
RS3718,metodo,passa,grupos=experimental;termos=experiment*
RS3719,metodo,etiqueta,nenhum_termo
RS3720,metodo,etiqueta,nenhum_termo
RS3721,metodo,sem_dado,sem_resumo;nenhum_termo_no_restante
RS3722,metodo,passa,"grupos=experimental;termos=experiment*,field experiment*,natural experiment*"
RS3723,metodo,passa,"grupos=experimental;termos=experiment*,survey experiment*"
RS3724,metodo,sem_dado,sem_resumo;nenhum_termo_no_restante
RS3725,metodo,passa,grupos=experimental;termos=experiment*
RS3726,metodo,passa,"grupos=quantitativo;termos=bayesian,bayesian*"
RS3727,metodo,passa,"grupos=experimental;termos=experiment*,survey experiment*"
RS3728,metodo,passa,grupos=experimental;termos=RDD
RS3729,metodo,sem_dado,sem_resumo;nenhum_termo_no_restante
RS3731,metodo,sem_dado,sem_resumo;nenhum_termo_no_restante
RS3732,metodo,etiqueta,nenhum_termo
RS3733,metodo,etiqueta,nenhum_termo
RS3734,metodo,sem_dado,sem_resumo;nenhum_termo_no_restante
RS3735,metodo,passa,grupos=experimental;termos=experiment*
RS3736,metodo,passa,grupos=quantitativo;termos=correlation*
RS3737,metodo,etiqueta,nenhum_termo
RS3738,metodo,etiqueta,nenhum_termo
RS3739,metodo,etiqueta,nenhum_termo
RS3740,metodo,etiqueta,nenhum_termo
RS3741,metodo,passa,"grupos=causalidade;termos=causal,causal effect*,causality"
RS3742,metodo,passa,"grupos=quantitativo;termos=regression,time series"
RS3743,metodo,passa,"grupos=experimental;termos=experiment*,experimental"
RS3744,metodo,passa,grupos=experimental;termos=experiment*
RS3745,metodo,etiqueta,nenhum_termo
RS3746,metodo,sem_dado,sem_resumo;nenhum_termo_no_restante
RS3747,metodo,sem_dado,sem_resumo;nenhum_termo_no_restante
RS3748,metodo,etiqueta,nenhum_termo
RS3749,metodo,sem_dado,sem_resumo;nenhum_termo_no_restante
RS3750,metodo,etiqueta,nenhum_termo
RS3751,metodo,sem_dado,sem_resumo;nenhum_termo_no_restante
RS3752,metodo,etiqueta,nenhum_termo
RS3755,metodo,passa,"grupos=causalidade,experimental;termos=causal,causal effect*,experiment*,randomized"
RS3757,metodo,passa,"grupos=causalidade;termos=causality,exogenous variation"
RS3759,metodo,passa,"grupos=experimental;termos=experiment*,natural experiment*"
RS3761,metodo,passa,grupos=experimental;termos=experiment*
RS3762,metodo,passa,grupos=experimental;termos=experiment*
RS3763,metodo,etiqueta,nenhum_termo
RS3764,metodo,sem_dado,sem_resumo;nenhum_termo_no_restante
RS3766,metodo,sem_dado,sem_resumo;nenhum_termo_no_restante
RS3768,metodo,passa,"grupos=causalidade,experimental,quantitativo;termos=RDD,causal,causal effect*,causal inference,experiment*,experimental,experimental design,regression(+1)"
RS3769,metodo,sem_dado,sem_resumo;nenhum_termo_no_restante
RS3771,metodo,passa,"grupos=experimental;termos=randomized,randomized controlled trial*"
RS3772,metodo,passa,grupos=experimental;termos=experiment*
RS3774,metodo,passa,"grupos=experimental;termos=experiment*,field experiment*,randomized"
RS3775,metodo,passa,grupos=causalidade;termos=identification strategy
RS3776,metodo,passa,"grupos=experimental;termos=experiment*,field experiment*"
RS3777,metodo,passa,"grupos=experimental,quantitativo;termos=regression,regression discontinuity"
RS3778,metodo,etiqueta,nenhum_termo
RS3779,metodo,sem_dado,sem_resumo;nenhum_termo_no_restante
RS3781,metodo,passa,grupos=quantitativo;termos=panel data
RS3783,metodo,passa,"grupos=experimental;termos=experiment*,experimental,natural experiment*"
RS3784,metodo,passa,grupos=quantitativo;termos=logit
RS3785,metodo,etiqueta,nenhum_termo
RS3786,metodo,etiqueta,nenhum_termo
RS3787,metodo,etiqueta,nenhum_termo
RS3788,metodo,passa,grupos=experimental;termos=experiment*
RS3789,metodo,sem_dado,sem_resumo;nenhum_termo_no_restante
RS3790,metodo,etiqueta,nenhum_termo
RS3792,metodo,passa,"grupos=causalidade,experimental;termos=causal,causal effect*,difference* in difference*,identification strategy"
RS3793,metodo,passa,grupos=quantitativo;termos=multilevel
RS3794,metodo,passa,"grupos=experimental;termos=experiment*,field experiment*,natural experiment*"
RS3795,metodo,etiqueta,nenhum_termo
RS3796,metodo,passa,grupos=causalidade;termos=exogenous variation
RS3797,metodo,etiqueta,nenhum_termo
RS3798,metodo,passa,"grupos=experimental,quantitativo;termos=correlation*,experiment*,experimental"
RS3799,metodo,etiqueta,nenhum_termo
RS3800,metodo,passa,"grupos=experimental;termos=experiment*,experimental,survey experiment*"
RS3801,metodo,etiqueta,nenhum_termo
RS3802,metodo,sem_dado,sem_resumo;nenhum_termo_no_restante
RS3803,metodo,etiqueta,nenhum_termo
RS3804,metodo,etiqueta,nenhum_termo
RS3805,metodo,etiqueta,nenhum_termo
RS3806,metodo,passa,grupos=experimental;termos=experiment*
RS3807,metodo,passa,"grupos=quantitativo;termos=linear regression,regression,regression analysis"
RS3808,metodo,sem_dado,sem_resumo;nenhum_termo_no_restante
RS3809,metodo,etiqueta,nenhum_termo
RS3810,metodo,passa,"grupos=experimental;termos=experiment*,survey experiment*"
RS3811,metodo,etiqueta,nenhum_termo
RS3812,metodo,etiqueta,nenhum_termo
RS3813,metodo,passa,grupos=experimental;termos=experiment*
RS3814,metodo,sem_dado,sem_resumo;nenhum_termo_no_restante
RS3815,metodo,sem_dado,sem_resumo;nenhum_termo_no_restante
RS3816,metodo,sem_dado,sem_resumo;nenhum_termo_no_restante
RS3817,metodo,etiqueta,nenhum_termo
RS3818,metodo,sem_dado,sem_resumo;nenhum_termo_no_restante
RS3819,metodo,sem_dado,sem_resumo;nenhum_termo_no_restante
RS3820,metodo,passa,"grupos=experimental,revisao;termos=experiment*,experimental,meta-analys*"
RS3821,metodo,sem_dado,sem_resumo;nenhum_termo_no_restante
RS3822,metodo,passa,"grupos=experimental,revisao;termos=experiment*,experimental,meta-analys*"
RS3823,metodo,passa,"grupos=experimental;termos=experiment*,natural experiment*"
RS3824,metodo,passa,"grupos=experimental;termos=experiment*,natural experiment*"
RS3825,metodo,etiqueta,nenhum_termo
RS3826,metodo,etiqueta,nenhum_termo
RS3827,metodo,etiqueta,nenhum_termo
RS3828,metodo,sem_dado,sem_resumo;nenhum_termo_no_restante
RS3829,metodo,etiqueta,nenhum_termo
RS3830,metodo,etiqueta,nenhum_termo
RS3831,metodo,passa,grupos=experimental;termos=RDD
RS3832,metodo,passa,grupos=causalidade;termos=exogenous variation
RS3833,metodo,etiqueta,nenhum_termo
RS3834,metodo,etiqueta,nenhum_termo
RS3835,metodo,passa,"grupos=experimental;termos=experiment*,field experiment*"
RS3836,metodo,passa,"grupos=experimental;termos=experiment*,field experiment*"
RS3837,metodo,etiqueta,nenhum_termo
RS3838,metodo,passa,"grupos=experimental;termos=experiment*,experimental"
RS3839,metodo,sem_dado,sem_resumo;nenhum_termo_no_restante
RS3840,metodo,etiqueta,nenhum_termo
RS3841,metodo,etiqueta,nenhum_termo
RS3842,metodo,etiqueta,nenhum_termo
RS3843,metodo,etiqueta,nenhum_termo
RS3844,metodo,sem_dado,sem_resumo;nenhum_termo_no_restante
RS3845,metodo,etiqueta,nenhum_termo
RS3846,metodo,passa,"grupos=experimental,quantitativo;termos=regression,regression discontinuity"
RS3847,metodo,etiqueta,nenhum_termo
RS3848,metodo,etiqueta,nenhum_termo
RS3849,metodo,etiqueta,nenhum_termo
RS3850,metodo,passa,"grupos=experimental;termos=experiment*,experimental"
RS3851,metodo,sem_dado,sem_resumo;nenhum_termo_no_restante
RS3852,metodo,etiqueta,nenhum_termo
RS3853,metodo,sem_dado,sem_resumo;nenhum_termo_no_restante
RS3854,metodo,sem_dado,sem_resumo;nenhum_termo_no_restante
RS3855,metodo,sem_dado,sem_resumo;nenhum_termo_no_restante
RS3857,metodo,sem_dado,sem_resumo;nenhum_termo_no_restante
RS3858,metodo,etiqueta,nenhum_termo
RS3861,metodo,etiqueta,nenhum_termo
RS3862,metodo,etiqueta,nenhum_termo
RS3863,metodo,sem_dado,sem_resumo;nenhum_termo_no_restante
RS3864,metodo,sem_dado,sem_resumo;nenhum_termo_no_restante
RS3867,metodo,passa,"grupos=experimental;termos=experiment*,survey experiment*"
RS3868,metodo,passa,grupos=experimental;termos=experiment*
RS3869,metodo,etiqueta,nenhum_termo
RS3870,metodo,passa,grupos=quantitativo;termos=regression
RS3871,metodo,etiqueta,nenhum_termo
RS3872,metodo,passa,grupos=experimental;termos=experiment*
RS3873,metodo,passa,"grupos=quantitativo;termos=structural equation model*,structural equation*"
RS3874,metodo,etiqueta,nenhum_termo
RS3875,metodo,sem_dado,sem_resumo;nenhum_termo_no_restante
RS3876,metodo,sem_dado,sem_resumo;nenhum_termo_no_restante
RS3878,metodo,etiqueta,nenhum_termo
RS3879,metodo,sem_dado,sem_resumo;nenhum_termo_no_restante
RS3880,metodo,etiqueta,nenhum_termo
RS3887,metodo,passa,grupos=experimental;termos=experiment*
RS3891,metodo,etiqueta,nenhum_termo
RS3892,metodo,etiqueta,nenhum_termo
RS3893,metodo,etiqueta,nenhum_termo
RS3895,metodo,passa,grupos=causalidade;termos=causal
RS3897,metodo,sem_dado,sem_resumo;nenhum_termo_no_restante
RS3899,metodo,sem_dado,sem_resumo;nenhum_termo_no_restante
RS3900,metodo,sem_dado,sem_resumo;nenhum_termo_no_restante
RS3902,metodo,etiqueta,nenhum_termo
RS3903,metodo,passa,"grupos=experimental;termos=experiment*,experimental"
RS3905,metodo,passa,grupos=experimental;termos=experiment*
RS3906,metodo,sem_dado,sem_resumo;nenhum_termo_no_restante
RS3908,metodo,sem_dado,sem_resumo;nenhum_termo_no_restante
RS3909,metodo,etiqueta,nenhum_termo
RS3910,metodo,sem_dado,sem_resumo;nenhum_termo_no_restante
RS3912,metodo,passa,grupos=causalidade;termos=causal
RS3913,metodo,sem_dado,sem_resumo;nenhum_termo_no_restante
RS3914,metodo,etiqueta,nenhum_termo
RS3915,metodo,passa,grupos=experimental;termos=experiment*
RS3916,metodo,passa,"grupos=experimental;termos=experiment*,survey experiment*"
RS3917,metodo,passa,grupos=experimental;termos=experiment*
RS3918,metodo,etiqueta,nenhum_termo
RS3919,metodo,sem_dado,sem_resumo;nenhum_termo_no_restante
RS3920,metodo,sem_dado,sem_resumo;nenhum_termo_no_restante
RS3921,metodo,etiqueta,nenhum_termo
RS3922,metodo,etiqueta,nenhum_termo
RS3923,metodo,etiqueta,nenhum_termo
RS3924,metodo,etiqueta,nenhum_termo
RS3925,metodo,sem_dado,sem_resumo;nenhum_termo_no_restante
RS3926,metodo,sem_dado,sem_resumo;nenhum_termo_no_restante
RS3928,metodo,etiqueta,nenhum_termo
RS3929,metodo,passa,"grupos=experimental;termos=experiment*,field experiment*,natural experiment*"
RS3930,metodo,etiqueta,nenhum_termo
RS3931,metodo,etiqueta,nenhum_termo
RS3932,metodo,passa,grupos=quantitativo;termos=panel data
RS3933,metodo,passa,"grupos=causalidade,experimental;termos=causal,causal effect*,difference* in difference*"
RS3938,metodo,etiqueta,nenhum_termo
RS3940,metodo,etiqueta,nenhum_termo
RS3941,metodo,sem_dado,sem_resumo;nenhum_termo_no_restante
RS3942,metodo,etiqueta,nenhum_termo
RS3945,metodo,etiqueta,nenhum_termo
RS3947,metodo,passa,"grupos=experimental,quantitativo;termos=correlation*,randomization,regression,regression discontinuity"
RS3948,metodo,passa,"grupos=experimental;termos=experiment*,experimental"
RS3949,metodo,etiqueta,nenhum_termo
RS3950,metodo,etiqueta,nenhum_termo
RS3951,metodo,passa,"grupos=experimental;termos=experiment*,randomization,randomized,randomized controlled trial*"
RS3952,metodo,passa,"grupos=experimental;termos=experiment*,experimental,experimental design"
RS3953,metodo,etiqueta,nenhum_termo
RS3954,metodo,passa,"grupos=experimental,quantitativo;termos=bayesian,bayesian*,experiment*"
RS3955,metodo,passa,"grupos=experimental;termos=experiment*,randomized"
RS3956,metodo,etiqueta,nenhum_termo
RS3957,metodo,passa,"grupos=experimental,quantitativo;termos=regression,regression discontinuity"
RS3958,metodo,sem_dado,sem_resumo;nenhum_termo_no_restante
RS3959,metodo,passa,"grupos=experimental,quantitativo;termos=experiment*,probit"
RS3960,metodo,passa,"grupos=experimental,quantitativo;termos=randomization,regression,regression discontinuity"
RS3961,metodo,etiqueta,nenhum_termo
RS3962,metodo,sem_dado,sem_resumo;nenhum_termo_no_restante
RS3963,metodo,passa,grupos=experimental;termos=instrumental variable*
RS3964,metodo,passa,grupos=quantitativo;termos=correlation*
RS3965,metodo,sem_dado,sem_resumo;nenhum_termo_no_restante
RS3966,metodo,passa,"grupos=experimental,quantitativo;termos=experiment*,probit"
RS3967,metodo,etiqueta,nenhum_termo
RS3968,metodo,passa,grupos=experimental;termos=difference* in difference*
RS3969,metodo,passa,"grupos=experimental;termos=experiment*,experimental,experimental design"
RS3970,metodo,sem_dado,sem_resumo;nenhum_termo_no_restante
RS3971,metodo,etiqueta,nenhum_termo
RS3973,metodo,etiqueta,nenhum_termo
RS3974,metodo,passa,"grupos=quantitativo;termos=SEM,structural equation model*,structural equation*"
RS3975,metodo,sem_dado,sem_resumo;nenhum_termo_no_restante
RS3976,metodo,etiqueta,nenhum_termo
RS3977,metodo,passa,grupos=experimental;termos=experiment*
RS3978,metodo,passa,"grupos=experimental,quantitativo;termos=bayesian,bayesian*,experiment*,multilevel,multilevel model*"
RS3979,metodo,etiqueta,nenhum_termo
RS3980,metodo,passa,"grupos=experimental;termos=experiment*,experimental"
RS3981,metodo,etiqueta,nenhum_termo
RS3982,metodo,sem_dado,sem_resumo;nenhum_termo_no_restante
RS3983,metodo,etiqueta,nenhum_termo
RS3984,metodo,sem_dado,sem_resumo;nenhum_termo_no_restante
RS3985,metodo,sem_dado,sem_resumo;nenhum_termo_no_restante
RS3986,metodo,etiqueta,nenhum_termo
RS3987,metodo,passa,grupos=experimental;termos=experiment*
RS3988,metodo,etiqueta,nenhum_termo
RS3989,metodo,etiqueta,nenhum_termo
RS3990,metodo,etiqueta,nenhum_termo
RS3991,metodo,etiqueta,nenhum_termo
RS3992,metodo,etiqueta,nenhum_termo
RS3993,metodo,etiqueta,nenhum_termo
RS3994,metodo,passa,"grupos=experimental;termos=experiment*,experimental"
RS3995,metodo,passa,"grupos=experimental;termos=experiment*,experimental"
RS3996,metodo,passa,"grupos=experimental;termos=experiment*,experimental,field experiment*"
RS3999,metodo,sem_dado,sem_resumo;nenhum_termo_no_restante
RS4000,metodo,passa,"grupos=experimental,quantitativo;termos=bayesian,bayesian*,experiment*,multilevel,multilevel model*"
RS4001,metodo,passa,"grupos=experimental;termos=experiment*,natural experiment*"
RS4002,metodo,etiqueta,nenhum_termo
RS4003,metodo,etiqueta,nenhum_termo
RS4004,metodo,etiqueta,nenhum_termo
RS4005,metodo,sem_dado,sem_resumo;nenhum_termo_no_restante
RS4006,metodo,etiqueta,nenhum_termo
RS4007,metodo,etiqueta,nenhum_termo
RS4008,metodo,etiqueta,nenhum_termo
RS4009,metodo,etiqueta,nenhum_termo
RS4010,metodo,passa,"grupos=experimental;termos=experiment*,survey experiment*"
RS4011,metodo,passa,"grupos=experimental;termos=experiment*,survey experiment*"
RS4012,metodo,passa,"grupos=experimental;termos=experiment*,survey experiment*"
RS4013,metodo,etiqueta,nenhum_termo
RS4014,metodo,passa,grupos=experimental;termos=experiment*
RS4015,metodo,etiqueta,nenhum_termo
RS4016,metodo,etiqueta,nenhum_termo
RS4017,metodo,etiqueta,nenhum_termo
RS4018,metodo,etiqueta,nenhum_termo
RS4019,metodo,etiqueta,nenhum_termo
RS4020,metodo,passa,"grupos=experimental;termos=experiment*,experimental"
RS4021,metodo,etiqueta,nenhum_termo
RS4022,metodo,etiqueta,nenhum_termo
RS4023,metodo,sem_dado,sem_resumo;nenhum_termo_no_restante
RS4024,metodo,sem_dado,sem_resumo;nenhum_termo_no_restante
RS4025,metodo,sem_dado,sem_resumo;nenhum_termo_no_restante
RS4026,metodo,passa,grupos=causalidade;termos=counterfactual*
RS4027,metodo,passa,"grupos=experimental;termos=experiment*,field experiment*"
RS4028,metodo,sem_dado,sem_resumo;nenhum_termo_no_restante
RS4029,metodo,etiqueta,nenhum_termo
RS4030,metodo,sem_dado,sem_resumo;nenhum_termo_no_restante
RS4031,metodo,passa,grupos=quantitativo;termos=event stud*
RS4032,metodo,etiqueta,nenhum_termo
RS4033,metodo,etiqueta,nenhum_termo
RS4034,metodo,etiqueta,nenhum_termo
RS4035,metodo,etiqueta,nenhum_termo
RS4036,metodo,passa,"grupos=causalidade;termos=causal,causal effect*"
RS4037,metodo,etiqueta,nenhum_termo
RS4038,metodo,sem_dado,sem_resumo;nenhum_termo_no_restante
RS4039,metodo,passa,grupos=quantitativo;termos=correlation*
RS4040,metodo,etiqueta,nenhum_termo
RS4041,metodo,etiqueta,nenhum_termo
RS4042,metodo,passa,grupos=quantitativo;termos=correlation*
RS4043,metodo,etiqueta,nenhum_termo
RS4044,metodo,passa,"grupos=experimental;termos=experiment*,natural experiment*"
RS4045,metodo,passa,"grupos=experimental;termos=difference* in difference*,instrumental variable*"
RS4046,metodo,etiqueta,nenhum_termo
RS4047,metodo,etiqueta,nenhum_termo
RS4048,metodo,etiqueta,nenhum_termo
RS4049,metodo,passa,"grupos=quantitativo;termos=bayesian,bayesian*"
RS4050,metodo,etiqueta,nenhum_termo
RS4051,metodo,etiqueta,nenhum_termo
RS4052,metodo,etiqueta,nenhum_termo
RS4053,metodo,sem_dado,sem_resumo;nenhum_termo_no_restante
RS4054,metodo,etiqueta,nenhum_termo
RS4055,metodo,etiqueta,nenhum_termo
RS4056,metodo,sem_dado,sem_resumo;nenhum_termo_no_restante
RS4057,metodo,sem_dado,sem_resumo;nenhum_termo_no_restante
RS4058,metodo,etiqueta,nenhum_termo
RS4059,metodo,sem_dado,sem_resumo;nenhum_termo_no_restante
RS4060,metodo,etiqueta,nenhum_termo
RS4061,metodo,etiqueta,nenhum_termo
RS4062,metodo,sem_dado,sem_resumo;nenhum_termo_no_restante
RS4063,metodo,sem_dado,sem_resumo;nenhum_termo_no_restante
RS4064,metodo,sem_dado,sem_resumo;nenhum_termo_no_restante
RS4065,metodo,sem_dado,sem_resumo;nenhum_termo_no_restante
RS4066,metodo,etiqueta,nenhum_termo
RS4067,metodo,passa,"grupos=experimental;termos=experiment*,survey experiment*"
RS4068,metodo,passa,"grupos=quantitativo;termos=bayesian,bayesian*"
RS4069,metodo,passa,"grupos=experimental;termos=experiment*,experimental"
RS4070,metodo,passa,"grupos=causalidade,experimental,quantitativo;termos=causal,causality,correlation*,experiment*,field experiment*"
RS4071,metodo,passa,"grupos=experimental;termos=experiment*,survey experiment*"
RS4072,metodo,passa,"grupos=experimental;termos=experiment*,survey experiment*"
RS4073,metodo,etiqueta,nenhum_termo
RS4074,metodo,etiqueta,nenhum_termo
RS4075,metodo,passa,"grupos=experimental,quantitativo;termos=bayesian,bayesian*,experiment*,field experiment*,instrumental variable*,natural experiment*"
RS4076,metodo,passa,"grupos=quantitativo;termos=panel data,regressions"
RS4077,metodo,etiqueta,nenhum_termo
RS4078,metodo,passa,"grupos=causalidade,experimental;termos=causal,experiment*,natural experiment*"
RS4079,metodo,etiqueta,nenhum_termo
RS4080,metodo,etiqueta,nenhum_termo
RS4081,metodo,etiqueta,nenhum_termo
RS4082,metodo,passa,"grupos=experimental,quantitativo;termos=correlation*,experiment*,experimental"
RS4083,metodo,passa,"grupos=experimental;termos=experiment*,survey experiment*"
RS4084,metodo,passa,"grupos=experimental;termos=experiment*,experimental,quasi-experiment*"
RS4085,metodo,passa,"grupos=experimental;termos=experiment*,natural experiment*"
RS4086,metodo,passa,grupos=quantitativo;termos=factor analysis
RS4087,metodo,etiqueta,nenhum_termo
RS4088,metodo,passa,grupos=experimental;termos=experiment*
RS4089,metodo,etiqueta,nenhum_termo
RS4090,metodo,etiqueta,nenhum_termo
RS4091,metodo,sem_dado,sem_resumo;nenhum_termo_no_restante
RS4092,metodo,etiqueta,nenhum_termo
RS4093,metodo,sem_dado,sem_resumo;nenhum_termo_no_restante
RS4094,metodo,etiqueta,nenhum_termo
RS4095,metodo,etiqueta,nenhum_termo
RS4096,metodo,etiqueta,nenhum_termo
RS4097,metodo,etiqueta,nenhum_termo
RS4098,metodo,etiqueta,nenhum_termo
RS4099,metodo,etiqueta,nenhum_termo
RS4100,metodo,etiqueta,nenhum_termo
RS4101,metodo,passa,"grupos=quantitativo;termos=multilevel,multilevel model*,panel data"
RS4102,metodo,etiqueta,nenhum_termo
RS4103,metodo,passa,grupos=quantitativo;termos=panel data
RS4104,metodo,sem_dado,sem_resumo;nenhum_termo_no_restante
RS4105,metodo,etiqueta,nenhum_termo
RS4106,metodo,passa,grupos=experimental;termos=experiment*
RS4107,metodo,passa,"grupos=experimental;termos=experiment*,survey experiment*"
RS4108,metodo,passa,"grupos=quantitativo;termos=fixed effect*,linear regression,random effect*,regression,regression analysis"
RS4109,metodo,passa,"grupos=causalidade,experimental;termos=causal,causal effect*,experiment*,field experiment*"
RS4110,metodo,passa,grupos=causalidade;termos=endogeneity
RS4111,metodo,passa,grupos=experimental;termos=experiment*
RS4112,metodo,sem_dado,sem_resumo;nenhum_termo_no_restante
RS4113,metodo,passa,"grupos=experimental;termos=experiment*,experimental"
RS4114,metodo,sem_dado,sem_resumo;nenhum_termo_no_restante
RS4115,metodo,sem_dado,sem_resumo;nenhum_termo_no_restante
RS4116,metodo,sem_dado,sem_resumo;nenhum_termo_no_restante
RS4117,metodo,passa,"grupos=causalidade,experimental;termos=causal,causal effect*,experiment*,experimental,experimental design,quasi-experiment*"
RS4118,metodo,etiqueta,nenhum_termo
RS4119,metodo,sem_dado,sem_resumo;nenhum_termo_no_restante
RS4122,metodo,passa,"grupos=causalidade,experimental;termos=causal,causal inference,experiment*,experimental,field experiment*"
RS4123,metodo,sem_dado,sem_resumo;nenhum_termo_no_restante
RS4125,metodo,passa,"grupos=causalidade,experimental;termos=causal,causal inference,causality,experiment*,experimental,randomized"
RS4126,metodo,etiqueta,nenhum_termo
RS4128,metodo,etiqueta,nenhum_termo
RS4129,metodo,passa,"grupos=experimental;termos=experiment*,experimental"
RS4130,metodo,sem_dado,sem_resumo;nenhum_termo_no_restante
RS4131,metodo,etiqueta,nenhum_termo
RS4133,metodo,sem_dado,sem_resumo;nenhum_termo_no_restante
RS4134,metodo,etiqueta,nenhum_termo
RS4136,metodo,etiqueta,nenhum_termo
RS4137,metodo,etiqueta,nenhum_termo
RS4138,metodo,etiqueta,nenhum_termo
RS4139,metodo,passa,"grupos=causalidade;termos=causal,causal effect*"
RS4142,metodo,etiqueta,nenhum_termo
RS4144,metodo,etiqueta,nenhum_termo
RS4151,metodo,passa,grupos=experimental;termos=experiment*
RS4152,metodo,passa,grupos=experimental;termos=experiment*
RS4153,metodo,etiqueta,nenhum_termo
RS4157,metodo,etiqueta,nenhum_termo
RS4161,metodo,etiqueta,nenhum_termo
RS4162,metodo,etiqueta,nenhum_termo
RS4163,metodo,etiqueta,nenhum_termo
RS4167,metodo,passa,grupos=experimental;termos=experiment*
RS4177,metodo,etiqueta,nenhum_termo
RS4179,metodo,passa,grupos=experimental;termos=experiment*
RS4183,metodo,etiqueta,nenhum_termo
RS4186,metodo,passa,grupos=experimental;termos=experiment*
RS4190,metodo,passa,"grupos=experimental;termos=experiment*,field experiment*"
RS4193,metodo,etiqueta,nenhum_termo
RS4201,metodo,sem_dado,sem_resumo;nenhum_termo_no_restante
RS4203,metodo,passa,"grupos=experimental;termos=experiment*,experimental"
RS4208,metodo,sem_dado,sem_resumo;nenhum_termo_no_restante
RS4209,metodo,sem_dado,sem_resumo;nenhum_termo_no_restante
RS4212,metodo,sem_dado,sem_resumo;nenhum_termo_no_restante
RS4213,metodo,sem_dado,sem_resumo;nenhum_termo_no_restante
RS4214,metodo,passa,grupos=experimental;termos=experiment*
RS4215,metodo,sem_dado,sem_resumo;nenhum_termo_no_restante
RS4220,metodo,passa,grupos=experimental;termos=experiment*
RS4221,metodo,sem_dado,sem_resumo;nenhum_termo_no_restante
RS4225,metodo,passa,grupos=experimental;termos=experiment*
RS4227,metodo,etiqueta,nenhum_termo
RS4228,metodo,passa,grupos=experimental;termos=experiment*
RS4229,metodo,passa,grupos=experimental;termos=experiment*
RS4230,metodo,passa,"grupos=causalidade,experimental;termos=causal,causal inference,control group*,experiment*,field experiment*,randomization,randomized,randomized controlled trial*"
RS4238,metodo,etiqueta,nenhum_termo
RS4239,metodo,etiqueta,nenhum_termo
RS4241,metodo,passa,"grupos=causalidade,experimental;termos=causal,causal effect*,causal inference,experiment*,propensity score matching,propensity score*,randomization,randomized(+1)"
RS4242,metodo,passa,"grupos=causalidade,experimental,quantitativo;termos=causal,exogenous variation,regression,regression discontinuity"
RS4246,metodo,etiqueta,nenhum_termo
RS4247,metodo,passa,grupos=experimental;termos=experiment*
RS4248,metodo,passa,"grupos=quantitativo;termos=bayesian,bayesian*"
RS4249,metodo,passa,"grupos=experimental;termos=experiment*,field experiment*"
RS4252,metodo,sem_dado,sem_resumo;nenhum_termo_no_restante
RS4254,metodo,passa,"grupos=experimental;termos=experiment*,field experiment*"
RS4256,metodo,etiqueta,nenhum_termo
RS4258,metodo,passa,grupos=causalidade;termos=endogeneity
RS4260,metodo,etiqueta,nenhum_termo
RS4261,metodo,passa,"grupos=quantitativo;termos=bayesian,bayesian*"
RS4266,metodo,passa,"grupos=experimental;termos=experiment*,randomized"
RS4267,metodo,sem_dado,sem_resumo;nenhum_termo_no_restante
RS4268,metodo,sem_dado,sem_resumo;nenhum_termo_no_restante
RS4269,metodo,etiqueta,nenhum_termo
RS4272,metodo,sem_dado,sem_resumo;nenhum_termo_no_restante
RS4274,metodo,passa,"grupos=experimental;termos=experiment*,field experiment*,survey experiment*"
RS4275,metodo,passa,"grupos=experimental;termos=experiment*,survey experiment*"
RS4279,metodo,passa,"grupos=experimental;termos=experiment*,experimental"
RS4280,metodo,passa,"grupos=quantitativo;termos=bayesian,bayesian*"
RS4281,metodo,sem_dado,sem_resumo;nenhum_termo_no_restante
RS4282,metodo,etiqueta,nenhum_termo
RS4286,metodo,etiqueta,nenhum_termo
RS4289,metodo,etiqueta,nenhum_termo
RS4293,metodo,sem_dado,sem_resumo;nenhum_termo_no_restante
RS4294,metodo,sem_dado,sem_resumo;nenhum_termo_no_restante
RS4295,metodo,etiqueta,nenhum_termo
RS4296,metodo,sem_dado,sem_resumo;nenhum_termo_no_restante
RS4297,metodo,sem_dado,sem_resumo;nenhum_termo_no_restante
RS4298,metodo,passa,"grupos=experimental,quantitativo;termos=experiment*,logistic regression,logit,regression"
RS4299,metodo,passa,grupos=experimental;termos=experiment*
RS4300,metodo,etiqueta,nenhum_termo
RS4301,metodo,etiqueta,nenhum_termo
RS4302,metodo,etiqueta,nenhum_termo
RS4307,metodo,etiqueta,nenhum_termo
RS4308,metodo,etiqueta,nenhum_termo
RS4310,metodo,passa,"grupos=quantitativo;termos=bayesian,bayesian*"
RS4311,metodo,passa,grupos=experimental;termos=experiment*
RS4312,metodo,etiqueta,nenhum_termo
RS4313,metodo,etiqueta,nenhum_termo
RS4315,metodo,sem_dado,sem_resumo;nenhum_termo_no_restante
RS4316,metodo,passa,grupos=experimental;termos=experiment*
RS4320,metodo,passa,"grupos=quantitativo;termos=bayesian,bayesian*"
RS4321,metodo,etiqueta,nenhum_termo
RS4322,metodo,sem_dado,sem_resumo;nenhum_termo_no_restante
RS4323,metodo,etiqueta,nenhum_termo
RS4324,metodo,passa,"grupos=experimental,quantitativo;termos=bayesian,bayesian*,experiment*,experimental"
RS4325,metodo,passa,"grupos=experimental;termos=experiment*,randomized,survey experiment*"
RS4326,metodo,passa,"grupos=experimental,quantitativo;termos=cluster analysis,correlation*,experiment*,experimental,experimental design,randomized"
RS4327,metodo,etiqueta,nenhum_termo
RS4328,metodo,etiqueta,nenhum_termo
RS4329,metodo,etiqueta,nenhum_termo
RS4330,metodo,passa,"grupos=quantitativo;termos=bayesian,bayesian*"
RS4331,metodo,etiqueta,nenhum_termo
RS4332,metodo,passa,grupos=experimental;termos=experiment*
RS4333,metodo,etiqueta,nenhum_termo
RS4334,metodo,etiqueta,nenhum_termo
RS4335,metodo,sem_dado,sem_resumo;nenhum_termo_no_restante
RS4337,metodo,etiqueta,nenhum_termo
RS4338,metodo,etiqueta,nenhum_termo
RS4339,metodo,sem_dado,sem_resumo;nenhum_termo_no_restante
RS4340,metodo,etiqueta,nenhum_termo
RS4341,metodo,passa,"grupos=experimental,quantitativo;termos=regression,regression discontinuity"
RS4342,metodo,etiqueta,nenhum_termo
RS4343,metodo,passa,"grupos=experimental;termos=experiment*,natural experiment*"
RS4344,metodo,sem_dado,sem_resumo;nenhum_termo_no_restante
RS4345,metodo,etiqueta,nenhum_termo
RS4346,metodo,sem_dado,sem_resumo;nenhum_termo_no_restante
RS4347,metodo,etiqueta,nenhum_termo
RS4348,metodo,etiqueta,nenhum_termo
RS4349,metodo,sem_dado,sem_resumo;nenhum_termo_no_restante
RS4350,metodo,etiqueta,nenhum_termo
RS4351,metodo,passa,"grupos=experimental;termos=experiment*,experimental"
RS4352,metodo,etiqueta,nenhum_termo
RS4353,metodo,sem_dado,sem_resumo;nenhum_termo_no_restante
RS4354,metodo,sem_dado,sem_resumo;nenhum_termo_no_restante
RS4355,metodo,sem_dado,sem_resumo;nenhum_termo_no_restante
RS4356,metodo,sem_dado,sem_resumo;nenhum_termo_no_restante
RS4357,metodo,sem_dado,sem_resumo;nenhum_termo_no_restante
RS4358,metodo,etiqueta,nenhum_termo
RS4359,metodo,passa,grupos=causalidade;termos=causal
RS4360,metodo,etiqueta,nenhum_termo
RS4361,metodo,etiqueta,nenhum_termo
RS4362,metodo,passa,"grupos=quantitativo;termos=bayesian,bayesian*"
RS4363,metodo,passa,"grupos=quantitativo;termos=bayesian,bayesian*"
RS4364,metodo,etiqueta,nenhum_termo
RS4365,metodo,etiqueta,nenhum_termo
RS4366,metodo,passa,"grupos=experimental;termos=experiment*,experimental"
RS4367,metodo,sem_dado,sem_resumo;nenhum_termo_no_restante
RS4368,metodo,etiqueta,nenhum_termo
RS4369,metodo,sem_dado,sem_resumo;nenhum_termo_no_restante
RS4370,metodo,sem_dado,sem_resumo;nenhum_termo_no_restante
RS4371,metodo,etiqueta,nenhum_termo
RS4372,metodo,sem_dado,sem_resumo;nenhum_termo_no_restante
RS4373,metodo,etiqueta,nenhum_termo
RS4374,metodo,passa,"grupos=experimental,quantitativo;termos=regression,regression discontinuity"
RS4375,metodo,etiqueta,nenhum_termo
RS4376,metodo,etiqueta,nenhum_termo
RS4377,metodo,sem_dado,sem_resumo;nenhum_termo_no_restante
RS4378,metodo,sem_dado,sem_resumo;nenhum_termo_no_restante
RS4379,metodo,etiqueta,nenhum_termo
RS4381,metodo,etiqueta,nenhum_termo
RS4382,metodo,sem_dado,sem_resumo;nenhum_termo_no_restante
RS4383,metodo,sem_dado,sem_resumo;nenhum_termo_no_restante
RS4384,metodo,passa,"grupos=experimental;termos=control group*,experiment*,field experiment*,randomized"
RS4385,metodo,sem_dado,sem_resumo;nenhum_termo_no_restante
RS4386,metodo,passa,"grupos=experimental;termos=experiment*,field experiment*"
RS4388,metodo,etiqueta,nenhum_termo
RS4389,metodo,passa,"grupos=experimental;termos=control group*,experiment*,experimental"
RS4390,metodo,etiqueta,nenhum_termo
RS4391,metodo,passa,"grupos=experimental,quantitativo;termos=bayesian,bayesian*,experiment*,multilevel,multilevel model*"
RS4392,metodo,etiqueta,nenhum_termo
RS4393,metodo,etiqueta,nenhum_termo
RS4394,metodo,passa,"grupos=experimental;termos=experiment*,experimental,field experiment*"
RS4395,metodo,sem_dado,sem_resumo;nenhum_termo_no_restante
RS4396,metodo,etiqueta,nenhum_termo
RS4397,metodo,passa,"grupos=experimental;termos=experiment*,experimental"
RS4398,metodo,passa,"grupos=quantitativo;termos=multilevel,multilevel model*,regression,regression analysis"
RS4399,metodo,passa,"grupos=experimental;termos=experiment*,survey experiment*"
RS4400,metodo,etiqueta,nenhum_termo
RS4401,metodo,sem_dado,sem_resumo;nenhum_termo_no_restante
RS4402,metodo,sem_dado,sem_resumo;nenhum_termo_no_restante
RS4403,metodo,etiqueta,nenhum_termo
RS4404,metodo,passa,grupos=quantitativo;termos=cluster analysis
RS4405,metodo,etiqueta,nenhum_termo
RS4406,metodo,etiqueta,nenhum_termo
RS4407,metodo,passa,"grupos=experimental;termos=experiment*,survey experiment*"
RS4408,metodo,etiqueta,nenhum_termo
RS4409,metodo,etiqueta,nenhum_termo
RS4410,metodo,etiqueta,nenhum_termo
RS4411,metodo,passa,grupos=experimental;termos=experiment*
RS4412,metodo,etiqueta,nenhum_termo
RS4413,metodo,sem_dado,sem_resumo;nenhum_termo_no_restante
RS4414,metodo,etiqueta,nenhum_termo
RS4415,metodo,passa,grupos=quantitativo;termos=correlation*
RS4416,metodo,etiqueta,nenhum_termo
RS4417,metodo,etiqueta,nenhum_termo
RS4419,metodo,etiqueta,nenhum_termo
RS4421,metodo,sem_dado,sem_resumo;nenhum_termo_no_restante
RS4428,metodo,sem_dado,sem_resumo;nenhum_termo_no_restante
RS4430,metodo,etiqueta,nenhum_termo
RS4433,metodo,etiqueta,nenhum_termo
RS4434,metodo,sem_dado,sem_resumo;nenhum_termo_no_restante
RS4436,metodo,etiqueta,nenhum_termo
RS4438,metodo,etiqueta,nenhum_termo
RS4439,metodo,sem_dado,sem_resumo;nenhum_termo_no_restante
RS4440,metodo,sem_dado,sem_resumo;nenhum_termo_no_restante
RS4441,metodo,etiqueta,nenhum_termo
RS4442,metodo,etiqueta,nenhum_termo
RS4443,metodo,etiqueta,nenhum_termo
RS4444,metodo,etiqueta,nenhum_termo
RS4445,metodo,sem_dado,sem_resumo;nenhum_termo_no_restante
RS4446,metodo,etiqueta,nenhum_termo
RS4447,metodo,passa,"grupos=causalidade,experimental;termos=difference* in difference*,identification strategy"
RS4448,metodo,passa,"grupos=experimental;termos=experiment*,experimental"
RS4449,metodo,sem_dado,sem_resumo;nenhum_termo_no_restante
RS4450,metodo,passa,"grupos=experimental;termos=experiment*,experimental"
RS4451,metodo,etiqueta,nenhum_termo
RS4452,metodo,etiqueta,nenhum_termo
RS4453,metodo,etiqueta,nenhum_termo
RS4454,metodo,etiqueta,nenhum_termo
RS4458,metodo,etiqueta,nenhum_termo
RS4459,metodo,etiqueta,nenhum_termo
RS4461,metodo,sem_dado,sem_resumo;nenhum_termo_no_restante
RS4462,metodo,passa,"grupos=experimental;termos=experiment*,experimental"
RS4463,metodo,etiqueta,nenhum_termo
RS4464,metodo,etiqueta,nenhum_termo
RS4465,metodo,etiqueta,nenhum_termo
RS4466,metodo,passa,"grupos=experimental;termos=experiment*,field experiment*"
RS4467,metodo,etiqueta,nenhum_termo
RS4468,metodo,sem_dado,sem_resumo;nenhum_termo_no_restante
RS4469,metodo,etiqueta,nenhum_termo
RS4470,metodo,etiqueta,nenhum_termo
RS4471,metodo,sem_dado,sem_resumo;nenhum_termo_no_restante
RS4472,metodo,etiqueta,nenhum_termo
RS4473,metodo,etiqueta,nenhum_termo
RS4474,metodo,etiqueta,nenhum_termo
RS4475,metodo,etiqueta,nenhum_termo
RS4476,metodo,passa,"grupos=experimental;termos=experiment*,experimental"
RS4477,metodo,etiqueta,nenhum_termo
RS4478,metodo,etiqueta,nenhum_termo
RS4479,metodo,etiqueta,nenhum_termo
RS4480,metodo,etiqueta,nenhum_termo
RS4481,metodo,sem_dado,sem_resumo;nenhum_termo_no_restante
RS4482,metodo,sem_dado,sem_resumo;nenhum_termo_no_restante
RS4483,metodo,passa,"grupos=experimental;termos=experiment*,survey experiment*"
RS4484,metodo,etiqueta,nenhum_termo
RS4485,metodo,etiqueta,nenhum_termo
RS4486,metodo,etiqueta,nenhum_termo
RS4487,metodo,passa,"grupos=experimental;termos=experiment*,experimental"
RS4488,metodo,etiqueta,nenhum_termo
RS4489,metodo,etiqueta,nenhum_termo
RS4490,metodo,etiqueta,nenhum_termo
RS4491,metodo,passa,"grupos=experimental;termos=difference* in difference*,experiment*,survey experiment*"
RS4492,metodo,etiqueta,nenhum_termo
RS4493,metodo,etiqueta,nenhum_termo
RS4494,metodo,etiqueta,nenhum_termo
RS4495,metodo,etiqueta,nenhum_termo
RS4496,metodo,etiqueta,nenhum_termo
RS4497,metodo,passa,"grupos=experimental,quantitativo;termos=probit,regression,regression discontinuity"
RS4498,metodo,passa,grupos=experimental;termos=experiment*
RS4499,metodo,sem_dado,sem_resumo;nenhum_termo_no_restante
RS4500,metodo,sem_dado,sem_resumo;nenhum_termo_no_restante
RS4501,metodo,sem_dado,sem_resumo;nenhum_termo_no_restante
RS4502,metodo,passa,"grupos=experimental;termos=experiment*,experimental"
RS4503,metodo,passa,"grupos=experimental;termos=experiment*,experimental"
RS4504,metodo,passa,"grupos=experimental;termos=experiment*,experimental"
RS4505,metodo,etiqueta,nenhum_termo
RS4506,metodo,etiqueta,nenhum_termo
RS4507,metodo,sem_dado,sem_resumo;nenhum_termo_no_restante
RS4508,metodo,sem_dado,sem_resumo;nenhum_termo_no_restante
RS4509,metodo,etiqueta,nenhum_termo
RS4510,metodo,etiqueta,nenhum_termo
RS4511,metodo,etiqueta,nenhum_termo
RS4512,metodo,sem_dado,sem_resumo;nenhum_termo_no_restante
RS4513,metodo,passa,"grupos=experimental;termos=experiment*,experimental"
RS4514,metodo,passa,grupos=experimental;termos=instrumental variable*
RS4515,metodo,etiqueta,nenhum_termo
RS4516,metodo,passa,"grupos=causalidade,experimental;termos=causal,causality,instrumental variable*"
RS4517,metodo,etiqueta,nenhum_termo
RS4518,metodo,passa,"grupos=experimental;termos=experiment*,experimental"
RS4519,metodo,etiqueta,nenhum_termo
RS4520,metodo,etiqueta,nenhum_termo
RS4521,metodo,etiqueta,nenhum_termo
RS4522,metodo,etiqueta,nenhum_termo
RS4523,metodo,etiqueta,nenhum_termo
RS4524,metodo,passa,"grupos=experimental,quantitativo;termos=regression,regression discontinuity"
RS4525,metodo,etiqueta,nenhum_termo
RS4526,metodo,etiqueta,nenhum_termo
RS4527,metodo,sem_dado,sem_resumo;nenhum_termo_no_restante
RS4528,metodo,sem_dado,sem_resumo;nenhum_termo_no_restante
RS4531,metodo,passa,grupos=revisao;termos=meta-analys*
RS4534,metodo,etiqueta,nenhum_termo
RS4540,metodo,passa,"grupos=experimental;termos=experiment*,experimental"
RS4542,metodo,passa,"grupos=quantitativo;termos=OLS,ordinary least squares,panel data,regression"
RS4543,metodo,passa,grupos=experimental;termos=experiment*
RS4545,metodo,passa,"grupos=experimental;termos=experiment*,experimental"
RS4548,metodo,sem_dado,sem_resumo;nenhum_termo_no_restante
RS4563,metodo,etiqueta,nenhum_termo
RS4568,metodo,sem_dado,sem_resumo;nenhum_termo_no_restante
RS4574,metodo,sem_dado,sem_resumo;nenhum_termo_no_restante
RS4577,metodo,passa,grupos=experimental;termos=experiment*
RS4578,metodo,passa,"grupos=experimental;termos=experiment*,experimental"
RS4581,metodo,passa,grupos=causalidade;termos=counterfactual*
RS4587,metodo,sem_dado,sem_resumo;nenhum_termo_no_restante
RS4591,metodo,sem_dado,sem_resumo;nenhum_termo_no_restante
RS4593,metodo,passa,"grupos=experimental;termos=experiment*,experimental"
RS4594,metodo,etiqueta,nenhum_termo
RS4595,metodo,etiqueta,nenhum_termo
RS4597,metodo,etiqueta,nenhum_termo
RS4598,metodo,sem_dado,sem_resumo;nenhum_termo_no_restante
RS4599,metodo,sem_dado,sem_resumo;nenhum_termo_no_restante
RS4606,metodo,passa,grupos=experimental;termos=experiment*
RS4608,metodo,passa,"grupos=causalidade,quantitativo;termos=causal,correlation*"
RS4609,metodo,passa,"grupos=experimental;termos=experiment*,natural experiment*"
RS4610,metodo,passa,"grupos=experimental,quantitativo;termos=correlation*,experiment*"
RS4611,metodo,passa,"grupos=experimental;termos=experiment*,experimental"
RS4612,metodo,etiqueta,nenhum_termo
RS4613,metodo,passa,"grupos=experimental;termos=experiment*,experimental"
RS4614,metodo,etiqueta,nenhum_termo
RS4616,metodo,etiqueta,nenhum_termo
RS4617,metodo,passa,"grupos=experimental,quantitativo;termos=experiment*,multilevel"
RS4619,metodo,passa,"grupos=experimental;termos=experiment*,experimental"
RS4621,metodo,etiqueta,nenhum_termo
RS4622,metodo,passa,"grupos=experimental;termos=experiment*,experimental"
RS4625,metodo,etiqueta,nenhum_termo
RS4627,metodo,passa,"grupos=experimental;termos=experiment*,experimental"
RS4629,metodo,sem_dado,sem_resumo;nenhum_termo_no_restante
RS4630,metodo,etiqueta,nenhum_termo
RS4631,metodo,etiqueta,nenhum_termo
RS4632,metodo,sem_dado,sem_resumo;nenhum_termo_no_restante
RS4633,metodo,etiqueta,nenhum_termo
RS4634,metodo,sem_dado,sem_resumo;nenhum_termo_no_restante
