citekey,ficha,variavel,pagina_indicada,status,pagina_encontrada_impressa,offset_pagina,citacao
Agranov2012a,fichamento_Agranov2012a.md,texto_confere,1,OK,,0,What Makes Voters Turn Out:
Agranov2012a,fichamento_Agranov2012a.md,texto_confere,1,OK,,0,Marina Agranov
Agranov2012a,fichamento_Agranov2012a.md,tipo_documento,1,OK,,0,"December 29, 2014"
Agranov2012a,fichamento_Agranov2012a.md,c1_populacao_contexto,3,OK,,0,participated in a total of 440 elections between two alternatives
Agranov2012a,fichamento_Agranov2012a.md,c2_intervencao_estudada,9,OK,,0,This treatment replicates real polls in which subjects may potentially be strategic
Agranov2012a,fichamento_Agranov2012a.md,c2_intervencao_estudada,3,OK,,0,were told the results of that poll before deciding
Agranov2012a,fichamento_Agranov2012a.md,c3_desfecho,24,OK,,0,Table 4: Probit Regressions Explaining Turnout
Agranov2012a,fichamento_Agranov2012a.md,c3_desfecho,34,OK,,0,Figure 4 depicts the realized lead as a function of the lead
Agranov2012a,fichamento_Agranov2012a.md,c4_desenho_elegivel,1,OK,,0,We use laboratory experiments to test for one of the foundations
Agranov2012a,fichamento_Agranov2012a.md,c4_desenho_elegivel,10,OK,,0,Each experimental session implemented one of the information treatments
Agranov2012a,fichamento_Agranov2012a.md,c5_estudo_primario,10,OK,,0,"Overall, 198 subjects participated."
Agranov2012a,fichamento_Agranov2012a.md,c6_nao_retratado,1,OK,,0,What Makes Voters Turn Out:
Agranov2012a,fichamento_Agranov2012a.md,fonte_dados_amostra,10,OK,,0,The experiments were conducted at the California Social Sciences
Agranov2012a,fichamento_Agranov2012a.md,fonte_dados_amostra,10,OK,,0,"Overall, 198 subjects participated."
Agranov2012a,fichamento_Agranov2012a.md,fonte_dados_amostra,3,OK,,0,participated in a total of 440 elections
Agranov2012a,fichamento_Agranov2012a.md,registro_financiamento,1,OK,,0,"ERC Advanced Investigator Grant, ESEI-249433"
Agranov2012a,fichamento_Agranov2012a.md,registro_financiamento,1,OK,,0,the National Science Foundation (SES 0963583)
Agranov2017a,fichamento_Agranov2017a.md,texto_confere,1,OK,,3,What makes voters turn out
Agranov2017a,fichamento_Agranov2017a.md,texto_confere,41,OK,,3,Discussion Papers of the Research Area Markets and Choice 2016
Agranov2017a,fichamento_Agranov2017a.md,tipo_documento,41,OK,,3,Discussion Papers of the Research Area Markets and Choice 2016
Agranov2017a,fichamento_Agranov2017a.md,c1_populacao_contexto,3,OK,,3,each participated in a total of 440 elections
Agranov2017a,fichamento_Agranov2017a.md,c1_populacao_contexto,10,OK,,3,"Overall, 198 subjects participated"
Agranov2017a,fichamento_Agranov2017a.md,c2_intervencao_estudada,3,OK,,3,subjects participated in a poll reporting their voting intentions
Agranov2017a,fichamento_Agranov2017a.md,c2_intervencao_estudada,9,OK,,3,we had three types of sessions
Agranov2017a,fichamento_Agranov2017a.md,c3_desfecho,18,OK,,3,Table 3 contains the observed voting propensities
Agranov2017a,fichamento_Agranov2017a.md,c3_desfecho,34,OK,,3,realized leads surpass those suggested by the poll
Agranov2017a,fichamento_Agranov2017a.md,c4_desenho_elegivel,1,OK,,3,We use laboratory experiments to test for one of the foundations
Agranov2017a,fichamento_Agranov2017a.md,c4_desenho_elegivel,8,OK,,3,subjects are randomized into a group of nine subjects
Agranov2017a,fichamento_Agranov2017a.md,c5_estudo_primario,17,OK,,3,we present the voting patterns observed in our data
Agranov2017a,fichamento_Agranov2017a.md,c6_nao_retratado,1,OK,,3,What makes voters turn out
Agranov2017a,fichamento_Agranov2017a.md,outros_relatos_mesmo_estudo,8,OK,,3,The full instructions are available at
Agranov2017a,fichamento_Agranov2017a.md,fonte_dados_amostra,10,OK,,3,"Overall, 198 subjects participated"
Agranov2017a,fichamento_Agranov2017a.md,fonte_dados_amostra,3,OK,,3,each participated in a total of 440 elections
Agranov2017a,fichamento_Agranov2017a.md,registro_financiamento,1,OK,,3,ERC Advanced Investigator Grant
Agranov2017a,fichamento_Agranov2017a.md,registro_financiamento,1,OK,,3,the National Science Foundation (SES 0963583)
Alabrese2022a,fichamento_Alabrese2022a.md,texto_confere,1,OK,,1,"National Polls, Local Preferences and Voters"
Alabrese2022a,fichamento_Alabrese2022a.md,texto_confere,1,OK,,1,Evidence from the UK General Elections
Alabrese2022a,fichamento_Alabrese2022a.md,tipo_documento,0,OK,,1,Warwick Economics Research Papers
Alabrese2022a,fichamento_Alabrese2022a.md,c1_populacao_contexto,3,OK,,1,a panel of constituencies across UK general elections from 1983 to 2017
Alabrese2022a,fichamento_Alabrese2022a.md,c1_populacao_contexto,17,OK,,1,The last set of results uses individual-level data from Understanding society
Alabrese2022a,fichamento_Alabrese2022a.md,c2_intervencao_estudada,9,OK,,1,I focus on national polls produced within four weeks
Alabrese2022a,fichamento_Alabrese2022a.md,c2_intervencao_estudada,21,OK,,1,is the exposure to a certain time window of opinion polls
Alabrese2022a,fichamento_Alabrese2022a.md,c3_desfecho,23,OK,,1,where the dependent variable is local turnout
Alabrese2022a,fichamento_Alabrese2022a.md,c3_desfecho,20,OK,,1,are party vote shares and probability of winning
Alabrese2022a,fichamento_Alabrese2022a.md,c3_desfecho,17,OK,,1,I use these variables to proxy for respondents
Alabrese2022a,fichamento_Alabrese2022a.md,c4_desenho_elegivel,35,OK,,1,allows to use constituency-by-year variation in previous election margin
Alabrese2022a,fichamento_Alabrese2022a.md,c4_desenho_elegivel,5,OK,,1,Survey respondents are hence exposed to a quasi-random polling information
Alabrese2022a,fichamento_Alabrese2022a.md,c4_desenho_elegivel,5,OK,,1,as interview dates are randomly assigned
Alabrese2022a,fichamento_Alabrese2022a.md,c5_estudo_primario,15,OK,,1,Electoral results at constituency level are extracted from
Alabrese2022a,fichamento_Alabrese2022a.md,c6_nao_retratado,1,OK,,1,Evidence from the UK General Elections
Alabrese2022a,fichamento_Alabrese2022a.md,outros_relatos_mesmo_estudo,0,OK,,1,This paper also appears as QAPEC Discussion paper 15
Alabrese2022a,fichamento_Alabrese2022a.md,fonte_dados_amostra,6,OK,,1,This work considers all general elections between 1983 and 2017
Alabrese2022a,fichamento_Alabrese2022a.md,fonte_dados_amostra,17,OK,,1,"their questionnaire in either 2010, 2015 or both years"
Alabrese2022a,fichamento_Alabrese2022a.md,fonte_dados_amostra,23,OK,,1,"4,676"
Alabrese2022a,fichamento_Alabrese2022a.md,fonte_dados_amostra,33,OK,,1,"26,352"
Alabrese2022a,fichamento_Alabrese2022a.md,fonte_dados_amostra,33,OK,,1,"44,272"
Alabrese2024a,fichamento_Alabrese2024a.md,texto_confere,1,OK,,1,"Opinion Polls, Turnout and the Demand for Safe Seats"
Alabrese2024a,fichamento_Alabrese2024a.md,tipo_documento,0,OK,,1,CAGE working paper no. 707
Alabrese2024a,fichamento_Alabrese2024a.md,c1_populacao_contexto,6,OK,,1,a panel of UK constituencies spanning general elections from 1983 to 2017
Alabrese2024a,fichamento_Alabrese2024a.md,c2_intervencao_estudada,1,OK,,1,Analysing national opinion polls during UK general elections
Alabrese2024a,fichamento_Alabrese2024a.md,c2_intervencao_estudada,25,OK,,1,leverages the quasi-random exposure of each individual to opinion poll information
Alabrese2024a,fichamento_Alabrese2024a.md,c3_desfecho,27,OK,,1,between the total number of votes and the number of eligible voters
Alabrese2024a,fichamento_Alabrese2024a.md,c3_desfecho,23,OK,,1,now represents the winning probabilities of local parties
Alabrese2024a,fichamento_Alabrese2024a.md,c4_desenho_elegivel,5,OK,,1,"exploiting within-election, cross-constituency variation in local safeness"
Alabrese2024a,fichamento_Alabrese2024a.md,c4_desenho_elegivel,7,OK,,1,are interviewed at a random date to corroborate
Alabrese2024a,fichamento_Alabrese2024a.md,c5_estudo_primario,17,OK,,1,Electoral results at the constituency level are extracted from the
Alabrese2024a,fichamento_Alabrese2024a.md,c6_nao_retratado,1,OK,,1,"Opinion Polls, Turnout and the Demand for Safe Seats"
Alabrese2024a,fichamento_Alabrese2024a.md,fonte_dados_amostra,11,OK,,1,This work considers all general elections between 1983 and 2017
Alabrese2024a,fichamento_Alabrese2024a.md,fonte_dados_amostra,52,OK,,1,[4676]
Alabrese2024a,fichamento_Alabrese2024a.md,fonte_dados_amostra,20,OK,,1,"individuals starting their questionnaire in either 2010, 2015 or both years"
Alabrese2024a,fichamento_Alabrese2024a.md,fonte_dados_amostra,21,OK,,1,each constituency and year yields approximately 86 responses
AlvarezGomez2022,fichamento_AlvarezGomez2022.md,texto_confere,61,OK,,-60,"LOS COMICIOS EN COAHUILA, 2018"
AlvarezGomez2022,fichamento_AlvarezGomez2022.md,tipo_documento,61,OK,,-60,"LOS COMICIOS EN COAHUILA, 2018"
AlvarezGomez2022,fichamento_AlvarezGomez2022.md,c1_populacao_contexto,61,OK,,-60,Este texto evalúa los resultados de las elecciones locales celebradas
AlvarezGomez2022,fichamento_AlvarezGomez2022.md,c2_intervencao_estudada,61,OK,,-60,trabajo es describir el proceso de cambio ocurrido en las elecciones
AlvarezGomez2022,fichamento_AlvarezGomez2022.md,c3_desfecho,67,OK,,-60,Todos por Coahuila obtuvo el 37.7% de la votación
AlvarezGomez2022,fichamento_AlvarezGomez2022.md,c3_desfecho,68,OK,,-60,La participación ciudadana en los comicios de 2018 creció
AlvarezGomez2022,fichamento_AlvarezGomez2022.md,c4_desenho_elegivel,61,OK,,-60,un análisis interpretativo de los resultados electorales
AlvarezGomez2022,fichamento_AlvarezGomez2022.md,c5_estudo_primario,63,OK,,-60,Elaboración propia con datos del Instituto Electoral de Coahuila
AlvarezGomez2022,fichamento_AlvarezGomez2022.md,c6_nao_retratado,61,OK,,-60,"LOS COMICIOS EN COAHUILA, 2018"
AlvarezGomez2022,fichamento_AlvarezGomez2022.md,fonte_dados_amostra,68,OK,,-60,Elaborado por el IEC a partir de los cómputos distritales
AlvarezGomez2022,fichamento_AlvarezGomez2022.md,fonte_dados_amostra,61,OK,,-60,los 38 ayuntamientos que conforman su territorio
Ambrus2017,fichamento_Ambrus2017.md,texto_confere,1,OK,,0,The Case for Nil Votes
Ambrus2017,fichamento_Ambrus2017.md,tipo_documento,37,OK,,0,Supplementary appendix (not for publication)
Ambrus2017,fichamento_Ambrus2017.md,c1_populacao_contexto,18,OK,,0,There were six potential voters in an electorate
Ambrus2017,fichamento_Ambrus2017.md,c1_populacao_contexto,3,OK,,0,the candidate receiving the higher number of votes winning
Ambrus2017,fichamento_Ambrus2017.md,c2_intervencao_estudada,3,OK,,0,the other dimension is whether a nil vote is explicitly provided
Ambrus2017,fichamento_Ambrus2017.md,c2_intervencao_estudada,18,OK,,0,We implemented a 2 x 2 factorial design
Ambrus2017,fichamento_Ambrus2017.md,c3_desfecho,24,OK,,0,"dependent variables isolate a single choice, either voting for a candidate"
Ambrus2017,fichamento_Ambrus2017.md,c3_desfecho,24,OK,,0,the dependent Abstain is equal to 1 if
Ambrus2017,fichamento_Ambrus2017.md,c4_desenho_elegivel,3,OK,,0,dimension of experimental variation is whether voting is voluntary or compulsory
Ambrus2017,fichamento_Ambrus2017.md,c4_desenho_elegivel,19,OK,,0,Business School Experimental Research Laboratory at the University of New South Wales
Ambrus2017,fichamento_Ambrus2017.md,c5_estudo_primario,21,OK,,0,In our experiment we gathered a total of 276 independent voting decisions
Ambrus2017,fichamento_Ambrus2017.md,c6_nao_retratado,1,OK,,0,Asymmetric Information in Compulsory and
Ambrus2017,fichamento_Ambrus2017.md,fonte_dados_amostra,19,OK,,0,The experimental sessions took place between June and October 2010
Ambrus2017,fichamento_Ambrus2017.md,fonte_dados_amostra,19,OK,,0,292 subjects were recruited through the online recruitment system ORSEE
Anon2021,fichamento_Anon2021.md,texto_confere,257,OK,,-256,ТА ОБМЕЖЕННЯ ЗАСТОСУВАННЯ
Anon2021,fichamento_Anon2021.md,tipo_documento,259,OK,,-256,The article deals with the problem of information
Anon2021,fichamento_Anon2021.md,c1_populacao_contexto,257,OK,,-256,державного управління в частині соціального прогнозування
Anon2021,fichamento_Anon2021.md,c2_intervencao_estudada,259,OK,,-256,application of psychological approaches in social forecasting
Anon2021,fichamento_Anon2021.md,c3_desfecho,267,OK,,-256,психологічний стан соціальних груп і спільнот
Anon2021,fichamento_Anon2021.md,c4_desenho_elegivel,262,OK,,-256,Прогнозування не зводиться до спроб передбачення
Anon2021,fichamento_Anon2021.md,c5_estudo_primario,263,OK,,-256,На цю обставину звертають увагу чимало дослідників
Anon2021,fichamento_Anon2021.md,c6_nao_retratado,257,OK,,-256,ТА ОБМЕЖЕННЯ ЗАСТОСУВАННЯ
Anon2021,fichamento_Anon2021.md,outros_relatos_mesmo_estudo,265,OK,,-256,"неодноразово зазначала, що актуалізація проблеми масового"
Anon2022b,fichamento_Anon2022b.md,texto_confere,4,OK,,0,Desafíos de los procesos locales intermedios
Anon2022b,fichamento_Anon2022b.md,tipo_documento,7,OK,,0,Este libro complementa el titulado
Anon2022b,fichamento_Anon2022b.md,c1_populacao_contexto,232,OK,,0,la ciudadanía quintanarroense asistió a las urnas en una proporción mayor
Anon2022b,fichamento_Anon2022b.md,c2_intervencao_estudada,263,OK,,0,las encuestas de intención de voto daban una clara preferencia
Anon2022b,fichamento_Anon2022b.md,c2_intervencao_estudada,322,OK,,0,ante las encuestas nacionales que le daban la preferencia a Peña Nieto
Anon2022b,fichamento_Anon2022b.md,c3_desfecho,330,OK,,0,Morena obtuvo 57.12% sobre el 10.48% del PRI
Anon2022b,fichamento_Anon2022b.md,c3_desfecho,295,OK,,0,un porcentaje de participación de 62.65% del padrón electoral local
Anon2022b,fichamento_Anon2022b.md,c4_desenho_elegivel,244,OK,,0,El presente documento es de carácter cualitativo
Anon2022b,fichamento_Anon2022b.md,c4_desenho_elegivel,259,OK,,0,En este ensayo de investigación nos proponemos analizar los comicios
Anon2022b,fichamento_Anon2022b.md,c5_estudo_primario,275,OK,,0,Todos los cálculos y datos electorales que se presentan aquí fueron
Anon2022b,fichamento_Anon2022b.md,c6_nao_retratado,1,OK,,0,LOS ESTADOS EN 2018.
Anon2022b,fichamento_Anon2022b.md,outros_relatos_mesmo_estudo,11,OK,,0,Contexto federal y gubernaturas son producto del seminario
Anon2022b,fichamento_Anon2022b.md,fonte_dados_amostra,7,OK,,0,Aquí se incluyen 20 capítulos en los cuales se profundiza
Anon2022b,fichamento_Anon2022b.md,fonte_dados_amostra,275,OK,,0,Todos los cálculos y datos electorales que se presentan aquí fueron
Anon2022b,fichamento_Anon2022b.md,registro_financiamento,4,OK,,0,e Innovación Tecnológica (PAPIIT) IN305418.
Araujo2010,fichamento_Araujo2010.md,texto_confere,1,OK,,0,Tactical Voting in Plurality Elections
Araujo2010,fichamento_Araujo2010.md,tipo_documento,1,OK,,0,PLoS ONE 5(9): e12446
Araujo2010,fichamento_Araujo2010.md,c1_populacao_contexto,3,OK,,0,let us first consider Brazilian mayor elections
Araujo2010,fichamento_Araujo2010.md,c2_intervencao_estudada,1,OK,,0,the relative strength of the feedback from polls
Araujo2010,fichamento_Araujo2010.md,c3_desfecho,1,OK,,0,the distribution of votes obtained in the Brazilian mayor elections
Araujo2010,fichamento_Araujo2010.md,c4_desenho_elegivel,5,OK,,0,We have performed Monte Carlo simulations on the square lattice
Araujo2010,fichamento_Araujo2010.md,c5_estudo_primario,5,OK,,0,Let us now consider the results from mayor elections in the
Araujo2010,fichamento_Araujo2010.md,c6_nao_retratado,1,OK,,0,Tactical Voting in Plurality Elections
Araujo2010,fichamento_Araujo2010.md,outros_relatos_mesmo_estudo,4,OK,,0,"and Brazil (green triangles) [17,21]"
Araujo2010,fichamento_Araujo2010.md,outros_relatos_mesmo_estudo,5,OK,,0,"Araripe LE, Costa Filho RN, Herrmann HJ, Andrade JS (2006) Plurality"
Araujo2010,fichamento_Araujo2010.md,fonte_dados_amostra,3,OK,,0,"resilient over the three elections (2000, 2004, and 2008)"
Araujo2010,fichamento_Araujo2010.md,fonte_dados_amostra,5,OK,,0,mayor elections in the United States (2008) [27] and Canada (2008) [28]
Araujo2010,fichamento_Araujo2010.md,registro_financiamento,1,OK,,0,Technology) Grant 01-08-2
Araujo2010,fichamento_Araujo2010.md,registro_financiamento,1,OK,,0,Swiss National Science Foundation Grant 200021_126853
Araujo2021,fichamento_Araujo2021.md,texto_confere,1,OK,,0,Casting ballots when knowing results
Araujo2021,fichamento_Araujo2021.md,tipo_documento,3,OK,,0,"In the current article, we exploit an unique source"
Araujo2021,fichamento_Araujo2021.md,c1_populacao_contexto,18,OK,,0,"In Brazil, citizens between the ages of 18 and 70"
Araujo2021,fichamento_Araujo2021.md,c1_populacao_contexto,18,OK,,0,323 voters are registered to cast ballots in each voting machine
Araujo2021,fichamento_Araujo2021.md,c2_intervencao_estudada,20,OK,,0,for voting machines that closed after the results started being released
Araujo2021,fichamento_Araujo2021.md,c2_intervencao_estudada,32,OK,,0,our results emerge from a situation of exposure to vote tallies
Araujo2021,fichamento_Araujo2021.md,c3_desfecho,20,OK,,0,We estimate Ordinary Least Squares (OLS) models for each outcome variable
Araujo2021,fichamento_Araujo2021.md,c3_desfecho,23,OK,,0,support for the announced frontrunner is 5.69 pp higher in treated units
Araujo2021,fichamento_Araujo2021.md,c4_desenho_elegivel,8,OK,,0,the 2018 Brazilian election provides an unique natural experimental setting
Araujo2021,fichamento_Araujo2021.md,c4_desenho_elegivel,19,OK,,0,we identify our treatment and control units
Araujo2021,fichamento_Araujo2021.md,c5_estudo_primario,3,OK,,0,Using timestamp data of the last vote cast in each voting machine
Araujo2021,fichamento_Araujo2021.md,c6_nao_retratado,1,OK,,0,Casting ballots when knowing results
Araujo2021,fichamento_Araujo2021.md,fonte_dados_amostra,18,OK,,0,"data are available for each round of the election for all 454,490"
Araujo2021,fichamento_Araujo2021.md,fonte_dados_amostra,19,OK,,0,"a total of 8,548 (1.6%) observations are in our treatment group"
Araujo2021a,fichamento_Araujo2021a.md,texto_confere,1,OK,,1,Casting Ballots When Knowing Results
Araujo2021a,fichamento_Araujo2021a.md,tipo_documento,1,OK,,1,"British Journal of Political Science (2021), page 1 of 19"
Araujo2021a,fichamento_Araujo2021a.md,c1_populacao_contexto,1,OK,,1,"In the 2018 Brazilian presidential elections, unpredictable technical glitches caused"
Araujo2021a,fichamento_Araujo2021a.md,c1_populacao_contexto,9,OK,,1,"In each station, there is one voting machine"
Araujo2021a,fichamento_Araujo2021a.md,c2_intervencao_estudada,10,OK,,1,machines that remained open after preliminary results started being announced
Araujo2021a,fichamento_Araujo2021a.md,c2_intervencao_estudada,16,OK,,1,our results emerge from a situation of exposure to vote tallies
Araujo2021a,fichamento_Araujo2021a.md,c3_desfecho,9,OK,,1,share of votes for Haddad (second place)
Araujo2021a,fichamento_Araujo2021a.md,c4_desenho_elegivel,1,OK,,1,strategic voting; natural experiment; Brazil
Araujo2021a,fichamento_Araujo2021a.md,c4_desenho_elegivel,10,OK,,1,Ordinary Least Squares (OLS) models for each outcome variable
Araujo2021a,fichamento_Araujo2021a.md,c5_estudo_primario,9,OK,,1,323 voters are registered to cast ballots on each voting machine
Araujo2021a,fichamento_Araujo2021a.md,c6_nao_retratado,1,OK,,1,Casting Ballots When Knowing Results
Araujo2021a,fichamento_Araujo2021a.md,outros_relatos_mesmo_estudo,17,OK,,1,Replication data for this article can be found in Harvard Dataverse
Araujo2021a,fichamento_Araujo2021a.md,fonte_dados_amostra,2,OK,,1,Using timestamp data of the last vote cast in each voting machine
Araujo2021a,fichamento_Araujo2021a.md,fonte_dados_amostra,10,OK,,1,"8,548 (1.6 per cent) observations are in our treatment group"
Bahnsen2020,fichamento_Bahnsen2020.md,texto_confere,1,OK,,0,How Do Coalition Signals Shape Voting Behavior?
Bahnsen2020,fichamento_Bahnsen2020.md,texto_confere,1,OK,,0,Preprint submitted to Elsevier
Bahnsen2020,fichamento_Bahnsen2020.md,tipo_documento,1,OK,,0,Preprint submitted to Elsevier
Bahnsen2020,fichamento_Bahnsen2020.md,c1_populacao_contexto,7,OK,,0,"In total, 1,907 respondents participated in our survey experiment"
Bahnsen2020,fichamento_Bahnsen2020.md,c1_populacao_contexto,6,OK,,0,Swedish voters are familiar with coalition signals
Bahnsen2020,fichamento_Bahnsen2020.md,c2_intervencao_estudada,7,OK,,0,respondents were exposed to the following coalition signal vignettes
Bahnsen2020,fichamento_Bahnsen2020.md,c2_intervencao_estudada,6,OK,,0,all major opinion polls suggested that neither the left nor
Bahnsen2020,fichamento_Bahnsen2020.md,c3_desfecho,8,OK,,0,the respondents indicated their propensity to vote
Bahnsen2020,fichamento_Bahnsen2020.md,c3_desfecho,10,OK,,0,How likely is it that you will vote for the following parties?
Bahnsen2020,fichamento_Bahnsen2020.md,c4_desenho_elegivel,7,OK,,0,respondents were randomly assigned to one of four treatment groups
Bahnsen2020,fichamento_Bahnsen2020.md,c5_estudo_primario,2,OK,,0,We conducted a coalition vignette survey experiment
Bahnsen2020,fichamento_Bahnsen2020.md,c6_nao_retratado,1,OK,,0,How Do Coalition Signals Shape Voting Behavior?
Bahnsen2020,fichamento_Bahnsen2020.md,fonte_dados_amostra,7,OK,,0,during the 2018 Swedish election campaign between June 12 and August 6
Bahnsen2020,fichamento_Bahnsen2020.md,fonte_dados_amostra,7,OK,,0,"In total, 1,907 respondents participated in our survey experiment"
Bahnsen2020,fichamento_Bahnsen2020.md,registro_financiamento,1,OK,,0,a research project (grant GS 17/8-1)
Bahnsen2020,fichamento_Bahnsen2020.md,registro_financiamento,1,OK,,0,funded by the German Research Foundation (DFG)
BejarAlgazi2022,fichamento_BejarAlgazi2022.md,texto_confere,175,OK,,-174,EFECTOS ELECTORALES SOBRE EL PROCESO LEGISLATIVO
BejarAlgazi2022,fichamento_BejarAlgazi2022.md,tipo_documento,176,OK,,-174,este escrito busca responder a la siguiente pregunta
BejarAlgazi2022,fichamento_BejarAlgazi2022.md,c1_populacao_contexto,176,OK,,-174,qué efectos puede observar el proceso legislativo a partir del cambio
BejarAlgazi2022,fichamento_BejarAlgazi2022.md,c2_intervencao_estudada,175,OK,,-174,Apenas conocidos los resultados electorales del 1 de julio del 2018
BejarAlgazi2022,fichamento_BejarAlgazi2022.md,c3_desfecho,182,OK,,-174,aunque la tasa de éxito del ejecutivo es bastante alta
BejarAlgazi2022,fichamento_BejarAlgazi2022.md,c4_desenho_elegivel,176,OK,,-174,su carácter parcialmente especulativo al analizar un proceso en curso
BejarAlgazi2022,fichamento_BejarAlgazi2022.md,c5_estudo_primario,183,OK,,-174,elaboración propia con datos de la Cámara de Diputados
BejarAlgazi2022,fichamento_BejarAlgazi2022.md,c6_nao_retratado,175,OK,,-174,EFECTOS ELECTORALES SOBRE EL PROCESO LEGISLATIVO
BejarAlgazi2022,fichamento_BejarAlgazi2022.md,fonte_dados_amostra,181,OK,,-174,"Cámara de Diputados, Sistema de Información Legislativa (2019)"
BejarAlgazi2022,fichamento_BejarAlgazi2022.md,fonte_dados_amostra,180,OK,,-174,pudo advertir ya desde la LIV Legislatura
BejarAlgazi2022,fichamento_BejarAlgazi2022.md,fonte_dados_amostra,189,OK,,-174,"según la prensa, en los primeros cuatro meses"
Belo2013,fichamento_Belo2013.md,c1_populacao_contexto,437,PDF_TEXTO_NAO_EXTRAIVEL,,103,15 eleições de âmbito nacional e 169 de âmbito local
Belo2013,fichamento_Belo2013.md,c2_intervencao_estudada,505,PDF_TEXTO_NAO_EXTRAIVEL,,103,A comparação entre os resultados eleitorais e as intenções de voto
Belo2013,fichamento_Belo2013.md,c3_desfecho,528,PDF_TEXTO_NAO_EXTRAIVEL,,103,comportamento de voto do eleitorado de cada partido
Belo2013,fichamento_Belo2013.md,c3_desfecho,529,PDF_TEXTO_NAO_EXTRAIVEL,,103,"associados a uma maior participação eleitoral, ou seja, menor"
Belo2013,fichamento_Belo2013.md,c4_desenho_elegivel,301,PDF_TEXTO_NAO_EXTRAIVEL,,103,"assume um carácter documental, não envolvendo componentes de experimentação"
Belo2013,fichamento_Belo2013.md,c4_desenho_elegivel,505,PDF_TEXTO_NAO_EXTRAIVEL,,103,O estudo é efetuado de forma indireta
Belo2013,fichamento_Belo2013.md,c5_estudo_primario,314,PDF_TEXTO_NAO_EXTRAIVEL,,103,foi possível ter acesso a 489 notícias
Belo2013,fichamento_Belo2013.md,fonte_dados_amostra,313,PDF_TEXTO_NAO_EXTRAIVEL,,103,realizadas entre 1991 e 2012
Belo2013,fichamento_Belo2013.md,fonte_dados_amostra,316,PDF_TEXTO_NAO_EXTRAIVEL,,103,"com 561 sondagens, consistindo numa taxa de amostragem"
Benavente2013,fichamento_Benavente2013.md,texto_confere,173,OK,,-172,Apuntes sobre encuestas electorales
Benavente2013,fichamento_Benavente2013.md,tipo_documento,173,OK,,-172,ARTÍCULO DE DIVULGACIÓN
Benavente2013,fichamento_Benavente2013.md,tipo_documento,173,OK,,-172,Apunt. cienc. soc. 2013; 03(02)
Benavente2013,fichamento_Benavente2013.md,c1_populacao_contexto,173,OK,,-172,por el efecto que puedan generar en los votantes
Benavente2013,fichamento_Benavente2013.md,c1_populacao_contexto,177,OK,,-172,En el caso de Perú
Benavente2013,fichamento_Benavente2013.md,c2_intervencao_estudada,173,OK,,-172,la publicación de encuestas preelectorales influye en la decisión de voto
Benavente2013,fichamento_Benavente2013.md,c3_desfecho,178,OK,,-172,puede producir modificaciones en la intención de voto de los electores
Benavente2013,fichamento_Benavente2013.md,c4_desenho_elegivel,173,OK,,-172,ARTÍCULO DE DIVULGACIÓN
Benavente2013,fichamento_Benavente2013.md,c4_desenho_elegivel,177,OK,,-172,las encuestas de opinión tienen efectos directos e indirectos
Benavente2013,fichamento_Benavente2013.md,c5_estudo_primario,173,OK,,-172,ARTÍCULO DE DIVULGACIÓN
Benavente2013,fichamento_Benavente2013.md,c6_nao_retratado,173,OK,,-172,Apuntes sobre encuestas electorales
Benavente2013,fichamento_Benavente2013.md,fonte_dados_amostra,177,OK,,-172,"33,39% de la población electoral peruana"
Benavente2013,fichamento_Benavente2013.md,fonte_dados_amostra,179,OK,,-172,Instituto Nacional de Estadística e Informática
Bischoff2012,fichamento_Bischoff2012.md,texto_confere,1,OK,,1,Social information and bandwagon behaviour in voting
Bischoff2012,fichamento_Bischoff2012.md,tipo_documento,0,OK,,1,Joint Discussion Paper
Bischoff2012,fichamento_Bischoff2012.md,c1_populacao_contexto,10,OK,,1,"In each round, the group has to vote simultaneously on"
Bischoff2012,fichamento_Bischoff2012.md,c2_intervencao_estudada,11,OK,,1,this information is not bogus but each group gets true information
Bischoff2012,fichamento_Bischoff2012.md,c3_desfecho,15,OK,,1,voting decisions by comparing the approval rates between the two treatments
Bischoff2012,fichamento_Bischoff2012.md,c4_desenho_elegivel,9,OK,,1,Our experiment involves two times two sessions with four different groups
Bischoff2012,fichamento_Bischoff2012.md,c5_estudo_primario,1,OK,,1,We present an economic experiment on the impact of social information
Bischoff2012,fichamento_Bischoff2012.md,c6_nao_retratado,1,OK,,1,Social information and bandwagon behaviour in voting
Bischoff2012,fichamento_Bischoff2012.md,outros_relatos_mesmo_estudo,9,OK,,1,our experimental tests is available with the author upon request.
Bischoff2012,fichamento_Bischoff2012.md,fonte_dados_amostra,10,OK,,1,A total of 418 undergraduate students
Black2012,fichamento_Black2012.md,c1_populacao_contexto,73,PDF_TEXTO_NAO_EXTRAIVEL,,12,este foi direcionado apenas para moradores do Distrito Federal
Black2012,fichamento_Black2012.md,c2_intervencao_estudada,70,PDF_TEXTO_NAO_EXTRAIVEL,,12,o poder preditivo dos Valores Políticos sobre a intenção e o voto
Black2012,fichamento_Black2012.md,c3_desfecho,19,PDF_TEXTO_NAO_EXTRAIVEL,,12,variável dependente deste trabalho a intenção de voto e o voto
Black2012,fichamento_Black2012.md,c4_desenho_elegivel,73,PDF_TEXTO_NAO_EXTRAIVEL,,12,"Foi utilizada no segundo estudo, novamente, uma amostra de conveniência"
Black2012,fichamento_Black2012.md,c4_desenho_elegivel,75,PDF_TEXTO_NAO_EXTRAIVEL,,12,posteriormente uma série de regressões logísticas sequenciais
Black2012,fichamento_Black2012.md,c5_estudo_primario,76,PDF_TEXTO_NAO_EXTRAIVEL,,12,A amostra deste estudo foi composta por 467 sujeitos
Black2012,fichamento_Black2012.md,fonte_dados_amostra,53,PDF_TEXTO_NAO_EXTRAIVEL,,12,23 de novembro de 2009 e 22 de maio de 2010
Black2012,fichamento_Black2012.md,fonte_dados_amostra,49,PDF_TEXTO_NAO_EXTRAIVEL,,12,foram considerados 999 sujeitos para a amostra
Black2012,fichamento_Black2012.md,fonte_dados_amostra,75,PDF_TEXTO_NAO_EXTRAIVEL,,12,entre 10 de setembro e 2 de outubro de 2010
Black2012,fichamento_Black2012.md,fonte_dados_amostra,113,PDF_TEXTO_NAO_EXTRAIVEL,,12,compondo uma amostra com 188 participantes
Boudreau2010,fichamento_Boudreau2010.md,texto_confere,513,OK,,-512,The Blind Leading the Blind: Who Gets Polling
Boudreau2010,fichamento_Boudreau2010.md,tipo_documento,513,OK,,-512,"The Journal of Politics, Vol. 72, No. 2"
Boudreau2010,fichamento_Boudreau2010.md,c1_populacao_contexto,515,OK,,-512,We ask subjects to make choices about math problems
Boudreau2010,fichamento_Boudreau2010.md,c1_populacao_contexto,520,OK,,-512,A total of 236 adults who were enrolled in undergraduate classes participated
Boudreau2010,fichamento_Boudreau2010.md,c2_intervencao_estudada,515,OK,,-512,"before running our experiments, we polled 66 college undergraduates"
Boudreau2010,fichamento_Boudreau2010.md,c2_intervencao_estudada,515,OK,,-512,choose to receive the results of polls
Boudreau2010,fichamento_Boudreau2010.md,c3_desfecho,520,OK,,-512,whether a subject chooses to receive a poll on each problem
Boudreau2010,fichamento_Boudreau2010.md,c3_desfecho,521,OK,,-512,the amount of money that a subject earns on each problem
Boudreau2010,fichamento_Boudreau2010.md,c4_desenho_elegivel,515,OK,,-512,we randomly assign subjects to either a control group
Boudreau2010,fichamento_Boudreau2010.md,c4_desenho_elegivel,520,OK,,-512,we conducted laboratory experiments at a large public university
Boudreau2010,fichamento_Boudreau2010.md,c5_estudo_primario,520,OK,,-512,A total of 236 adults who were enrolled in undergraduate classes participated
Boudreau2010,fichamento_Boudreau2010.md,c5_estudo_primario,520,OK,,-512,We estimate the above model using a logistic regression
Boudreau2010,fichamento_Boudreau2010.md,c6_nao_retratado,513,OK,,-512,The Blind Leading the Blind: Who Gets Polling
Boudreau2010,fichamento_Boudreau2010.md,outros_relatos_mesmo_estudo,524,OK,,-512,The online appendix can be found at
Boudreau2010,fichamento_Boudreau2010.md,fonte_dados_amostra,520,OK,,-512,A total of 236 adults who were enrolled in undergraduate classes participated
Boudreau2010,fichamento_Boudreau2010.md,fonte_dados_amostra,521,OK,,-512,"for a total of 2,327 choices"
Boudreau2010,fichamento_Boudreau2010.md,registro_financiamento,526,OK,,-512,the National Science Foundation (Grant #SES-0616904)
Boukouras2020a,fichamento_Boukouras2020a.md,texto_confere,1,OK,,1,CAN BIASED POLLS DISTORT ELECTORAL RESULTS?
Boukouras2020a,fichamento_Boukouras2020a.md,texto_confere,1,OK,,1,EVIDENCE FROM THE LAB AND THE FIELD
Boukouras2020a,fichamento_Boukouras2020a.md,texto_confere,1,OK,,1,Aristotelis Boukouras
Boukouras2020a,fichamento_Boukouras2020a.md,tipo_documento,0,OK,,1,Discussion Papers in Economics and Econometrics
Boukouras2020a,fichamento_Boukouras2020a.md,c1_populacao_contexto,11,OK,,1,"there are two political parties, party K and party J"
Boukouras2020a,fichamento_Boukouras2020a.md,c1_populacao_contexto,32,OK,,1,"elections take place, where each participant may vote or abstain"
Boukouras2020a,fichamento_Boukouras2020a.md,c2_intervencao_estudada,4,OK,,1,"In Experiment 1 (E1), we start by comparing a biased regime"
Boukouras2020a,fichamento_Boukouras2020a.md,c2_intervencao_estudada,16,OK,,1,were exposed to the two polls that had the greatest voting intention
Boukouras2020a,fichamento_Boukouras2020a.md,c3_desfecho,16,OK,,1,the likelihood of party K winning the election and its vote share
Boukouras2020a,fichamento_Boukouras2020a.md,c4_desenho_elegivel,15,OK,,1,with participants being randomly allocated between the two
Boukouras2020a,fichamento_Boukouras2020a.md,c5_estudo_primario,14,OK,,1,Experiments E1 and E2 had 120 participants each
Boukouras2020a,fichamento_Boukouras2020a.md,c6_nao_retratado,1,OK,,1,CAN BIASED POLLS DISTORT ELECTORAL RESULTS?
Boukouras2020a,fichamento_Boukouras2020a.md,fonte_dados_amostra,1,OK,,1,"375 participants, we investigate the impact of such biased exposure"
Boukouras2020a,fichamento_Boukouras2020a.md,fonte_dados_amostra,14,OK,,1,students at the University of Southampton and Newcastle Business School
Boukouras2020a,fichamento_Boukouras2020a.md,fonte_dados_amostra,14,OK,,1,the experiments took place between May and November 2018
Boukouras2020a,fichamento_Boukouras2020a.md,fonte_dados_amostra,14,OK,,1,Participants in E3 were students at the University of York
Boukouras2020a,fichamento_Boukouras2020a.md,fonte_dados_amostra,15,OK,,1,place in June 2019.
Boukouras2020a,fichamento_Boukouras2020a.md,fonte_dados_amostra,9,OK,,1,We obtained relevant tweets of poll estimates from @pollsterpolls and @YouGov
Boukouras2020a,fichamento_Boukouras2020a.md,fonte_dados_amostra,48,OK,,1,8 September 2015
Boukouras2020a,fichamento_Boukouras2020a.md,fonte_dados_amostra,48,OK,,1,8 November 2016
Boukouras2020a,fichamento_Boukouras2020a.md,fonte_dados_amostra,48,OK,,1,9 April 2010
Boukouras2020a,fichamento_Boukouras2020a.md,fonte_dados_amostra,48,OK,,1,8 December 2017
Boukouras2020a,fichamento_Boukouras2020a.md,registro_financiamento,1,OK,,1,supported by BA/Leverhulme small grant SG162362
Brownback2024,fichamento_Brownback2024.md,texto_confere,449,OK,,-448,Inference from biased polls
Brownback2024,fichamento_Brownback2024.md,tipo_documento,449,OK,,-448,Contents lists available at ScienceDirect
Brownback2024,fichamento_Brownback2024.md,c1_populacao_contexto,452,OK,,-448,subjects recruited from the University of Arkansas
Brownback2024,fichamento_Brownback2024.md,c1_populacao_contexto,452,OK,,-448,subjects considered binary choices
Brownback2024,fichamento_Brownback2024.md,c2_intervencao_estudada,449,OK,,-448,Predictors observe random subsamples of either
Brownback2024,fichamento_Brownback2024.md,c2_intervencao_estudada,450,OK,,-448,Six actions involve deciding whether to donate $1 to an organization
Brownback2024,fichamento_Brownback2024.md,c3_desfecho,455,OK,,-448,we asked subjects to guess what share of the IC group
Brownback2024,fichamento_Brownback2024.md,c3_desfecho,455,OK,,-448,each predictor submitted updated guesses about the selection rate
Brownback2024,fichamento_Brownback2024.md,c4_desenho_elegivel,452,OK,,-448,Our study design was pre-registered with the AEA RCT registry
Brownback2024,fichamento_Brownback2024.md,c4_desenho_elegivel,455,OK,,-448,predictors observed a random sub-sampling of behavior
Brownback2024,fichamento_Brownback2024.md,c5_estudo_primario,452,OK,,-448,We recruited 39 subjects for the Sentiment Study
Brownback2024,fichamento_Brownback2024.md,c6_nao_retratado,449,OK,,-448,Inference from biased polls
Brownback2024,fichamento_Brownback2024.md,fonte_dados_amostra,452,OK,,-448,we recruited 187 subjects and split them into two groups
Brownback2024,fichamento_Brownback2024.md,fonte_dados_amostra,454,OK,,-448,the Prediction Study featured 271 subjects
Brownback2024,fichamento_Brownback2024.md,registro_financiamento,449,OK,,-448,AEA RCT registry number: AEARCTR-0005186
Brownback2024,fichamento_Brownback2024.md,registro_financiamento,449,OK,,-448,the AEA Mentoring Program (NSF Award #1730651)
Brugarolas2021,fichamento_Brugarolas2021.md,texto_confere,554,OK,,-553,Polls on Turnout Intention: A Local Randomization Regression Discontinuity Approach
Brugarolas2021,fichamento_Brugarolas2021.md,tipo_documento,554,OK,,-553,Political Analysis (2021)
Brugarolas2021,fichamento_Brugarolas2021.md,c1_populacao_contexto,554,OK,,-553,people were interviewed about their voting preferences in the national elections
Brugarolas2021,fichamento_Brugarolas2021.md,c2_intervencao_estudada,554,OK,,-553,were released on 9 April at 12:30 p.m.
Brugarolas2021,fichamento_Brugarolas2021.md,c2_intervencao_estudada,555,OK,,-553,as the experimental treatment
Brugarolas2021,fichamento_Brugarolas2021.md,c3_desfecho,555,OK,,-553,Our outcome variable is turnout intention
Brugarolas2021,fichamento_Brugarolas2021.md,c4_desenho_elegivel,555,OK,,-553,we use a local randomization approach to regression discontinuity
Brugarolas2021,fichamento_Brugarolas2021.md,c5_estudo_primario,554,OK,,-553,This letter reports the results of a study
Brugarolas2021,fichamento_Brugarolas2021.md,c6_nao_retratado,554,OK,,-553,Polls on Turnout Intention: A Local Randomization Regression Discontinuity Approach
Brugarolas2021,fichamento_Brugarolas2021.md,fonte_dados_amostra,554,OK,,-553,"A total of 16,194 and 17,641 people were interviewed"
Brugarolas2021,fichamento_Brugarolas2021.md,fonte_dados_amostra,554,OK,,-553,"4,125 people were interviewed about their preferences in the national"
Brugarolas2021,fichamento_Brugarolas2021.md,fonte_dados_amostra,557,OK,,-553,"comprises 3,047 respondents"
Buechel2019,fichamento_Buechel2019.md,texto_confere,241,OK,,-240,The swing voter’s curse in social networks
Buechel2019,fichamento_Buechel2019.md,tipo_documento,241,OK,,-240,Article history:
Buechel2019,fichamento_Buechel2019.md,tipo_documento,241,OK,,-240,Available online 3 September 2019
Buechel2019,fichamento_Buechel2019.md,c1_populacao_contexto,245,OK,,-240,Voters simultaneously vote for one of the two policies or abstain.
Buechel2019,fichamento_Buechel2019.md,c1_populacao_contexto,249,OK,,-240,All subjects in a session played the game described above
Buechel2019,fichamento_Buechel2019.md,c2_intervencao_estudada,242,OK,,-240,We focus our analysis on vote recommendations that are provided
Buechel2019,fichamento_Buechel2019.md,c2_intervencao_estudada,249,OK,,-240,Each of these networks corresponds to one experimental treatment
Buechel2019,fichamento_Buechel2019.md,c3_desfecho,250,OK,,-240,"learned the chosen policy, the true state, and the voter turnout"
Buechel2019,fichamento_Buechel2019.md,c3_desfecho,254,OK,,-240,the value 1 if the voting outcome matches the majority signal
Buechel2019,fichamento_Buechel2019.md,c4_desenho_elegivel,250,OK,,-240,subjects were randomly matched into groups of nine
Buechel2019,fichamento_Buechel2019.md,c4_desenho_elegivel,250,OK,,-240,subjects randomly received the role of an expert
Buechel2019,fichamento_Buechel2019.md,c5_estudo_primario,242,OK,,-240,we conducted a laboratory experiment to test our focality assumption
Buechel2019,fichamento_Buechel2019.md,c5_estudo_primario,250,OK,,-240,On the group level we have 840 observations.
Buechel2019,fichamento_Buechel2019.md,c6_nao_retratado,241,OK,,-240,curse in social networks
Buechel2019,fichamento_Buechel2019.md,outros_relatos_mesmo_estudo,256,OK,,-240,in an earlier working paper version that is permanently available online
Buechel2019,fichamento_Buechel2019.md,outros_relatos_mesmo_estudo,249,OK,,-240,Study II can be found in SOM C.3
Buechel2019,fichamento_Buechel2019.md,fonte_dados_amostra,249,OK,,-240,The experiment was conducted in the WISO-lab of the University of Hamburg
Buechel2019,fichamento_Buechel2019.md,fonte_dados_amostra,250,OK,,-240,"In total, 189 subjects participated in the experiment."
Bursztyn2017b,fichamento_Bursztyn2017b.md,tipo_documento,0,OK,,2,NBER Working Paper No. 23490
Bursztyn2017b,fichamento_Bursztyn2017b.md,c1_populacao_contexto,1,OK,,2,poll results for 52 high-stakes federal referenda
Bursztyn2017b,fichamento_Bursztyn2017b.md,c2_intervencao_estudada,6,OK,,2,The release of this national-level poll (and its closeness) before each vote
Bursztyn2017b,fichamento_Bursztyn2017b.md,c2_intervencao_estudada,1,OK,,2,the release of a closer poll causes voter turnout to sharply rise
Bursztyn2017b,fichamento_Bursztyn2017b.md,c3_desfecho,14,OK,,2,closer polls on net voter turnout rates day by day
Bursztyn2017b,fichamento_Bursztyn2017b.md,c4_desenho_elegivel,1,OK,,2,Using an event study design
Bursztyn2017b,fichamento_Bursztyn2017b.md,c4_desenho_elegivel,12,OK,,2,the natural experiment we study is a good one
Bursztyn2017b,fichamento_Bursztyn2017b.md,c5_estudo_primario,6,OK,,2,Data on daily voter turnout in the canton of Geneva are obtained
Bursztyn2017b,fichamento_Bursztyn2017b.md,fonte_dados_amostra,49,OK,,2,an unbalanced panel of 52 votes held between 2001 and 2019
Bursztyn2017b,fichamento_Bursztyn2017b.md,fonte_dados_amostra,35,OK,,2,a balanced panel of 2176 municipalities observed in 115 votes
Bursztyn2017b,fichamento_Bursztyn2017b.md,fonte_dados_amostra,11,OK,,2,including voting data for 26 cantons and 37
Bursztyn2017b,fichamento_Bursztyn2017b.md,fonte_dados_amostra,11,OK,,2,votes held between 1998 and 2014
Bursztyn2017c,fichamento_Bursztyn2017c.md,texto_confere,0,OK,,2,"Polls, the Press, and Political Participation:"
Bursztyn2017c,fichamento_Bursztyn2017c.md,texto_confere,0,OK,,2,Anticipated Election Closeness on Voter Turnout
Bursztyn2017c,fichamento_Bursztyn2017c.md,texto_confere,0,OK,,2,Leonardo Bursztyn
Bursztyn2017c,fichamento_Bursztyn2017c.md,tipo_documento,35,OK,,2,Online Appendix: Not for Publication
Bursztyn2017c,fichamento_Bursztyn2017c.md,c1_populacao_contexto,2,OK,,2,anticipated election closeness on voter turnout in Swiss federal referenda
Bursztyn2017c,fichamento_Bursztyn2017c.md,c1_populacao_contexto,8,OK,,2,We use data at the municipal level
Bursztyn2017c,fichamento_Bursztyn2017c.md,c2_intervencao_estudada,2,OK,,2,exploits variation in the existence of pre-election polls
Bursztyn2017c,fichamento_Bursztyn2017c.md,c2_intervencao_estudada,8,OK,,2,This introduction of pre-election polling provides one of the sources of variation
Bursztyn2017c,fichamento_Bursztyn2017c.md,c3_desfecho,8,OK,,2,Our primary variable of interest from this dataset is voter turnout
Bursztyn2017c,fichamento_Bursztyn2017c.md,c4_desenho_elegivel,5,OK,,2,pooling data from the era with and without polls
Bursztyn2017c,fichamento_Bursztyn2017c.md,c4_desenho_elegivel,17,OK,,2,incidental exposure to poll coverage as an instrument for total exposure
Bursztyn2017c,fichamento_Bursztyn2017c.md,c5_estudo_primario,2,OK,,2,"using a novel, hand-collected dataset consisting of voter turnout"
Bursztyn2017c,fichamento_Bursztyn2017c.md,c6_nao_retratado,0,OK,,2,"Polls, the Press, and Political Participation:"
Bursztyn2017c,fichamento_Bursztyn2017c.md,fonte_dados_amostra,8,OK,,2,"2,342 municipalities for 280 votes (individual referenda), held on 97 voting dates"
Bursztyn2017c,fichamento_Bursztyn2017c.md,fonte_dados_amostra,6,OK,,2,1981 and 2014 (our sample period)
Bursztyn2017c,fichamento_Bursztyn2017c.md,fonte_dados_amostra,8,OK,,2,"Since 1998, gfs.bern has conducted surveys eliciting the voting intentions"
Bursztyn2017c,fichamento_Bursztyn2017c.md,fonte_dados_amostra,9,OK,,2,mentioned in each of these 50 newspapers between 2000 and 2014
Bursztyn2017c,fichamento_Bursztyn2017c.md,registro_financiamento,0,OK,,2,Swiss National Science Foundation (grant 172739)
Bursztyn2023a,fichamento_Bursztyn2023a.md,texto_confere,0,OK,,2,Election Closeness on Voter Turnout
Bursztyn2023a,fichamento_Bursztyn2023a.md,texto_confere,0,OK,,2,Evidence from Swiss Referenda
Bursztyn2023a,fichamento_Bursztyn2023a.md,c1_populacao_contexto,5,OK,,2,Swiss citizens vote on federal ballots two to four times per year
Bursztyn2023a,fichamento_Bursztyn2023a.md,c2_intervencao_estudada,8,OK,,2,Our variable of interest is the closeness of the pre-election poll
Bursztyn2023a,fichamento_Bursztyn2023a.md,c3_desfecho,7,OK,,2,We thus construct a panel of daily turnout
Bursztyn2023a,fichamento_Bursztyn2023a.md,c3_desfecho,20,OK,,2,municipality vote share for the trailing side as the outcome
Bursztyn2023a,fichamento_Bursztyn2023a.md,c4_desenho_elegivel,11,OK,,2,This is a simple event study
Bursztyn2023a,fichamento_Bursztyn2023a.md,c4_desenho_elegivel,11,OK,,2,whether the natural experiment we study is a good one
Bursztyn2023a,fichamento_Bursztyn2023a.md,c4_desenho_elegivel,16,OK,,2,we exploit the introduction of polls in Switzerland in 1998
Bursztyn2023a,fichamento_Bursztyn2023a.md,c5_estudo_primario,6,OK,,2,Data on daily voter turnout in the canton of Geneva are
Bursztyn2023a,fichamento_Bursztyn2023a.md,c5_estudo_primario,9,OK,,2,we hand-collected all political advertisements related to the
Bursztyn2023a,fichamento_Bursztyn2023a.md,c6_nao_retratado,0,OK,,2,Evidence from Swiss Referenda
Bursztyn2023a,fichamento_Bursztyn2023a.md,fonte_dados_amostra,7,OK,,2,There are 52 election days in Geneva for which turnout is observed
Bursztyn2023a,fichamento_Bursztyn2023a.md,fonte_dados_amostra,9,OK,,2,referenda studied between 2001 and 2019
Bursztyn2023a,fichamento_Bursztyn2023a.md,fonte_dados_amostra,10,OK,,2,including voting data for 26 cantons and 37
Bursztyn2023a,fichamento_Bursztyn2023a.md,fonte_dados_amostra,9,OK,,2,issue for each of the 115 election days for which we have
Bursztyn2023a,fichamento_Bursztyn2023a.md,fonte_dados_amostra,10,OK,,2,votes held between 1981 and 2019 (Panel D)
Bursztyn2023a,fichamento_Bursztyn2023a.md,fonte_dados_amostra,20,OK,,2,"2,176 municipalities observed in all 57 votes with a pre-election poll"
Bursztyn2023a,fichamento_Bursztyn2023a.md,registro_financiamento,0,OK,,2,Swiss National Science Foundation (grant 172739)
CaballeroAlvarez2022,fichamento_CaballeroAlvarez2022.md,texto_confere,291,OK,,-290,LA EXPERIENCIA ELECTORAL LOCAL: TAMAULIPAS 2018
CaballeroAlvarez2022,fichamento_CaballeroAlvarez2022.md,texto_confere,291,OK,,-290,Rafael Caballero Álvarez
CaballeroAlvarez2022,fichamento_CaballeroAlvarez2022.md,tipo_documento,292,OK,,-290,esta aportación contribuya a la presente obra
CaballeroAlvarez2022,fichamento_CaballeroAlvarez2022.md,c1_populacao_contexto,295,OK,,-290,más de 1.6 millones de ciudadanos acudieron a las urnas a votar
CaballeroAlvarez2022,fichamento_CaballeroAlvarez2022.md,c2_intervencao_estudada,291,OK,,-290,en este ensayo se abordará la experiencia electoral de Tamaulipas en 2018
CaballeroAlvarez2022,fichamento_CaballeroAlvarez2022.md,c3_desfecho,295,OK,,-290,un porcentaje de participación de 62.65% del padrón electoral local
CaballeroAlvarez2022,fichamento_CaballeroAlvarez2022.md,c3_desfecho,298,OK,,-290,"López Obrador (786,210), seguido de Ricardo Anaya Cortés (475,201)"
CaballeroAlvarez2022,fichamento_CaballeroAlvarez2022.md,c4_desenho_elegivel,298,OK,,-290,En este apartado se describirán tres casos
CaballeroAlvarez2022,fichamento_CaballeroAlvarez2022.md,c5_estudo_primario,296,OK,,-290,Elaboración propia con base en IETAM 2018 y 2016
CaballeroAlvarez2022,fichamento_CaballeroAlvarez2022.md,c6_nao_retratado,291,OK,,-290,LA EXPERIENCIA ELECTORAL LOCAL: TAMAULIPAS 2018
CaballeroAlvarez2022,fichamento_CaballeroAlvarez2022.md,fonte_dados_amostra,294,OK,,-290,Elaboración propia con base en la página electrónica del IETAM
CaballeroAlvarez2022,fichamento_CaballeroAlvarez2022.md,fonte_dados_amostra,301,OK,,-290,puesto que gobierna 31 de los 43 municipios
Canen2020a,fichamento_Canen2020a.md,texto_confere,1,OK,,0,INFORMATION ACCUMULATION AND THE TIMING OF VOTING DECISIONS
Canen2020a,fichamento_Canen2020a.md,tipo_documento,1,OK,,0,"Date: December 22, 2017."
Canen2020a,fichamento_Canen2020a.md,tipo_documento,1,OK,,0,seminar participants at the CfPE/UBC-UC Berkeley conference
Canen2020a,fichamento_Canen2020a.md,c1_populacao_contexto,2,OK,,0,I estimate the model using panel survey data from Israel
Canen2020a,fichamento_Canen2020a.md,c2_intervencao_estudada,19,OK,,0,Israeli civilian fatalities in locations as a source of exogenous variation
Canen2020a,fichamento_Canen2020a.md,c2_intervencao_estudada,3,OK,,0,"Using the model, I consider a policy experiment"
Canen2020a,fichamento_Canen2020a.md,c3_desfecho,16,OK,,0,"In the post-election survey, they are asked about who they voted for"
Canen2020a,fichamento_Canen2020a.md,c3_desfecho,8,OK,,0,so I do not consider turnout
Canen2020a,fichamento_Canen2020a.md,c4_desenho_elegivel,2,OK,,0,estimate a structural model of the timing of voting decisions
Canen2020a,fichamento_Canen2020a.md,c4_desenho_elegivel,25,OK,,0,Taking this type of policy to our model
Canen2020a,fichamento_Canen2020a.md,c5_estudo_primario,16,OK,,0,These consist of a two-period panel dataset
Canen2020a,fichamento_Canen2020a.md,c6_nao_retratado,1,OK,,0,INFORMATION ACCUMULATION AND THE TIMING OF VOTING DECISIONS
Canen2020a,fichamento_Canen2020a.md,outros_relatos_mesmo_estudo,16,OK,,0,This dataset has been used by such work as Bargsted and Kedar
Canen2020a,fichamento_Canen2020a.md,fonte_dados_amostra,16,OK,,0,"surveys conducted by Israel National Election Studies, Tel Aviv University"
Canen2020a,fichamento_Canen2020a.md,fonte_dados_amostra,16,OK,,0,I will focus on data from 2006.
CarreraBarroso2022,fichamento_CarreraBarroso2022.md,texto_confere,115,OK,,-114,DURANGO 2018: LA PRIMERA ELECCIÓN DESPUÉS DE LA ALTERNANCIA
CarreraBarroso2022,fichamento_CarreraBarroso2022.md,tipo_documento,116,OK,,-114,las conclusiones del capítulo
CarreraBarroso2022,fichamento_CarreraBarroso2022.md,c1_populacao_contexto,116,OK,,-114,explicar lo ocurrido en los diferentes momentos del proceso electoral
CarreraBarroso2022,fichamento_CarreraBarroso2022.md,c1_populacao_contexto,122,OK,,-114,De los cuatro distritos federales uninominales del estado de Durango
CarreraBarroso2022,fichamento_CarreraBarroso2022.md,c2_intervencao_estudada,116,OK,,-114,el objetivo cardinal del presente documento
CarreraBarroso2022,fichamento_CarreraBarroso2022.md,c2_intervencao_estudada,116,OK,,-114,explicar lo ocurrido en los diferentes momentos del proceso electoral
CarreraBarroso2022,fichamento_CarreraBarroso2022.md,c3_desfecho,121,OK,,-114,el 46.46% de la votación fue en favor de la candidatura común
CarreraBarroso2022,fichamento_CarreraBarroso2022.md,c3_desfecho,121,OK,,-114,la participación en la elección presidencial fue de 63.43%
CarreraBarroso2022,fichamento_CarreraBarroso2022.md,c4_desenho_elegivel,116,OK,,-114,"se comparan los resultados del 2018, con años pasados"
CarreraBarroso2022,fichamento_CarreraBarroso2022.md,c5_estudo_primario,122,OK,,-114,Elaboración propia con datos del Instituto Nacional Electoral (INE)
CarreraBarroso2022,fichamento_CarreraBarroso2022.md,c6_nao_retratado,115,OK,,-114,DURANGO 2018: LA PRIMERA ELECCIÓN DESPUÉS DE LA ALTERNANCIA
CarreraBarroso2022,fichamento_CarreraBarroso2022.md,fonte_dados_amostra,122,OK,,-114,Elaboración propia con datos del Instituto Nacional Electoral (INE)
CarreraBarroso2022,fichamento_CarreraBarroso2022.md,fonte_dados_amostra,115,OK,,-114,era de 1 millón 284 mil 462 personas
CarreraBarroso2022,fichamento_CarreraBarroso2022.md,fonte_dados_amostra,121,OK,,-114,se instalaron 2 mil 479 casillas en el estado de Durango
CarreraBarroso2022a,fichamento_CarreraBarroso2022a.md,texto_confere,157,OK,,-156,"LA COALICIÓN JUNTOS HAREMOS HISTORIA: IDEOLOGÍA, COMUNICACIÓN"
CarreraBarroso2022a,fichamento_CarreraBarroso2022a.md,texto_confere,157,OK,,-156,José Antonio Carrera Barroso
CarreraBarroso2022a,fichamento_CarreraBarroso2022a.md,tipo_documento,165,OK,,-156,como puede verse a lo largo de la presente obra
CarreraBarroso2022a,fichamento_CarreraBarroso2022a.md,c1_populacao_contexto,158,OK,,-156,se examina la participación electoral a partir de diversos índices electorales
CarreraBarroso2022a,fichamento_CarreraBarroso2022a.md,c2_intervencao_estudada,157,OK,,-156,"modelo de comunicación política, la construcción política"
CarreraBarroso2022a,fichamento_CarreraBarroso2022a.md,c3_desfecho,165,OK,,-156,resultó ganadora con casi el 53% de la votación total
CarreraBarroso2022a,fichamento_CarreraBarroso2022a.md,c3_desfecho,163,OK,,-156,la intervención llegó al 63.45%
CarreraBarroso2022a,fichamento_CarreraBarroso2022a.md,c4_desenho_elegivel,165,OK,,-156,se realiza una comparación durante 30 años
CarreraBarroso2022a,fichamento_CarreraBarroso2022a.md,c5_estudo_primario,168,OK,,-156,Elaboración propia con datos de Cámara de Diputados
CarreraBarroso2022a,fichamento_CarreraBarroso2022a.md,c6_nao_retratado,157,OK,,-156,LA COALICIÓN JUNTOS HAREMOS HISTORIA
CarreraBarroso2022a,fichamento_CarreraBarroso2022a.md,fonte_dados_amostra,164,OK,,-156,Elaboración propia con información del Instituto Nacional Electoral (INE)
CarreraBarroso2022a,fichamento_CarreraBarroso2022a.md,fonte_dados_amostra,170,OK,,-156,se utilizaron el Latinobarómetro y la ENCUP
CazarinMartinez2022,fichamento_CazarinMartinez2022.md,texto_confere,309,OK,,-308,ESCENARIOS CAMBIANTES. ELECCIONES FEDERALES EN TLAXCALA. 2018
CazarinMartinez2022,fichamento_CazarinMartinez2022.md,tipo_documento,310,OK,,-308,el objetivo de este capítulo es precisamente abordar los
CazarinMartinez2022,fichamento_CazarinMartinez2022.md,c1_populacao_contexto,310,OK,,-308,comportamiento del voto en Tlaxcala de 2018
CazarinMartinez2022,fichamento_CazarinMartinez2022.md,c2_intervencao_estudada,322,OK,,-308,encuestas nacionales que le daban la preferencia a Peña Nieto
CazarinMartinez2022,fichamento_CazarinMartinez2022.md,c2_intervencao_estudada,327,OK,,-308,se detectó una encuesta en un medio digital
CazarinMartinez2022,fichamento_CazarinMartinez2022.md,c3_desfecho,330,OK,,-308,Morena obtuvo 57.12% sobre el 10.48% del PRI
CazarinMartinez2022,fichamento_CazarinMartinez2022.md,c3_desfecho,317,OK,,-308,el porcentaje de participación se incrementó
CazarinMartinez2022,fichamento_CazarinMartinez2022.md,c4_desenho_elegivel,331,OK,,-308,se recurre al enfoque analítico del realineamiento electoral
CazarinMartinez2022,fichamento_CazarinMartinez2022.md,c5_estudo_primario,332,OK,,-308,se analizan con datos electorales de las elecciones presidenciales
CazarinMartinez2022,fichamento_CazarinMartinez2022.md,c6_nao_retratado,309,OK,,-308,ESCENARIOS CAMBIANTES. ELECCIONES FEDERALES EN TLAXCALA. 2018
CazarinMartinez2022,fichamento_CazarinMartinez2022.md,fonte_dados_amostra,328,OK,,-308,Elaboración propia con base en datos oficiales del INE
CazarinMartinez2022,fichamento_CazarinMartinez2022.md,fonte_dados_amostra,312,OK,,-308,distritos que comprenden a su vez 608 secciones
Chatterjee2019a,fichamento_Chatterjee2019a.md,texto_confere,0,OK,,1,Voting for the Underdog or Jumping on the Bandwagon?
Chatterjee2019a,fichamento_Chatterjee2019a.md,tipo_documento,0,OK,,1,We thank seminar participants at FLAME University for comments and feedback.
Chatterjee2019a,fichamento_Chatterjee2019a.md,c1_populacao_contexto,13,OK,,1,the dataset consists of 681 constituencies of four
Chatterjee2019a,fichamento_Chatterjee2019a.md,c2_intervencao_estudada,2,OK,,1,ban on exit polls by the ECI provides an excellent natural experiment
Chatterjee2019a,fichamento_Chatterjee2019a.md,c2_intervencao_estudada,17,OK,,1,but it has potential to affect multi-phase elections
Chatterjee2019a,fichamento_Chatterjee2019a.md,c3_desfecho,18,OK,,1,"outcomes such as vote share of winner, vote share of runner up"
Chatterjee2019a,fichamento_Chatterjee2019a.md,c3_desfecho,18,OK,,1,Our final set of outcomes include voter turnout and winning margin.
Chatterjee2019a,fichamento_Chatterjee2019a.md,c4_desenho_elegivel,17,OK,,1,we employ a double difference estimation framework
Chatterjee2019a,fichamento_Chatterjee2019a.md,c5_estudo_primario,13,OK,,1,We use administrative data from the statistical reports published by election
Chatterjee2019a,fichamento_Chatterjee2019a.md,c6_nao_retratado,0,OK,,1,Voting for the Underdog or Jumping on the Bandwagon?
Chatterjee2019a,fichamento_Chatterjee2019a.md,fonte_dados_amostra,13,OK,,1,five general elections conducted between 1998 and 2014
Chatterjee2019a,fichamento_Chatterjee2019a.md,fonte_dados_amostra,13,OK,,1,four states between 2004 and 2010
Chatterjee2019a,fichamento_Chatterjee2019a.md,fonte_dados_amostra,13,OK,,1,the dataset consists of 681 constituencies of four
Chatterjee2019a,fichamento_Chatterjee2019a.md,fonte_dados_amostra,20,OK,,1,1352
Chatterjee2019a,fichamento_Chatterjee2019a.md,fonte_dados_amostra,22,OK,,1,1740
Cheng2025,fichamento_Cheng2025.md,texto_confere,1,OK,,0,Policy Vagueness and Reputational Concern
Cheng2025,fichamento_Cheng2025.md,c1_populacao_contexto,6,OK,,0,"The economy comprises a central leader, two local agents"
Cheng2025,fichamento_Cheng2025.md,c2_intervencao_estudada,2,OK,,0,We introduce a model in which the leader faces a
Cheng2025,fichamento_Cheng2025.md,c3_desfecho,4,OK,,0,We find that stronger reputational concern may lower social welfare.
Cheng2025,fichamento_Cheng2025.md,c4_desenho_elegivel,5,OK,,0,"Since our paper is theoretical, we refer readers"
Cheng2025,fichamento_Cheng2025.md,c5_estudo_primario,1,OK,,0,We develop a game-theoretic model to explore how a leader
Cheng2025,fichamento_Cheng2025.md,c6_nao_retratado,1,OK,,0,Policy Vagueness and Reputational Concern
Chernov2025b,fichamento_Chernov2025b.md,texto_confere,1,OK,,1,The Comovement of Voter Preferences: Insights from U.S. Presidential Election Prediction
Chernov2025b,fichamento_Chernov2025b.md,tipo_documento,1,OK,,1,NBER Working Paper No. 33339
Chernov2025b,fichamento_Chernov2025b.md,c1_populacao_contexto,1,OK,,1,Our model estimates the joint dynamics of voter preferences across states.
Chernov2025b,fichamento_Chernov2025b.md,c1_populacao_contexto,1,OK,,1,Applying our approach to the 2024 Presidential Election
Chernov2025b,fichamento_Chernov2025b.md,c2_intervencao_estudada,3,OK,,1,A key data input into these models are polls
Chernov2025b,fichamento_Chernov2025b.md,c2_intervencao_estudada,9,OK,,1,we use averages constructed by polling aggregators
Chernov2025b,fichamento_Chernov2025b.md,c3_desfecho,11,OK,,1,representing the net margin for the Democratic presidential candidate
Chernov2025b,fichamento_Chernov2025b.md,c3_desfecho,32,OK,,1,to estimate voter preferences across U.S. states for the 2024 Presidential Election
Chernov2025b,fichamento_Chernov2025b.md,c4_desenho_elegivel,3,OK,,1,we propose a time-series econometric framework
Chernov2025b,fichamento_Chernov2025b.md,c4_desenho_elegivel,4,OK,,1,We set up the problem using state space representation.
Chernov2025b,fichamento_Chernov2025b.md,c5_estudo_primario,9,OK,,1,Political prediction market prices are taken at daily frequency from Polymarket.
Chernov2025b,fichamento_Chernov2025b.md,c6_nao_retratado,1,OK,,1,The Comovement of Voter Preferences: Insights from U.S. Presidential Election Prediction
Chernov2025b,fichamento_Chernov2025b.md,outros_relatos_mesmo_estudo,8,OK,,1,The October 2024 version of our paper introduced this forecasting model
Chernov2025b,fichamento_Chernov2025b.md,outros_relatos_mesmo_estudo,8,OK,,1,This version is available at
Chernov2025b,fichamento_Chernov2025b.md,fonte_dados_amostra,9,OK,,1,Our main data sources are FiveThirtyEight and the Silver Bulletin.
Chernov2025b,fichamento_Chernov2025b.md,fonte_dados_amostra,10,OK,,1,"As a result, we focus our analysis on the 10"
Chernov2025b,fichamento_Chernov2025b.md,fonte_dados_amostra,10,OK,,1,"we restrict our estimation sample to the period from June 1,"
Cochrane2017a,fichamento_Cochrane2017a.md,texto_confere,17,OK,,-16,"If you can't beat 'em, join 'em"
Cochrane2017a,fichamento_Cochrane2017a.md,tipo_documento,17,OK,,-16,Mapping Politics Vol.7 (2016)
Cochrane2017a,fichamento_Cochrane2017a.md,tipo_documento,17,OK,,-16,This article intends to highlight
Cochrane2017a,fichamento_Cochrane2017a.md,c1_populacao_contexto,21,OK,,-16,I examined the Canadian and British experiences
Cochrane2017a,fichamento_Cochrane2017a.md,c2_intervencao_estudada,17,OK,,-16,it is argued that the publications of voter-intention polls
Cochrane2017a,fichamento_Cochrane2017a.md,c3_desfecho,24,OK,,-16,will change the votes of those that hold that perception
Cochrane2017a,fichamento_Cochrane2017a.md,c4_desenho_elegivel,21,OK,,-16,I considered studies pertaining to vote choice
Cochrane2017a,fichamento_Cochrane2017a.md,c5_estudo_primario,21,OK,,-16,"In my review of the literature, it was made clear"
Cochrane2017a,fichamento_Cochrane2017a.md,c5_estudo_primario,24,OK,,-16,This essay has been a reading of the process
Cochrane2017a,fichamento_Cochrane2017a.md,c6_nao_retratado,17,OK,,-16,"If you can't beat 'em, join 'em"
Cochrane2017a,fichamento_Cochrane2017a.md,fonte_dados_amostra,21,OK,,-16,"In my review of the literature, it was made clear"
Corbetta2013,fichamento_Corbetta2013.md,texto_confere,5,NAO_ENCONTRADA,,-4,Uso delle euristiche nella scelta elettorale
Corbetta2013,fichamento_Corbetta2013.md,tipo_documento,6,NAO_ENCONTRADA,,-4,Questo articolo presenta i risultati di un programma di ricerche
Corbetta2013,fichamento_Corbetta2013.md,c1_populacao_contexto,10,NAO_ENCONTRADA,,-4,Fra alcune settimane si terranno le elezioni per il nuovo sindaco
Corbetta2013,fichamento_Corbetta2013.md,c1_populacao_contexto,19,NAO_ENCONTRADA,,-4,un disegno teorico di 160 soggetti per ogni città
Corbetta2013,fichamento_Corbetta2013.md,c2_intervencao_estudada,18,NAO_ENCONTRADA,,-4,ai risultati di sondaggi pre-elettorali e l'altra parte no
Corbetta2013,fichamento_Corbetta2013.md,c2_intervencao_estudada,19,NAO_ENCONTRADA,,-4,Si tratta di esperimenti che non tratteremo in questo contesto
Corbetta2013,fichamento_Corbetta2013.md,c3_desfecho,18,NAO_ENCONTRADA,,-4,Chi scegli come sindaco
Corbetta2013,fichamento_Corbetta2013.md,c3_desfecho,18,NAO_ENCONTRADA,,-4,alla espressione del voto
Corbetta2013,fichamento_Corbetta2013.md,c4_desenho_elegivel,18,NAO_ENCONTRADA,,-4,"è anche possibile fare degli esperimenti, manipolando il processo informativo"
Corbetta2013,fichamento_Corbetta2013.md,c4_desenho_elegivel,25,NAO_ENCONTRADA,,-4,Questa nostra prima analisi ha un carattere descrittivo
Corbetta2013,fichamento_Corbetta2013.md,c5_estudo_primario,19,NAO_ENCONTRADA,,-4,La ricerca è stata condotta da un pool di cinque dipartimenti universitari
Corbetta2013,fichamento_Corbetta2013.md,c6_nao_retratado,5,NAO_ENCONTRADA,,-4,Uso delle euristiche nella scelta elettorale
Corbetta2013,fichamento_Corbetta2013.md,fonte_dados_amostra,19,NAO_ENCONTRADA,,-4,"nel periodo marzo-dicembre 2011, nelle città di Torino, Trento, Reggio Emilia, Bologna"
Corbetta2013,fichamento_Corbetta2013.md,fonte_dados_amostra,7,NAO_ENCONTRADA,,-4,A sample of 800 voters
Corbetta2013,fichamento_Corbetta2013.md,registro_financiamento,6,NAO_ENCONTRADA,,-4,"ministeriale PRIN 2008, dal titolo"
Cornejo2023a,fichamento_Cornejo2023a.md,texto_confere,73,OK,,-72,DO (PERCEPTIONS OF) ELECTORAL POLLING AFFECT THE VOTE?
Cornejo2023a,fichamento_Cornejo2023a.md,texto_confere,73,OK,,-72,DOI: https://doi.org/10.14201/rlop.29606
Cornejo2023a,fichamento_Cornejo2023a.md,tipo_documento,73,OK,,-72,"RLOP. Vol. 11, 2 (2022), 73-108"
Cornejo2023a,fichamento_Cornejo2023a.md,c1_populacao_contexto,75,OK,,-72,Based on a survey conducted during the 2006 presidential election in Mexico
Cornejo2023a,fichamento_Cornejo2023a.md,c1_populacao_contexto,90,OK,,-72,panel survey conducted in two Mexican states (Michoacán and Nuevo León)
Cornejo2023a,fichamento_Cornejo2023a.md,c2_intervencao_estudada,90,OK,,-72,whether the respondent was informed about the results of an electoral poll
Cornejo2023a,fichamento_Cornejo2023a.md,c3_desfecho,91,OK,,-72,which constitutes the dependent variable in the following section
Cornejo2023a,fichamento_Cornejo2023a.md,c3_desfecho,91,OK,,-72,1=support for anti-PRI leading candidate; 0=otherwise
Cornejo2023a,fichamento_Cornejo2023a.md,c4_desenho_elegivel,90,OK,,-72,The sample was divided into two randomly-assigned groups
Cornejo2023a,fichamento_Cornejo2023a.md,c5_estudo_primario,75,OK,,-72,presents evidence from an original survey experiment conducted during
Cornejo2023a,fichamento_Cornejo2023a.md,c6_nao_retratado,73,OK,,-72,DO (PERCEPTIONS OF) ELECTORAL POLLING AFFECT THE VOTE?
Cornejo2023a,fichamento_Cornejo2023a.md,fonte_dados_amostra,90,OK,,-72,The sample of the survey experiment roughly consisted of 650 respondents
Cornejo2023a,fichamento_Cornejo2023a.md,fonte_dados_amostra,90,OK,,-72,"Second Wave: June 1-3, 2015"
Cornejo2023a,fichamento_Cornejo2023a.md,fonte_dados_amostra,108,OK,,-72,"BGC Ulises Beltrán y Asocs., with a sample size of 1,200"
Cornejo2023a,fichamento_Cornejo2023a.md,fonte_dados_amostra,84,OK,,-72,"(N=3,595)"
Crisp2011,fichamento_Crisp2011.md,texto_confere,143,OK,,-142,Electoral contexts that impede voter coordination
Crisp2011,fichamento_Crisp2011.md,tipo_documento,143,OK,,-142,Contents lists available at SciVerse ScienceDirect
Crisp2011,fichamento_Crisp2011.md,c1_populacao_contexto,144,OK,,-142,coordination failure in 2007 districts in 183 lower chamber elections
Crisp2011,fichamento_Crisp2011.md,c2_intervencao_estudada,146,OK,,-142,We focus on four aspects of the electoral context
Crisp2011,fichamento_Crisp2011.md,c3_desfecho,149,OK,,-142,percentage of votes cast that went to the second largest losing party
Crisp2011,fichamento_Crisp2011.md,c4_desenho_elegivel,151,OK,,-142,we will use multilevel models with random nested
Crisp2011,fichamento_Crisp2011.md,c5_estudo_primario,147,OK,,-142,"we have obtained a total of 10,764 observations"
Crisp2011,fichamento_Crisp2011.md,c6_nao_retratado,143,OK,,-142,Electoral contexts that impede voter coordination
Crisp2011,fichamento_Crisp2011.md,outros_relatos_mesmo_estudo,143,OK,,-142,An earlier version of this project received constructive criticism
Crisp2011,fichamento_Crisp2011.md,fonte_dados_amostra,147,OK,,-142,From the Constituency Level Election (CLE) Dataset
Dahlgaard2015a,fichamento_Dahlgaard2015a.md,texto_confere,2,OK,,0,Hvordan påvirkes vælgerne af meningsmålinger?
Dahlgaard2015a,fichamento_Dahlgaard2015a.md,tipo_documento,1,OK,,0,CVAP Working Paper Series
Dahlgaard2015a,fichamento_Dahlgaard2015a.md,c1_populacao_contexto,12,OK,,0,Respondenterne udgør et repræsentativt udsnit af vælgerne mellem 18 og 74 år
Dahlgaard2015a,fichamento_Dahlgaard2015a.md,c2_intervencao_estudada,13,OK,,0,at læse en kort avisartikel med en meningsmåling
Dahlgaard2015a,fichamento_Dahlgaard2015a.md,c2_intervencao_estudada,13,OK,,0,gået fem procentpoint frem i artiklen
Dahlgaard2015a,fichamento_Dahlgaard2015a.md,c3_desfecho,12,OK,,0,herunder hvilket parti de ville stemme
Dahlgaard2015a,fichamento_Dahlgaard2015a.md,c4_desenho_elegivel,12,OK,,0,Respondenterne er tilfældigt blevet inddelt i fem grupper.
Dahlgaard2015a,fichamento_Dahlgaard2015a.md,c5_estudo_primario,12,OK,,0,3.011 respondenter har gennemført hele undersøgelsen
Dahlgaard2015a,fichamento_Dahlgaard2015a.md,c6_nao_retratado,1,OK,,0,Hvordan påvirkes vælgerne af meningsmålinger?
Dahlgaard2015a,fichamento_Dahlgaard2015a.md,fonte_dados_amostra,12,OK,,0,som en online survey i YouGovs internetpanel
Dahlgaard2015a,fichamento_Dahlgaard2015a.md,fonte_dados_amostra,12,OK,,0,3.011 respondenter har gennemført hele undersøgelsen
Dahlgaard2015b,fichamento_Dahlgaard2015b.md,texto_confere,5,OK,,-4,på danskernes stemmeadfærd og sympati for partierne
Dahlgaard2015b,fichamento_Dahlgaard2015b.md,tipo_documento,5,OK,,-4,"I denne artikel undersøger vi, om meningsmålingerne påvirker vælgerne"
Dahlgaard2015b,fichamento_Dahlgaard2015b.md,c1_populacao_contexto,9,OK,,-4,e-mailinvitationer til danske statsborgere mellem 18-74 år
Dahlgaard2015b,fichamento_Dahlgaard2015b.md,c1_populacao_contexto,9,OK,,-4,udsnit af vælgerne mellem 18 og 74 år
Dahlgaard2015b,fichamento_Dahlgaard2015b.md,c2_intervencao_estudada,11,OK,,-4,Socialdemokraterne gået 5 procentpoint frem i artiklen
Dahlgaard2015b,fichamento_Dahlgaard2015b.md,c2_intervencao_estudada,9,OK,,-4,Respondenterne er tilfældigt blevet inddelt i fem grupper
Dahlgaard2015b,fichamento_Dahlgaard2015b.md,c3_desfecho,10,OK,,-4,"hvilket parti de ville stemme på, hvis der var valg i morgen"
Dahlgaard2015b,fichamento_Dahlgaard2015b.md,c4_desenho_elegivel,6,OK,,-4,Konkret anvender vi et survey-eksperiment med 3.011 respondenter
Dahlgaard2015b,fichamento_Dahlgaard2015b.md,c4_desenho_elegivel,12,OK,,-4,Analysen er en række simple sammenligninger af de eksperimentelle grupper
Dahlgaard2015b,fichamento_Dahlgaard2015b.md,c5_estudo_primario,9,OK,,-4,blev gennemført i perioden 10.-28. januar 2014
Dahlgaard2015b,fichamento_Dahlgaard2015b.md,c6_nao_retratado,5,OK,,-4,danskernes stemmeadfærd og sympati for partierne
Dahlgaard2015b,fichamento_Dahlgaard2015b.md,outros_relatos_mesmo_estudo,22,OK,,-4,Data er tidligere anvendt i arbejdspapiret Dahlgaard et al. (2014)
Dahlgaard2015b,fichamento_Dahlgaard2015b.md,fonte_dados_amostra,9,OK,,-4,onlinesurvey i YouGovs internetpanel
Dahlgaard2015b,fichamento_Dahlgaard2015b.md,fonte_dados_amostra,9,OK,,-4,hvoraf 3.011 respondenter har gennemført hele undersøgelsen
Dahlgaard2016a,fichamento_Dahlgaard2016a.md,texto_confere,283,OK,,-282,How are Voters Influenced by Opinion Polls?
Dahlgaard2016a,fichamento_Dahlgaard2016a.md,tipo_documento,283,OK,,-282,World Polit Sci 2016; 12(2)
Dahlgaard2016a,fichamento_Dahlgaard2016a.md,c1_populacao_contexto,288,OK,,-282,a viable demographic representation of the Danish voters
Dahlgaard2016a,fichamento_Dahlgaard2016a.md,c2_intervencao_estudada,288,OK,,-282,read a fictive article from a newspaper including a poll
Dahlgaard2016a,fichamento_Dahlgaard2016a.md,c3_desfecho,291,OK,,-282,would vote if a Parliamentary election were held the next day
Dahlgaard2016a,fichamento_Dahlgaard2016a.md,c4_desenho_elegivel,288,OK,,-282,The respondents were randomly split into five groups.
Dahlgaard2016a,fichamento_Dahlgaard2016a.md,c5_estudo_primario,288,OK,,-282,3011 respondents completed the entire survey
Dahlgaard2016a,fichamento_Dahlgaard2016a.md,c6_nao_retratado,283,OK,,-282,How are Voters Influenced by Opinion Polls?
Dahlgaard2016a,fichamento_Dahlgaard2016a.md,outros_relatos_mesmo_estudo,299,OK,,-282,Data was previously used in the working paper Dahlgaard et al. (2014)
Dahlgaard2016a,fichamento_Dahlgaard2016a.md,fonte_dados_amostra,288,OK,,-282,"conducted from the 10th of January through 28th of January, 2014"
Dahlgaard2016a,fichamento_Dahlgaard2016a.md,fonte_dados_amostra,288,OK,,-282,3011 respondents completed the entire survey
Dahlgaard2017a,fichamento_Dahlgaard2017a.md,texto_confere,1,OK,,1,How Election Polls Shape Voting Behavior
Dahlgaard2017a,fichamento_Dahlgaard2017a.md,tipo_documento,1,OK,,1,SCANDINAVIAN POLITICAL STUDIES (EARLY VIEW)
Dahlgaard2017a,fichamento_Dahlgaard2017a.md,c1_populacao_contexto,3,OK,,1,large-scale survey experiment on a national representative sample in Denmark
Dahlgaard2017a,fichamento_Dahlgaard2017a.md,c2_intervencao_estudada,7,OK,,1,a graphical representation of a fictive poll result for a party
Dahlgaard2017a,fichamento_Dahlgaard2017a.md,c3_desfecho,5,OK,,1,using intended voting behavior as the primary dependent variable
Dahlgaard2017a,fichamento_Dahlgaard2017a.md,c4_desenho_elegivel,7,OK,,1,We randomly split respondents into five groups.
Dahlgaard2017a,fichamento_Dahlgaard2017a.md,c5_estudo_primario,6,OK,,1,The data stems from a web-survey carried out by YouGov
Dahlgaard2017a,fichamento_Dahlgaard2017a.md,c6_nao_retratado,1,OK,,1,How Election Polls Shape Voting Behavior
Dahlgaard2017a,fichamento_Dahlgaard2017a.md,outros_relatos_mesmo_estudo,16,OK,,1,This research note extends on a findings published in Dahlgaard et al.
Dahlgaard2017a,fichamento_Dahlgaard2017a.md,outros_relatos_mesmo_estudo,6,OK,,1,questionnaire can be found in Dahlgaard et al. (2015; 2016)
Dahlgaard2017a,fichamento_Dahlgaard2017a.md,fonte_dados_amostra,6,OK,,1,The data stems from a web-survey carried out by YouGov
Dahlgaard2017a,fichamento_Dahlgaard2017a.md,fonte_dados_amostra,6,OK,,1,"3,011 respondents or 43.4 percent completed the entire survey"
Daigle2010a,fichamento_Daigle2010a.md,texto_confere,1,PDF_TEXTO_NAO_EXTRAIVEL,,0,Public Opinion Polls and Bandwagons in US and Canadian
Daigle2010a,fichamento_Daigle2010a.md,texto_confere,1,PDF_TEXTO_NAO_EXTRAIVEL,,0,"Delton T. Daigle, M.A."
Daigle2010a,fichamento_Daigle2010a.md,tipo_documento,1,PDF_TEXTO_NAO_EXTRAIVEL,,0,the Requirements for the Degree Doctor of Philosophy
Daigle2010a,fichamento_Daigle2010a.md,tipo_documento,1,PDF_TEXTO_NAO_EXTRAIVEL,,0,Graduate Program in Political Science
Daigle2010a,fichamento_Daigle2010a.md,c1_populacao_contexto,55,PDF_TEXTO_NAO_EXTRAIVEL,,0,survey respondents choosing alternatives to either the Republicans or Democrats
Daigle2010a,fichamento_Daigle2010a.md,c1_populacao_contexto,20,PDF_TEXTO_NAO_EXTRAIVEL,,0,compares the 2000 and 2004 US elections
Daigle2010a,fichamento_Daigle2010a.md,c2_intervencao_estudada,57,PDF_TEXTO_NAO_EXTRAIVEL,,0,a LASTPOLL variable has been constructed out of daily averaged
Daigle2010a,fichamento_Daigle2010a.md,c2_intervencao_estudada,58,PDF_TEXTO_NAO_EXTRAIVEL,,0,The LASTPOLL variable is lagged one day so that it
Daigle2010a,fichamento_Daigle2010a.md,c3_desfecho,54,PDF_TEXTO_NAO_EXTRAIVEL,,0,To estimate the impact that the previous poll has on vote choice
Daigle2010a,fichamento_Daigle2010a.md,c3_desfecho,53,PDF_TEXTO_NAO_EXTRAIVEL,,0,dependent variable is a scale that typically runs from 0 to 100
Daigle2010a,fichamento_Daigle2010a.md,c4_desenho_elegivel,50,PDF_TEXTO_NAO_EXTRAIVEL,,0,a pooled cross-section multivariate approach will be employed
Daigle2010a,fichamento_Daigle2010a.md,c4_desenho_elegivel,53,PDF_TEXTO_NAO_EXTRAIVEL,,0,the current research will also utilize the pooled cross-section
Daigle2010a,fichamento_Daigle2010a.md,c5_estudo_primario,57,PDF_TEXTO_NAO_EXTRAIVEL,,0,The polls in the United States were collected from the website
Daigle2010a,fichamento_Daigle2010a.md,c5_estudo_primario,258,PDF_TEXTO_NAO_EXTRAIVEL,,0,The data was taken from a website maintained by Simon Fraser
Daigle2010a,fichamento_Daigle2010a.md,c6_nao_retratado,1,PDF_TEXTO_NAO_EXTRAIVEL,,0,Public Opinion Polls and Bandwagons in US and Canadian
Daigle2010a,fichamento_Daigle2010a.md,fonte_dados_amostra,63,PDF_TEXTO_NAO_EXTRAIVEL,,0,both the Annenberg and the CES datasets included exactly these
Daigle2010a,fichamento_Daigle2010a.md,fonte_dados_amostra,250,PDF_TEXTO_NAO_EXTRAIVEL,,0,The only dates included in analysis are June 15
Daigle2010a,fichamento_Daigle2010a.md,fonte_dados_amostra,243,PDF_TEXTO_NAO_EXTRAIVEL,,0,"In 2004, 138 polls were used"
Dassonneville2014a,fichamento_Dassonneville2014a.md,texto_confere,0,OK,,1,How Partisanship is Strengthened in Election Times:
Dassonneville2014a,fichamento_Dassonneville2014a.md,tipo_documento,0,OK,,1,Paper presented at the
Dassonneville2014a,fichamento_Dassonneville2014a.md,tipo_documento,0,OK,,1,13th Belgian Dutch Political Science Conference
Dassonneville2014a,fichamento_Dassonneville2014a.md,c1_populacao_contexto,7,OK,,1,we focus on respondents living in former West German
Dassonneville2014a,fichamento_Dassonneville2014a.md,c2_intervencao_estudada,9,OK,,1,The main independent variables in our analyses are election periods
Dassonneville2014a,fichamento_Dassonneville2014a.md,c3_desfecho,8,OK,,1,The dependent variable party identification
Dassonneville2014a,fichamento_Dassonneville2014a.md,c4_desenho_elegivel,12,OK,,1,Taking into account the longitudinal data structure we applied a mixed
Dassonneville2014a,fichamento_Dassonneville2014a.md,c4_desenho_elegivel,8,OK,,1,Due to panel attrition and refreshments the panel is unbalanced
Dassonneville2014a,fichamento_Dassonneville2014a.md,c5_estudo_primario,7,OK,,1,"Therefore, we made use of the German Socio-Economic Panel"
Dassonneville2014a,fichamento_Dassonneville2014a.md,c6_nao_retratado,0,OK,,1,"A Longitudinal Analysis using the German Socio-Economic Panel, 1984-2012"
Dassonneville2014a,fichamento_Dassonneville2014a.md,fonte_dados_amostra,7,OK,,1,"Therefore, we made use of the German Socio-Economic Panel"
Dassonneville2014a,fichamento_Dassonneville2014a.md,fonte_dados_amostra,7,OK,,1,in Germany over 29 years (1984-2012)
Dassonneville2014a,fichamento_Dassonneville2014a.md,fonte_dados_amostra,8,OK,,1,"with a sample of N=25,111 respondents and N=210,702 observations"
Dassonneville2017,fichamento_Dassonneville2017.md,texto_confere,1,OK,,0,Electoral Volatility in Belgium (2009-2014)
Dassonneville2017,fichamento_Dassonneville2017.md,texto_confere,1,OK,,0,"Acta Politica, 2017, accepted."
Dassonneville2017,fichamento_Dassonneville2017.md,tipo_documento,1,OK,,0,"Acta Politica, 2017, accepted."
Dassonneville2017,fichamento_Dassonneville2017.md,c1_populacao_contexto,10,OK,,0,among a random sample of respondents drawn from the Belgian National Register
Dassonneville2017,fichamento_Dassonneville2017.md,c2_intervencao_estudada,17,OK,,0,"We test for the impact of partisanship, ideological distance,"
Dassonneville2017,fichamento_Dassonneville2017.md,c3_desfecho,16,OK,,0,we present the distribution of the reported vote choices
Dassonneville2017,fichamento_Dassonneville2017.md,c3_desfecho,35,OK,,0,Vote (dependent)
Dassonneville2017,fichamento_Dassonneville2017.md,c4_desenho_elegivel,12,OK,,0,estimate a conditional logit model for explaining the vote choice
Dassonneville2017,fichamento_Dassonneville2017.md,c5_estudo_primario,10,OK,,0,we make use of the data from the Belgian
Dassonneville2017,fichamento_Dassonneville2017.md,c6_nao_retratado,1,OK,,0,Electoral Volatility in Belgium (2009-2014)
Dassonneville2017,fichamento_Dassonneville2017.md,outros_relatos_mesmo_estudo,27,OK,,0,Technical Report. Leuven: University of Leuven.
Dassonneville2017,fichamento_Dassonneville2017.md,fonte_dados_amostra,10,OK,,0,This representative panel study consists of five waves of surveys
Dassonneville2017,fichamento_Dassonneville2017.md,fonte_dados_amostra,10,OK,,0,707 respondents were interviewed by phone
Denter2013b,fichamento_Denter2013b.md,texto_confere,1,OK,,2,Do Polls Create Momentum in Political
Denter2013b,fichamento_Denter2013b.md,tipo_documento,1,OK,,2,This version: October 2013. First draft: June 2009.
Denter2013b,fichamento_Denter2013b.md,c1_populacao_contexto,7,OK,,2,The median voter votes for the candidate
Denter2013b,fichamento_Denter2013b.md,c1_populacao_contexto,7,OK,,2,We assume that a simple majority rule is used
Denter2013b,fichamento_Denter2013b.md,c2_intervencao_estudada,10,OK,,2,we consider two polar cases: a situation without any poll
Denter2013b,fichamento_Denter2013b.md,c2_intervencao_estudada,29,OK,,2,In our model voters react only to expenditures of the candidates
Denter2013b,fichamento_Denter2013b.md,c3_desfecho,14,OK,,2,the introduction of polls increases the likelihood that the front-runner wins
Denter2013b,fichamento_Denter2013b.md,c3_desfecho,3,OK,,2,the incentives of candidates to spend in the course of their
Denter2013b,fichamento_Denter2013b.md,c4_desenho_elegivel,5,OK,,2,We relegate all formal proofs to the appendix.
Denter2013b,fichamento_Denter2013b.md,c4_desenho_elegivel,16,OK,,2,we simulated the equilibria using the best response functions
Denter2013b,fichamento_Denter2013b.md,c5_estudo_primario,30,OK,,2,it is interesting to empirically validate the results proposed by the theory
Denter2013b,fichamento_Denter2013b.md,c5_estudo_primario,5,OK,,2,A number of empirical papers have tried to falsify
Denter2013b,fichamento_Denter2013b.md,c6_nao_retratado,1,OK,,2,Do Polls Create Momentum in Political
Denter2013b,fichamento_Denter2013b.md,outros_relatos_mesmo_estudo,1,OK,,2,This version: October 2013. First draft: June 2009.
Denter2013b,fichamento_Denter2013b.md,fonte_dados_amostra,7,OK,,2,We assume that a simple majority rule is used
Denter2013b,fichamento_Denter2013b.md,fonte_dados_amostra,20,OK,,2,The right panel shows Figure 3 from
Denter2013b,fichamento_Denter2013b.md,registro_financiamento,1,OK,,2,support of the Swiss National Science Foundation
Dillenberger2019,fichamento_Dillenberger2019.md,texto_confere,1,OK,,0,On the Consensus Effect
Dillenberger2019,fichamento_Dillenberger2019.md,tipo_documento,1,OK,,0,An editor and two anonymous referees provided valuable comments
Dillenberger2019,fichamento_Dillenberger2019.md,c1_populacao_contexto,17,OK,,0,We describe a majority voting game as a collection of
Dillenberger2019,fichamento_Dillenberger2019.md,c2_intervencao_estudada,8,OK,,0,Our main result links violations of expected utility at the individual level
Dillenberger2019,fichamento_Dillenberger2019.md,c3_desfecho,17,OK,,0,Each individual observes his own type and votes for either option
Dillenberger2019,fichamento_Dillenberger2019.md,c4_desenho_elegivel,8,OK,,0,All proofs are in the Appendix
Dillenberger2019,fichamento_Dillenberger2019.md,c5_estudo_primario,5,OK,,0,We assume that any individual has preferences over simple lotteries
Dillenberger2019,fichamento_Dillenberger2019.md,c6_nao_retratado,1,OK,,0,On the Consensus Effect
Dillenberger2019,fichamento_Dillenberger2019.md,outros_relatos_mesmo_estudo,1,OK,,0,This paper was previously titled
Draca2018,fichamento_Draca2018.md,texto_confere,1,OK,,1,How Polarized are Citizens?
Draca2018,fichamento_Draca2018.md,tipo_documento,0,OK,,1,WORKING PAPER SERIES
Draca2018,fichamento_Draca2018.md,c1_populacao_contexto,7,OK,,1,develop a set of 17 countries in Europe and North America
Draca2018,fichamento_Draca2018.md,c1_populacao_contexto,3,OK,,1,beliefs amongst the general public
Draca2018,fichamento_Draca2018.md,c2_intervencao_estudada,2,OK,,1,polarisation using unsupervised machine learning tools as applied to
Draca2018,fichamento_Draca2018.md,c2_intervencao_estudada,3,OK,,1,the main objects of analysis in our application
Draca2018,fichamento_Draca2018.md,c3_desfecho,46,OK,,1,the type shares for one of the 4 types created by LDA
Draca2018,fichamento_Draca2018.md,c3_desfecho,25,OK,,1,We calculate the polarization measure separately for each country and wave
Draca2018,fichamento_Draca2018.md,c4_desenho_elegivel,19,OK,,1,we run some simple regressions of the type shares on individual
Draca2018,fichamento_Draca2018.md,c4_desenho_elegivel,46,OK,,1,Each column reports the regression results for individual level regression
Draca2018,fichamento_Draca2018.md,c5_estudo_primario,7,OK,,1,"For our main analysis, we use data from the World Values Survey"
Draca2018,fichamento_Draca2018.md,c5_estudo_primario,7,OK,,1,to represent the answers to the survey questions as discrete
Draca2018,fichamento_Draca2018.md,c6_nao_retratado,1,OK,,1,How Polarized are Citizens?
Draca2018,fichamento_Draca2018.md,fonte_dados_amostra,7,OK,,1,"82,338 observations over 3 waves spanning the years from 1989 to 2010"
Duailibe2012,fichamento_Duailibe2012.md,texto_confere,1,OK,,0,PESQUISAS DE OPINIÃO NAS ELEIÇÕES PRESIDENCIAIS DE 2010 NO BRASIL
Duailibe2012,fichamento_Duailibe2012.md,tipo_documento,3,OK,,0,Dissertação apresentada à Banca Examinadora da
Duailibe2012,fichamento_Duailibe2012.md,c1_populacao_contexto,29,OK,,0,a partir do levantamento de todos os conteúdos
Duailibe2012,fichamento_Duailibe2012.md,c2_intervencao_estudada,27,OK,,0,Esta dissertação é um esforço de compreensão das sondagens
Duailibe2012,fichamento_Duailibe2012.md,c3_desfecho,30,OK,,0,pesquisas em sua relação com a agenda do jornal
Duailibe2012,fichamento_Duailibe2012.md,c4_desenho_elegivel,29,OK,,0,produzidas está nos limites da metodologia de estudo
Duailibe2012,fichamento_Duailibe2012.md,c4_desenho_elegivel,69,OK,,0,será privilegiado o aspecto descritivo da cobertura do jornal
Duailibe2012,fichamento_Duailibe2012.md,c5_estudo_primario,13,OK,,0,Por meio da análise de 1.583 conteúdos
Duailibe2012,fichamento_Duailibe2012.md,c6_nao_retratado,1,OK,,0,UM ESTUDO DA COBERTURA DO JORNAL O GLOBO
Duailibe2012,fichamento_Duailibe2012.md,outros_relatos_mesmo_estudo,9,OK,,0,uma leitura criteriosa do projeto de qualificação
Duailibe2012,fichamento_Duailibe2012.md,fonte_dados_amostra,13,OK,,0,na cobertura do primeiro turno das eleições
Duailibe2012,fichamento_Duailibe2012.md,fonte_dados_amostra,169,OK,,0,Espaços pesquisados no jornal: Caderno País e Primeira Página
Duailibe2023,fichamento_Duailibe2023.md,texto_confere,1,OK,,1,OPINIÃO PÚBLICA E SURVEYS SERVEM À DEMOCRACIA? ELEMENTOS PARA UMA REFLEXÃO
Duailibe2023,fichamento_Duailibe2023.md,tipo_documento,1,OK,,1,Tese apresentada à Banca Examinadora da Universidade de Brasília
Duailibe2023,fichamento_Duailibe2023.md,c1_populacao_contexto,126,OK,,1,O objeto de reflexão aqui se limita a focar na indagação
Duailibe2023,fichamento_Duailibe2023.md,c2_intervencao_estudada,15,OK,,1,Esta tese questiona dois aspectos: as implicações da equivalência entre surveys
Duailibe2023,fichamento_Duailibe2023.md,c3_desfecho,17,OK,,1,a noção de opinião pública como equivalente às pesquisas de opinião representa
Duailibe2023,fichamento_Duailibe2023.md,c4_desenho_elegivel,16,OK,,1,"Do ponto de vista teórico e metodológico, a reflexão proposta nesta tese"
Duailibe2023,fichamento_Duailibe2023.md,c5_estudo_primario,124,OK,,1,O objetivo desta tese é refletir sobre as relações entre surveys
Duailibe2023,fichamento_Duailibe2023.md,c6_nao_retratado,1,OK,,1,OPINIÃO PÚBLICA E SURVEYS SERVEM À DEMOCRACIA?
Duailibe2023,fichamento_Duailibe2023.md,fonte_dados_amostra,16,OK,,1,"Ancorada nas visões críticas de Herbert Blumer, Pierre Bourdieu, Patrick Champagne"
Duenas2020,fichamento_Duenas2020.md,texto_confere,167,OK,,-166,El efecto de la exposición a los sondeos preelectorales
Duenas2020,fichamento_Duenas2020.md,texto_confere,167,OK,,-166,en las elecciones autonómicas en Andalucía de 2018
Duenas2020,fichamento_Duenas2020.md,texto_confere,167,OK,,-166,José María Ramírez Dueñas
Duenas2020,fichamento_Duenas2020.md,tipo_documento,167,OK,,-166,"Papers 2021, 106/2"
Duenas2020,fichamento_Duenas2020.md,tipo_documento,167,OK,,-166,Aceptación: 31-05-2020
Duenas2020,fichamento_Duenas2020.md,c1_populacao_contexto,167,OK,,-166,votantes para las elecciones autonómicas de Andalucía de 2018
Duenas2020,fichamento_Duenas2020.md,c1_populacao_contexto,176,OK,,-166,Centro de Investigaciones Sociológicas (N = 2.913 encuestados)
Duenas2020,fichamento_Duenas2020.md,c2_intervencao_estudada,177,OK,,-166,hemos tomado como variable de análisis el conocimiento de los sondeos
Duenas2020,fichamento_Duenas2020.md,c2_intervencao_estudada,177,OK,,-166,tuvo usted conocimiento de los resultados de alguna de las encuestas
Duenas2020,fichamento_Duenas2020.md,c3_desfecho,176,OK,,-166,probabilidad de participar en las elecciones o haber votado a los diferentes
Duenas2020,fichamento_Duenas2020.md,c3_desfecho,177,OK,,-166,la participación electoral (0) o abstención (1)
Duenas2020,fichamento_Duenas2020.md,c4_desenho_elegivel,176,OK,,-166,basado en la muestra de la encuesta poselectoral
Duenas2020,fichamento_Duenas2020.md,c4_desenho_elegivel,180,OK,,-166,no realizó encuesta panel
Duenas2020,fichamento_Duenas2020.md,c4_desenho_elegivel,186,OK,,-166,la ausencia de un sistema panel
Duenas2020,fichamento_Duenas2020.md,c5_estudo_primario,177,OK,,-166,hemos desarrollado dos análisis con un conjunto de variables independientes
Duenas2020,fichamento_Duenas2020.md,c6_nao_retratado,167,OK,,-166,El efecto de la exposición a los sondeos preelectorales
Duenas2020,fichamento_Duenas2020.md,fonte_dados_amostra,176,OK,,-166,Centro de Investigaciones Sociológicas (N = 2.913 encuestados)
Duenas2020,fichamento_Duenas2020.md,fonte_dados_amostra,184,OK,,-166,encuesta Poselectoral del CIS (n.º 3.226)
Duenas2020,fichamento_Duenas2020.md,fonte_dados_amostra,168,OK,,-166,andaluzas del 2 de diciembre de 2018
Duenas2025,fichamento_Duenas2025.md,texto_confere,1,OK,,0,La influencia de los sondeos preelectorales en votantes indecisos y decididos
Duenas2025,fichamento_Duenas2025.md,tipo_documento,1,OK,,0,Política y Sociedad
Duenas2025,fichamento_Duenas2025.md,tipo_documento,1,OK,,0,Envío: 25 enero 2024
Duenas2025,fichamento_Duenas2025.md,c1_populacao_contexto,1,OK,,0,en dos elecciones generales celebradas en España
Duenas2025,fichamento_Duenas2025.md,c2_intervencao_estudada,5,OK,,0,La variable independiente principal fue la exposición a sondeos electorales
Duenas2025,fichamento_Duenas2025.md,c2_intervencao_estudada,5,OK,,0,medida mediante una pregunta dicotómica
Duenas2025,fichamento_Duenas2025.md,c3_desfecho,5,OK,,0,1 si el encuestado votó por un determinado partido
Duenas2025,fichamento_Duenas2025.md,c3_desfecho,5,OK,,0,"para medir la abstención electoral, se empleó una codificación equivalente"
Duenas2025,fichamento_Duenas2025.md,c4_desenho_elegivel,5,OK,,0,"ha sido de carácter cuantitativo, basada en los datos obtenidos"
Duenas2025,fichamento_Duenas2025.md,c4_desenho_elegivel,7,OK,,0,derivada de los coeficientes de la regresión logística
Duenas2025,fichamento_Duenas2025.md,c5_estudo_primario,1,OK,,0,utilizando como base las encuestas poselectorales del CIS
Duenas2025,fichamento_Duenas2025.md,c6_nao_retratado,1,OK,,0,La influencia de los sondeos preelectorales
Duenas2025,fichamento_Duenas2025.md,fonte_dados_amostra,5,OK,,0,encuestas poselectorales del Centro de Investigaciones Sociológicas de España
Duenas2025,fichamento_Duenas2025.md,fonte_dados_amostra,5,OK,,0,3248) y noviembre
Duenas2025,fichamento_Duenas2025.md,fonte_dados_amostra,6,OK,,0,Exposición sondeos electorales
Ergin2018,fichamento_Ergin2018.md,texto_confere,6,OK,,0,Strategic Voting and Social Welfare Rules
Ergin2018,fichamento_Ergin2018.md,tipo_documento,6,OK,,0,"to obtain the degree of Doctor at the Maastricht University,"
Ergin2018,fichamento_Ergin2018.md,c1_populacao_contexto,21,OK,,0,chapters in this dissertation deal with social choice theory
Ergin2018,fichamento_Ergin2018.md,c1_populacao_contexto,26,OK,,0,"In many situations, individuals participate in collective decision making via"
Ergin2018,fichamento_Ergin2018.md,c2_intervencao_estudada,21,OK,,0,Social choice theory is interested in how to move from these individual
Ergin2018,fichamento_Ergin2018.md,c3_desfecho,23,OK,,0,incompatibility between these two concepts when using social welfare rules
Ergin2018,fichamento_Ergin2018.md,c4_desenho_elegivel,44,OK,,0,"we show that the conditions of Pareto optimality, consistency"
Ergin2018,fichamento_Ergin2018.md,c5_estudo_primario,127,OK,,0,this thesis in its total follows the discipline of social
Ergin2018,fichamento_Ergin2018.md,c6_nao_retratado,1,OK,,0,Strategic voting and social welfare rules
Ergin2018,fichamento_Ergin2018.md,outros_relatos_mesmo_estudo,26,OK,,0,"Based on Can, Csóka, and Ergin (2017)."
Ergin2018,fichamento_Ergin2018.md,outros_relatos_mesmo_estudo,52,OK,,0,"Based on Can, Ergin, and Pourpouneh (2017)."
Erlich2023,fichamento_Erlich2023.md,texto_confere,1,OK,,0,Measuring How Information Changes Electoral Uncertainty in a
Erlich2023,fichamento_Erlich2023.md,texto_confere,1,OK,,0,Aaron Erlich
Erlich2023,fichamento_Erlich2023.md,tipo_documento,1,OK,,0,"August 6, 2018"
Erlich2023,fichamento_Erlich2023.md,tipo_documento,32,OK,,0,Online Appendix
Erlich2023,fichamento_Erlich2023.md,c1_populacao_contexto,15,OK,,0,"I recruited 208 subjects, who had not participated in my survey"
Erlich2023,fichamento_Erlich2023.md,c2_intervencao_estudada,3,OK,,0,I randomize which of the subjects will be exposed to the predictions
Erlich2023,fichamento_Erlich2023.md,c2_intervencao_estudada,16,OK,,0,also included estimates from my municipality-wide poll
Erlich2023,fichamento_Erlich2023.md,c3_desfecho,18,OK,,0,I asked respondents about their voting behavior (turnout and vote choice)
Erlich2023,fichamento_Erlich2023.md,c3_desfecho,25,OK,,0,the models do show relatively lower turnout in both treatment groups
Erlich2023,fichamento_Erlich2023.md,c4_desenho_elegivel,3,OK,,0,This design yields one placebo and two treatment groups.
Erlich2023,fichamento_Erlich2023.md,c5_estudo_primario,14,OK,,0,I administered a representative public opinion poll to the entire Kaspi constituency
Erlich2023,fichamento_Erlich2023.md,c6_nao_retratado,1,OK,,0,Measuring How Information Changes Electoral Uncertainty in a
Erlich2023,fichamento_Erlich2023.md,fonte_dados_amostra,40,OK,,0,20 precincts were selected and 40 interviews were attempted
Erlich2023,fichamento_Erlich2023.md,fonte_dados_amostra,15,OK,,0,"I recruited 208 subjects, who had not participated in my survey"
Evrenk2015,fichamento_Evrenk2015.md,texto_confere,0,OK,,2,Social interactions in voting behavior: distinguishing between
Evrenk2015,fichamento_Evrenk2015.md,texto_confere,0,OK,,2,This is an extended version of an article with the same name
Evrenk2015,fichamento_Evrenk2015.md,c1_populacao_contexto,2,OK,,2,we employ data obtained from the 2005 British Election Studies
Evrenk2015,fichamento_Evrenk2015.md,c2_intervencao_estudada,8,OK,,2,we use the subjective chance ranking elicited from voter responses
Evrenk2015,fichamento_Evrenk2015.md,c2_intervencao_estudada,4,OK,,2,rational expectations grounded in pre-election polls
Evrenk2015,fichamento_Evrenk2015.md,c3_desfecho,23,OK,,2,The dependent variable is voting choice
Evrenk2015,fichamento_Evrenk2015.md,c4_desenho_elegivel,5,OK,,2,The overall study comprised a series of linked surveys
Evrenk2015,fichamento_Evrenk2015.md,c4_desenho_elegivel,11,OK,,2,"The model is estimated using multinomial probit, as opposed to multinomial logit"
Evrenk2015,fichamento_Evrenk2015.md,c5_estudo_primario,5,OK,,2,The primary data source for the present study is the dataset
Evrenk2015,fichamento_Evrenk2015.md,outros_relatos_mesmo_estudo,0,OK,,2,This is an extended version of an article with the same name
Evrenk2015,fichamento_Evrenk2015.md,outros_relatos_mesmo_estudo,17,OK,,2,This paper is a heavily revised version of a chapter
Evrenk2015,fichamento_Evrenk2015.md,fonte_dados_amostra,9,OK,,2,"In the England sample (N = 1,929) of the BES pre-election survey"
Evrenk2015,fichamento_Evrenk2015.md,fonte_dados_amostra,2,OK,,2,This election took place on 5 May 2005
Fairstein2018a,fichamento_Fairstein2018a.md,texto_confere,1,OK,,0,Predicting Strategic Voting Behavior with Poll Information
Fairstein2018a,fichamento_Fairstein2018a.md,tipo_documento,1,OK,,0,arXiv:1805.07606v1
Fairstein2018a,fichamento_Fairstein2018a.md,c1_populacao_contexto,2,OK,,0,human subjects with dictated preferences are exposed to a poll
Fairstein2018a,fichamento_Fairstein2018a.md,c2_intervencao_estudada,7,OK,,0,each time with different preferences and poll information
Fairstein2018a,fichamento_Fairstein2018a.md,c2_intervencao_estudada,1,OK,,0,This work focuses on modeling strategic voting behavior under poll information
Fairstein2018a,fichamento_Fairstein2018a.md,c3_desfecho,2,OK,,0,make a single voting decision under the Plurality rule
Fairstein2018a,fichamento_Fairstein2018a.md,c4_desenho_elegivel,7,OK,,0,voting scenarios in controlled experiments involving humans
Fairstein2018a,fichamento_Fairstein2018a.md,c4_desenho_elegivel,8,OK,,0,The prediction was performed using leave-one-out method
Fairstein2018a,fichamento_Fairstein2018a.md,c5_estudo_primario,7,OK,,0,We evaluated the different models on data obtained from Tal et al.
Fairstein2018a,fichamento_Fairstein2018a.md,c6_nao_retratado,1,OK,,0,Predicting Strategic Voting Behavior with Poll Information
Fairstein2018a,fichamento_Fairstein2018a.md,outros_relatos_mesmo_estudo,2,OK,,0,We use the data of Tal et al.
Fairstein2018a,fichamento_Fairstein2018a.md,outros_relatos_mesmo_estudo,13,OK,,0,A study of human behavior in online voting
Fairstein2018a,fichamento_Fairstein2018a.md,fonte_dados_amostra,7,OK,,0,The data was obtained from 595 distinct subjects
Fairstein2018a,fichamento_Fairstein2018a.md,fonte_dados_amostra,7,OK,,0,Each subject played up to 20 rounds of voting with 3 candidates
Fairstein2019a,fichamento_Fairstein2019a.md,texto_confere,1,OK,,0,Modeling People's Voting Behavior with Poll Information
Fairstein2019a,fichamento_Fairstein2019a.md,tipo_documento,1,OK,,0,Proc. of the 18th International Conference on Autonomous Agents and Multiagent Systems
Fairstein2019a,fichamento_Fairstein2019a.md,c1_populacao_contexto,1,OK,,0,where people vote after observing non-binding poll information
Fairstein2019a,fichamento_Fairstein2019a.md,c2_intervencao_estudada,5,OK,,0,the participants with a different poll each time
Fairstein2019a,fichamento_Fairstein2019a.md,c3_desfecho,1,OK,,0,The goal of the paper is to study strategic choices
Fairstein2019a,fichamento_Fairstein2019a.md,c3_desfecho,4,OK,,0,and then votes once
Fairstein2019a,fichamento_Fairstein2019a.md,c4_desenho_elegivel,1,OK,,0,from controlled experiments in which human voters either faced a
Fairstein2019a,fichamento_Fairstein2019a.md,c4_desenho_elegivel,5,OK,,0,We used a ten-fold cross validation method
Fairstein2019a,fichamento_Fairstein2019a.md,c5_estudo_primario,2,OK,,0,We collect the strategic decisions of 520 people in voting
Fairstein2019a,fichamento_Fairstein2019a.md,c6_nao_retratado,1,OK,,0,Modeling People's Voting Behavior with Poll Information
Fairstein2019a,fichamento_Fairstein2019a.md,outros_relatos_mesmo_estudo,2,OK,,0,Tal et al. [28] and Tyszler and Schram [30]
Fairstein2019a,fichamento_Fairstein2019a.md,outros_relatos_mesmo_estudo,4,OK,,0,"Three of the datasets (D32, D36 and TMG15) were collected using"
Fairstein2019a,fichamento_Fairstein2019a.md,fonte_dados_amostra,2,OK,,0,We collect the strategic decisions of 520 people in voting
Fairstein2019a,fichamento_Fairstein2019a.md,fonte_dados_amostra,2,OK,,0,"more than 14,000 decisions in total"
Fairstein2019a,fichamento_Fairstein2019a.md,fonte_dados_amostra,5,OK,,0,were recruited via the Amazon Mechanical Turk
Fairstein2019a,fichamento_Fairstein2019a.md,registro_financiamento,9,OK,,0,grant number 773/16
Faravelli2019,fichamento_Faravelli2019.md,texto_confere,1,OK,,1,A LARGE-SCALE REAL EFFORT EXPERIMENT
Faravelli2019,fichamento_Faravelli2019.md,tipo_documento,0,OK,,1,UNSW Business School Research Paper No. 2017 ECON 16
Faravelli2019,fichamento_Faravelli2019.md,c1_populacao_contexto,6,OK,,1,Every agent independently chooses whether to vote for her own party
Faravelli2019,fichamento_Faravelli2019.md,c1_populacao_contexto,6,OK,,1,"A total of 1,200 subjects took part in the experiment"
Faravelli2019,fichamento_Faravelli2019.md,c2_intervencao_estudada,3,OK,,1,the electorate size (30 vs 300) and the probability of being assigned
Faravelli2019,fichamento_Faravelli2019.md,c3_desfecho,8,OK,,1,Stage 2 constitutes the turnout rate for that treatment
Faravelli2019,fichamento_Faravelli2019.md,c4_desenho_elegivel,8,OK,,1,Workers were randomly assigned to the four treatments
Faravelli2019,fichamento_Faravelli2019.md,c5_estudo_primario,10,OK,,1,We start our analysis by reporting the descriptive statistics of our sample
Faravelli2019,fichamento_Faravelli2019.md,c6_nao_retratado,1,OK,,1,A LARGE-SCALE REAL EFFORT EXPERIMENT
Faravelli2019,fichamento_Faravelli2019.md,fonte_dados_amostra,8,OK,,1,The experiment started at 4pm EDT on 18 July 2016
Faravelli2019,fichamento_Faravelli2019.md,registro_financiamento,1,OK,,1,Discovery Projects funding scheme (project number DP140102426)
Farina2024,fichamento_Farina2024.md,texto_confere,1,OK,,0,Hiding a Flaw? Experimental Evidence on Multi-Dimensional Information
Farina2024,fichamento_Farina2024.md,tipo_documento,1,OK,,0,earlier circulated version was entitled
Farina2024,fichamento_Farina2024.md,c1_populacao_contexto,10,OK,,0,We recruited 120 subjects from the University
Farina2024,fichamento_Farina2024.md,c2_intervencao_estudada,4,OK,,0,modifies the control game by adding an attribute
Farina2024,fichamento_Farina2024.md,c3_desfecho,3,OK,,0,receiver guesses the number. Payoffs are designed
Farina2024,fichamento_Farina2024.md,c3_desfecho,16,OK,,0,Table 1 summarizes disclosure rates across treatments
Farina2024,fichamento_Farina2024.md,c4_desenho_elegivel,10,OK,,0,We use a between-subjects design with fixed roles and random matching.
Farina2024,fichamento_Farina2024.md,c5_estudo_primario,3,OK,,0,"In this paper, we use a lab experiment to study"
Farina2024,fichamento_Farina2024.md,c6_nao_retratado,1,OK,,0,Hiding a Flaw? Experimental Evidence on Multi-Dimensional Information
Farina2024,fichamento_Farina2024.md,outros_relatos_mesmo_estudo,1,OK,,0,earlier circulated version was entitled
Farina2024,fichamento_Farina2024.md,fonte_dados_amostra,10,OK,,0,We recruited 120 subjects from the University
Farina2024,fichamento_Farina2024.md,fonte_dados_amostra,10,OK,,0,during the Spring and Fall semesters of 2022
Farina2024,fichamento_Farina2024.md,registro_financiamento,1,OK,,0,"Research Initiative Award, University of Maryland, College Park"
Farjam2020a,fichamento_Farjam2020a.md,texto_confere,412,OK,,-411,The Bandwagon Effect in an Online Voting Experiment With Real Political Organizations
Farjam2020a,fichamento_Farjam2020a.md,texto_confere,412,OK,,-411,Mike Farjam
Farjam2020a,fichamento_Farjam2020a.md,tipo_documento,412,OK,,-411,International Journal of Public Opinion Research Vol. 33 No. 2 2021
Farjam2020a,fichamento_Farjam2020a.md,c1_populacao_contexto,413,OK,,-411,"in this experiment, voters allocate money (as a proxy for power)"
Farjam2020a,fichamento_Farjam2020a.md,c1_populacao_contexto,413,OK,,-411,active organizations (as proxies for parties)
Farjam2020a,fichamento_Farjam2020a.md,c2_intervencao_estudada,414,OK,,-411,based on whether poll results were shown to participants or not
Farjam2020a,fichamento_Farjam2020a.md,c3_desfecho,416,OK,,-411,Voting for the minority option was coded as 0
Farjam2020a,fichamento_Farjam2020a.md,c3_desfecho,413,OK,,-411,but also shifts in real votes with real consequences
Farjam2020a,fichamento_Farjam2020a.md,c4_desenho_elegivel,414,OK,,-411,randomly assigned to groups of approximately 190 participants
Farjam2020a,fichamento_Farjam2020a.md,c4_desenho_elegivel,412,OK,,-411,results affect voters in an online experiment
Farjam2020a,fichamento_Farjam2020a.md,c5_estudo_primario,414,OK,,-411,"All data were collected on November 15 and 16, 2018."
Farjam2020a,fichamento_Farjam2020a.md,c6_nao_retratado,412,OK,,-411,The Bandwagon Effect in an Online Voting Experiment With Real Political Organizations
Farjam2020a,fichamento_Farjam2020a.md,fonte_dados_amostra,414,OK,,-411,"All 1,113 participants in this study were recruited via Amazon Mechanical Turk"
Farjam2020a,fichamento_Farjam2020a.md,fonte_dados_amostra,414,OK,,-411,This early poll was in fact conducted among 111 participants
Farjam2020a,fichamento_Farjam2020a.md,registro_financiamento,419,OK,,-411,This work was supported by the Linnaeus University Centre for Data Intensive
Fehrler2024,fichamento_Fehrler2024.md,texto_confere,1,OK,,0,Beliefs about Others:
Fehrler2024,fichamento_Fehrler2024.md,tipo_documento,1,OK,,0,"February 16, 2023"
Fehrler2024,fichamento_Fehrler2024.md,c1_populacao_contexto,13,OK,,0,"In Treatment 1, 116 students (average age: 22 years old"
Fehrler2024,fichamento_Fehrler2024.md,c2_intervencao_estudada,11,OK,,0,We try to facilitate projection (rational updating) by three interventions each.
Fehrler2024,fichamento_Fehrler2024.md,c3_desfecho,14,OK,,0,how often the participants actually guess the same color signal
Fehrler2024,fichamento_Fehrler2024.md,c4_desenho_elegivel,2,OK,,0,In a laboratory experiment with three consecutively developed treatments
Fehrler2024,fichamento_Fehrler2024.md,c5_estudo_primario,13,OK,,0,We programed all treatments in z-Tree
Fehrler2024,fichamento_Fehrler2024.md,c6_nao_retratado,1,OK,,0,A Striking Example of Information Neglect
Fehrler2024,fichamento_Fehrler2024.md,fonte_dados_amostra,13,OK,,0,We conducted eight experimental sessions in total
Feltovich2022,fichamento_Feltovich2022.md,texto_confere,408,OK,,-407,"Campaign Messages, Polling, and Elections: Theory"
Feltovich2022,fichamento_Feltovich2022.md,tipo_documento,408,OK,,-407,"American Journal of Political Science, Vol. 68, No. 2, April 2024"
Feltovich2022,fichamento_Feltovich2022.md,c1_populacao_contexto,412,OK,,-407,Subjects were primarily undergraduate students (no exclusion criteria)
Feltovich2022,fichamento_Feltovich2022.md,c1_populacao_contexto,410,OK,,-407,"simultaneously and costlessly votes, and then the results are announced"
Feltovich2022,fichamento_Feltovich2022.md,c2_intervencao_estudada,410,OK,,-407,how voting changes between the straw poll and the election
Feltovich2022,fichamento_Feltovich2022.md,c2_intervencao_estudada,422,OK,,-407,incumbent straw-vote share and its square (allowing for
Feltovich2022,fichamento_Feltovich2022.md,c3_desfecho,422,OK,,-407,The dependent variable is either a vote for the incumbent or reelection
Feltovich2022,fichamento_Feltovich2022.md,c4_desenho_elegivel,408,OK,,-407,We analyze this question theoretically and experimentally
Feltovich2022,fichamento_Feltovich2022.md,c4_desenho_elegivel,412,OK,,-407,Subjects were randomly assigned to groups
Feltovich2022,fichamento_Feltovich2022.md,c5_estudo_primario,409,OK,,-407,We replicate our model in a lab experiment and test its implications.
Feltovich2022,fichamento_Feltovich2022.md,c6_nao_retratado,408,OK,,-407,"Campaign Messages, Polling, and Elections: Theory"
Feltovich2022,fichamento_Feltovich2022.md,fonte_dados_amostra,412,OK,,-407,The experimental sessions took place at Monash
Feltovich2022,fichamento_Feltovich2022.md,fonte_dados_amostra,412,OK,,-407,Subjects were primarily undergraduate students (no exclusion criteria)
Feltovich2022,fichamento_Feltovich2022.md,registro_financiamento,408,OK,,-407,the Australian Research Council (DP130101183) is gratefully acknowledged
Fichnova2015a,fichamento_Fichnova2015a.md,texto_confere,261,OK,,-260,ELECTION OPINION POLLS AND THEIR IMPACTS
Fichnova2015a,fichamento_Fichnova2015a.md,tipo_documento,261,OK,,-260,European Journal of Science and Theology
Fichnova2015a,fichamento_Fichnova2015a.md,c1_populacao_contexto,266,OK,,-260,candidate ranking according to a respondent in hypothetical elections
Fichnova2015a,fichamento_Fichnova2015a.md,c2_intervencao_estudada,266,OK,,-260,The ranking of the observed candidate varied in the research graph
Fichnova2015a,fichamento_Fichnova2015a.md,c2_intervencao_estudada,265,OK,,-260,graph of a hypothetical poll done by three agencies
Fichnova2015a,fichamento_Fichnova2015a.md,c3_desfecho,266,OK,,-260,identifying which candidates the respondents would elect
Fichnova2015a,fichamento_Fichnova2015a.md,c4_desenho_elegivel,265,OK,,-260,the respondents were put into groups randomly
Fichnova2015a,fichamento_Fichnova2015a.md,c5_estudo_primario,266,OK,,-260,The data obtained were then analysed statistically
Fichnova2015a,fichamento_Fichnova2015a.md,c6_nao_retratado,261,OK,,-260,ELECTION OPINION POLLS AND THEIR IMPACTS
Fichnova2015a,fichamento_Fichnova2015a.md,fonte_dados_amostra,266,OK,,-260,"consisted of 79 respondents, including 37 Slovak nationals and 42 Polish nationals"
Fichnova2015a,fichamento_Fichnova2015a.md,fonte_dados_amostra,266,OK,,-260,The respondents were divided into four
Freden2016b,fichamento_Freden2016b.md,texto_confere,3,OK,,3,Strategic Voting under Coalition Governments
Freden2016b,fichamento_Freden2016b.md,tipo_documento,9,OK,,3,This thesis is about how the consideration
Freden2016b,fichamento_Freden2016b.md,c1_populacao_contexto,32,OK,,3,The bulk of data comes from Sweden
Freden2016b,fichamento_Freden2016b.md,c1_populacao_contexto,32,OK,,3,interview surveys of voters
Freden2016b,fichamento_Freden2016b.md,c2_intervencao_estudada,10,OK,,3,large scale survey experiment with manipulated polls and coalition signals
Freden2016b,fichamento_Freden2016b.md,c2_intervencao_estudada,35,OK,,3,elaborating on the impact of pre-electoral signals and polling levels
Freden2016b,fichamento_Freden2016b.md,c3_desfecho,35,OK,,3,have low support in the polls are more likely to be abandoned
Freden2016b,fichamento_Freden2016b.md,c4_desenho_elegivel,34,OK,,3,"one survey experiment, one lab experiment and one panel data study"
Freden2016b,fichamento_Freden2016b.md,c4_desenho_elegivel,31,OK,,3,survey experiment with a large number of participants over the Internet
Freden2016b,fichamento_Freden2016b.md,c5_estudo_primario,35,OK,,3,The ideas behind strategic voting are developed in four papers
Freden2016b,fichamento_Freden2016b.md,c6_nao_retratado,1,OK,,3,Strategic Voting under Coalition Governments
Freden2016b,fichamento_Freden2016b.md,outros_relatos_mesmo_estudo,6,OK,,3,Threshold Insurance Voting in PR Systems
Freden2016b,fichamento_Freden2016b.md,outros_relatos_mesmo_estudo,6,OK,,3,"Coalitions, Polls and Expectations. Strategic Voting in PR Systems (Manuscript)"
Freden2016b,fichamento_Freden2016b.md,outros_relatos_mesmo_estudo,6,OK,,3,"Coalitions, Coordination and Electoral Choice: A Lab Experimental Study of Strategic Voting"
Freden2016b,fichamento_Freden2016b.md,fonte_dados_amostra,35,OK,,3,the case of the 2010 Swedish general election
Freden2016b,fichamento_Freden2016b.md,fonte_dados_amostra,34,OK,,3,Some data also comes from another electoral system: Canada
Freden2016b,fichamento_Freden2016b.md,fonte_dados_amostra,31,OK,,3,survey experiment with a large number of participants over the Internet
Freden2021,fichamento_Freden2021.md,texto_confere,1,OK,,0,How Polling Trends Influence Compensational Coalition-Voting
Freden2021,fichamento_Freden2021.md,tipo_documento,1,OK,,0,This article develops the idea of compensational voting
Freden2021,fichamento_Freden2021.md,c1_populacao_contexto,4,OK,,0,It consists of a representative sample of the Swedish electorate
Freden2021,fichamento_Freden2021.md,c2_intervencao_estudada,4,OK,,0,The central measure for this analysis
Freden2021,fichamento_Freden2021.md,c2_intervencao_estudada,4,OK,,0,is the average of polls that were presented about a month
Freden2021,fichamento_Freden2021.md,c3_desfecho,5,OK,,0,The outcome variable in the model is party choice (vote).
Freden2021,fichamento_Freden2021.md,c4_desenho_elegivel,5,OK,,0,a mixed logit model has been chosen
Freden2021,fichamento_Freden2021.md,c4_desenho_elegivel,4,OK,,0,conducted shortly after the general elections
Freden2021,fichamento_Freden2021.md,c5_estudo_primario,9,OK,,0,Publicly available datasets were analyzed in this study.
Freden2021,fichamento_Freden2021.md,c6_nao_retratado,1,OK,,0,How Polling Trends Influence Compensational Coalition-Voting
Freden2021,fichamento_Freden2021.md,fonte_dados_amostra,4,OK,,0,The data on party preference comes from the National SOM Survey
Freden2021,fichamento_Freden2021.md,fonte_dados_amostra,5,OK,,0,"generating more than 64,000 observations in total"
Freden2024a,fichamento_Freden2024a.md,texto_confere,1,OK,,0,Insurance Voting in the Centre: An Experimental Approach
Freden2024a,fichamento_Freden2024a.md,tipo_documento,1,OK,,0,Advance access publication 9 August 2024
Freden2024a,fichamento_Freden2024a.md,c1_populacao_contexto,4,OK,,0,We collected our data by using the Swedish Citizen Panel
Freden2024a,fichamento_Freden2024a.md,c2_intervencao_estudada,4,OK,,0,the participants were randomized into nine
Freden2024a,fichamento_Freden2024a.md,c2_intervencao_estudada,4,OK,,0,"whose support ranged from 2.5%, 4%, and 5.5%"
Freden2024a,fichamento_Freden2024a.md,c3_desfecho,5,OK,,0,respondents were asked which party they would vote for in the elections
Freden2024a,fichamento_Freden2024a.md,c4_desenho_elegivel,2,OK,,0,we rely on a survey experiment
Freden2024a,fichamento_Freden2024a.md,c4_desenho_elegivel,4,OK,,0,the participants were randomized into nine
Freden2024a,fichamento_Freden2024a.md,c5_estudo_primario,4,OK,,0,"For our dataset, we draw on a survey experiment"
Freden2024a,fichamento_Freden2024a.md,c6_nao_retratado,1,OK,,0,Insurance Voting in the Centre: An Experimental Approach
Freden2024a,fichamento_Freden2024a.md,outros_relatos_mesmo_estudo,9,OK,,0,An earlier version of this article was presented at the Midwest
Freden2024a,fichamento_Freden2024a.md,outros_relatos_mesmo_estudo,8,OK,,0,Replicating an original survey experiment in a new election context
Freden2024a,fichamento_Freden2024a.md,fonte_dados_amostra,4,OK,,0,"took place over 10 days, starting on August 31"
Freden2024a,fichamento_Freden2024a.md,fonte_dados_amostra,5,OK,,0,"In total, 3,759 respondents took part in the survey"
Freden2024a,fichamento_Freden2024a.md,fonte_dados_amostra,5,OK,,0,"3,259 respondents completed the questionnaire"
Freden2024a,fichamento_Freden2024a.md,registro_financiamento,9,OK,,0,Riksbankens Jubileumsfond for the Advancement of the
Freden2024a,fichamento_Freden2024a.md,registro_financiamento,9,OK,,0,Wallenberg Foundation [grant number MMW 2019.0209]
Frenkel2012,fichamento_Frenkel2012.md,texto_confere,1,OK,,0,Competence and Ambiguity in Electoral Competition
Frenkel2012,fichamento_Frenkel2012.md,tipo_documento,1,OK,,0,"December 5, 2012"
Frenkel2012,fichamento_Frenkel2012.md,tipo_documento,8,OK,,0,The online Appendix is available at
Frenkel2012,fichamento_Frenkel2012.md,c1_populacao_contexto,8,OK,,0,There is a single voter and two possible policies
Frenkel2012,fichamento_Frenkel2012.md,c2_intervencao_estudada,9,OK,,0,"During the campaign, each candidate makes a declaration regarding the policy"
Frenkel2012,fichamento_Frenkel2012.md,c3_desfecho,12,OK,,0,The voter elects with probability one the candidate he believes
Frenkel2012,fichamento_Frenkel2012.md,c4_desenho_elegivel,4,OK,,0,We present a formal game-theoretic model
Frenkel2012,fichamento_Frenkel2012.md,c5_estudo_primario,22,OK,,0,The paper uses a simple model to analyze the connection
Frenkel2012,fichamento_Frenkel2012.md,c6_nao_retratado,1,OK,,0,Competence and Ambiguity in Electoral Competition
Frenkel2012,fichamento_Frenkel2012.md,outros_relatos_mesmo_estudo,1,OK,,0,This work was done as part of my PhD thesis
Gandhi2019,fichamento_Gandhi2019.md,texto_confere,948,OK,,-947,Committed or Conditional Democrats?
Gandhi2019,fichamento_Gandhi2019.md,tipo_documento,948,OK,,-947,"American Journal of Political Science, Vol. 63, No. 4, October 2019"
Gandhi2019,fichamento_Gandhi2019.md,c1_populacao_contexto,951,OK,,-947,We use a survey experiment in the run-up to the May
Gandhi2019,fichamento_Gandhi2019.md,c1_populacao_contexto,954,OK,,-947,"leaves us with a sample of 2,195 opposition supporters"
Gandhi2019,fichamento_Gandhi2019.md,c2_intervencao_estudada,954,OK,,-947,"In addition, recent extra surveys done also show that the party"
Gandhi2019,fichamento_Gandhi2019.md,c2_intervencao_estudada,954,OK,,-947,"Therefore, the DAP [BERSATU] leader will be the next prime minister."
Gandhi2019,fichamento_Gandhi2019.md,c3_desfecho,954,OK,,-947,Responses to these questions provide a posttreatment measure of support for PH.
Gandhi2019,fichamento_Gandhi2019.md,c3_desfecho,956,OK,,-947,is very or somewhat likely to vote for PH
Gandhi2019,fichamento_Gandhi2019.md,c4_desenho_elegivel,954,OK,,-947,We randomly assign our sample into one of three groups
Gandhi2019,fichamento_Gandhi2019.md,c4_desenho_elegivel,954,OK,,-947,Respondents were randomly assigned to one of the three groups
Gandhi2019,fichamento_Gandhi2019.md,c5_estudo_primario,953,OK,,-947,We commissioned a telephone survey of Malaysian
Gandhi2019,fichamento_Gandhi2019.md,c5_estudo_primario,954,OK,,-947,"leaves us with a sample of 2,195 opposition supporters"
Gandhi2019,fichamento_Gandhi2019.md,c6_nao_retratado,948,OK,,-947,Committed or Conditional Democrats?
Gandhi2019,fichamento_Gandhi2019.md,fonte_dados_amostra,953,OK,,-947,We commissioned a telephone survey of Malaysian
Gandhi2019,fichamento_Gandhi2019.md,fonte_dados_amostra,954,OK,,-947,"leaves us with a sample of 2,195 opposition supporters"
Garcia2010a,fichamento_Garcia2010a.md,texto_confere,1,OK,,0,Nationalism and Public Opinion in Contemporary Spain
Garcia2010a,fichamento_Garcia2010a.md,tipo_documento,1,OK,,0,Article No 3
Garcia2010a,fichamento_Garcia2010a.md,c1_populacao_contexto,6,OK,,0,low level of voter participation in regional elections and the referendum
Garcia2010a,fichamento_Garcia2010a.md,c2_intervencao_estudada,1,OK,,0,This paper examines the relationship between nationalism and public opinion
Garcia2010a,fichamento_Garcia2010a.md,c2_intervencao_estudada,19,OK,,0,in polls implemented a few days before the referendum
Garcia2010a,fichamento_Garcia2010a.md,c3_desfecho,19,OK,,0,the level of participation was only 49.6 percent
Garcia2010a,fichamento_Garcia2010a.md,c4_desenho_elegivel,6,OK,,0,interpreted data from numerous secondary
Garcia2010a,fichamento_Garcia2010a.md,c5_estudo_primario,6,OK,,0,"the authors have collected, analyzed and interpreted data"
Garcia2010a,fichamento_Garcia2010a.md,c6_nao_retratado,1,OK,,0,The Demobilization of the Working Class in Catalonia
Garcia2010a,fichamento_Garcia2010a.md,fonte_dados_amostra,6,OK,,0,Included are the main sociological statistical surveys implemented in Catalonia
Garcia2010a,fichamento_Garcia2010a.md,fonte_dados_amostra,18,OK,,0,Source: CIS study 2410 (2001)
Garcia2010a,fichamento_Garcia2010a.md,fonte_dados_amostra,19,OK,,0,Source: Statistical Institute of Catalonia
Gasperoni2015a,fichamento_Gasperoni2015a.md,texto_confere,1,OK,,0,The Impact of Exposure to Pre-Election Polls on Voting Behaviour
Gasperoni2015a,fichamento_Gasperoni2015a.md,texto_confere,1,OK,,0,This is the final peer-reviewed accepted manuscript of:
Gasperoni2015a,fichamento_Gasperoni2015a.md,tipo_documento,1,OK,,0,"(ISSN 0048-8402), XLV, n. 1, 2015, pp. 1-23"
Gasperoni2015a,fichamento_Gasperoni2015a.md,c1_populacao_contexto,2,OK,,0,900 voters were asked to participate in an online simulated election campaign
Gasperoni2015a,fichamento_Gasperoni2015a.md,c2_intervencao_estudada,19,OK,,0,whether voters actually shift preferences after being exposed to poll results
Gasperoni2015a,fichamento_Gasperoni2015a.md,c3_desfecho,20,OK,,0,19 voters (10% of the total) voted for the second preferred candidate
Gasperoni2015a,fichamento_Gasperoni2015a.md,c4_desenho_elegivel,9,OK,,0,participants were randomly assigned
Gasperoni2015a,fichamento_Gasperoni2015a.md,c4_desenho_elegivel,19,OK,,0,the campaign was suspended after nine minutes
Gasperoni2015a,fichamento_Gasperoni2015a.md,c5_estudo_primario,9,OK,,0,The final sample comprises 895 participants
Gasperoni2015a,fichamento_Gasperoni2015a.md,c6_nao_retratado,1,OK,,0,The Impact of Exposure to Pre-Election Polls on Voting Behaviour
Gasperoni2015a,fichamento_Gasperoni2015a.md,outros_relatos_mesmo_estudo,3,OK,,0,Preliminary versions of this article were delivered as papers
Gasperoni2015a,fichamento_Gasperoni2015a.md,outros_relatos_mesmo_estudo,10,OK,,0,see Corbetta and Colloca 2013
Gasperoni2015a,fichamento_Gasperoni2015a.md,fonte_dados_amostra,9,OK,,0,carried out in the period stretching from March to December 2011
Gasperoni2015a,fichamento_Gasperoni2015a.md,registro_financiamento,3,OK,,0,funded by the Italian University and Research Ministry [grant no. 2008XZR2TT]
Gee2024,fichamento_Gee2024.md,texto_confere,1,OK,,1,Pivotal or Popular
Gee2024,fichamento_Gee2024.md,texto_confere,1,OK,,1,of Social Information and Feeling Pivotal on Civic Actions
Gee2024,fichamento_Gee2024.md,tipo_documento,1,OK,,1,NBER Working Paper No. 31042
Gee2024,fichamento_Gee2024.md,c1_populacao_contexto,4,OK,,1,Students at Tufts University participated in a game
Gee2024,fichamento_Gee2024.md,c1_populacao_contexto,8,OK,,1,Subjects were alumni or parents of current students of education non-profits
Gee2024,fichamento_Gee2024.md,c2_intervencao_estudada,5,OK,,1,We vary the popularity of the action and whether the person is pivotal
Gee2024,fichamento_Gee2024.md,c3_desfecho,7,OK,,1,predicting if a subject made a qualifying donation
Gee2024,fichamento_Gee2024.md,c3_desfecho,15,OK,,1,increased the likelihood of donating by an order of magnitude
Gee2024,fichamento_Gee2024.md,c4_desenho_elegivel,5,OK,,1,Subjects were assigned treatments in a randomized order
Gee2024,fichamento_Gee2024.md,c4_desenho_elegivel,38,OK,,1,a subject is randomly assigned to a group of 10 donors
Gee2024,fichamento_Gee2024.md,c5_estudo_primario,1,OK,,1,We conduct a laboratory experiment
Gee2024,fichamento_Gee2024.md,c5_estudo_primario,3,OK,,1,We turn to a set of field experiments to test these
Gee2024,fichamento_Gee2024.md,c6_nao_retratado,0,OK,,1,AND FEELING PIVOTAL ON CIVIC ACTIONS
Gee2024,fichamento_Gee2024.md,outros_relatos_mesmo_estudo,8,OK,,1,We ran some previous studies with the partner
Gee2024,fichamento_Gee2024.md,fonte_dados_amostra,5,OK,,1,All 118 subjects make donation choices for at least six treatments
Gee2024,fichamento_Gee2024.md,fonte_dados_amostra,10,OK,,1,"Field Experiment 1 included 26,358 subjects"
Gee2024,fichamento_Gee2024.md,registro_financiamento,0,OK,,1,The experiments are registered under AEARCTR-0008768
Geers2018,fichamento_Geers2018.md,texto_confere,521,OK,,-520,issue and poll news on electoral volatility: conversion or crystallization?
Geers2018,fichamento_Geers2018.md,tipo_documento,521,OK,,-520,ORIGINAL ARTICLE
Geers2018,fichamento_Geers2018.md,c1_populacao_contexto,521,OK,,-520,We use a national panel survey
Geers2018,fichamento_Geers2018.md,c1_populacao_contexto,526,OK,,-520,we focus on the Dutch 2012 elections
Geers2018,fichamento_Geers2018.md,c2_intervencao_estudada,530,OK,,-520,Does the story pay attention to (the results of) polls?
Geers2018,fichamento_Geers2018.md,c2_intervencao_estudada,530,OK,,-520,computing individual exposure to the two types of news
Geers2018,fichamento_Geers2018.md,c3_desfecho,528,OK,,-520,respondents were asked which party they ended up voting for
Geers2018,fichamento_Geers2018.md,c3_desfecho,528,OK,,-520,abstention: abstaining from voting at t
Geers2018,fichamento_Geers2018.md,c4_desenho_elegivel,527,OK,,-520,we use a panel dataset and link this to a substantive content analysis
Geers2018,fichamento_Geers2018.md,c4_desenho_elegivel,531,OK,,-520,is tested with multinomial logistic regression analyses
Geers2018,fichamento_Geers2018.md,c5_estudo_primario,527,OK,,-520,The panel survey dataset we used was collected by TNS NIPO
Geers2018,fichamento_Geers2018.md,c6_nao_retratado,521,OK,,-520,issue and poll news on electoral volatility: conversion or crystallization?
Geers2018,fichamento_Geers2018.md,fonte_dados_amostra,527,OK,,-520,The panel survey dataset we used was collected by TNS NIPO
Geers2018,fichamento_Geers2018.md,fonte_dados_amostra,527,OK,,-520,we only included those respondents that have participated in all waves
Geers2018,fichamento_Geers2018.md,fonte_dados_amostra,529,OK,,-520,We used a content analysis of the last 3 weeks of the election campaign
Gerber2017b,fichamento_Gerber2017b.md,texto_confere,0,OK,,2,One in a Million: Field Experiments on Perceived Closeness of the Election
Gerber2017b,fichamento_Gerber2017b.md,tipo_documento,0,OK,,2,NBER Working Paper No. 23071
Gerber2017b,fichamento_Gerber2017b.md,c1_populacao_contexto,10,OK,,2,"In each state selected, we used KnowledgePanel members who were registered voters."
Gerber2017b,fichamento_Gerber2017b.md,c2_intervencao_estudada,2,OK,,2,Exploiting variation in real-world poll results prior to the election
Gerber2017b,fichamento_Gerber2017b.md,c2_intervencao_estudada,3,OK,,2,we again provided information from the most close or least close poll
Gerber2017b,fichamento_Gerber2017b.md,c3_desfecho,2,OK,,2,we used administrative data to determine whether people actually voted
Gerber2017b,fichamento_Gerber2017b.md,c3_desfecho,14,OK,,2,We then asked subjects whether they voted and whom they voted for
Gerber2017b,fichamento_Gerber2017b.md,c4_desenho_elegivel,5,OK,,2,experiments that randomly assign polls to voters
Gerber2017b,fichamento_Gerber2017b.md,c4_desenho_elegivel,24,OK,,2,"we randomly selected roughly 11,500 households to receive a mailing"
Gerber2017b,fichamento_Gerber2017b.md,c5_estudo_primario,10,OK,,2,The experiment was administered by Knowledge Networks
Gerber2017b,fichamento_Gerber2017b.md,c5_estudo_primario,23,OK,,2,We did a second large-scale experiment during the 2014 gubernatorial elections
Gerber2017b,fichamento_Gerber2017b.md,c6_nao_retratado,0,OK,,2,One in a Million: Field Experiments on Perceived Closeness of the Election
Gerber2017b,fichamento_Gerber2017b.md,outros_relatos_mesmo_estudo,0,OK,,2,"January 2017, Revised June 2017"
Gerber2017b,fichamento_Gerber2017b.md,outros_relatos_mesmo_estudo,0,OK,,2,An online appendix is available at
Gerber2017b,fichamento_Gerber2017b.md,fonte_dados_amostra,13,OK,,2,"our analyses restricting to these 6,705 individuals who did the survey"
Gerber2017b,fichamento_Gerber2017b.md,fonte_dados_amostra,3,OK,,2,"We randomly mailed postcards to about 80,000 households"
Gerber2017b,fichamento_Gerber2017b.md,fonte_dados_amostra,3,OK,,2,we have a sample size of over 1.38 million voters
Gerber2017c,fichamento_Gerber2017c.md,texto_confere,0,OK,,2,One in a Million
Gerber2017c,fichamento_Gerber2017c.md,texto_confere,0,OK,,2,Experiments on Perceived Closeness of the Election and Voter Turnout
Gerber2017c,fichamento_Gerber2017c.md,tipo_documento,0,OK,,2,NBER Working Paper No. 23071
Gerber2017c,fichamento_Gerber2017c.md,c1_populacao_contexto,9,OK,,2,we used KnowledgePanel members who were registered voters
Gerber2017c,fichamento_Gerber2017c.md,c1_populacao_contexto,20,OK,,2,we draw on the population of registered US voters
Gerber2017c,fichamento_Gerber2017c.md,c2_intervencao_estudada,4,OK,,2,randomly assign polls to voters so as to examine the impact
Gerber2017c,fichamento_Gerber2017c.md,c2_intervencao_estudada,2,OK,,2,variation in real-world poll results prior to the election
Gerber2017c,fichamento_Gerber2017c.md,c3_desfecho,22,OK,,2,Table 7 regresses turnout on treatment dummies
Gerber2017c,fichamento_Gerber2017c.md,c3_desfecho,30,OK,,2,a dummy for (self-reported) voting for the Democratic candidate
Gerber2017c,fichamento_Gerber2017c.md,c4_desenho_elegivel,3,OK,,2,"We randomly mailed postcards to about 80,000 households"
Gerber2017c,fichamento_Gerber2017c.md,c4_desenho_elegivel,18,OK,,2,shows IV regressions of turnout on beliefs instrumenting with our experiment
Gerber2017c,fichamento_Gerber2017c.md,c5_estudo_primario,13,OK,,2,We obtained administrative voting data on the voters in the sample
Gerber2017c,fichamento_Gerber2017c.md,c6_nao_retratado,0,OK,,2,Experiments on Perceived Closeness of the Election and Voter Turnout
Gerber2017c,fichamento_Gerber2017c.md,fonte_dados_amostra,9,OK,,2,"we had 5,413 subjects assigned to Close Poll"
Gerber2017c,fichamento_Gerber2017c.md,fonte_dados_amostra,11,OK,,2,"restricting to these 6,705 individuals who did the survey"
Gerber2017c,fichamento_Gerber2017c.md,fonte_dados_amostra,21,OK,,2,This left us with 7 states
Gerber2017c,fichamento_Gerber2017c.md,fonte_dados_amostra,3,OK,,2,we have a sample size of over 1.38 million voters
Gerber2020a,fichamento_Gerber2020a.md,texto_confere,0,OK,,3,One in a Million: Field Experiments on Perceived Closeness
Gerber2020a,fichamento_Gerber2020a.md,texto_confere,0,OK,,3,NBER Working Paper No. 23071
Gerber2020a,fichamento_Gerber2020a.md,tipo_documento,0,OK,,3,NBER Working Paper No. 23071
Gerber2020a,fichamento_Gerber2020a.md,c1_populacao_contexto,10,OK,,3,we used KnowledgePanel members who were registered voters
Gerber2020a,fichamento_Gerber2020a.md,c1_populacao_contexto,23,OK,,3,draw on the population of registered US voters
Gerber2020a,fichamento_Gerber2020a.md,c2_intervencao_estudada,5,OK,,3,first large-scale field experiments that randomly assign polls to voters
Gerber2020a,fichamento_Gerber2020a.md,c2_intervencao_estudada,11,OK,,3,used poll information from FiveThirtyEight.com and RealClearPolitics.com
Gerber2020a,fichamento_Gerber2020a.md,c2_intervencao_estudada,3,OK,,3,provided information from the most close or least close poll
Gerber2020a,fichamento_Gerber2020a.md,c3_desfecho,51,OK,,3,The dependent variable is turnout (0-1) from administrative voting records
Gerber2020a,fichamento_Gerber2020a.md,c3_desfecho,36,OK,,3,examine bandwagon effects by regressing a dummy for (self-reported) voting
Gerber2020a,fichamento_Gerber2020a.md,c3_desfecho,11,OK,,3,their chance of voting for the different candidates
Gerber2020a,fichamento_Gerber2020a.md,c4_desenho_elegivel,10,OK,,3,"we had 5,413 subjects assigned to Close Poll"
Gerber2020a,fichamento_Gerber2020a.md,c4_desenho_elegivel,24,OK,,3,"we randomly selected roughly 11,500 households to receive a mailing"
Gerber2020a,fichamento_Gerber2020a.md,c5_estudo_primario,14,OK,,3,We obtained administrative voting data on the voters in the sample
Gerber2020a,fichamento_Gerber2020a.md,c6_nao_retratado,0,OK,,3,One in a Million: Field Experiments on Perceived Closeness
Gerber2020a,fichamento_Gerber2020a.md,outros_relatos_mesmo_estudo,0,OK,,3,NBER Working Paper No. 23071
Gerber2020a,fichamento_Gerber2020a.md,outros_relatos_mesmo_estudo,0,OK,,3,"January 2017, Revised June 2017"
Gerber2020a,fichamento_Gerber2020a.md,outros_relatos_mesmo_estudo,0,OK,,3,An online appendix is available at
Gerber2020a,fichamento_Gerber2020a.md,fonte_dados_amostra,10,OK,,3,The experiment was administered by Knowledge Networks
Gerber2020a,fichamento_Gerber2020a.md,fonte_dados_amostra,10,OK,,3,This left us with 13 states
Gerber2020a,fichamento_Gerber2020a.md,fonte_dados_amostra,11,OK,,3,"Subjects were first sent the survey on Wednesday, October 20, 2010"
Gerber2020a,fichamento_Gerber2020a.md,fonte_dados_amostra,13,OK,,3,"we perform our analyses restricting to these 6,705"
Gerber2020a,fichamento_Gerber2020a.md,fonte_dados_amostra,3,OK,,3,"mailed postcards to about 80,000 households (about 125,000 individuals)"
Gerber2020a,fichamento_Gerber2020a.md,fonte_dados_amostra,3,OK,,3,we have a sample size of over 1.38 million voters
Gerber2020a,fichamento_Gerber2020a.md,fonte_dados_amostra,23,OK,,3,This left us with 7 states
Gerber2020a,fichamento_Gerber2020a.md,fonte_dados_amostra,25,OK,,3,"The postcards were mailed out on Friday, October 24."
Gersbach2017,fichamento_Gersbach2017.md,texto_confere,1,OK,,0,Assessment Voting in Large Electorates
Gersbach2017,fichamento_Gersbach2017.md,texto_confere,1,OK,,0,This version: December 2017
Gersbach2017,fichamento_Gersbach2017.md,tipo_documento,1,OK,,0,First version: October 2016
Gersbach2017,fichamento_Gersbach2017.md,tipo_documento,1,OK,,0,This version: December 2017
Gersbach2017,fichamento_Gersbach2017.md,c1_populacao_contexto,6,OK,,0,citizens have a right to vote for one of two alternatives
Gersbach2017,fichamento_Gersbach2017.md,c2_intervencao_estudada,3,OK,,0,The number of votes in favor of either alternative
Gersbach2017,fichamento_Gersbach2017.md,c2_intervencao_estudada,14,OK,,0,Because AV is based on actual votes and not on reported opinions
Gersbach2017,fichamento_Gersbach2017.md,c3_desfecho,4,OK,,0,which induces an endogenous level of turnout that yields socially desirable outcomes
Gersbach2017,fichamento_Gersbach2017.md,c3_desfecho,12,OK,,0,No citizen of the second voting round votes.
Gersbach2017,fichamento_Gersbach2017.md,c4_desenho_elegivel,4,OK,,0,we consider a model of a society that needs to choose
Gersbach2017,fichamento_Gersbach2017.md,c4_desenho_elegivel,6,OK,,0,The proofs of the main body of the paper
Gersbach2017,fichamento_Gersbach2017.md,c5_estudo_primario,17,OK,,0,"In this paper, we have advocated a new voting procedure"
Gersbach2017,fichamento_Gersbach2017.md,c6_nao_retratado,1,OK,,0,Assessment Voting in Large Electorates
Gersbach2017,fichamento_Gersbach2017.md,outros_relatos_mesmo_estudo,3,OK,,0,"For a verbal description, see Gersbach"
Gersbach2017,fichamento_Gersbach2017.md,outros_relatos_mesmo_estudo,1,OK,,0,First version: October 2016
Graefe2015a,fichamento_Graefe2015a.md,texto_confere,1,OK,,0,Improving forecasts using equally weighted predictors
Graefe2015a,fichamento_Graefe2015a.md,tipo_documento,1,OK,,0,1 of 20
Graefe2015a,fichamento_Graefe2015a.md,c1_populacao_contexto,9,OK,,0,Forecast accuracy was analyzed across the ten U.S. presidential elections from 1976
Graefe2015a,fichamento_Graefe2015a.md,c2_intervencao_estudada,7,OK,,0,public opinion polls are major predictors in election forecasting models
Graefe2015a,fichamento_Graefe2015a.md,c2_intervencao_estudada,7,OK,,0,tests the predictive performance of equal and regression weights
Graefe2015a,fichamento_Graefe2015a.md,c3_desfecho,8,OK,,0,The dependent variable was the two-party popular vote received by the candidate
Graefe2015a,fichamento_Graefe2015a.md,c4_desenho_elegivel,8,OK,,0,calculated as one-election-ahead predictions
Graefe2015a,fichamento_Graefe2015a.md,c4_desenho_elegivel,6,OK,,0,Each of these models is estimated using multiple regression analysis
Graefe2015a,fichamento_Graefe2015a.md,c5_estudo_primario,1,OK,,0,This study uses data from nine established U.S. election-forecasting models
Graefe2015a,fichamento_Graefe2015a.md,c6_nao_retratado,1,OK,,0,Improving forecasts using equally weighted predictors
Graefe2015a,fichamento_Graefe2015a.md,fonte_dados_amostra,8,OK,,0,The present study analyses forecasts from the nine models
Graefe2015a,fichamento_Graefe2015a.md,fonte_dados_amostra,9,OK,,0,Forecast accuracy was analyzed across the ten U.S. presidential elections from 1976
Granzier2019,fichamento_Granzier2019.md,texto_confere,1,OK,,0,HOW PAST RANKINGS SHAPE THE BEHAVIOR OF VOTERS AND CANDIDATES
Granzier2019,fichamento_Granzier2019.md,tipo_documento,2,OK,,0,NBER WORKING PAPER SERIES
Granzier2019,fichamento_Granzier2019.md,c1_populacao_contexto,4,OK,,0,races in 26 French local and parliamentary elections from 1958 to 2017
Granzier2019,fichamento_Granzier2019.md,c2_intervencao_estudada,16,OK,,0,a dummy equal to 1 if the candidate had a higher rank
Granzier2019,fichamento_Granzier2019.md,c2_intervencao_estudada,47,OK,,0,This paper shows that candidate rankings in past contests
Granzier2019,fichamento_Granzier2019.md,c3_desfecho,23,OK,,0,an increased vote share and likelihood of winning conditional on staying
Granzier2019,fichamento_Granzier2019.md,c4_desenho_elegivel,5,OK,,0,we use a regression discontinuity design (RDD) and compare the likelihood
Granzier2019,fichamento_Granzier2019.md,c5_estudo_primario,13,OK,,0,digitized results from printed booklets for the 1958 to 1988 parliamentary
Granzier2019,fichamento_Granzier2019.md,c6_nao_retratado,1,OK,,0,COORDINATION AND BANDWAGON EFFECTS:
Granzier2019,fichamento_Granzier2019.md,outros_relatos_mesmo_estudo,2,OK,,0,Previously circulated as
Granzier2019,fichamento_Granzier2019.md,outros_relatos_mesmo_estudo,9,OK,,0,a subset of French two-round elections used in the present paper
Granzier2019,fichamento_Granzier2019.md,fonte_dados_amostra,13,OK,,0,"our sample comprises 16,222 races from local elections and 6,335 races"
Granzier2019,fichamento_Granzier2019.md,fonte_dados_amostra,8,OK,,0,a separate sample of 72 parliamentary elections in 19 countries since 1850
Grillo2024c,fichamento_Grillo2024c.md,texto_confere,0,OK,,2,Exit polls and voter turnout in the 2017 French elections
Grillo2024c,fichamento_Grillo2024c.md,texto_confere,0,OK,,2,"March 15, 2022"
Grillo2024c,fichamento_Grillo2024c.md,tipo_documento,15,OK,,2,Online Appendix (not intended for publication)
Grillo2024c,fichamento_Grillo2024c.md,tipo_documento,0,OK,,2,"March 15, 2022"
Grillo2024c,fichamento_Grillo2024c.md,c1_populacao_contexto,4,OK,,2,"voter at the department level in 2017, 2012 and 2007"
Grillo2024c,fichamento_Grillo2024c.md,c2_intervencao_estudada,1,OK,,2,by exploiting the early release of exit polls by foreign media
Grillo2024c,fichamento_Grillo2024c.md,c2_intervencao_estudada,1,OK,,2,it is forbidden to publish exit polls before polling stations close
Grillo2024c,fichamento_Grillo2024c.md,c3_desfecho,4,OK,,2,"turnout is measured at 12:00, 17:00 and when polling stations closed"
Grillo2024c,fichamento_Grillo2024c.md,c4_desenho_elegivel,4,OK,,2,we use turnout rates at 12:00 as the pre-period
Grillo2024c,fichamento_Grillo2024c.md,c4_desenho_elegivel,6,OK,,2,we compare the results in 2017 to those in 2012 and 2007
Grillo2024c,fichamento_Grillo2024c.md,c5_estudo_primario,4,OK,,2,"Our dataset contains turnout rates, election results for each candidate"
Grillo2024c,fichamento_Grillo2024c.md,c6_nao_retratado,0,OK,,2,Exit polls and voter turnout in the 2017 French elections
Grillo2024c,fichamento_Grillo2024c.md,fonte_dados_amostra,4,OK,,2,obtained from the French interior ministry
Grillo2024c,fichamento_Grillo2024c.md,fonte_dados_amostra,11,OK,,2,all French mainland departments
Grillo2024c,fichamento_Grillo2024c.md,registro_financiamento,0,OK,,2,French National Research Agency Grants ANR-17-EURE-0020
Groer2010a,fichamento_Groer2010a.md,texto_confere,0,OK,,2,"OPINION POLLS, VOTER TURNOUT, AND WELFARE"
Groer2010a,fichamento_Groer2010a.md,tipo_documento,31,OK,,2,LabSi Working Papers
Groer2010a,fichamento_Groer2010a.md,c1_populacao_contexto,7,OK,,2,288 undergraduate students were recruited in 12 sessions of 24 subjects
Groer2010a,fichamento_Groer2010a.md,c1_populacao_contexto,1,OK,,2,In two-candidate majoritarian elections with costly turnout
Groer2010a,fichamento_Groer2010a.md,c2_intervencao_estudada,4,OK,,2,whether or not polls inform subjects about this level before elections
Groer2010a,fichamento_Groer2010a.md,c2_intervencao_estudada,1,OK,,2,a poll provides perfectly accurate information about the level of support
Groer2010a,fichamento_Groer2010a.md,c3_desfecho,15,OK,,2,explaining the individual decision to vote or abstain
Groer2010a,fichamento_Groer2010a.md,c3_desfecho,20,OK,,2,Figure 5 compares observed majority winning rates with and without polls
Groer2010a,fichamento_Groer2010a.md,c4_desenho_elegivel,7,OK,,2,between subject treatment design with three sessions (six electorates) per cell
Groer2010a,fichamento_Groer2010a.md,c5_estudo_primario,24,OK,,2,"Our experimental results show that, overall, turnout is higher"
Groer2010a,fichamento_Groer2010a.md,c6_nao_retratado,0,OK,,2,"OPINION POLLS, VOTER TURNOUT, AND WELFARE"
Groer2010a,fichamento_Groer2010a.md,outros_relatos_mesmo_estudo,0,OK,,2,This version: August 2007 (first version: May 2002)
Groer2010a,fichamento_Groer2010a.md,fonte_dados_amostra,7,OK,,2,288 undergraduate students were recruited in 12 sessions of 24 subjects
Groer2010a,fichamento_Groer2010a.md,fonte_dados_amostra,8,OK,,2,Each session consisted of 100 decision rounds
Groer2010a,fichamento_Groer2010a.md,registro_financiamento,0,OK,,2,EU-TMR Research Network ENDEAR (FMRX-CT98-0238)
Gschwend2016,fichamento_Gschwend2016.md,texto_confere,293,OK,,-292,What drives rental votes? How coalitions signals facilitate strategic coalition voting
Gschwend2016,fichamento_Gschwend2016.md,tipo_documento,293,OK,,-292,Contents lists available at ScienceDirect
Gschwend2016,fichamento_Gschwend2016.md,c1_populacao_contexto,299,OK,,-292,The target population was in both cases German citizens eligible to vote
Gschwend2016,fichamento_Gschwend2016.md,c2_intervencao_estudada,295,OK,,-292,Do coalition signals influence rental voting behavior?
Gschwend2016,fichamento_Gschwend2016.md,c2_intervencao_estudada,296,OK,,-292,polling at around 40 percent in both cases
Gschwend2016,fichamento_Gschwend2016.md,c3_desfecho,299,OK,,-292,21 percent of CDU supporters intended to vote for the FDP
Gschwend2016,fichamento_Gschwend2016.md,c3_desfecho,298,OK,,-292,on the probability to vote FDP rather than CDU
Gschwend2016,fichamento_Gschwend2016.md,c4_desenho_elegivel,295,OK,,-292,Such a strategy is commonly known as a most-similar-systems design.
Gschwend2016,fichamento_Gschwend2016.md,c4_desenho_elegivel,299,OK,,-292,The data comes from an online survey conducted by Harris/Decima
Gschwend2016,fichamento_Gschwend2016.md,c5_estudo_primario,299,OK,,-292,Our data is taken from the Making Electoral Democracy Work
Gschwend2016,fichamento_Gschwend2016.md,c6_nao_retratado,293,OK,,-292,How coalitions signals facilitate strategic coalition voting
Gschwend2016,fichamento_Gschwend2016.md,outros_relatos_mesmo_estudo,305,OK,,-292,An Appendix including descriptive statistics and further robustness checks
Gschwend2016,fichamento_Gschwend2016.md,fonte_dados_amostra,299,OK,,-292,The sample for the state election contains 1023 respondents and 1211 respondents
Gschwend2016,fichamento_Gschwend2016.md,registro_financiamento,305,OK,,-292,from the Social Sciences and Humanities Research Council of Canada
Gschwend2017,fichamento_Gschwend2017.md,texto_confere,642,OK,,-641,Weighting Parties and Coalitions: How Coalition
Gschwend2017,fichamento_Gschwend2017.md,tipo_documento,642,OK,,-641,"The Journal of Politics, volume 79, number 2"
Gschwend2017,fichamento_Gschwend2017.md,c1_populacao_contexto,646,OK,,-641,In this study participants were exposed to four coalition
Gschwend2017,fichamento_Gschwend2017.md,c2_intervencao_estudada,646,OK,,-641,to embed coalition signals as vignettes in a representative
Gschwend2017,fichamento_Gschwend2017.md,c2_intervencao_estudada,643,OK,,-641,"Besides preelection polls, coalition signals are the most"
Gschwend2017,fichamento_Gschwend2017.md,c3_desfecho,642,OK,,-641,leading some voters to change their vote intention
Gschwend2017,fichamento_Gschwend2017.md,c4_desenho_elegivel,646,OK,,-641,"followed by four vignettes, in randomized order"
Gschwend2017,fichamento_Gschwend2017.md,c5_estudo_primario,649,OK,,-641,obtained by MCMC sampling running two chains
Gschwend2017,fichamento_Gschwend2017.md,c6_nao_retratado,642,OK,,-641,Weighting Parties and Coalitions: How Coalition
Gschwend2017,fichamento_Gschwend2017.md,outros_relatos_mesmo_estudo,642,OK,,-641,An online appendix with supplementary material is available
Gschwend2017,fichamento_Gschwend2017.md,fonte_dados_amostra,646,OK,,-641,survey of the Austrian General Election 2006
Gschwend2017,fichamento_Gschwend2017.md,fonte_dados_amostra,646,OK,,-641,German Longitudinal Election Study (GLES Online Tracking
Guarnieri2015,fichamento_Guarnieri2015.md,texto_confere,77,OK,,-75,Testando a Lei de Duverger no Brasil
Guarnieri2015,fichamento_Guarnieri2015.md,tipo_documento,77,OK,,-75,Artigo recebido em 17/04/2015
Guarnieri2015,fichamento_Guarnieri2015.md,c1_populacao_contexto,83,OK,,-75,as eleições para prefeito em municípios brasileiros
Guarnieri2015,fichamento_Guarnieri2015.md,c2_intervencao_estudada,78,OK,,-75,Cox será aplicada para testar a Lei de Duverger nas
Guarnieri2015,fichamento_Guarnieri2015.md,c3_desfecho,84,OK,,-75,primeiro candidato derrotado (F) para cada eleição
Guarnieri2015,fichamento_Guarnieri2015.md,c4_desenho_elegivel,83,OK,,-75,O Gráfico 1 mostra a distribuição do número de candidatos
Guarnieri2015,fichamento_Guarnieri2015.md,c4_desenho_elegivel,86,OK,,-75,precisamos utilizar o teste de bimodalidade de Cox
Guarnieri2015,fichamento_Guarnieri2015.md,c5_estudo_primario,84,OK,,-75,Fonte: elaboração própria a partir de dados do TSE
Guarnieri2015,fichamento_Guarnieri2015.md,c5_estudo_primario,83,OK,,-75,"No total, foram analisadas 13.476 eleições"
Guarnieri2015,fichamento_Guarnieri2015.md,c6_nao_retratado,77,OK,,-75,VOTO ESTRATÉGICO E COORDENAÇÃO ELEITORAL
Guarnieri2015,fichamento_Guarnieri2015.md,fonte_dados_amostra,83,OK,,-75,"No total, foram analisadas 13.476 eleições"
Guarnieri2015,fichamento_Guarnieri2015.md,fonte_dados_amostra,85,OK,,-75,"Entre 1990 e 2014, foram realizadas sete eleições"
Halbach2019,fichamento_Halbach2019.md,texto_confere,1,OK,,0,The impact of opinion majorities in social networks
Halbach2019,fichamento_Halbach2019.md,tipo_documento,1,OK,,0,This paper is a preprint.
Halbach2019,fichamento_Halbach2019.md,c1_populacao_contexto,7,OK,,0,Our sample comprised of 163 participants in total
Halbach2019,fichamento_Halbach2019.md,c2_intervencao_estudada,6,OK,,0,"By referring to their initial opinion, four of the comments contradicted"
Halbach2019,fichamento_Halbach2019.md,c3_desfecho,6,OK,,0,We wanted to detect opinion changes and also their directions
Halbach2019,fichamento_Halbach2019.md,c4_desenho_elegivel,4,OK,,0,we chose an empirical approach and conducted an online questionnaire
Halbach2019,fichamento_Halbach2019.md,c4_desenho_elegivel,6,OK,,0,The order of the comments was randomized for each participant
Halbach2019,fichamento_Halbach2019.md,c5_estudo_primario,6,OK,,0,"After the survey stage, the collected data was analyzed using IBM SPSS"
Halbach2019,fichamento_Halbach2019.md,c6_nao_retratado,1,OK,,0,the role of digital maturity
Halbach2019,fichamento_Halbach2019.md,outros_relatos_mesmo_estudo,1,OK,,0,The final paper was published by Springer
Halbach2019,fichamento_Halbach2019.md,fonte_dados_amostra,6,OK,,0,Our data was collected in December 2017 in Germany.
Halbach2019,fichamento_Halbach2019.md,registro_financiamento,11,OK,,0,This research was supported by the Digital Society research program
Hansen2012a,fichamento_Hansen2012a.md,texto_confere,130,OK,,-129,Late Deciders: Changing Patterns in Which Voters
Hansen2012a,fichamento_Hansen2012a.md,tipo_documento,130,OK,,-129,Chapter 13
Hansen2012a,fichamento_Hansen2012a.md,c1_populacao_contexto,131,OK,,-129,voter survey data as captured in the Danish National Election Study
Hansen2012a,fichamento_Hansen2012a.md,c2_intervencao_estudada,133,OK,,-129,to examine which factors induce or prohibit late decisions
Hansen2012a,fichamento_Hansen2012a.md,c2_intervencao_estudada,130,OK,,-129,in 1998 the opinion polls consistently predicted
Hansen2012a,fichamento_Hansen2012a.md,c3_desfecho,133,OK,,-129,late vs. early decider as the dependent variable
Hansen2012a,fichamento_Hansen2012a.md,c3_desfecho,132,OK,,-129,Percentage late deciders and voting for the incumbent among early and late
Hansen2012a,fichamento_Hansen2012a.md,c4_desenho_elegivel,133,OK,,-129,we have estimated a series of binary logistic regression models
Hansen2012a,fichamento_Hansen2012a.md,c5_estudo_primario,132,OK,,-129,Source: Danish National Election Study
Hansen2012a,fichamento_Hansen2012a.md,c6_nao_retratado,130,OK,,-129,Late Deciders: Changing Patterns in Which Voters
Hansen2012a,fichamento_Hansen2012a.md,fonte_dados_amostra,131,OK,,-129,period from 1971 to 2011
HernandezNorzagaray2022,fichamento_HernandezNorzagaray2022.md,texto_confere,259,OK,,-258,"SINALOA, LA SEGUNDA Y MEDIA ALTERNANCIA DE 2018"
HernandezNorzagaray2022,fichamento_HernandezNorzagaray2022.md,tipo_documento,259,OK,,-258,En este ensayo de investigación
HernandezNorzagaray2022,fichamento_HernandezNorzagaray2022.md,c1_populacao_contexto,259,OK,,-258,analizar los comicios locales intermedios celebrados en Sinaloa el primero de julio
HernandezNorzagaray2022,fichamento_HernandezNorzagaray2022.md,c2_intervencao_estudada,263,OK,,-258,las encuestas de intención de voto daban una clara preferencia
HernandezNorzagaray2022,fichamento_HernandezNorzagaray2022.md,c3_desfecho,266,OK,,-258,Porcentaje de votos de la elección presidencial en Sinaloa
HernandezNorzagaray2022,fichamento_HernandezNorzagaray2022.md,c4_desenho_elegivel,271,OK,,-258,el ejercicio comparado entre los votos recibidos por López Obrador
HernandezNorzagaray2022,fichamento_HernandezNorzagaray2022.md,c5_estudo_primario,266,OK,,-258,Elaboración propia con base en el Instituto Nacional Electoral (INE)
HernandezNorzagaray2022,fichamento_HernandezNorzagaray2022.md,c6_nao_retratado,259,OK,,-258,"SINALOA, LA SEGUNDA Y MEDIA ALTERNANCIA DE 2018"
HernandezNorzagaray2022,fichamento_HernandezNorzagaray2022.md,fonte_dados_amostra,266,OK,,-258,Votos presidenciales en los cuatro municipios más densamente poblados de Sinaloa
HernandezNorzagaray2022,fichamento_HernandezNorzagaray2022.md,fonte_dados_amostra,263,OK,,-258,Intención de voto por coalición en las elecciones concurrentes de 2018
Herrmann2013,fichamento_Herrmann2013.md,texto_confere,442,OK,,-441,"Polls, coalitions and strategic voting under proportional representation"
Herrmann2013,fichamento_Herrmann2013.md,tipo_documento,442,OK,,-441,Journal of Theoretical Politics
Herrmann2013,fichamento_Herrmann2013.md,c1_populacao_contexto,455,OK,,-441,using survey data on voter behavior in the 2006 Austrian parliamentary election
Herrmann2013,fichamento_Herrmann2013.md,c2_intervencao_estudada,455,OK,,-441,perceptions of poll results using survey data on voter behavior
Herrmann2013,fichamento_Herrmann2013.md,c2_intervencao_estudada,456,OK,,-441,how certain they were that the given coalition would secure a majority
Herrmann2013,fichamento_Herrmann2013.md,c3_desfecho,455,OK,,-441,The dependent variable scores 1 for noncentrist voters
Herrmann2013,fichamento_Herrmann2013.md,c4_desenho_elegivel,455,OK,,-441,"Ideally, one would test these predictions in a controlled experiment"
Herrmann2013,fichamento_Herrmann2013.md,c4_desenho_elegivel,455,OK,,-441,I shall exploit cross-sectional variation
Herrmann2013,fichamento_Herrmann2013.md,c5_estudo_primario,455,OK,,-441,I employ data from two pre-election surveys
Herrmann2013,fichamento_Herrmann2013.md,c6_nao_retratado,442,OK,,-441,"Polls, coalitions and strategic voting under proportional representation"
Herrmann2013,fichamento_Herrmann2013.md,outros_relatos_mesmo_estudo,463,OK,,-441,Previous versions of this paper have been presented at the General Conferences
Herrmann2013,fichamento_Herrmann2013.md,outros_relatos_mesmo_estudo,464,OK,,-441,of the European Consortium for Political Research 2009 and 2011
Herrmann2013,fichamento_Herrmann2013.md,fonte_dados_amostra,462,OK,,-441,a representative sample of 1951 Austrian voters
Herrmann2013,fichamento_Herrmann2013.md,fonte_dados_amostra,462,OK,,-441,online access panel of 985 voters about four weeks prior
Hillman2010,fichamento_Hillman2010.md,texto_confere,1,OK,,0,Expressive behavior in economics and politics
Hillman2010,fichamento_Hillman2010.md,tipo_documento,1,OK,,0,Comments welcome
Hillman2010,fichamento_Hillman2010.md,c1_populacao_contexto,7,OK,,0,"In actual elections, there are many voters"
Hillman2010,fichamento_Hillman2010.md,c1_populacao_contexto,30,OK,,0,in experiments voters can be informed that they will be decisive
Hillman2010,fichamento_Hillman2010.md,c2_intervencao_estudada,2,OK,,0,I use expressive voting to illustrate expressive behavior
Hillman2010,fichamento_Hillman2010.md,c3_desfecho,5,OK,,0,Voters decide whether to vote and to vote.
Hillman2010,fichamento_Hillman2010.md,c4_desenho_elegivel,8,OK,,0,Expressive voting is a hypothesis or conjecture.
Hillman2010,fichamento_Hillman2010.md,c4_desenho_elegivel,2,OK,,0,Experimental evidence on expressive behavior and a reinterpretation
Hillman2010,fichamento_Hillman2010.md,c5_estudo_primario,33,OK,,0,The evidence from expressive voting experiments is summarized
Hillman2010,fichamento_Hillman2010.md,c6_nao_retratado,1,OK,,0,Expressive behavior in economics and politics
Hillman2010,fichamento_Hillman2010.md,outros_relatos_mesmo_estudo,1,OK,,0,This paper is a development of a plenary address to the
Hillman2010,fichamento_Hillman2010.md,outros_relatos_mesmo_estudo,6,OK,,0,"The example is from Hillman (2009, chapter 7)."
Hizen2025,fichamento_Hizen2025.md,texto_confere,1,OK,,0,Jumping on the bandwagon and off the Titanic
Hizen2025,fichamento_Hizen2025.md,tipo_documento,1,OK,,0,arXiv:2408.00265v2
Hizen2025,fichamento_Hizen2025.md,c1_populacao_contexto,7,OK,,0,Two candidates are labeled Orange and Green
Hizen2025,fichamento_Hizen2025.md,c1_populacao_contexto,9,OK,,0,"We conducted the experiment through 8 sessions, each with 21 human subjects"
Hizen2025,fichamento_Hizen2025.md,c2_intervencao_estudada,17,OK,,0,The decision screen showed the local support rates for the candidates
Hizen2025,fichamento_Hizen2025.md,c3_desfecho,15,OK,,0,"Two dependent variables are employed, concerning the voter turnout"
Hizen2025,fichamento_Hizen2025.md,c4_desenho_elegivel,7,OK,,0,We conducted an experiment on the voting game
Hizen2025,fichamento_Hizen2025.md,c5_estudo_primario,15,OK,,0,We report regression results to further investigate turnout behavior
Hizen2025,fichamento_Hizen2025.md,c6_nao_retratado,1,OK,,0,Jumping on the bandwagon and off the Titanic
Hizen2025,fichamento_Hizen2025.md,fonte_dados_amostra,10,OK,,0,The eight sessions took place in March and June 2021
Hizen2025,fichamento_Hizen2025.md,fonte_dados_amostra,9,OK,,0,each with 21 human subjects
Hizen2025,fichamento_Hizen2025.md,registro_financiamento,1,OK,,0,"PHC Sakura program, project number 45153XK (JPJSBP 120203208)"
Hodgson2012a,fichamento_Hodgson2012a.md,texto_confere,1,OK,,0,"BANDWAGON EFFECTS IN BRITISH ELECTIONS, 1885-1910"
Hodgson2012a,fichamento_Hodgson2012a.md,tipo_documento,28,OK,,0,three anonymous referees for Public Choice
Hodgson2012a,fichamento_Hodgson2012a.md,tipo_documento,28,OK,,0,the project of which this article is a part
Hodgson2012a,fichamento_Hodgson2012a.md,c1_populacao_contexto,3,OK,,0,We thus use the eight general elections between 1885 and 1910
Hodgson2012a,fichamento_Hodgson2012a.md,c1_populacao_contexto,14,OK,,0,Our analysis is run on those British constituencies
Hodgson2012a,fichamento_Hodgson2012a.md,c2_intervencao_estudada,2,OK,,0,the effect of actual votes rather than polls or projections
Hodgson2012a,fichamento_Hodgson2012a.md,c2_intervencao_estudada,25,OK,,0,as a result of previous votes as opposed to opinion polls
Hodgson2012a,fichamento_Hodgson2012a.md,c3_desfecho,26,OK,,0,The swing to the winner is calculated as follows
Hodgson2012a,fichamento_Hodgson2012a.md,c3_desfecho,22,OK,,0,using swing to gainer as our dependent variable
Hodgson2012a,fichamento_Hodgson2012a.md,c4_desenho_elegivel,13,OK,,0,"Each day, except Sundays, another batch of constituencies went to the polls"
Hodgson2012a,fichamento_Hodgson2012a.md,c4_desenho_elegivel,18,OK,,0,constituencies do not poll in the same order in every election
Hodgson2012a,fichamento_Hodgson2012a.md,c5_estudo_primario,15,OK,,0,"Data are used from the general elections of 1885, 1886, 1892,"
Hodgson2012a,fichamento_Hodgson2012a.md,c6_nao_retratado,1,OK,,0,"BANDWAGON EFFECTS IN BRITISH ELECTIONS, 1885-1910"
Hodgson2012a,fichamento_Hodgson2012a.md,outros_relatos_mesmo_estudo,28,OK,,0,comments on earlier versions of the article
Hodgson2012a,fichamento_Hodgson2012a.md,fonte_dados_amostra,15,OK,,0,Election results were taken from the Society of Europe CD-ROM
Hodgson2012a,fichamento_Hodgson2012a.md,fonte_dados_amostra,15,OK,,0,This exclusion results in 192 observations being dropped.
Hodgson2012a,fichamento_Hodgson2012a.md,registro_financiamento,28,OK,,0,We would like to thank the Leverhulme Trust for funding the project
Holmes2016a,fichamento_Holmes2016a.md,texto_confere,15,OK,,-13,The Dark Side of Electoralism: Opinion Polls and Voting in the 2016
Holmes2016a,fichamento_Holmes2016a.md,texto_confere,15,OK,,-13,Ronald D. Holmes
Holmes2016a,fichamento_Holmes2016a.md,tipo_documento,15,OK,,-13,Manuscript received 4 October 2016; accepted 2 January 2017
Holmes2016a,fichamento_Holmes2016a.md,c1_populacao_contexto,17,OK,,-13,That also dissects the preferences of Filipino voters
Holmes2016a,fichamento_Holmes2016a.md,c2_intervencao_estudada,17,OK,,-13,"Reviewing survey data, the dynamics of the campaign"
Holmes2016a,fichamento_Holmes2016a.md,c2_intervencao_estudada,20,OK,,-13,Figure 1 shows the pre-election preferences of the eventual five
Holmes2016a,fichamento_Holmes2016a.md,c3_desfecho,33,OK,,-13,Table 4 shows the voting support for Duterte
Holmes2016a,fichamento_Holmes2016a.md,c3_desfecho,38,OK,,-13,the voter turnout in the 2016 elections was over 80 per cent
Holmes2016a,fichamento_Holmes2016a.md,c4_desenho_elegivel,17,OK,,-13,The second part of the article reviews the pre-election surveys
Holmes2016a,fichamento_Holmes2016a.md,c4_desenho_elegivel,32,OK,,-13,"based on key informant interviews, was a strategic campaign"
Holmes2016a,fichamento_Holmes2016a.md,c5_estudo_primario,34,OK,,-13,Separate probes in the April 2016 Pulse Asia PB survey found
Holmes2016a,fichamento_Holmes2016a.md,c6_nao_retratado,15,OK,,-13,The Dark Side of Electoralism: Opinion Polls and Voting in the 2016
Holmes2016a,fichamento_Holmes2016a.md,fonte_dados_amostra,21,OK,,-13,"Figure 1. Presidential Pre-Election Polls, Pulse Asia Research Inc., March"
Holmes2016a,fichamento_Holmes2016a.md,fonte_dados_amostra,20,OK,,-13,some as part of its quarterly Ulat ng Bayan
Holmes2016a,fichamento_Holmes2016a.md,fonte_dados_amostra,20,OK,,-13,Pulse Asia was commissioned by a major broadcast
Horowitz2016,fichamento_Horowitz2016.md,texto_confere,1,OK,,0,"Strategic Voting, Information, and Ethnicity in Emerging"
Horowitz2016,fichamento_Horowitz2016.md,tipo_documento,2,OK,,0,This paper explores the conditions under which voters in emerging democracies
Horowitz2016,fichamento_Horowitz2016.md,c1_populacao_contexto,19,OK,,0,"nationally-representative survey of 6,111 respondents we conducted 10-14 days before"
Horowitz2016,fichamento_Horowitz2016.md,c2_intervencao_estudada,26,OK,,0,Awareness derives from a question that asked respondents
Horowitz2016,fichamento_Horowitz2016.md,c2_intervencao_estudada,23,OK,,0,The independent variable is the measure of beliefs about
Horowitz2016,fichamento_Horowitz2016.md,c3_desfecho,23,OK,,0,expressed an intention to vote for one of the alternative
Horowitz2016,fichamento_Horowitz2016.md,c4_desenho_elegivel,23,OK,,0,we estimate a linear probability model of strategic voting
Horowitz2016,fichamento_Horowitz2016.md,c4_desenho_elegivel,22,OK,,0,"while correlational in nature, illuminate the potential relationship between misperceptions"
Horowitz2016,fichamento_Horowitz2016.md,c5_estudo_primario,4,OK,,0,Using original individual-level survey data collected shortly before the
Horowitz2016,fichamento_Horowitz2016.md,c6_nao_retratado,1,OK,,0,"Strategic Voting, Information, and Ethnicity in Emerging"
Horowitz2016,fichamento_Horowitz2016.md,outros_relatos_mesmo_estudo,16,OK,,0,See Horowitz 2012 for details.
Horowitz2016,fichamento_Horowitz2016.md,outros_relatos_mesmo_estudo,22,OK,,0,chose Musyoka on election day (Gibson and Long 2009)
Horowitz2016,fichamento_Horowitz2016.md,fonte_dados_amostra,19,OK,,0,"nationally-representative survey of 6,111 respondents we conducted 10-14 days before"
Houser2011,fichamento_Houser2011.md,c1_populacao_contexto,15,OK,,3,voted for one of the candidates or abstained
Houser2011,fichamento_Houser2011.md,c2_intervencao_estudada,16,OK,,3,We used two campaign advertisement treatments
Houser2011,fichamento_Houser2011.md,c3_desfecho,22,OK,,3,multinomial logistic regression with non-candidate vote choice
Houser2011,fichamento_Houser2011.md,c3_desfecho,20,OK,,3,Participation Decisions of Non-Candidate Voters
Houser2011,fichamento_Houser2011.md,c4_desenho_elegivel,17,OK,,3,"within subjects design; that is, campaign advertising treatments varied by period"
Houser2011,fichamento_Houser2011.md,c5_estudo_primario,15,OK,,3,We conducted three experimental sessions
Houser2011,fichamento_Houser2011.md,outros_relatos_mesmo_estudo,25,OK,,3,Houser and Stratmann (2008) report on similar experiments
Houser2011,fichamento_Houser2011.md,fonte_dados_amostra,15,OK,,3,Session Three 22 subjects participated for a total of 70 subjects
Houser2011,fichamento_Houser2011.md,fonte_dados_amostra,15,OK,,3,a total of 48 campaigns and elections
HuescaRodriguez2022,fichamento_HuescaRodriguez2022.md,texto_confere,211,OK,,-210,LA PARTICIPACIÓN CIUDADANA EN LOS PROCESOS ELECTORALES DE 2018
HuescaRodriguez2022,fichamento_HuescaRodriguez2022.md,tipo_documento,213,OK,,-210,Mauricio Huesca Rodríguez
HuescaRodriguez2022,fichamento_HuescaRodriguez2022.md,c1_populacao_contexto,219,OK,,-210,vale la pena retomar la experiencia de la última elección presidencial
HuescaRodriguez2022,fichamento_HuescaRodriguez2022.md,c2_intervencao_estudada,211,OK,,-210,tiene como objetivo explicar la evolución que ha tenido la participación ciudadana
HuescaRodriguez2022,fichamento_HuescaRodriguez2022.md,c3_desfecho,219,OK,,-210,Durango la entidad federativa con el mayor porcentaje de participación alcanzando el 88.43%
HuescaRodriguez2022,fichamento_HuescaRodriguez2022.md,c4_desenho_elegivel,212,OK,,-210,abordaré diversos conceptos teóricos en torno a la participación ciudadana
HuescaRodriguez2022,fichamento_HuescaRodriguez2022.md,c5_estudo_primario,220,OK,,-210,Elaboración propia
HuescaRodriguez2022,fichamento_HuescaRodriguez2022.md,c5_estudo_primario,221,OK,,-210,según datos de la encuesta sobre cultura cívica de 2017
HuescaRodriguez2022,fichamento_HuescaRodriguez2022.md,c6_nao_retratado,211,OK,,-210,LA PARTICIPACIÓN CIUDADANA EN LOS PROCESOS ELECTORALES DE 2018
HuescaRodriguez2022,fichamento_HuescaRodriguez2022.md,fonte_dados_amostra,219,OK,,-210,vale la pena retomar la experiencia de la última elección presidencial
HuescaRodriguez2022,fichamento_HuescaRodriguez2022.md,fonte_dados_amostra,220,OK,,-210,numeralia del informe cultura cívica del Instituto Electoral
HuescaRodriguez2022,fichamento_HuescaRodriguez2022.md,fonte_dados_amostra,223,OK,,-210,los resultados sobre la consulta ciudadana de presupuesto participativo 2019
Kaplan2019a,fichamento_Kaplan2019a.md,texto_confere,0,OK,,1,Experimental Electionomics: How Election Forecasts
Kaplan2019a,fichamento_Kaplan2019a.md,texto_confere,0,OK,,1,Ben Kaplan
Kaplan2019a,fichamento_Kaplan2019a.md,tipo_documento,0,OK,,1,Advisor: Dr.
Kaplan2019a,fichamento_Kaplan2019a.md,tipo_documento,4,OK,,1,The research discussed in this paper aims to shed light
Kaplan2019a,fichamento_Kaplan2019a.md,c1_populacao_contexto,19,OK,,1,Eligibility required that subjects were registered voters in the United States
Kaplan2019a,fichamento_Kaplan2019a.md,c1_populacao_contexto,20,OK,,1,"introduced to two candidates, Dan Jennings and Jim Dwyer"
Kaplan2019a,fichamento_Kaplan2019a.md,c2_intervencao_estudada,20,OK,,1,Subjects are then randomly assigned to one of four experimental conditions.
Kaplan2019a,fichamento_Kaplan2019a.md,c2_intervencao_estudada,28,OK,,1,the following forecast showing the chance each candidate has to win
Kaplan2019a,fichamento_Kaplan2019a.md,c3_desfecho,22,OK,,1,would you make time to go to the polls to vote for
Kaplan2019a,fichamento_Kaplan2019a.md,c3_desfecho,24,OK,,1,changed their initial turnout decision
Kaplan2019a,fichamento_Kaplan2019a.md,c4_desenho_elegivel,19,OK,,1,experiment was conducted on Amazon
Kaplan2019a,fichamento_Kaplan2019a.md,c4_desenho_elegivel,20,OK,,1,Subjects are then randomly assigned to one of four experimental conditions.
Kaplan2019a,fichamento_Kaplan2019a.md,c5_estudo_primario,24,OK,,1,Participants (N = 186) came from Amazon
Kaplan2019a,fichamento_Kaplan2019a.md,c6_nao_retratado,0,OK,,1,Experimental Electionomics: How Election Forecasts
Kaplan2019a,fichamento_Kaplan2019a.md,fonte_dados_amostra,24,OK,,1,Participants (N = 186) came from Amazon
Kaplan2019a,fichamento_Kaplan2019a.md,fonte_dados_amostra,19,OK,,1,Eligibility required that subjects were registered voters in the United States
Kawai2012,fichamento_Kawai2012.md,texto_confere,1,OK,,0,Inferring Strategic Voting
Kawai2012,fichamento_Kawai2012.md,texto_confere,1,OK,,0,May 2009
Kawai2012,fichamento_Kawai2012.md,tipo_documento,1,OK,,0,May 2009
Kawai2012,fichamento_Kawai2012.md,c1_populacao_contexto,12,OK,,0,We use data from the Japanese House of Representatives election
Kawai2012,fichamento_Kawai2012.md,c2_intervencao_estudada,2,OK,,0,we study how to identify and estimate a model of strategic voting
Kawai2012,fichamento_Kawai2012.md,c2_intervencao_estudada,8,OK,,0,information regarding the expected outcome of the election is widely available
Kawai2012,fichamento_Kawai2012.md,c3_desfecho,23,OK,,0,We use municipality-level aggregate data for our estimation
Kawai2012,fichamento_Kawai2012.md,c3_desfecho,13,OK,,0,descriptive statistics of electoral district vote shares in Table 2
Kawai2012,fichamento_Kawai2012.md,c4_desenho_elegivel,22,OK,,0,We estimate the model using inequality-based estimator developed by Pakes
Kawai2012,fichamento_Kawai2012.md,c5_estudo_primario,13,OK,,0,The data on the vote share and candidate characteristics were collected by
Kawai2012,fichamento_Kawai2012.md,c6_nao_retratado,1,OK,,0,Inferring Strategic Voting
Kawai2012,fichamento_Kawai2012.md,fonte_dados_amostra,12,OK,,0,data from the Japanese House of Representatives election held on September
Kawai2012,fichamento_Kawai2012.md,fonte_dados_amostra,35,OK,,0,Yomiuri Shimbun (2005) Shugiin-Senkyo 2005 CD-ROM
Kawai2012,fichamento_Kawai2012.md,fonte_dados_amostra,13,OK,,0,We are left with 175 electoral districts that satisfy the three criteria
Kawai2013,fichamento_Kawai2013.md,texto_confere,1,OK,,0,Inferring Strategic Voting
Kawai2013,fichamento_Kawai2013.md,texto_confere,1,OK,,0,April 2012
Kawai2013,fichamento_Kawai2013.md,tipo_documento,31,OK,,0,"In this paper, we only focus on the issue of strategic voting"
Kawai2013,fichamento_Kawai2013.md,c1_populacao_contexto,13,OK,,0,data from the Japanese House of Representatives election held on September 11
Kawai2013,fichamento_Kawai2013.md,c2_intervencao_estudada,13,OK,,0,Data on pre-election forecasts are collected from two periodicals
Kawai2013,fichamento_Kawai2013.md,c2_intervencao_estudada,13,OK,,0,"They have district-by-district election forecasts, which we use as a measure"
Kawai2013,fichamento_Kawai2013.md,c3_desfecho,28,OK,,0,Regress the vote share data of candidate k in each municipality
Kawai2013,fichamento_Kawai2013.md,c3_desfecho,13,OK,,0,breakdown of vote-share data is available by municipality
Kawai2013,fichamento_Kawai2013.md,c4_desenho_elegivel,28,OK,,0,We estimate the model using an inequality-based estimator developed by Pakes
Kawai2013,fichamento_Kawai2013.md,c4_desenho_elegivel,41,OK,,0,We use municipality-level aggregate data for our estimation.
Kawai2013,fichamento_Kawai2013.md,c5_estudo_primario,13,OK,,0,We obtained the data on the vote shares and candidate characteristics
Kawai2013,fichamento_Kawai2013.md,c6_nao_retratado,1,OK,,0,Inferring Strategic Voting
Kawai2013,fichamento_Kawai2013.md,fonte_dados_amostra,14,OK,,0,We are left with 159 electoral districts.
Kawai2013,fichamento_Kawai2013.md,fonte_dados_amostra,13,OK,,0,We obtained the data on the vote shares and candidate characteristics
Kim2018b,fichamento_Kim2018b.md,texto_confere,216,OK,,-215,여론조사 보도의 긍정적 효과와 부정적 효과 지각이
Kim2018b,fichamento_Kim2018b.md,texto_confere,251,OK,,-215,The Impacts of Perceived
Kim2018b,fichamento_Kim2018b.md,tipo_documento,216,OK,,-215,"55권 4호, 2018년"
Kim2018b,fichamento_Kim2018b.md,c1_populacao_contexto,230,OK,,-215,전국동시지방선거 전과 후에 서울시 유권자들을 대상으로
Kim2018b,fichamento_Kim2018b.md,c2_intervencao_estudada,217,OK,,-215,선거 관련 행태에 미치는 직접적인 영향 보다는
Kim2018b,fichamento_Kim2018b.md,c2_intervencao_estudada,233,OK,,-215,그 외 후보를 지지한다는 응답자는 열세 후보 지지 집단
Kim2018b,fichamento_Kim2018b.md,c3_desfecho,232,OK,,-215,선거일 전 2주 동안 후보 지지에 변화가 있었는
Kim2018b,fichamento_Kim2018b.md,c3_desfecho,243,OK,,-215,"후보에 대한 태도에 가깝기 때문에, 실제 투표 행동과는 차이가"
Kim2018b,fichamento_Kim2018b.md,c4_desenho_elegivel,231,OK,,-215,선거일 2주 전까지 실시한 1차
Kim2018b,fichamento_Kim2018b.md,c4_desenho_elegivel,231,OK,,-215,선거 직후 실시한 2차 서베이에는
Kim2018b,fichamento_Kim2018b.md,c4_desenho_elegivel,234,OK,,-215,집단 변수로 한 다집단 구조방정식 모형 분석을 실시했다
Kim2018b,fichamento_Kim2018b.md,c5_estudo_primario,230,OK,,-215,735명이 5월 23일에서 29일까지 실시된 1차 서베이에 참여했다
Kim2018b,fichamento_Kim2018b.md,c6_nao_retratado,216,OK,,-215,여론조사 보도의 긍정적 효과와 부정적 효과 지각이
Kim2018b,fichamento_Kim2018b.md,fonte_dados_amostra,230,OK,,-215,735명이 5월 23일에서 29일까지 실시된 1차 서베이에 참여했다
Kim2018b,fichamento_Kim2018b.md,fonte_dados_amostra,231,OK,,-215,145명을 제외한 393명의 응답
Kim2018b,fichamento_Kim2018b.md,registro_financiamento,216,OK,,-215,한국연구재단의 지원을 받아 수행된 연구임
Kim2018b,fichamento_Kim2018b.md,registro_financiamento,216,OK,,-215,2017S1A5A2A02068206
Kim2025a,fichamento_Kim2025a.md,texto_confere,0,OK,,1,Stag Hunt Games Played by Teams of Players
Kim2025a,fichamento_Kim2025a.md,texto_confere,0,OK,,1,"December 7, 2023"
Kim2025a,fichamento_Kim2025a.md,tipo_documento,0,OK,,1,The paper has also benefited from suggestions by referees
Kim2025a,fichamento_Kim2025a.md,tipo_documento,48,OK,,1,Online Appendix (not for publication)
Kim2025a,fichamento_Kim2025a.md,c1_populacao_contexto,3,OK,,1,casts a vote for one of the strategies
Kim2025a,fichamento_Kim2025a.md,c1_populacao_contexto,14,OK,,1,Subjects were recruited from the general undergraduate population
Kim2025a,fichamento_Kim2025a.md,c1_populacao_contexto,18,OK,,1,margins of victory in the elections
Kim2025a,fichamento_Kim2025a.md,c2_intervencao_estudada,3,OK,,1,The result of the straw vote is reported to all members
Kim2025a,fichamento_Kim2025a.md,c2_intervencao_estudada,20,OK,,1,who cast a minority vote in the straw poll switch
Kim2025a,fichamento_Kim2025a.md,c3_desfecho,20,OK,,1,The rate of switching behavior in the poll treatment
Kim2025a,fichamento_Kim2025a.md,c3_desfecho,21,OK,,1,Between 26 and 36 percent of the minority voters switched their
Kim2025a,fichamento_Kim2025a.md,c4_desenho_elegivel,14,OK,,1,The experimental sessions were conducted at the Experimental Social Science Laboratory
Kim2025a,fichamento_Kim2025a.md,c4_desenho_elegivel,15,OK,,1,the majority vote was preceded by a straw vote
Kim2025a,fichamento_Kim2025a.md,c5_estudo_primario,14,OK,,1,"We conducted 22 sessions, using a total of 420 subjects."
Kim2025a,fichamento_Kim2025a.md,c6_nao_retratado,0,OK,,1,Stag Hunt Games Played by Teams of Players
Kim2025a,fichamento_Kim2025a.md,fonte_dados_amostra,14,OK,,1,"We conducted 22 sessions, using a total of 420 subjects."
Kim2025a,fichamento_Kim2025a.md,fonte_dados_amostra,31,OK,,1,509 subjects and the second session recruited 407 subjects
Kim2025a,fichamento_Kim2025a.md,fonte_dados_amostra,3,OK,,1,we perform a longitudinal experiment over five consecutive days
Kim2025a,fichamento_Kim2025a.md,registro_financiamento,0,OK,,1,National Science Foundation (grant #SES-1426560)
Klor2017a,fichamento_Klor2017a.md,texto_confere,1,OK,,0,On Public Opinion Polls and Voters
Klor2017a,fichamento_Klor2017a.md,texto_confere,1,OK,,0,September 2006
Klor2017a,fichamento_Klor2017a.md,tipo_documento,1,OK,,0,September 2006
Klor2017a,fichamento_Klor2017a.md,tipo_documento,11,OK,,0,[Table 1 about here]
Klor2017a,fichamento_Klor2017a.md,c1_populacao_contexto,11,OK,,0,The 84 subjects in this experiment were recruited from the pool
Klor2017a,fichamento_Klor2017a.md,c1_populacao_contexto,12,OK,,0,if the team she prefers is selected by majority
Klor2017a,fichamento_Klor2017a.md,c2_intervencao_estudada,3,OK,,0,when they know the exact distribution of preferences of the electorate
Klor2017a,fichamento_Klor2017a.md,c2_intervencao_estudada,6,OK,,0,to the publication of public opinion polls
Klor2017a,fichamento_Klor2017a.md,c3_desfecho,13,OK,,0,Subjects have to decide again whether or not to vote.
Klor2017a,fichamento_Klor2017a.md,c3_desfecho,23,OK,,0,actual vote tally between the party slightly leading according to the polls
Klor2017a,fichamento_Klor2017a.md,c4_desenho_elegivel,11,OK,,0,The experiment was run at the RatioLab
Klor2017a,fichamento_Klor2017a.md,c4_desenho_elegivel,12,OK,,0,an equal probability rule randomly assigned each subject
Klor2017a,fichamento_Klor2017a.md,c4_desenho_elegivel,26,OK,,0,We need to stress that the empirical analysis is correlational in nature
Klor2017a,fichamento_Klor2017a.md,c5_estudo_primario,24,OK,,0,Our data set consists of 143 gubernatorial elections in 47 states.
Klor2017a,fichamento_Klor2017a.md,c6_nao_retratado,1,OK,,0,On Public Opinion Polls and Voters
Klor2017a,fichamento_Klor2017a.md,fonte_dados_amostra,11,OK,,0,The 84 subjects in this experiment were recruited from the pool
Klor2017a,fichamento_Klor2017a.md,fonte_dados_amostra,12,OK,,0,Each experimental session entailed 20 independent rounds.
Klor2017a,fichamento_Klor2017a.md,fonte_dados_amostra,24,OK,,0,Our data set consists of 143 gubernatorial elections in 47 states.
Lago2015,fichamento_Lago2015.md,texto_confere,1,OK,,0,REGULATING DISINFORMATION:
Lago2015,fichamento_Lago2015.md,tipo_documento,4,OK,,0,This article examines the political consequences
Lago2015,fichamento_Lago2015.md,c1_populacao_contexto,17,OK,,0,we rely on Internet panel surveys conducted by the
Lago2015,fichamento_Lago2015.md,c1_populacao_contexto,11,OK,,0,held in a sample of 46 democracies
Lago2015,fichamento_Lago2015.md,c2_intervencao_estudada,13,OK,,0,The key independent variables are poll embargo and party-system
Lago2015,fichamento_Lago2015.md,c2_intervencao_estudada,13,OK,,0,Pre-Election Day poll restriction has been operationalized as the Number
Lago2015,fichamento_Lago2015.md,c3_desfecho,12,OK,,0,The dependent variable is the percentage of wasted votes
Lago2015,fichamento_Lago2015.md,c4_desenho_elegivel,19,OK,,0,"In Barcelona and Madrid, we have created a dummy"
Lago2015,fichamento_Lago2015.md,c4_desenho_elegivel,14,OK,,0,Estimation is by OLS with robust standard errors
Lago2015,fichamento_Lago2015.md,c5_estudo_primario,6,OK,,0,Relying on aggregated data from the most recent Lower House elections
Lago2015,fichamento_Lago2015.md,c6_nao_retratado,1,OK,,0,POLL EMBARGO AND ELECTORAL COORDINATION
Lago2015,fichamento_Lago2015.md,fonte_dados_amostra,11,OK,,0,the last Lower-House election held in a sample of 46 democracies
Lago2015,fichamento_Lago2015.md,fonte_dados_amostra,17,OK,,0,Two representative samples of 773 and 976 individuals were respectively interviewed
Lago2015,fichamento_Lago2015.md,fonte_dados_amostra,17,OK,,0,The representative sample includes 990 interviewees
Lago2015,fichamento_Lago2015.md,registro_financiamento,3,OK,,0,research project CSO2010-1639
Lammers2022a,fichamento_Lammers2022a.md,texto_confere,676,OK,,-675,Disentangling the Factors Behind Shifting Voting Intentions
Lammers2022a,fichamento_Lammers2022a.md,tipo_documento,676,OK,,-675,Original Research Reports
Lammers2022a,fichamento_Lammers2022a.md,tipo_documento,676,OK,,-675,"Journal of Social and Political Psychology, 2022, Vol. 10(2)"
Lammers2022a,fichamento_Lammers2022a.md,c1_populacao_contexto,680,OK,,-675,"1,022 adult Polish participants took part"
Lammers2022a,fichamento_Lammers2022a.md,c1_populacao_contexto,684,OK,,-675,Participants took part in a simulated upcoming election
Lammers2022a,fichamento_Lammers2022a.md,c2_intervencao_estudada,684,OK,,-675,were told that 90% of the other voters were also
Lammers2022a,fichamento_Lammers2022a.md,c2_intervencao_estudada,684,OK,,-675,only 10% were planning to do so
Lammers2022a,fichamento_Lammers2022a.md,c2_intervencao_estudada,684,OK,,-675,position of initial party: leading vs. trailing
Lammers2022a,fichamento_Lammers2022a.md,c3_desfecho,680,OK,,-675,"After the elections, they disclosed their actual voting decision."
Lammers2022a,fichamento_Lammers2022a.md,c3_desfecho,684,OK,,-675,we combined into one index of the likelihood of switching voting intentions
Lammers2022a,fichamento_Lammers2022a.md,c4_desenho_elegivel,684,OK,,-675,Studies 2a and Study 2b use a full experimental design
Lammers2022a,fichamento_Lammers2022a.md,c4_desenho_elegivel,684,OK,,-675,Participants were randomly assigned to one of four cells
Lammers2022a,fichamento_Lammers2022a.md,c5_estudo_primario,676,OK,,-675,"Three preregistered studies (total N = 1,424)"
Lammers2022a,fichamento_Lammers2022a.md,c6_nao_retratado,676,OK,,-675,Disentangling the Factors Behind Shifting Voting Intentions
Lammers2022a,fichamento_Lammers2022a.md,fonte_dados_amostra,680,OK,,-675,"1,022 adult Polish participants took part"
Lammers2022a,fichamento_Lammers2022a.md,fonte_dados_amostra,680,OK,,-675,"yielding a final sample of N = 1,007 valid participants"
Lammers2022a,fichamento_Lammers2022a.md,fonte_dados_amostra,684,OK,,-675,Participants in Study 2a were 202 American Amazon Mechanical Turk users
Lammers2022a,fichamento_Lammers2022a.md,fonte_dados_amostra,684,OK,,-675,Academic users from the EU or UK
Lammers2022a,fichamento_Lammers2022a.md,registro_financiamento,689,OK,,-675,https://aspredicted.org/4rq5g.pdf
Lammers2022a,fichamento_Lammers2022a.md,registro_financiamento,689,OK,,-675,https://aspredicted.org/zr7bs.pdf
Lammers2022a,fichamento_Lammers2022a.md,registro_financiamento,689,OK,,-675,https://aspredicted.org/ub2ci.pdf
Lammers2022a,fichamento_Lammers2022a.md,registro_financiamento,689,OK,,-675,https://osf.io/8v57e/
Lammers2022a,fichamento_Lammers2022a.md,registro_financiamento,688,OK,,-675,Research Unit grant LA-3566/1-2
Lammers2022a,fichamento_Lammers2022a.md,registro_financiamento,688,OK,,-675,grant 2018/30/M/HS6/00298 awarded to Marcin Bukowski
Lammers2022a,fichamento_Lammers2022a.md,registro_financiamento,688,OK,,-675,grant number EXC 2126/1
Lengauer2012a,fichamento_Lengauer2012a.md,texto_confere,73,OK,,-72,CONTEST FRAMING AND ITS EFFECTS ON VOTER (DE)MOBILISATION
Lengauer2012a,fichamento_Lengauer2012a.md,tipo_documento,73,OK,,-72,This article investigates the impact of news exposure
Lengauer2012a,fichamento_Lengauer2012a.md,c1_populacao_contexto,80,OK,,-72,"comprised 1,165 eligible Austrian voters"
Lengauer2012a,fichamento_Lengauer2012a.md,c2_intervencao_estudada,79,OK,,-72,politics is portrayed as a competitive game or horse race
Lengauer2012a,fichamento_Lengauer2012a.md,c3_desfecho,81,OK,,-72,binary logistic regression models with turnout (yes/no) as the dependent variable
Lengauer2012a,fichamento_Lengauer2012a.md,c4_desenho_elegivel,80,OK,,-72,we utilised a post election survey
Lengauer2012a,fichamento_Lengauer2012a.md,c4_desenho_elegivel,88,OK,,-72,It has a static focus
Lengauer2012a,fichamento_Lengauer2012a.md,c5_estudo_primario,80,OK,,-72,The applied media content analysis comprised four major Austrian daily
Lengauer2012a,fichamento_Lengauer2012a.md,c6_nao_retratado,73,OK,,-72,CONTEST FRAMING AND ITS EFFECTS ON VOTER (DE)MOBILISATION
Lengauer2012a,fichamento_Lengauer2012a.md,fonte_dados_amostra,80,OK,,-72,"comprised 1,165 eligible Austrian voters"
Lengauer2012a,fichamento_Lengauer2012a.md,fonte_dados_amostra,80,OK,,-72,"In total, 4,712 news items have been"
Lengauer2012a,fichamento_Lengauer2012a.md,registro_financiamento,88,OK,,-72,Austrian Research Fund (FWF)
Lengauer2012a,fichamento_Lengauer2012a.md,registro_financiamento,88,OK,,-72,S10904-G11
Leon2017,fichamento_Leon2017.md,texto_confere,1,OK,,1,"Turnout, Political Preferences and Information:"
Leon2017,fichamento_Leon2017.md,tipo_documento,0,OK,,1,Barcelona GSE Working Paper Series
Leon2017,fichamento_Leon2017.md,c1_populacao_contexto,12,OK,,1,voters in a sample of 29 villages in 10 districts
Leon2017,fichamento_Leon2017.md,c2_intervencao_estudada,12,OK,,1,individual level variation in the cost of abstention
Leon2017,fichamento_Leon2017.md,c3_desfecho,13,OK,,1,whether or not each respondent voted in the municipal election
Leon2017,fichamento_Leon2017.md,c4_desenho_elegivel,12,OK,,1,By stratifying the randomization at the village level
Leon2017,fichamento_Leon2017.md,c5_estudo_primario,12,OK,,1,"I have complete baseline information for 2,837 individuals"
Leon2017,fichamento_Leon2017.md,c6_nao_retratado,1,OK,,1,"Turnout, Political Preferences and Information:"
Leon2017,fichamento_Leon2017.md,outros_relatos_mesmo_estudo,0,OK,,1,This version: November 2015
Leon2017,fichamento_Leon2017.md,outros_relatos_mesmo_estudo,0,OK,,1,(December 2014)
Leon2017,fichamento_Leon2017.md,fonte_dados_amostra,16,OK,,1,"we were able to track down 1,732 individuals from 1,166 households"
Leon2017,fichamento_Leon2017.md,registro_financiamento,1,OK,,1,(SEV-2011-0075) and grant ECO2014-55555-P
Leontiou2023,fichamento_Leontiou2023.md,texto_confere,1,OK,,1,Bandwagons in Costly Elections: The Role of
Leontiou2023,fichamento_Leontiou2023.md,tipo_documento,31,OK,,1,The current paper attempts to provide the missing link between theoretical studies
Leontiou2023,fichamento_Leontiou2023.md,c1_populacao_contexto,8,OK,,1,"citizens have to choose to vote for party A, party B"
Leontiou2023,fichamento_Leontiou2023.md,c2_intervencao_estudada,3,OK,,1,We introduce loss aversion with respect to the expected equilibrium payoffs
Leontiou2023,fichamento_Leontiou2023.md,c3_desfecho,18,OK,,1,the supporters of the expected winner are less likely to abstain
Leontiou2023,fichamento_Leontiou2023.md,c4_desenho_elegivel,8,OK,,1,We study a costly voting model under population uncertainty
Leontiou2023,fichamento_Leontiou2023.md,c4_desenho_elegivel,26,OK,,1,we employ numerical simulations to confirm that the assumption
Leontiou2023,fichamento_Leontiou2023.md,c5_estudo_primario,1,OK,,1,this is the first formal study that explains bandwagons in large elections
Leontiou2023,fichamento_Leontiou2023.md,c6_nao_retratado,1,OK,,1,Bandwagons in Costly Elections: The Role of
Leontiou2023,fichamento_Leontiou2023.md,fonte_dados_amostra,28,OK,,1,we present numerical simulations for a population of fixed size
Leontiou2023,fichamento_Leontiou2023.md,registro_financiamento,1,OK,,1,the University of Cyprus internal grant IMVASY
Leontiou2023,fichamento_Leontiou2023.md,registro_financiamento,1,OK,,1,PhD Fellowship grant (Fellowship Number: 337)
Magesan2024,fichamento_Magesan2024.md,texto_confere,1,OK,,0,Pivotality
Magesan2024,fichamento_Magesan2024.md,texto_confere,1,OK,,0,"July 7, 2025"
Magesan2024,fichamento_Magesan2024.md,tipo_documento,1,OK,,0,"JEL Classification: D72, D78"
Magesan2024,fichamento_Magesan2024.md,c1_populacao_contexto,8,OK,,0,any citizen can sign and add her name to the petition
Magesan2024,fichamento_Magesan2024.md,c2_intervencao_estudada,2,OK,,0,the current signature count is public knowledge for potential signatories
Magesan2024,fichamento_Magesan2024.md,c3_desfecho,10,OK,,0,where the outcome is rate of signature within petition over time
Magesan2024,fichamento_Magesan2024.md,c4_desenho_elegivel,17,OK,,0,we use standard RD methodology to recover the structural model parameter
Magesan2024,fichamento_Magesan2024.md,c5_estudo_primario,10,OK,,0,We used a scraper to track petitions over time
Magesan2024,fichamento_Magesan2024.md,c6_nao_retratado,1,OK,,0,Pivotality
Magesan2024,fichamento_Magesan2024.md,outros_relatos_mesmo_estudo,10,OK,,0,See the Supplementary Appendix for more detail on the construction
Magesan2024,fichamento_Magesan2024.md,fonte_dados_amostra,4,OK,,0,from May 2023 to the end of April 2024
Magesan2024,fichamento_Magesan2024.md,fonte_dados_amostra,11,OK,,0,we observed 2370 petitions in total that closed
Magesan2024,fichamento_Magesan2024.md,registro_financiamento,1,OK,,0,Magesan gratefully acknowledges funding from SSHRC through IG grant 435-2019-0437.
Mamaraev2017a,fichamento_Mamaraev2017a.md,texto_confere,241,OK,,-240,THE INFLUENCE OF THE SOCIAL AND ECONOMIC FACTOR
Mamaraev2017a,fichamento_Mamaraev2017a.md,tipo_documento,252,OK,,-240,"Series: History and Politic Sciences, 2017, no 5"
Mamaraev2017a,fichamento_Mamaraev2017a.md,c1_populacao_contexto,241,OK,,-240,the electoral preferences of voters in the Republic of Dagestan
Mamaraev2017a,fichamento_Mamaraev2017a.md,c2_intervencao_estudada,241,OK,,-240,through a mass political and sociological survey
Mamaraev2017a,fichamento_Mamaraev2017a.md,c2_intervencao_estudada,242,OK,,-240,socio-economic factors have a great impact on the political attitudes
Mamaraev2017a,fichamento_Mamaraev2017a.md,c3_desfecho,246,OK,,-240,Результаты опроса о предстоящем голосовании
Mamaraev2017a,fichamento_Mamaraev2017a.md,c3_desfecho,246,OK,,-240,опрошенный не будет принимать участие в выборах
Mamaraev2017a,fichamento_Mamaraev2017a.md,c4_desenho_elegivel,243,OK,,-240,в результате которого было опрошено 269 чел.
Mamaraev2017a,fichamento_Mamaraev2017a.md,c5_estudo_primario,241,OK,,-240,Статья написана на основе результатов исследования
Mamaraev2017a,fichamento_Mamaraev2017a.md,c6_nao_retratado,241,OK,,-240,DAGESTAN ACCORDING TO THE RESULTS OF THE OPINION POLL
Mamaraev2017a,fichamento_Mamaraev2017a.md,fonte_dados_amostra,243,OK,,-240,в результате которого было опрошено 269 чел.
Mamaraev2017a,fichamento_Mamaraev2017a.md,fonte_dados_amostra,243,OK,,-240,летом 2016 г. среди
Mantovani2014,fichamento_Mantovani2014.md,texto_confere,1,OK,,0,QUEM AGENDA A MÍDIA:
Mantovani2014,fichamento_Mantovani2014.md,texto_confere,1,OK,,0,DENISE MARIA MANTOVANI
Mantovani2014,fichamento_Mantovani2014.md,tipo_documento,2,OK,,0,Tese apresentada como requisito parcial para a obtenção do Título
Mantovani2014,fichamento_Mantovani2014.md,c1_populacao_contexto,16,OK,,0,O escopo da pesquisa reúne 504 textos noticiosos ou de opinião
Mantovani2014,fichamento_Mantovani2014.md,c2_intervencao_estudada,108,OK,,0,a partir dos resultados das pesquisas eleitorais
Mantovani2014,fichamento_Mantovani2014.md,c2_intervencao_estudada,92,OK,,0,"Diante das evidências, expressas por pesquisas eleitorais"
Mantovani2014,fichamento_Mantovani2014.md,c3_desfecho,219,OK,,0,O foco desta pesquisa foi observar como ocorreu o processo de agendamento
Mantovani2014,fichamento_Mantovani2014.md,c4_desenho_elegivel,5,OK,,0,A metodologia utilizada foi a análise qualitativa e quantitativa dos dados
Mantovani2014,fichamento_Mantovani2014.md,c4_desenho_elegivel,93,OK,,0,A análise dos dados foi feita através do programa de software Sphinx
Mantovani2014,fichamento_Mantovani2014.md,c5_estudo_primario,109,OK,,0,A análise quantitativa dos textos que compõem o corpus desta pesquisa
Mantovani2014,fichamento_Mantovani2014.md,c6_nao_retratado,1,OK,,0,QUEM AGENDA A MÍDIA:
Mantovani2014,fichamento_Mantovani2014.md,outros_relatos_mesmo_estudo,62,OK,,0,apresentação de parte dos resultados dessa tese no II Simpósio Nacional
Mantovani2014,fichamento_Mantovani2014.md,fonte_dados_amostra,93,OK,,0,"compreende 112 dias, de 11 de julho a 31 de outubro"
Mantovani2014,fichamento_Mantovani2014.md,fonte_dados_amostra,93,OK,,0,em um total de 504 textos
ManuelReynoso2022,fichamento_ManuelReynoso2022.md,texto_confere,353,OK,,-352,LA FORTALEZA Y EL TSUNAMI. LAS ELECCIONES DE 2018 EN PUEBLA
ManuelReynoso2022,fichamento_ManuelReynoso2022.md,tipo_documento,354,OK,,-352,En este capítulo se presenta un análisis de la elección de gobernador
ManuelReynoso2022,fichamento_ManuelReynoso2022.md,c1_populacao_contexto,355,OK,,-352,Cuatro candidatos contendieron en la elección de gobernador en Puebla
ManuelReynoso2022,fichamento_ManuelReynoso2022.md,c2_intervencao_estudada,360,OK,,-352,Tres encuestas de salida le dieron el triunfo al candidato de
ManuelReynoso2022,fichamento_ManuelReynoso2022.md,c3_desfecho,360,OK,,-352,a Alonso se le reconoció el 38.1% de la votación
ManuelReynoso2022,fichamento_ManuelReynoso2022.md,c4_desenho_elegivel,354,OK,,-352,Se analizan los resultados electorales y el proceso que siguió
ManuelReynoso2022,fichamento_ManuelReynoso2022.md,c5_estudo_primario,361,OK,,-352,Otra forma de analizar la división del voto es viendo las diferencias
ManuelReynoso2022,fichamento_ManuelReynoso2022.md,c6_nao_retratado,353,OK,,-352,LA FORTALEZA Y EL TSUNAMI. LAS ELECCIONES DE 2018 EN PUEBLA
ManuelReynoso2022,fichamento_ManuelReynoso2022.md,fonte_dados_amostra,359,OK,,-352,Me he centrado en el documento del Consejo Local del INE
ManuelReynoso2022,fichamento_ManuelReynoso2022.md,fonte_dados_amostra,361,OK,,-352,Instituto Nacional Electoral (INE) e Instituto Electoral del Estado de Puebla
ManuelReynoso2022,fichamento_ManuelReynoso2022.md,fonte_dados_amostra,358,OK,,-352,solo en 62 de las 7 mil 547 casillas
Mavridis2016a,fichamento_Mavridis2016a.md,texto_confere,0,OK,,3,Essays in Political Economy
Mavridis2016a,fichamento_Mavridis2016a.md,tipo_documento,4,OK,,3,This thesis is comprised of three chapters.
Mavridis2016a,fichamento_Mavridis2016a.md,c1_populacao_contexto,57,OK,,3,the registered voters participate in the recall referendum
Mavridis2016a,fichamento_Mavridis2016a.md,c1_populacao_contexto,58,OK,,3,"the total number of the eligible voters was 6,357,243"
Mavridis2016a,fichamento_Mavridis2016a.md,c2_intervencao_estudada,14,OK,,3,regarding the influence of the number of polls on the undecided vote
Mavridis2016a,fichamento_Mavridis2016a.md,c3_desfecho,60,OK,,3,to explore non-linear effects on the share of YES and NO votes
Mavridis2016a,fichamento_Mavridis2016a.md,c4_desenho_elegivel,60,OK,,3,Our identification relies on two sources of exogenous variation
Mavridis2016a,fichamento_Mavridis2016a.md,c5_estudo_primario,58,OK,,3,which was provided by ONPE after our request
Mavridis2016a,fichamento_Mavridis2016a.md,c6_nao_retratado,0,OK,,3,Essays in Political Economy
Mavridis2016a,fichamento_Mavridis2016a.md,fonte_dados_amostra,36,OK,,3,there are 53734 observations
Mavridis2016a,fichamento_Mavridis2016a.md,fonte_dados_amostra,58,OK,,3,"There are 36,740 booths divided in 888 centers"
Meer2012,fichamento_Meer2012.md,texto_confere,1,OK,,0,A panel study on the structure of changing vote intentions
Meer2012,fichamento_Meer2012.md,tipo_documento,14,OK,,0,will be made publicly available upon publication of this paper
Meer2012,fichamento_Meer2012.md,c1_populacao_contexto,11,OK,,0,we restricted the sample to respondents eligible to cast a vote
Meer2012,fichamento_Meer2012.md,c2_intervencao_estudada,3,OK,,0,whether and how changes in voting behaviour are structured
Meer2012,fichamento_Meer2012.md,c3_desfecho,12,OK,,0,Which party would you vote for if parliamentary elections were held today?
Meer2012,fichamento_Meer2012.md,c4_desenho_elegivel,14,OK,,0,multidimensional unfolding does not provide a statistical test
Meer2012,fichamento_Meer2012.md,c5_estudo_primario,1,OK,,0,We test these theories using the 1Vandaag Opinion Panel data set
Meer2012,fichamento_Meer2012.md,c6_nao_retratado,1,OK,,0,Bounded volatility in the Dutch electoral
Meer2012,fichamento_Meer2012.md,outros_relatos_mesmo_estudo,1,OK,,0,"Acta Politica 4, 333-355"
Meer2012,fichamento_Meer2012.md,fonte_dados_amostra,10,OK,,0,The data set covers 53 waves of interview conducted
Meer2012,fichamento_Meer2012.md,fonte_dados_amostra,11,OK,,0,"who participated in at least two waves (N= 54,763)"
Meer2015a,fichamento_Meer2015a.md,texto_confere,1,OK,,0,Off the fence onto the bandwagon? A large-scale survey experiment
Meer2015a,fichamento_Meer2015a.md,texto_confere,1,OK,,0,on effect of real-life poll outcomes on subsequent vote intentions
Meer2015a,fichamento_Meer2015a.md,texto_confere,1,OK,,0,"Tom van der Meer, Armen Hakhverdian & Loes Aaldering (2016)"
Meer2015a,fichamento_Meer2015a.md,tipo_documento,1,OK,,0,"International Journal for Public Opinion Research 28(1), 46-72."
Meer2015a,fichamento_Meer2015a.md,c1_populacao_contexto,1,OK,,0,"among a diverse cross-section of the Dutch electorate (n=23,421)"
Meer2015a,fichamento_Meer2015a.md,c2_intervencao_estudada,8,OK,,0,"The use of the most recent, non-fabricated poll outcomes as treatment"
Meer2015a,fichamento_Meer2015a.md,c2_intervencao_estudada,11,OK,,0,five of the seven groups to the actual opinion poll results
Meer2015a,fichamento_Meer2015a.md,c3_desfecho,12,OK,,0,This vote intention question forms our dependent variable.
Meer2015a,fichamento_Meer2015a.md,c3_desfecho,12,OK,,0,Which party would you vote for if parliamentary elections were held today?
Meer2015a,fichamento_Meer2015a.md,c4_desenho_elegivel,9,OK,,0,were randomly (and automatically) assigned to one of ten treatment conditions
Meer2015a,fichamento_Meer2015a.md,c5_estudo_primario,4,OK,,0,"We employed a large scale panel survey experiment, where 23,421 respondents"
Meer2015a,fichamento_Meer2015a.md,c6_nao_retratado,1,OK,,0,Off the fence onto the bandwagon? A large-scale survey experiment
Meer2015a,fichamento_Meer2015a.md,outros_relatos_mesmo_estudo,1,OK,,0,"International Journal for Public Opinion Research 28(1), 46-72."
Meer2015a,fichamento_Meer2015a.md,outros_relatos_mesmo_estudo,1,OK,,0,Assessing the occurrence of bandwagon effects of real-life poll outcomes on actual
Meer2015a,fichamento_Meer2015a.md,fonte_dados_amostra,9,OK,,0,We embedded our survey experiment in the EenVandaag Opinion Panel (1VOP)
Meer2015a,fichamento_Meer2015a.md,fonte_dados_amostra,9,OK,,0,our survey experiment was held in the days after May
Meer2015a,fichamento_Meer2015a.md,fonte_dados_amostra,9,OK,,0,"This wave of the 1VOP covers a total of 23,421 respondents"
Meer2015a,fichamento_Meer2015a.md,fonte_dados_amostra,14,OK,,0,electoral volatility in the 90 1VOP waves before May 2012
Meffert2010,fichamento_Meffert2010.md,texto_confere,1,OK,,1,Coalition Signals as Cues for Party and Coalition
Meffert2010,fichamento_Meffert2010.md,tipo_documento,1,OK,,1,Paper prepared for presentation at the annual meeting
Meffert2010,fichamento_Meffert2010.md,c1_populacao_contexto,9,OK,,1,The pre-election survey interviewed a nationally representative sample
Meffert2010,fichamento_Meffert2010.md,c2_intervencao_estudada,8,OK,,1,vignettes presenting hypothetical coalition announcements by Austrian parties
Meffert2010,fichamento_Meffert2010.md,c2_intervencao_estudada,17,OK,,1,independently and separately from any other factor such as poll results
Meffert2010,fichamento_Meffert2010.md,c3_desfecho,10,OK,,1,Comparing the initial vote intention with the vote intention expressed after
Meffert2010,fichamento_Meffert2010.md,c3_desfecho,10,OK,,1,developed a previously absent vote intention
Meffert2010,fichamento_Meffert2010.md,c4_desenho_elegivel,8,OK,,1,as an experimental manipulation in a representative population survey
Meffert2010,fichamento_Meffert2010.md,c5_estudo_primario,3,OK,,1,we report the results of a nationally representative survey
Meffert2010,fichamento_Meffert2010.md,c6_nao_retratado,1,OK,,1,Coalition Signals as Cues for Party and Coalition
Meffert2010,fichamento_Meffert2010.md,outros_relatos_mesmo_estudo,12,OK,,1,As reported elsewhere
Meffert2010,fichamento_Meffert2010.md,outros_relatos_mesmo_estudo,20,OK,,1,Strategic Coalition Voting:
Meffert2010,fichamento_Meffert2010.md,fonte_dados_amostra,9,OK,,1,1501 respondents and an additional and smaller sample of 450 respondents
Meffert2011,fichamento_Meffert2011.md,texto_confere,1,OK,,1,"Polls, coalition signals and strategic voting: An experimental"
Meffert2011,fichamento_Meffert2011.md,tipo_documento,1,OK,,1,European Journal of Political Research
Meffert2011,fichamento_Meffert2011.md,c1_populacao_contexto,8,OK,,1,the 200 participants who were eligible to vote in German elections
Meffert2011,fichamento_Meffert2011.md,c2_intervencao_estudada,11,OK,,1,participants were randomly assigned to one of three poll conditions
Meffert2011,fichamento_Meffert2011.md,c3_desfecho,15,OK,,1,participants were asked to vote for their final party choice
Meffert2011,fichamento_Meffert2011.md,c4_desenho_elegivel,1,OK,,1,Using a laboratory experiment embedded in two real election campaigns
Meffert2011,fichamento_Meffert2011.md,c5_estudo_primario,8,OK,,1,participated in the computer-based experiment
Meffert2011,fichamento_Meffert2011.md,c6_nao_retratado,1,OK,,1,"Polls, coalition signals and strategic voting: An experimental"
Meffert2011,fichamento_Meffert2011.md,fonte_dados_amostra,7,OK,,1,The study took place in January 2006
Meffert2011,fichamento_Meffert2011.md,fonte_dados_amostra,8,OK,,1,A total of 280 students
Meffert2011,fichamento_Meffert2011.md,fonte_dados_amostra,8,OK,,1,the 200 participants who were eligible to vote in German elections
Meffert2011,fichamento_Meffert2011.md,registro_financiamento,28,OK,,1,to the Sonderforschungsbereich 504 (SFB 504) at the University of Mannheim
Meffert2011a,fichamento_Meffert2011a.md,texto_confere,804,OK,,-803,More than wishful thinking: Causes and consequences of voters
Meffert2011a,fichamento_Meffert2011a.md,tipo_documento,804,OK,,-803,Received in revised form 27 July 2011
Meffert2011a,fichamento_Meffert2011a.md,c1_populacao_contexto,807,OK,,-803,Two nationally representative pre-election surveys from Austria and Germany
Meffert2011a,fichamento_Meffert2011a.md,c2_intervencao_estudada,812,OK,,-803,the vote intention for the Left Party was regressed on indicators
Meffert2011a,fichamento_Meffert2011a.md,c2_intervencao_estudada,808,OK,,-803,a plausible objective benchmark is needed
Meffert2011a,fichamento_Meffert2011a.md,c3_desfecho,811,OK,,-803,This sophisticated mechanism was tested using vote intentions for two small parties
Meffert2011a,fichamento_Meffert2011a.md,c4_desenho_elegivel,807,OK,,-803,A nationally representative sample of 1501 respondents was interviewed by phone
Meffert2011a,fichamento_Meffert2011a.md,c5_estudo_primario,807,OK,,-803,pre-election surveys from Austria and Germany were used to test the hypotheses
Meffert2011a,fichamento_Meffert2011a.md,c6_nao_retratado,804,OK,,-803,More than wishful thinking: Causes and consequences of voters
Meffert2011a,fichamento_Meffert2011a.md,fonte_dados_amostra,807,OK,,-803,A nationally representative sample of 1501 respondents was interviewed by phone
Meffert2011a,fichamento_Meffert2011a.md,fonte_dados_amostra,807,OK,,-803,A representative sample of 3583 respondents was interviewed by phone
Meffert2011a,fichamento_Meffert2011a.md,registro_financiamento,814,OK,,-803,(SFB 504) at the University of Mannheim is gratefully acknowledged
Meffert2012a,fichamento_Meffert2012a.md,texto_confere,1,OK,,1,"Experimental Triangulation of Coalition Signals: Varying Designs, Converging Results"
Meffert2012a,fichamento_Meffert2012a.md,tipo_documento,0,OK,,1,Arbeitspapier / working paper
Meffert2012a,fichamento_Meffert2012a.md,c1_populacao_contexto,16,OK,,1,representative pre-election survey before the 2006 Austrian General Election
Meffert2012a,fichamento_Meffert2012a.md,c2_intervencao_estudada,12,OK,,1,The poll manipulation varied the expected performance of the small party
Meffert2012a,fichamento_Meffert2012a.md,c3_desfecho,8,OK,,1,The key dependent variable was a hypothetical vote decision
Meffert2012a,fichamento_Meffert2012a.md,c4_desenho_elegivel,11,OK,,1,the visibility of the signal to participants was randomized with equal probability
Meffert2012a,fichamento_Meffert2012a.md,c5_estudo_primario,7,OK,,1,we designed an economic experiment that presented participants with an abstract game
Meffert2012a,fichamento_Meffert2012a.md,c6_nao_retratado,1,OK,,1,Experimental Triangulation of Coalition Signals:
Meffert2012a,fichamento_Meffert2012a.md,outros_relatos_mesmo_estudo,9,OK,,1,"(for details, see Meffert and Gschwend 2007)"
Meffert2012a,fichamento_Meffert2012a.md,outros_relatos_mesmo_estudo,12,OK,,1,"(see Meffert and Gschwend, forthcoming, for details)"
Meffert2012a,fichamento_Meffert2012a.md,fonte_dados_amostra,11,OK,,1,"embedded in two real, contemporaneous German state election campaigns in January 2006"
Membery2021a,fichamento_Membery2021a.md,texto_confere,3,OK,,3,The Making of Orpington: British Political Culture and the
Membery2021a,fichamento_Membery2021a.md,tipo_documento,3,OK,,3,"to obtain the degree of Doctor at Maastricht University,"
Membery2021a,fichamento_Membery2021a.md,c1_populacao_contexto,182,OK,,3,motivating some electors to vote Liberal at Orpington
Membery2021a,fichamento_Membery2021a.md,c2_intervencao_estudada,195,OK,,3,carry two NOP opinion polls before and during the campaign
Membery2021a,fichamento_Membery2021a.md,c2_intervencao_estudada,243,OK,,3,my thesis considers how such polls influenced the by-election result
Membery2021a,fichamento_Membery2021a.md,c3_desfecho,183,OK,,3,"22,846 voted Liberal in the 1962 parliamentary by-election"
Membery2021a,fichamento_Membery2021a.md,c4_desenho_elegivel,24,OK,,3,This thesis is based on extensive archival research
Membery2021a,fichamento_Membery2021a.md,c5_estudo_primario,24,OK,,3,I also conducted a number of interviews with politicians and political activists
Membery2021a,fichamento_Membery2021a.md,c6_nao_retratado,1,OK,,3,The Making of Orpington: British Political Culture and the
Membery2021a,fichamento_Membery2021a.md,outros_relatos_mesmo_estudo,244,OK,,3,my intention is to place an article based on my
Membery2021a,fichamento_Membery2021a.md,fonte_dados_amostra,182,OK,,3,403 interviews from 27 March to 28 April 1962
Menezes2014,fichamento_Menezes2014.md,texto_confere,1,OK,,1,"SONDAGENS, VOTO E DEMOCRACIA: PESQUISAS ELEITORAIS NAS"
Menezes2014,fichamento_Menezes2014.md,texto_confere,1,OK,,1,DANIEL GONÇALVES DE MENEZES
Menezes2014,fichamento_Menezes2014.md,tipo_documento,2,OK,,1,Tese de doutorado apresentada ao Programa de Pós-Graduação
Menezes2014,fichamento_Menezes2014.md,c1_populacao_contexto,17,OK,,1,Foram entrevistados 800 eleitores
Menezes2014,fichamento_Menezes2014.md,c1_populacao_contexto,16,OK,,1,teve como foco as eleições municipais de 2012 para o executivo
Menezes2014,fichamento_Menezes2014.md,c2_intervencao_estudada,17,OK,,1,com o propósito de investigar o impacto das pesquisas eleitorais
Menezes2014,fichamento_Menezes2014.md,c2_intervencao_estudada,134,OK,,1,mudou seu voto alguma vez ao ver o resultado
Menezes2014,fichamento_Menezes2014.md,c3_desfecho,91,OK,,1,a intenção objetiva estimulada para prefeito de Natal
Menezes2014,fichamento_Menezes2014.md,c3_desfecho,101,OK,,1,Probabilidade de mudança do voto através do uso da pesquisa
Menezes2014,fichamento_Menezes2014.md,c4_desenho_elegivel,17,OK,,1,Foi adotada uma amostra probabilística por conglomerados em dois estágios
Menezes2014,fichamento_Menezes2014.md,c4_desenho_elegivel,69,OK,,1,foi aplicada uma pesquisa há duas semanas das eleições do primeiro turno
Menezes2014,fichamento_Menezes2014.md,c5_estudo_primario,17,OK,,1,Foram aplicados questionários em domicílios
Menezes2014,fichamento_Menezes2014.md,c6_nao_retratado,1,OK,,1,"SONDAGENS, VOTO E DEMOCRACIA: PESQUISAS ELEITORAIS NAS"
Menezes2014,fichamento_Menezes2014.md,fonte_dados_amostra,17,OK,,1,Foram entrevistados 800 eleitores
Menezes2014,fichamento_Menezes2014.md,fonte_dados_amostra,17,OK,,1,no primeiro turno no mês de setembro
Menezes2014,fichamento_Menezes2014.md,fonte_dados_amostra,79,OK,,1,Ao todo foram veiculadas trinta e sete sondagens
Meyer2023,fichamento_Meyer2023.md,texto_confere,1,OK,,0,Does Mandatory Voting Lead to More
Meyer2023,fichamento_Meyer2023.md,tipo_documento,1,OK,,0,This working paper represents
Meyer2023,fichamento_Meyer2023.md,c1_populacao_contexto,14,OK,,0,"In each experimental session, 15 subjects participated in a voting game"
Meyer2023,fichamento_Meyer2023.md,c2_intervencao_estudada,15,OK,,0,Whether abstention was permitted was varied on a between-subject basis.
Meyer2023,fichamento_Meyer2023.md,c3_desfecho,22,OK,,0,Table 3 contains summary statistics of voting behavior broken down
Meyer2023,fichamento_Meyer2023.md,c4_desenho_elegivel,16,OK,,0,We ran a total of 24 sessions.
Meyer2023,fichamento_Meyer2023.md,c5_estudo_primario,16,OK,,0,Participants were recruited from the student population at Utah State University.
Meyer2023,fichamento_Meyer2023.md,c6_nao_retratado,1,OK,,0,Does Mandatory Voting Lead to More
Meyer2023,fichamento_Meyer2023.md,fonte_dados_amostra,16,OK,,0,We ran a total of 24 sessions.
Misko2022,fichamento_Misko2022.md,texto_confere,99,OK,,-98,A hazai taktikai szavazás formáinak hipotetikus modellalkotása
Misko2022,fichamento_Misko2022.md,tipo_documento,99,OK,,-98,DOI: 10.55052/themis.2022.1.99.139
Misko2022,fichamento_Misko2022.md,c1_populacao_contexto,100,OK,,-98,milyen választási magatartások jellemezhették összességében a magyar választókat
Misko2022,fichamento_Misko2022.md,c2_intervencao_estudada,99,OK,,-98,fókuszában csak a taktikai szavazás elméleti megközelítése áll
Misko2022,fichamento_Misko2022.md,c3_desfecho,99,OK,,-98,a hazai választók taktikai viselkedésének hipotetikus leírása
Misko2022,fichamento_Misko2022.md,c4_desenho_elegivel,134,OK,,-98,Az elképzelések valóban csak elméletiek és felszínesek
Misko2022,fichamento_Misko2022.md,c5_estudo_primario,134,OK,,-98,egy hipotetikus fókuszcsoportos kutatás megtervezésére vállalkoztam
Misko2022,fichamento_Misko2022.md,c6_nao_retratado,99,OK,,-98,modellalkotása és azok kutatására tett módszertani kísérlet
Misko2022,fichamento_Misko2022.md,outros_relatos_mesmo_estudo,109,OK,,-98,a Bibó Jogi és Politikatudományi Szemlében megjelent írásomban
Misko2022,fichamento_Misko2022.md,fonte_dados_amostra,134,OK,,-98,"azaz összesen hat csoport elemzése szükséges, csoportonként 6-8"
Molina2020,fichamento_Molina2020.md,texto_confere,1,OK,,2,Um pouco da matemática por trás da margem de erro
Molina2020,fichamento_Molina2020.md,tipo_documento,1,OK,,2,Dissertação de Mestrado apresentada ao
Molina2020,fichamento_Molina2020.md,c1_populacao_contexto,11,OK,,2,trataremos das pesquisas eleitorais de 2018 para presidente
Molina2020,fichamento_Molina2020.md,c2_intervencao_estudada,11,OK,,2,iremos comparar as pesquisas estatísticas e o resultado das eleições de 2018
Molina2020,fichamento_Molina2020.md,c3_desfecho,34,OK,,2,o candidato Jair Bolsonaro eleito com 55% dos votos
Molina2020,fichamento_Molina2020.md,c4_desenho_elegivel,31,OK,,2,"Vamos observar, a seguir, as pesquisas realizadas no ano de 2018"
Molina2020,fichamento_Molina2020.md,c5_estudo_primario,15,OK,,2,Fizemos um compilado do conteúdo teórico que envolve o tema
Molina2020,fichamento_Molina2020.md,c5_estudo_primario,11,OK,,2,trouxemos alguns resultados de pesquisas eleitorais das eleições de 2018
Molina2020,fichamento_Molina2020.md,c6_nao_retratado,1,OK,,2,Um pouco da matemática por trás da margem de erro
Molina2020,fichamento_Molina2020.md,fonte_dados_amostra,31,OK,,2,contou com 10930 eleitores entrevistados em 389 municípios
Molina2020,fichamento_Molina2020.md,fonte_dados_amostra,50,OK,,2,foram entrevistados 1585 pessoas em 72 municípios de Minas Gerais
Molina2020,fichamento_Molina2020.md,fonte_dados_amostra,34,OK,,2,Fonte: Página Eleições 2018 em Globo.com.
Moreno2016,fichamento_Moreno2016.md,texto_confere,1,OK,,1,"Conformity, information and truthful voting"
Moreno2016,fichamento_Moreno2016.md,tipo_documento,0,OK,,1,Málaga Economic Theory Research Center Working Papers
Moreno2016,fichamento_Moreno2016.md,tipo_documento,0,OK,,1,WP 2016-1
Moreno2016,fichamento_Moreno2016.md,c1_populacao_contexto,10,OK,,1,they were asked to vote between option A and option B
Moreno2016,fichamento_Moreno2016.md,c1_populacao_contexto,10,OK,,1,students from the undergraduate population of the Universidad de Valencia
Moreno2016,fichamento_Moreno2016.md,c2_intervencao_estudada,3,OK,,1,"In our treatment with conformity, the additional payoff is received only if"
Moreno2016,fichamento_Moreno2016.md,c2_intervencao_estudada,21,OK,,1,a binary-decision voting game in which agents are heterogeneous
Moreno2016,fichamento_Moreno2016.md,c3_desfecho,15,OK,,1,we estimate a logit model for the likelihood of voting truthfully
Moreno2016,fichamento_Moreno2016.md,c4_desenho_elegivel,10,OK,,1,subjects were randomly assigned a type (Player A or Player B)
Moreno2016,fichamento_Moreno2016.md,c4_desenho_elegivel,11,OK,,1,Our experiment relies on a between-subject design
Moreno2016,fichamento_Moreno2016.md,c5_estudo_primario,13,OK,,1,This section presents our experimental evidence
Moreno2016,fichamento_Moreno2016.md,c6_nao_retratado,1,OK,,1,"Conformity, information and truthful voting"
Moreno2016,fichamento_Moreno2016.md,fonte_dados_amostra,10,OK,,1,390 subjects were recruited to participate in our computerized sessions
Moreno2016,fichamento_Moreno2016.md,fonte_dados_amostra,10,OK,,1,students from the undergraduate population of the Universidad de Valencia
Moreno2016,fichamento_Moreno2016.md,registro_financiamento,1,NAO_ENCONTRADA,,1,financial support from Junta de Andalucía (SEJ-5980 and P09-SEJ-4941REC)
Moreno2019,fichamento_Moreno2019.md,texto_confere,1,OK,,2,Conformity and truthful voting under
Moreno2019,fichamento_Moreno2019.md,tipo_documento,0,OK,,2,"ThE Papers, Department of Economic Theory and Economic History"
Moreno2019,fichamento_Moreno2019.md,c1_populacao_contexto,10,OK,,2,A total of 390 subjects were recruited to participate
Moreno2019,fichamento_Moreno2019.md,c1_populacao_contexto,11,OK,,2,subjects were asked to vote between option A and option B
Moreno2019,fichamento_Moreno2019.md,c2_intervencao_estudada,1,OK,,2,We induce conformity in a binary-decision voting game
Moreno2019,fichamento_Moreno2019.md,c2_intervencao_estudada,11,OK,,2,the additional payoff of 25 ECUs only if their vote coincided
Moreno2019,fichamento_Moreno2019.md,c3_desfecho,7,OK,,2,Agents vote simultaneously for one of the two options
Moreno2019,fichamento_Moreno2019.md,c3_desfecho,15,OK,,2,plotting the average likelihood of voting truthfully in BL and CON
Moreno2019,fichamento_Moreno2019.md,c4_desenho_elegivel,10,OK,,2,subjects were randomly assigned a type (Player A or Player B)
Moreno2019,fichamento_Moreno2019.md,c4_desenho_elegivel,10,OK,,2,Our experiment relies on a between-subjects design
Moreno2019,fichamento_Moreno2019.md,c5_estudo_primario,10,OK,,2,We ran a total of 13 sessions with 30 subjects each
Moreno2019,fichamento_Moreno2019.md,c6_nao_retratado,1,OK,,2,Conformity and truthful voting under
Moreno2019,fichamento_Moreno2019.md,fonte_dados_amostra,10,OK,,2,Subjects were Economics or Business students from the undergraduate population
Moreno2019,fichamento_Moreno2019.md,fonte_dados_amostra,10,OK,,2,We ran a total of 13 sessions with 30 subjects each
Moreno2019,fichamento_Moreno2019.md,registro_financiamento,24,OK,,2,Financial support from Junta de Andalucía (SEJ-5980)
Moreno2019,fichamento_Moreno2019.md,registro_financiamento,25,OK,,2,under the project CO2017-87245-R
Morton2013a,fichamento_Morton2013a.md,texto_confere,1,OK,,0,"Exit Polls, Turnout, and Bandwagon Voting:"
Morton2013a,fichamento_Morton2013a.md,tipo_documento,5,OK,,0,"In this paper, we make use of a unique natural experiment"
Morton2013a,fichamento_Morton2013a.md,c1_populacao_contexto,13,OK,,0,Voters in overseas territories west of mainland France
Morton2013a,fichamento_Morton2013a.md,c1_populacao_contexto,16,OK,,0,Our primary data set comprises French presidential election results
Morton2013a,fichamento_Morton2013a.md,c2_intervencao_estudada,5,OK,,0,the causal effect of exit poll information on turnout
Morton2013a,fichamento_Morton2013a.md,c2_intervencao_estudada,5,OK,,0,This reform creates an exogenous variation in information
Morton2013a,fichamento_Morton2013a.md,c3_desfecho,1,OK,,0,decreases voter turnout by about 12 percentage points
Morton2013a,fichamento_Morton2013a.md,c3_desfecho,32,OK,,0,the candidate ahead in mainland France was more likely to win
Morton2013a,fichamento_Morton2013a.md,c4_desenho_elegivel,17,OK,,0,To assess the impact of knowing the election outcome on voter turnout
Morton2013a,fichamento_Morton2013a.md,c4_desenho_elegivel,34,OK,,0,We take advantage of a unique natural experiment from 2005
Morton2013a,fichamento_Morton2013a.md,c5_estudo_primario,16,OK,,0,Our primary data set comprises French presidential election results
Morton2013a,fichamento_Morton2013a.md,c6_nao_retratado,1,OK,,0,"Exit Polls, Turnout, and Bandwagon Voting:"
Morton2013a,fichamento_Morton2013a.md,fonte_dados_amostra,16,OK,,0,election rounds from 1981 onwards
Morton2013a,fichamento_Morton2013a.md,fonte_dados_amostra,17,OK,,0,105 such subdivisions in France
Morton2015a,fichamento_Morton2015a.md,texto_confere,1,OK,,2,"Exit Polls, Turnout, and Bandwagon Voting: Evidence from a Natural Experiment"
Morton2015a,fichamento_Morton2015a.md,tipo_documento,0,OK,,2,Author's Accepted Manuscript
Morton2015a,fichamento_Morton2015a.md,tipo_documento,0,OK,,2,Cite this article as
Morton2015a,fichamento_Morton2015a.md,c1_populacao_contexto,16,OK,,2,Our primary data set comprises French presidential election results
Morton2015a,fichamento_Morton2015a.md,c2_intervencao_estudada,1,OK,,2,estimate the causal effect of exit poll information on turnout
Morton2015a,fichamento_Morton2015a.md,c3_desfecho,21,OK,,2,Difference-in-difference estimates with turnout as dependent variable
Morton2015a,fichamento_Morton2015a.md,c3_desfecho,31,OK,,2,the vote difference in the western OST as the left-hand variable
Morton2015a,fichamento_Morton2015a.md,c4_desenho_elegivel,3,OK,,2,we make use of a unique natural experiment
Morton2015a,fichamento_Morton2015a.md,c4_desenho_elegivel,3,OK,,2,This reform allows us to use a difference-in-difference strategy.
Morton2015a,fichamento_Morton2015a.md,c5_estudo_primario,16,OK,,2,The data were collected from the French ministry of Internal Affairs
Morton2015a,fichamento_Morton2015a.md,c6_nao_retratado,1,OK,,2,"Exit Polls, Turnout, and Bandwagon Voting: Evidence from a Natural Experiment"
Morton2015a,fichamento_Morton2015a.md,outros_relatos_mesmo_estudo,1,OK,,2,participants at the 67th European Econometric Society meeting in Gothenburg
Morton2015a,fichamento_Morton2015a.md,fonte_dados_amostra,16,OK,,2,turnout for first and second election rounds from 1981 onwards
Morton2015a,fichamento_Morton2015a.md,fonte_dados_amostra,17,OK,,2,There are four OSTs in the east and five in the west
Morton2015a,fichamento_Morton2015a.md,fonte_dados_amostra,17,OK,,2,96 departments on the mainland comprise a total of 105 such departments
Morton2015a,fichamento_Morton2015a.md,fonte_dados_amostra,21,OK,,2,which makes a total of 1260 observations
Morton2015a,fichamento_Morton2015a.md,fonte_dados_amostra,17,OK,,2,span a period from 1997 to 2012
Morton2015a,fichamento_Morton2015a.md,registro_financiamento,1,OK,,2,financial support from the SFB 884
Morton2015a,fichamento_Morton2015a.md,registro_financiamento,1,OK,,2,support from the ARC (DE120101270)
Morton2015a,fichamento_Morton2015a.md,registro_financiamento,1,OK,,2,the Australian Research Council (FT110100463)
Morton2015b,fichamento_Morton2015b.md,texto_confere,1,OK,,0,What motivates bandwagon voting behavior: Altruism or a desire to win?
Morton2015b,fichamento_Morton2015b.md,tipo_documento,37,OK,,0,grateful to the editor Heinrich Ursprung and two anonymous referees
Morton2015b,fichamento_Morton2015b.md,c1_populacao_contexto,18,OK,,0,we study a simple voting game in which there are 10 voters
Morton2015b,fichamento_Morton2015b.md,c1_populacao_contexto,22,OK,,0,A total of 120 subjects from the undergraduate student population participated
Morton2015b,fichamento_Morton2015b.md,c2_intervencao_estudada,24,OK,,0,revealing vote distributions after each election
Morton2015b,fichamento_Morton2015b.md,c2_intervencao_estudada,24,OK,,0,information about previous voting behavior in prior elections
Morton2015b,fichamento_Morton2015b.md,c3_desfecho,27,OK,,0,We measure the percentage of abstention on the vertical axis
Morton2015b,fichamento_Morton2015b.md,c3_desfecho,31,OK,,0,summarizes other party voting by voter type and privacy treatment
Morton2015b,fichamento_Morton2015b.md,c4_desenho_elegivel,22,OK,,0,The experiment was conducted at NYU
Morton2015b,fichamento_Morton2015b.md,c4_desenho_elegivel,23,OK,,0,subjects were randomly given the sealed envelopes
Morton2015b,fichamento_Morton2015b.md,c4_desenho_elegivel,27,OK,,0,"summarizes the treatments, parameters, number of subjects and sessions"
Morton2015b,fichamento_Morton2015b.md,c5_estudo_primario,4,OK,,0,In this paper we present an experiment designed to evaluate the extent
Morton2015b,fichamento_Morton2015b.md,c5_estudo_primario,22,OK,,0,A total of 120 subjects from the undergraduate student population participated
Morton2015b,fichamento_Morton2015b.md,c6_nao_retratado,1,OK,,0,What motivates bandwagon voting behavior
Morton2015b,fichamento_Morton2015b.md,fonte_dados_amostra,22,OK,,0,A total of 120 subjects from the undergraduate student population participated
Morton2015b,fichamento_Morton2015b.md,fonte_dados_amostra,22,OK,,0,Subjects were recruited via a subject pool
Moura2010,fichamento_Moura2010.md,texto_confere,75,OK,,-74,Pesquisa de intenção de voto: o tigre de papel
Moura2010,fichamento_Moura2010.md,tipo_documento,75,OK,,-74,"ECCOM, v. 1, n. 1, p."
Moura2010,fichamento_Moura2010.md,c1_populacao_contexto,75,OK,,-74,em relação à escolha de candidatos nas eleições
Moura2010,fichamento_Moura2010.md,c2_intervencao_estudada,76,OK,,-74,Este é o tigre que pretendemos analisar: a divulgação das pesquisas
Moura2010,fichamento_Moura2010.md,c3_desfecho,75,OK,,-74,têm inegável participação na formação da opinião do público
Moura2010,fichamento_Moura2010.md,c4_desenho_elegivel,75,OK,,-74,Este trabalho discute a
Moura2010,fichamento_Moura2010.md,c5_estudo_primario,75,OK,,-74,This work discusses the
Moura2010,fichamento_Moura2010.md,c6_nao_retratado,75,OK,,-74,Pesquisa de intenção de voto: o tigre de papel
Moura2010,fichamento_Moura2010.md,fonte_dados_amostra,78,OK,,-74,O Instituto Empec que realizava pesquisas de opinião em 1998
Moura2010,fichamento_Moura2010.md,fonte_dados_amostra,79,OK,,-74,comenta sobre as eleições para presidente da república no Brasil em 2002
Moy2012,fichamento_Moy2012.md,texto_confere,2,OK,,0,Attitudinal and Behavioral Consequences of Published Opinion Polls
Moy2012,fichamento_Moy2012.md,texto_confere,1,OK,,0,Pre-print version
Moy2012,fichamento_Moy2012.md,tipo_documento,2,OK,,0,This chapter explores the attitudinal and behavioral consequences
Moy2012,fichamento_Moy2012.md,c1_populacao_contexto,6,OK,,0,what do citizens believe to be the electoral utility of voting
Moy2012,fichamento_Moy2012.md,c1_populacao_contexto,7,OK,,0,"polls lead people to support a trailing party, candidate or policy"
Moy2012,fichamento_Moy2012.md,c2_intervencao_estudada,2,OK,,0,consequences of public opinion polls portrayed in the media
Moy2012,fichamento_Moy2012.md,c2_intervencao_estudada,4,OK,,0,Three types of election polls provide much of the fodder
Moy2012,fichamento_Moy2012.md,c3_desfecho,6,OK,,0,on turnout among citizens can be classified simply as either mobilizing
Moy2012,fichamento_Moy2012.md,c3_desfecho,8,OK,,0,"an increase of support given to a party, candidate, or policy position"
Moy2012,fichamento_Moy2012.md,c4_desenho_elegivel,2,OK,,0,We begin with a review of the types of information
Moy2012,fichamento_Moy2012.md,c5_estudo_primario,6,OK,,0,The literature provides evidence for both possible consequences.
Moy2012,fichamento_Moy2012.md,c6_nao_retratado,1,OK,,0,Attitudinal and Behavioral Consequences of Published Opinion Polls
Moy2012,fichamento_Moy2012.md,outros_relatos_mesmo_estudo,1,OK,,0,Published as:
Moy2012,fichamento_Moy2012.md,outros_relatos_mesmo_estudo,1,OK,,0,"Basingstoke, UK: Palgrave"
Ognibene2021a,fichamento_Ognibene2021a.md,texto_confere,1,OK,,1,Hybrid Voters: How the Politics in the Home and the New
Ognibene2021a,fichamento_Ognibene2021a.md,texto_confere,1,OK,,1,external voting choices are hybrid
Ognibene2021a,fichamento_Ognibene2021a.md,tipo_documento,2,OK,,1,this article relies on a comparative design
Ognibene2021a,fichamento_Ognibene2021a.md,c1_populacao_contexto,1,OK,,1,this article analyses how the non-resident citizens vote from abroad
Ognibene2021a,fichamento_Ognibene2021a.md,c2_intervencao_estudada,9,OK,,1,pre-election polls are shown to be a relatively good proxy
Ognibene2021a,fichamento_Ognibene2021a.md,c2_intervencao_estudada,9,OK,,1,Support for a Party in the Home-Country (VoteSharePolls)
Ognibene2021a,fichamento_Ognibene2021a.md,c3_desfecho,8,OK,,1,to build the main dependent variable (VoteShareAbroad)
Ognibene2021a,fichamento_Ognibene2021a.md,c4_desenho_elegivel,7,OK,,1,our empirical strategy has been to work with aggregate-level
Ognibene2021a,fichamento_Ognibene2021a.md,c4_desenho_elegivel,10,OK,,1,a seemingly unrelated regression (SUR) has been applied to our data
Ognibene2021a,fichamento_Ognibene2021a.md,c5_estudo_primario,7,OK,,1,We gathered publicly available electoral results
Ognibene2021a,fichamento_Ognibene2021a.md,c6_nao_retratado,1,OK,,1,Hybrid Voters: How the Politics in the Home and the New
Ognibene2021a,fichamento_Ognibene2021a.md,fonte_dados_amostra,2,OK,,1,20 years of elections (from 1995 to 2019)
Ognibene2021a,fichamento_Ognibene2021a.md,fonte_dados_amostra,8,OK,,1,in 6 European countries (see the data coverage in Table 1)
Ognibene2021a,fichamento_Ognibene2021a.md,fonte_dados_amostra,12,OK,,1,3122
Ognibene2021a,fichamento_Ognibene2021a.md,registro_financiamento,15,OK,,1,The authors did not receive any support for the research
Ognibene2021a,fichamento_Ognibene2021a.md,registro_financiamento,16,OK,,1,The data used in this article are now pre-registered on Harvard Dataverse
Paola2013,fichamento_Paola2013.md,texto_confere,1,OK,,1,Exploiting the Italian Dual Ballot System
Paola2013,fichamento_Paola2013.md,tipo_documento,0,OK,,1,Working Paper n. 03
Paola2013,fichamento_Paola2013.md,c1_populacao_contexto,2,OK,,1,"about 1,400 electoral competitions at the municipal level"
Paola2013,fichamento_Paola2013.md,c2_intervencao_estudada,6,OK,,1,Electoral Margin represents an inverse measure of expected electoral closeness
Paola2013,fichamento_Paola2013.md,c2_intervencao_estudada,6,OK,,1,between the number of votes obtained by the two leading candidates
Paola2013,fichamento_Paola2013.md,c3_desfecho,6,OK,,1,the ratio between the number of valid ballots at the second round
Paola2013,fichamento_Paola2013.md,c4_desenho_elegivel,8,OK,,1,we estimate an OLS model to analyze whether electoral closeness
Paola2013,fichamento_Paola2013.md,c4_desenho_elegivel,11,OK,,1,we use the two-step Heckman selection model
Paola2013,fichamento_Paola2013.md,c5_estudo_primario,6,OK,,1,We base our analysis on a panel dataset
Paola2013,fichamento_Paola2013.md,c6_nao_retratado,1,OK,,1,The Causal Impact of Closeness on Electoral Participation
Paola2013,fichamento_Paola2013.md,fonte_dados_amostra,1,OK,,1,Using data from Italian municipal elections from 1993 to 2011
Paola2013,fichamento_Paola2013.md,fonte_dados_amostra,6,OK,,1,"1,410 municipal elections held over the period"
Paola2013,fichamento_Paola2013.md,fonte_dados_amostra,6,OK,,1,"in 632 municipalities with more than 15,000 inhabitants"
Pena2022,fichamento_Pena2022.md,texto_confere,195,OK,,-194,EL PAPEL DE LAS ENCUESTAS EN LOS COMICIOS LOCALES DE 2018
Pena2022,fichamento_Pena2022.md,tipo_documento,195,OK,,-194,El objetivo de este ensayo es analizar y evaluar
Pena2022,fichamento_Pena2022.md,c1_populacao_contexto,200,OK,,-194,Durante 2018 se celebraron en México ocho elecciones de ejecutivos
Pena2022,fichamento_Pena2022.md,c2_intervencao_estudada,195,OK,,-194,para cotejar las estimaciones por encuesta contra los resultados
Pena2022,fichamento_Pena2022.md,c3_desfecho,197,OK,,-194,los votos válidos por contendiente registrado en las elecciones
Pena2022,fichamento_Pena2022.md,c4_desenho_elegivel,197,OK,,-194,Para la estimación de la exactitud de las encuestas
Pena2022,fichamento_Pena2022.md,c5_estudo_primario,196,OK,,-194,de 79 estudios por encuestas en vivienda publicados previamente
Pena2022,fichamento_Pena2022.md,c6_nao_retratado,195,OK,,-194,EL PAPEL DE LAS ENCUESTAS EN LOS COMICIOS LOCALES DE 2018
Pena2022,fichamento_Pena2022.md,fonte_dados_amostra,196,OK,,-194,de 79 estudios por encuestas en vivienda publicados previamente
Pena2022,fichamento_Pena2022.md,fonte_dados_amostra,196,OK,,-194,incluidas originalmente en el Observatorio Electoral
PootCapetillo2022,fichamento_PootCapetillo2022.md,texto_confere,391,OK,,-390,YUCATÁN 2018: EL AÑO DE LA TERCERA ALTERNANCIA EN EL GOBIERNO DEL ESTADO
PootCapetillo2022,fichamento_PootCapetillo2022.md,tipo_documento,392,OK,,-390,YUCATÁN 2018: EL AÑO DE LA TERCERA ALTERNANCIA EN EL GOBIERNO DEL ESTADO
PootCapetillo2022,fichamento_PootCapetillo2022.md,c1_populacao_contexto,401,OK,,-390,Votación presidencia de la república por distrito y alianza
PootCapetillo2022,fichamento_PootCapetillo2022.md,c2_intervencao_estudada,391,OK,,-390,se dio en un contexto de alta competencia electoral
PootCapetillo2022,fichamento_PootCapetillo2022.md,c3_desfecho,401,OK,,-390,"fue el más votado en la entidad con 455,219 votos"
PootCapetillo2022,fichamento_PootCapetillo2022.md,c3_desfecho,391,OK,,-390,"la alta participación electoral, tal y como lo evidencian los índices"
PootCapetillo2022,fichamento_PootCapetillo2022.md,c4_desenho_elegivel,401,OK,,-390,Elaboración propia con información de IEPAC
PootCapetillo2022,fichamento_PootCapetillo2022.md,c5_estudo_primario,401,OK,,-390,"Elaboración propia, con información del Instituto Nacional"
PootCapetillo2022,fichamento_PootCapetillo2022.md,c6_nao_retratado,391,OK,,-390,YUCATÁN 2018: EL AÑO DE LA TERCERA ALTERNANCIA EN EL GOBIERNO DEL ESTADO
PootCapetillo2022,fichamento_PootCapetillo2022.md,fonte_dados_amostra,401,OK,,-390,"Elaboración propia, con información del Instituto Nacional"
PootCapetillo2022,fichamento_PootCapetillo2022.md,fonte_dados_amostra,402,OK,,-390,Votación de gubernatura 2018. Resultados por partido
Posavec2015a,fichamento_Posavec2015a.md,texto_confere,335,OK,,1,Measuring Public. Methodological and Analytical Approaches to Public Opinion Research
Posavec2015a,fichamento_Posavec2015a.md,tipo_documento,335,OK,,1,The book Mjerenje javnosti. Metodologijski i analitički pristupi istraživanju javnoga mnijenja
Posavec2015a,fichamento_Posavec2015a.md,c1_populacao_contexto,294,PAGINA_ERRADA,248,1,na probabilistički izabranim uzorcima punoljetnog stanovništva
Posavec2015a,fichamento_Posavec2015a.md,c2_intervencao_estudada,294,OK,,1,Je li ispitanik negdje vidio ili čuo rezultate takvih anketa?
Posavec2015a,fichamento_Posavec2015a.md,c3_desfecho,295,OK,,1,"izlaska na izbore, imenovanju očekivanog izbornog pobjednika i namjeri glasovanja za"
Posavec2015a,fichamento_Posavec2015a.md,c4_desenho_elegivel,294,OK,,1,u osnovi samoizvještavanje kojim je nemoguće utvrditi stvarni
Posavec2015a,fichamento_Posavec2015a.md,c5_estudo_primario,294,OK,,1,Analitička građa je prikupljena predizbornim istraživanjima javnoga mnijenja
Posavec2015a,fichamento_Posavec2015a.md,c6_nao_retratado,335,OK,,1,Mjerenje javnosti. Metodologijski i analitički pristupi istraživanju javnoga mnijenja
Posavec2015a,fichamento_Posavec2015a.md,outros_relatos_mesmo_estudo,333,OK,,1,Studija je dopunjena podacima iz rada:
Posavec2015a,fichamento_Posavec2015a.md,outros_relatos_mesmo_estudo,333,OK,,1,Expectations on the 2011 Croatian Parliamentary Elections
Posavec2015a,fichamento_Posavec2015a.md,fonte_dados_amostra,294,OK,,1,"a obuhvatila su 1247 (2003. godine), odnosno 967 (2011. godine) ispitanika"
Puppe2023,fichamento_Puppe2023.md,texto_confere,1,OK,,2,Participation in Voting over Budget Allocations.
Puppe2023,fichamento_Puppe2023.md,tipo_documento,0,OK,,2,Working Paper Series in Economics
Puppe2023,fichamento_Puppe2023.md,c1_populacao_contexto,12,OK,,2,We invited 510 subjects to participate in a vote over the allocation
Puppe2023,fichamento_Puppe2023.md,c2_intervencao_estudada,1,OK,,2,The treatment variable was the collective decision rule employed.
Puppe2023,fichamento_Puppe2023.md,c3_desfecho,12,OK,,2,Our main focus are the participation rate and the role
Puppe2023,fichamento_Puppe2023.md,c4_desenho_elegivel,13,OK,,2,"assigned to the mean rule, and 255 to the median rule."
Puppe2023,fichamento_Puppe2023.md,c5_estudo_primario,12,OK,,2,The field experiment went on for one week in July 2017
Puppe2023,fichamento_Puppe2023.md,c6_nao_retratado,1,OK,,2,Participation in Voting over Budget Allocations.
Puppe2023,fichamento_Puppe2023.md,outros_relatos_mesmo_estudo,1,OK,,2,This work is based on Chapters 2 and 3 of the second
Puppe2023,fichamento_Puppe2023.md,fonte_dados_amostra,13,OK,,2,510 subjects which were divided into 30 groups of 17 members each.
Ragozzino2014c,fichamento_Ragozzino2014c.md,tipo_documento,46,OK,,9,began study toward a Master of Arts degree in Political Science
Ragozzino2014c,fichamento_Ragozzino2014c.md,c1_populacao_contexto,13,OK,,9,To test the effects of opinion polls on policy attitudes
Ragozzino2014c,fichamento_Ragozzino2014c.md,c1_populacao_contexto,14,OK,,9,designed to assess their support for the proposed free trade agreement
Ragozzino2014c,fichamento_Ragozzino2014c.md,c2_intervencao_estudada,14,OK,,9,describing the results of a recently conducted public opinion poll
Ragozzino2014c,fichamento_Ragozzino2014c.md,c2_intervencao_estudada,14,OK,,9,manipulation concerned the extent to which fellow Americans supported the TPP
Ragozzino2014c,fichamento_Ragozzino2014c.md,c2_intervencao_estudada,17,OK,,9,the extent to which partisans (Democrats vs. Republicans) supported
Ragozzino2014c,fichamento_Ragozzino2014c.md,c3_desfecho,14,OK,,9,The primary dependent variable is a three-item scale created to
Ragozzino2014c,fichamento_Ragozzino2014c.md,c3_desfecho,41,OK,,9,3-item scale indicating support for the TPP
Ragozzino2014c,fichamento_Ragozzino2014c.md,c4_desenho_elegivel,13,OK,,9,"I employed a between-subjects design, in which participants were randomly assigned"
Ragozzino2014c,fichamento_Ragozzino2014c.md,c4_desenho_elegivel,20,OK,,9,the control condition did not provide any polling information
Ragozzino2014c,fichamento_Ragozzino2014c.md,c5_estudo_primario,19,OK,,9,A total of 461 subjects were recruited on-line via MTurk.
Ragozzino2014c,fichamento_Ragozzino2014c.md,fonte_dados_amostra,13,OK,,9,A total of 230 subjects were recruited on-line via
Ragozzino2014c,fichamento_Ragozzino2014c.md,fonte_dados_amostra,16,OK,,9,A total of 302 adult subjects were recruited on-line via MTurk.
Ragozzino2014c,fichamento_Ragozzino2014c.md,fonte_dados_amostra,19,OK,,9,A total of 461 subjects were recruited on-line via MTurk.
Ragozzino2014c,fichamento_Ragozzino2014c.md,fonte_dados_amostra,41,OK,,9,Notes: N = 222.
Ragozzino2014c,fichamento_Ragozzino2014c.md,fonte_dados_amostra,42,OK,,9,Notes: N = 298.
Ragozzino2014c,fichamento_Ragozzino2014c.md,fonte_dados_amostra,43,OK,,9,Notes: N = 451.
Ragozzino2014c,fichamento_Ragozzino2014c.md,fonte_dados_amostra,46,OK,,9,The M.A. was awarded in May 2012.
Rai2021b,fichamento_Rai2021b.md,texto_confere,1,OK,,0,Demystifying the Bandwagon
Rai2021b,fichamento_Rai2021b.md,texto_confere,1,OK,,0,"Rai, P. (2021). Demystifying the Bandwagon"
Rai2021b,fichamento_Rai2021b.md,tipo_documento,1,OK,,0,"Academia Letters, Article 3042."
Rai2021b,fichamento_Rai2021b.md,c1_populacao_contexto,1,OK,,0,"to influence Indian voters, especially those who prefer to vote tactically"
Rai2021b,fichamento_Rai2021b.md,c2_intervencao_estudada,2,OK,,0,Impact of Elections Surveys on Voting Behaviour
Rai2021b,fichamento_Rai2021b.md,c2_intervencao_estudada,3,OK,,0,in 2009 national elections the ECI introduced a blanket ban
Rai2021b,fichamento_Rai2021b.md,c3_desfecho,3,OK,,0,the vote share increases for the front-runner and decreases for others
Rai2021b,fichamento_Rai2021b.md,c4_desenho_elegivel,3,OK,,0,"survey results in multi-phase elections (Chatterjee & Jai, 2020)"
Rai2021b,fichamento_Rai2021b.md,c5_estudo_primario,1,OK,,0,"Academia Letters, Article 3042."
Rai2021b,fichamento_Rai2021b.md,c5_estudo_primario,4,OK,,0,as data from CSDS National Election Study 2014 reveals that
Rai2021b,fichamento_Rai2021b.md,c6_nao_retratado,1,OK,,0,Demystifying the Bandwagon
Rai2021b,fichamento_Rai2021b.md,outros_relatos_mesmo_estudo,5,OK,,0,Psephological Fallacies of Public Opinion Polling
Rai2021b,fichamento_Rai2021b.md,outros_relatos_mesmo_estudo,5,OK,,0,"Rai, Praveen and Gupta, Pranav (2016)"
Rai2021b,fichamento_Rai2021b.md,fonte_dados_amostra,4,OK,,0,as data from CSDS National Election Study 2014 reveals that
RamirezGonzalez2022,fichamento_RamirezGonzalez2022.md,texto_confere,275,OK,,-274,SONORA 2018: LA IRRUPCIÓN MORENISTA EN UN SISTEMA BIPARTIDISTA
RamirezGonzalez2022,fichamento_RamirezGonzalez2022.md,tipo_documento,275,OK,,-274,En este capítulo se hace un recorrido por el comportamiento electoral
RamirezGonzalez2022,fichamento_RamirezGonzalez2022.md,c1_populacao_contexto,275,OK,,-274,datos electorales que se presentan aquí fueron tomados de la votación válida
RamirezGonzalez2022,fichamento_RamirezGonzalez2022.md,c1_populacao_contexto,276,OK,,-274,"por 21 distritos, mientras se divide en 72 ayuntamientos"
RamirezGonzalez2022,fichamento_RamirezGonzalez2022.md,c2_intervencao_estudada,285,OK,,-274,el factor más determinante para las elecciones en Sonora en 2018
RamirezGonzalez2022,fichamento_RamirezGonzalez2022.md,c3_desfecho,279,OK,,-274,Morena fue el partido con más votos en la elección de ayuntamientos
RamirezGonzalez2022,fichamento_RamirezGonzalez2022.md,c4_desenho_elegivel,277,OK,,-274,se hace un recorrido estadístico de ese periodo previo
RamirezGonzalez2022,fichamento_RamirezGonzalez2022.md,c5_estudo_primario,278,OK,,-274,Elaboración propia con datos del Organismo Público Local
RamirezGonzalez2022,fichamento_RamirezGonzalez2022.md,c6_nao_retratado,275,OK,,-274,SONORA 2018: LA IRRUPCIÓN MORENISTA EN UN SISTEMA BIPARTIDISTA
RamirezGonzalez2022,fichamento_RamirezGonzalez2022.md,fonte_dados_amostra,276,OK,,-274,"por 21 distritos, mientras se divide en 72 ayuntamientos"
RamirezGonzalez2022,fichamento_RamirezGonzalez2022.md,fonte_dados_amostra,284,OK,,-274,En el cuadro 9 podemos apreciar los porcentajes de votación efectiva
RangelJuarez2022,fichamento_RangelJuarez2022.md,texto_confere,313,OK,,-312,"2018, LA DISPUTA POR LA GUBERNATURA: JALISCO ENTRE DOS MOVIMIENTOS"
RangelJuarez2022,fichamento_RangelJuarez2022.md,texto_confere,313,OK,,-312,Beatriz Rangel Juárez
RangelJuarez2022,fichamento_RangelJuarez2022.md,tipo_documento,313,OK,,-312,"2018, LA DISPUTA POR LA GUBERNATURA: JALISCO ENTRE DOS MOVIMIENTOS"
RangelJuarez2022,fichamento_RangelJuarez2022.md,c1_populacao_contexto,313,OK,,-312,Los resultados de las elecciones en Jalisco del año 2018
RangelJuarez2022,fichamento_RangelJuarez2022.md,c2_intervencao_estudada,322,OK,,-312,desde la primera encuesta realizada en noviembre de 2017
RangelJuarez2022,fichamento_RangelJuarez2022.md,c3_desfecho,323,OK,,-312,El candidato del PRI quedó en tercer lugar con 16%
RangelJuarez2022,fichamento_RangelJuarez2022.md,c4_desenho_elegivel,315,OK,,-312,El análisis se debe realizar desde la
RangelJuarez2022,fichamento_RangelJuarez2022.md,c4_desenho_elegivel,315,OK,,-312,para posteriormente entender la forma en que dichas circunstancias
RangelJuarez2022,fichamento_RangelJuarez2022.md,c5_estudo_primario,324,OK,,-312,Al realizar un análisis de los distritos
RangelJuarez2022,fichamento_RangelJuarez2022.md,c6_nao_retratado,313,OK,,-312,"2018, LA DISPUTA POR LA GUBERNATURA: JALISCO ENTRE DOS MOVIMIENTOS"
RangelJuarez2022,fichamento_RangelJuarez2022.md,fonte_dados_amostra,314,OK,,-312,"Jalisco contó con un listado nominal de 5,904,211 ciudadanas"
RangelJuarez2022,fichamento_RangelJuarez2022.md,fonte_dados_amostra,319,OK,,-312,Elaboración propia con datos del Instituto Electoral
Reuben2015,fichamento_Reuben2015.md,texto_confere,0,OK,,2,Advocacy and Political Convergence under Preference Uncertainty
Reuben2015,fichamento_Reuben2015.md,tipo_documento,0,OK,,2,version of a work that was accepted for publication
Reuben2015,fichamento_Reuben2015.md,c1_populacao_contexto,4,OK,,2,two candidates compete for votes in a one dimensional policy space
Reuben2015,fichamento_Reuben2015.md,c2_intervencao_estudada,7,OK,,2,formation of advocacy groups as an additional channel of information
Reuben2015,fichamento_Reuben2015.md,c3_desfecho,5,OK,,2,voters simultaneously cast their vote for one of the two candidates
Reuben2015,fichamento_Reuben2015.md,c3_desfecho,16,OK,,2,of the votes are in line with sincere voting
Reuben2015,fichamento_Reuben2015.md,c4_desenho_elegivel,8,OK,,2,We ran four sessions with 21 subjects
Reuben2015,fichamento_Reuben2015.md,c5_estudo_primario,34,OK,,2,336 undergraduate students participated in the experiment
Reuben2015,fichamento_Reuben2015.md,c6_nao_retratado,0,OK,,2,Advocacy and Political Convergence under Preference Uncertainty
Reuben2015,fichamento_Reuben2015.md,outros_relatos_mesmo_estudo,0,OK,,2,accepted for publication in the European Economic Review
Reuben2015,fichamento_Reuben2015.md,fonte_dados_amostra,8,OK,,2,which was conducted in the CREED laboratory
Reveco2026,fichamento_Reveco2026.md,texto_confere,1,OK,,0,Voting When You Already Know the Results:
Reveco2026,fichamento_Reveco2026.md,texto_confere,1,OK,,0,Electoral Information and Strategic Coordination
Reveco2026,fichamento_Reveco2026.md,tipo_documento,29,OK,,0,I thank [omitted for blind review].
Reveco2026,fichamento_Reveco2026.md,tipo_documento,29,OK,,0,Replication data and code will be deposited in Harvard Dataverse upon acceptance
Reveco2026,fichamento_Reveco2026.md,c1_populacao_contexto,12,OK,,0,I collected records for all mesas in the three treatment districts
Reveco2026,fichamento_Reveco2026.md,c2_intervencao_estudada,11,OK,,0,Ipsos and Datum published exit polls on Sunday evening.
Reveco2026,fichamento_Reveco2026.md,c2_intervencao_estudada,11,OK,,0,displayed partial results covering
Reveco2026,fichamento_Reveco2026.md,c2_intervencao_estudada,12,OK,,0,whether a voter was assigned to a Monday station
Reveco2026,fichamento_Reveco2026.md,c3_desfecho,14,OK,,0,Secondary outcomes include party-level vote shares
Reveco2026,fichamento_Reveco2026.md,c3_desfecho,25,OK,,0,Monday voting on valid vote participation rate
Reveco2026,fichamento_Reveco2026.md,c4_desenho_elegivel,1,OK,,0,"To test this, I exploit a natural experiment in"
Reveco2026,fichamento_Reveco2026.md,c4_desenho_elegivel,15,OK,,0,The estimating equation is a cross-sectional comparison
Reveco2026,fichamento_Reveco2026.md,c5_estudo_primario,12,OK,,0,published by ONPE through its actas digitization system
Reveco2026,fichamento_Reveco2026.md,c6_nao_retratado,1,OK,,0,Voting When You Already Know the Results:
Reveco2026,fichamento_Reveco2026.md,outros_relatos_mesmo_estudo,1,OK,,0,"Pre-analysis plan registered on OSF, May 15, 2026."
Reveco2026,fichamento_Reveco2026.md,outros_relatos_mesmo_estudo,4,OK,,0,A concurrent study documents that the same disruption reduced voter turnout
Reveco2026,fichamento_Reveco2026.md,outros_relatos_mesmo_estudo,31,OK,,0,Missing voters? Evidence from polling station delays
Reveco2026,fichamento_Reveco2026.md,fonte_dados_amostra,12,OK,,0,all mesas in the three treatment districts for the April 2026
Reveco2026,fichamento_Reveco2026.md,fonte_dados_amostra,13,OK,,0,136 treated stations submitted valid presidential tallies
Reveco2026,fichamento_Reveco2026.md,fonte_dados_amostra,13,OK,,0,"1,197 control (Sunday) with valid presidential tallies"
Reveco2026,fichamento_Reveco2026.md,registro_financiamento,1,OK,,0,"Pre-analysis plan registered on OSF, May 15, 2026."
Reveco2026,fichamento_Reveco2026.md,registro_financiamento,29,OK,,0,available at https://osf.io/24wej
Revelli2023,fichamento_Revelli2023.md,texto_confere,0,OK,,1,Ties
Revelli2023,fichamento_Revelli2023.md,texto_confere,0,OK,,1,This is a pre print version of the following article:
Revelli2023,fichamento_Revelli2023.md,tipo_documento,0,OK,,1,This is a pre print version of the following article:
Revelli2023,fichamento_Revelli2023.md,c1_populacao_contexto,16,OK,,1,We perform the empirical analysis on a panel dataset
Revelli2023,fichamento_Revelli2023.md,c1_populacao_contexto,17,OK,,1,all Italian municipalities have direct election of the mayor
Revelli2023,fichamento_Revelli2023.md,c2_intervencao_estudada,4,OK,,1,It is the informational consequences of these rare events
Revelli2023,fichamento_Revelli2023.md,c2_intervencao_estudada,1,OK,,1,on voter turnout rates of exposure for geographical reasons to spill-overs
Revelli2023,fichamento_Revelli2023.md,c3_desfecho,22,OK,,1,we regress the change in turnout in percentage points
Revelli2023,fichamento_Revelli2023.md,c4_desenho_elegivel,1,OK,,1,the quasi-experimental conditions created by the staggered municipal electoral calendar
Revelli2023,fichamento_Revelli2023.md,c5_estudo_primario,21,OK,,1,Table 3 reports the 42 cases of elections ending in a tie
Revelli2023,fichamento_Revelli2023.md,c6_nao_retratado,0,OK,,1,Ties
Revelli2023,fichamento_Revelli2023.md,outros_relatos_mesmo_estudo,0,OK,,1,This is a pre print version of the following article:
Revelli2023,fichamento_Revelli2023.md,fonte_dados_amostra,16,OK,,1,spanning through almost twenty years (2001 to 2017)
Revelli2023,fichamento_Revelli2023.md,fonte_dados_amostra,16,OK,,1,"we focus on the around 7,000 localities"
Robalo2014,fichamento_Robalo2014.md,texto_confere,5,OK,,0,Essays in Experimental Political Economy
Robalo2014,fichamento_Robalo2014.md,texto_confere,5,OK,,0,Pedro Miguel Gago Guerreiro de Brito Robalo
Robalo2014,fichamento_Robalo2014.md,tipo_documento,5,OK,,0,ter verkrijging van de graad van doctor
Robalo2014,fichamento_Robalo2014.md,c1_populacao_contexto,186,OK,,0,group in simulated elections (the participation game of Palfrey and Rosenthal
Robalo2014,fichamento_Robalo2014.md,c2_intervencao_estudada,35,OK,,0,our experiment induces distinct levels of group identity
Robalo2014,fichamento_Robalo2014.md,c2_intervencao_estudada,88,OK,,0,manipulating two treatment variables: activation by a human subject and a
Robalo2014,fichamento_Robalo2014.md,c2_intervencao_estudada,138,OK,,0,Our treatments change the way in which this information is made available
Robalo2014,fichamento_Robalo2014.md,c3_desfecho,54,OK,,0,the dependent variable is the fraction of times participated
Robalo2014,fichamento_Robalo2014.md,c3_desfecho,106,OK,,0,"participation is regressed on the treatment variables, participation costs and trust"
Robalo2014,fichamento_Robalo2014.md,c4_desenho_elegivel,23,OK,,0,By means of random assignment of subjects to treatment conditions
Robalo2014,fichamento_Robalo2014.md,c4_desenho_elegivel,95,OK,,0,The experimental sessions were run at the CREED laboratory
Robalo2014,fichamento_Robalo2014.md,c5_estudo_primario,23,OK,,0,All chapters use the data of laboratory experiments
Robalo2014,fichamento_Robalo2014.md,c6_nao_retratado,1,OK,,0,Understanding political behavior: Essays in experimental political economy
Robalo2014,fichamento_Robalo2014.md,outros_relatos_mesmo_estudo,33,OK,,0,is based on Robalo et al. (2013)
Robalo2014,fichamento_Robalo2014.md,outros_relatos_mesmo_estudo,133,OK,,0,is based on Robalo and Sayag (2014)
Robalo2014,fichamento_Robalo2014.md,fonte_dados_amostra,42,OK,,0,A total of 160 subjects (44% of which were female) participated
Robalo2014,fichamento_Robalo2014.md,fonte_dados_amostra,95,OK,,0,A total of 144 subjects participated in six
Robalo2014,fichamento_Robalo2014.md,fonte_dados_amostra,144,OK,,0,"participated in 8 sessions, recruited online from a subject pool of students"
Rodriguez2020,fichamento_Rodriguez2020.md,texto_confere,71,OK,,-70,¿Quién se expone a los sondeos preelectorales en campaña?
Rodriguez2020,fichamento_Rodriguez2020.md,texto_confere,71,OK,,-70,Voto estratégico y competencia electoral en España
Rodriguez2020,fichamento_Rodriguez2020.md,texto_confere,71,OK,,-70,"Ramírez, José M. (2020)"
Rodriguez2020,fichamento_Rodriguez2020.md,tipo_documento,74,OK,,-70,presentamos un artículo estructurado en cinco apartados
Rodriguez2020,fichamento_Rodriguez2020.md,tipo_documento,71,OK,,-70,Revista Española de Ciencia Política. Núm. 53. Julio 2020
Rodriguez2020,fichamento_Rodriguez2020.md,c1_populacao_contexto,77,OK,,-70,"encuestados que reconocen haber votado, descartando aquellos que decidieron abstenerse"
Rodriguez2020,fichamento_Rodriguez2020.md,c2_intervencao_estudada,77,OK,,-70,La variable utilizada como dependiente es la exposición a sondeos electorales
Rodriguez2020,fichamento_Rodriguez2020.md,c3_desfecho,94,OK,,-70,Variable dependiente = Exposición a sondeos preelectorales (0-1)
Rodriguez2020,fichamento_Rodriguez2020.md,c4_desenho_elegivel,81,OK,,-70,hemos realizado un modelo de regresión logística binaria
Rodriguez2020,fichamento_Rodriguez2020.md,c4_desenho_elegivel,77,OK,,-70,se realizan días después de la fecha de los comicios
Rodriguez2020,fichamento_Rodriguez2020.md,c5_estudo_primario,77,OK,,-70,hemos aportado los datos ofrecidos por el Centro de Investigaciones Sociológicas
Rodriguez2020,fichamento_Rodriguez2020.md,c6_nao_retratado,71,OK,,-70,¿Quién se expone a los sondeos preelectorales en campaña?
Rodriguez2020,fichamento_Rodriguez2020.md,fonte_dados_amostra,77,OK,,-70,encuestas postelectorales para las elecciones generales de 2011
Rodriguez2020,fichamento_Rodriguez2020.md,fonte_dados_amostra,94,OK,,-70,(4269)
Rodriguez2020,fichamento_Rodriguez2020.md,fonte_dados_amostra,94,OK,,-70,(4608)
Rodriguez2020,fichamento_Rodriguez2020.md,fonte_dados_amostra,94,OK,,-70,(4516)
Scheuerman2019,fichamento_Scheuerman2019.md,texto_confere,1,OK,,0,Heuristics in Multi-Winner Approval Voting
Scheuerman2019,fichamento_Scheuerman2019.md,tipo_documento,1,OK,,0,arXiv:1905.12104v2
Scheuerman2019,fichamento_Scheuerman2019.md,c1_populacao_contexto,7,OK,,0,129 undergraduate students completed the study
Scheuerman2019,fichamento_Scheuerman2019.md,c1_populacao_contexto,5,OK,,0,Each scenario includes a set of five candidates
Scheuerman2019,fichamento_Scheuerman2019.md,c2_intervencao_estudada,5,OK,,0,the total votes for each candidate so far
Scheuerman2019,fichamento_Scheuerman2019.md,c2_intervencao_estudada,8,OK,,0,"the vote totals provided, as is the case with pre-election polls"
Scheuerman2019,fichamento_Scheuerman2019.md,c3_desfecho,7,OK,,0,subjects could choose to vote truthfully
Scheuerman2019,fichamento_Scheuerman2019.md,c3_desfecho,8,OK,,0,the largest proportion of participants voting for Candidate E
Scheuerman2019,fichamento_Scheuerman2019.md,c4_desenho_elegivel,5,OK,,0,the design of two experiments aimed at studying the role
Scheuerman2019,fichamento_Scheuerman2019.md,c4_desenho_elegivel,7,OK,,0,The study was a 1 within (scenario) X 2 between
Scheuerman2019,fichamento_Scheuerman2019.md,c5_estudo_primario,1,OK,,0,through an experimental study and simulations
Scheuerman2019,fichamento_Scheuerman2019.md,c6_nao_retratado,1,OK,,0,Heuristics in Multi-Winner Approval Voting
Scheuerman2019,fichamento_Scheuerman2019.md,fonte_dados_amostra,7,OK,,0,129 undergraduate students completed the study
Scheuerman2019,fichamento_Scheuerman2019.md,fonte_dados_amostra,7,OK,,0,with 66 subjects in the 2-winner condition and 63
Scheuerman2020,fichamento_Scheuerman2020.md,texto_confere,1,OK,,0,Heuristic Strategies in Uncertain Approval Voting Environments
Scheuerman2020,fichamento_Scheuerman2020.md,tipo_documento,1,OK,,0,19th International Conference on Autonomous Agents and Multiagent Systems
Scheuerman2020,fichamento_Scheuerman2020.md,c1_populacao_contexto,6,OK,,0,participants were asked to vote in a series of unrelated hypothetical elections
Scheuerman2020,fichamento_Scheuerman2020.md,c1_populacao_contexto,6,OK,,0,104 participants were recruited through Mechanical Turk
Scheuerman2020,fichamento_Scheuerman2020.md,c2_intervencao_estudada,6,OK,,0,the number of votes cast for each candidate so far
Scheuerman2020,fichamento_Scheuerman2020.md,c2_intervencao_estudada,4,OK,,0,"We manipulate two environmental features, including the number of winners"
Scheuerman2020,fichamento_Scheuerman2020.md,c3_desfecho,6,OK,,0,subjects could vote for 0 or more (up to five)
Scheuerman2020,fichamento_Scheuerman2020.md,c3_desfecho,6,OK,,0,only 15.4% voted truthfully in the 1-winner election
Scheuerman2020,fichamento_Scheuerman2020.md,c4_desenho_elegivel,2,OK,,0,In a behavioral experiment of 104 subjects on Mechanical Turk
Scheuerman2020,fichamento_Scheuerman2020.md,c4_desenho_elegivel,6,OK,,0,randomly assigned to be part of a 2-winner
Scheuerman2020,fichamento_Scheuerman2020.md,c5_estudo_primario,6,OK,,0,The results of the behavioral experiment described above showed unique patterns
Scheuerman2020,fichamento_Scheuerman2020.md,c6_nao_retratado,1,OK,,0,Heuristic Strategies in Uncertain Approval Voting Environments
Scheuerman2020,fichamento_Scheuerman2020.md,outros_relatos_mesmo_estudo,1,OK,,0,A recent study of voting behavior in multi-winner approval elections showed
Scheuerman2020,fichamento_Scheuerman2020.md,outros_relatos_mesmo_estudo,9,OK,,0,Heuristics in Multi-Winner Approval Voting. CoRR abs/1905.12104
Scheuerman2020,fichamento_Scheuerman2020.md,fonte_dados_amostra,6,OK,,0,104 participants were recruited through Mechanical Turk
Scheuerman2020,fichamento_Scheuerman2020.md,fonte_dados_amostra,6,OK,,0,All participants voted in the single winner scenarios (n=104)
Scheuerman2021,fichamento_Scheuerman2021.md,texto_confere,1,OK,,0,Modeling Voters in Multi-Winner Approval Voting
Scheuerman2021,fichamento_Scheuerman2021.md,tipo_documento,1,OK,,0,arXiv:2012.02811v1 [cs.GT] 4 Dec 2020
Scheuerman2021,fichamento_Scheuerman2021.md,c1_populacao_contexto,6,OK,,0,included 104 participants recruited through Mechanical Turk
Scheuerman2021,fichamento_Scheuerman2021.md,c2_intervencao_estudada,1,OK,,0,"uncertainty that is represented, in our case, as missing ballots"
Scheuerman2021,fichamento_Scheuerman2021.md,c3_desfecho,6,OK,,0,Participants were asked to cast ballots in a voting game
Scheuerman2021,fichamento_Scheuerman2021.md,c4_desenho_elegivel,6,OK,,0,Participants were then randomly assigned to be part of a 2-winner
Scheuerman2021,fichamento_Scheuerman2021.md,c5_estudo_primario,6,OK,,0,Our behavioral study aimed at investigating approval voting heuristics
Scheuerman2021,fichamento_Scheuerman2021.md,c6_nao_retratado,1,OK,,0,Modeling Voters in Multi-Winner Approval Voting
Scheuerman2021,fichamento_Scheuerman2021.md,outros_relatos_mesmo_estudo,6,OK,,0,More information about this study can be found in the Technical Appendix.
Scheuerman2021,fichamento_Scheuerman2021.md,fonte_dados_amostra,6,OK,,0,All participants voted in the single winner scenarios (n=104)
Scheuerman2021,fichamento_Scheuerman2021.md,registro_financiamento,8,OK,,0,supported by NSF Award IIS-2007955
Schlegel2023,fichamento_Schlegel2023.md,texto_confere,1,OK,,1,When information is not enough for strategic voting
Schlegel2023,fichamento_Schlegel2023.md,tipo_documento,1,OK,,1,Electoral Studies 86 (2023) 102692
Schlegel2023,fichamento_Schlegel2023.md,tipo_documento,1,OK,,1,Notes on recent elections
Schlegel2023,fichamento_Schlegel2023.md,c1_populacao_contexto,3,OK,,1,Subjects participate in a mock election between three candidates
Schlegel2023,fichamento_Schlegel2023.md,c1_populacao_contexto,4,OK,,1,We present results from two quota samples of UK residents
Schlegel2023,fichamento_Schlegel2023.md,c2_intervencao_estudada,3,OK,,1,we present results from three separate polls
Schlegel2023,fichamento_Schlegel2023.md,c2_intervencao_estudada,4,OK,,1,between-poll variation makes it more evident that the expected vote
Schlegel2023,fichamento_Schlegel2023.md,c3_desfecho,3,OK,,1,participants are asked to cast their vote for one of the candidates
Schlegel2023,fichamento_Schlegel2023.md,c3_desfecho,4,OK,,1,the proportion of strategic votes ranges between 19% and 28%
Schlegel2023,fichamento_Schlegel2023.md,c4_desenho_elegivel,3,OK,,1,We randomly assign respondents to one of the eight conditions
Schlegel2023,fichamento_Schlegel2023.md,c5_estudo_primario,5,OK,,1,we leverage data from the 2015 British Election Study
Schlegel2023,fichamento_Schlegel2023.md,c6_nao_retratado,1,OK,,1,When information is not enough for strategic voting
Schlegel2023,fichamento_Schlegel2023.md,outros_relatos_mesmo_estudo,1,OK,,1,A previous versions of this manuscript was presented
Schlegel2023,fichamento_Schlegel2023.md,fonte_dados_amostra,4,OK,,1,a pilot study with 1000 respondents and a pre-registered main study
Schlegel2023,fichamento_Schlegel2023.md,registro_financiamento,3,OK,,1,is pre-registered and can be accessed here
Schuck2011a,fichamento_Schuck2011a.md,texto_confere,1,OK,,1,How conflict framing in campaign news mobilizes voters
Schuck2011a,fichamento_Schuck2011a.md,tipo_documento,1,OK,,1,Paper presented at the
Schuck2011a,fichamento_Schuck2011a.md,tipo_documento,1,OK,,1,ECPR General Conference
Schuck2011a,fichamento_Schuck2011a.md,c1_populacao_contexto,13,OK,,1,panel survey was carried out in 21 European Union member states
Schuck2011a,fichamento_Schuck2011a.md,c1_populacao_contexto,13,OK,,1,Respondents were interviewed about one month prior to the EP elections
Schuck2011a,fichamento_Schuck2011a.md,c2_intervencao_estudada,16,OK,,1,The core independent variable in this study is news exposure.
Schuck2011a,fichamento_Schuck2011a.md,c2_intervencao_estudada,13,OK,,1,A strategy frame was considered to be present when a given
Schuck2011a,fichamento_Schuck2011a.md,c3_desfecho,14,OK,,1,Our key dependent variable in the present study is turnout.
Schuck2011a,fichamento_Schuck2011a.md,c3_desfecho,15,OK,,1,Respondents were asked to indicate if they voted in the election
Schuck2011a,fichamento_Schuck2011a.md,c4_desenho_elegivel,2,OK,,1,with data from a two-wave panel survey conducted in 21 countries
Schuck2011a,fichamento_Schuck2011a.md,c4_desenho_elegivel,14,OK,,1,We controlled for turnout intention at time 1 and assessed
Schuck2011a,fichamento_Schuck2011a.md,c5_estudo_primario,2,OK,,1,study design we combine a media content analysis
Schuck2011a,fichamento_Schuck2011a.md,c5_estudo_primario,13,OK,,1,The data for this study come from the 2009 European Election Campaign
Schuck2011a,fichamento_Schuck2011a.md,c6_nao_retratado,1,OK,,1,How conflict framing in campaign news mobilizes voters
Schuck2011a,fichamento_Schuck2011a.md,outros_relatos_mesmo_estudo,12,OK,,1,see data documentation report in Schuck et al. 2010
Schuck2011a,fichamento_Schuck2011a.md,outros_relatos_mesmo_estudo,23,OK,,1,"Campaign Study, Scenario I: Data and Documentation"
Schuck2011a,fichamento_Schuck2011a.md,outros_relatos_mesmo_estudo,14,OK,,1,"For more information, see de Vreese et al.,"
Schuck2011a,fichamento_Schuck2011a.md,fonte_dados_amostra,12,OK,,1,"52,009 news stories have been coded in all 27 EU-member countries"
Schuck2011a,fichamento_Schuck2011a.md,fonte_dados_amostra,13,OK,,1,"A total of 32,411 respondents participated"
Schuck2011a,fichamento_Schuck2011a.md,fonte_dados_amostra,13,OK,,1,"and 22,806 respondents participated in wave two"
Schuck2011a,fichamento_Schuck2011a.md,fonte_dados_amostra,33,OK,,1,"N= 21,790"
Schuck2011a,fichamento_Schuck2011a.md,registro_financiamento,12,OK,,1,PIREDEU is funded by the European Union
Schuck2011a,fichamento_Schuck2011a.md,registro_financiamento,36,OK,,1,funded by the Dutch National Science Foundation (VICI grant)
Soroceanu2025a,fichamento_Soroceanu2025a.md,texto_confere,206,OK,,-205,OPINION POLLS DURING THE ELECTIONS
Soroceanu2025a,fichamento_Soroceanu2025a.md,texto_confere,206,OK,,-205,SOROCEANU Igor
Soroceanu2025a,fichamento_Soroceanu2025a.md,tipo_documento,206,OK,,-205,INTERNATIONAL SCIENTIFIC CONFERENCE
Soroceanu2025a,fichamento_Soroceanu2025a.md,c1_populacao_contexto,206,OK,,-205,Opinion polls give voters a clear picture of the current state
Soroceanu2025a,fichamento_Soroceanu2025a.md,c2_intervencao_estudada,206,OK,,-205,"By regularly publishing poll results, voters can observe"
Soroceanu2025a,fichamento_Soroceanu2025a.md,c3_desfecho,206,OK,,-205,unui candidat favorit (efectul bandwagon)
Soroceanu2025a,fichamento_Soroceanu2025a.md,c4_desenho_elegivel,207,OK,,-205,"metoda analizei, metoda sintezei"
Soroceanu2025a,fichamento_Soroceanu2025a.md,c5_estudo_primario,207,OK,,-205,Baza teoretico-juridică a demersului
Soroceanu2025a,fichamento_Soroceanu2025a.md,c6_nao_retratado,206,OK,,-205,OPINION POLLS DURING THE ELECTIONS
Soroceanu2025a,fichamento_Soroceanu2025a.md,fonte_dados_amostra,207,OK,,-205,Baza teoretico-juridică a demersului
Stoetzer2022,fichamento_Stoetzer2022.md,texto_confere,1,OK,,0,Learning from Polls During Electoral Campaigns
Stoetzer2022,fichamento_Stoetzer2022.md,tipo_documento,1,OK,,0,ORIGINAL PAPER
Stoetzer2022,fichamento_Stoetzer2022.md,c1_populacao_contexto,11,OK,,0,presents a hypothetical election environment where party A and party B
Stoetzer2022,fichamento_Stoetzer2022.md,c1_populacao_contexto,15,OK,,0,Our sample consists of 2000 respondents that we recruited via Amazon MTurk
Stoetzer2022,fichamento_Stoetzer2022.md,c2_intervencao_estudada,3,OK,,0,sequentially present respondents with three sets of changing polling results
Stoetzer2022,fichamento_Stoetzer2022.md,c2_intervencao_estudada,15,OK,,0,"we vary the source (MSNBC, Fox) and the candidate that is winning"
Stoetzer2022,fichamento_Stoetzer2022.md,c3_desfecho,11,OK,,0,based on which respondents can infer the winning chances of party A
Stoetzer2022,fichamento_Stoetzer2022.md,c3_desfecho,15,OK,,0,We again elicit beliefs about the vote share of the winning candidate
Stoetzer2022,fichamento_Stoetzer2022.md,c4_desenho_elegivel,10,OK,,0,we conduct two survey experiments to evaluate the Bayesian learning model
Stoetzer2022,fichamento_Stoetzer2022.md,c4_desenho_elegivel,12,OK,,0,Respondents are further randomized into two conditions
Stoetzer2022,fichamento_Stoetzer2022.md,c5_estudo_primario,13,OK,,0,We recruited 1388 respondents from the crowdsourcing platform Amazon
Stoetzer2022,fichamento_Stoetzer2022.md,c6_nao_retratado,1,OK,,0,Learning from Polls During Electoral Campaigns
Stoetzer2022,fichamento_Stoetzer2022.md,outros_relatos_mesmo_estudo,1,OK,,0,Earlier version was presented at the EPSA annual conference in Belfast 2019
Stoetzer2022,fichamento_Stoetzer2022.md,fonte_dados_amostra,13,OK,,0,We recruited 1388 respondents from the crowdsourcing platform Amazon
Stoetzer2022,fichamento_Stoetzer2022.md,fonte_dados_amostra,15,OK,,0,Our sample consists of 2000 respondents that we recruited via Amazon MTurk
Stoetzer2024,fichamento_Stoetzer2024.md,texto_confere,2,OK,,0,expectations in constituency
Stoetzer2024,fichamento_Stoetzer2024.md,texto_confere,2,OK,,0,elections without local polls
Stoetzer2024,fichamento_Stoetzer2024.md,tipo_documento,3,OK,,0,"In this research note, we evaluate whether voters can rely"
Stoetzer2024,fichamento_Stoetzer2024.md,tipo_documento,1,OK,,0,published version or Version of Record
Stoetzer2024,fichamento_Stoetzer2024.md,c1_populacao_contexto,6,OK,,0,we sampled at least 20 respondents
Stoetzer2024,fichamento_Stoetzer2024.md,c1_populacao_contexto,6,OK,,0,the sample contains 6448 respondents
Stoetzer2024,fichamento_Stoetzer2024.md,c2_intervencao_estudada,4,OK,,0,randomly displaying national election polls
Stoetzer2024,fichamento_Stoetzer2024.md,c2_intervencao_estudada,7,OK,,0,the most recent national poll about party support
Stoetzer2024,fichamento_Stoetzer2024.md,c3_desfecho,6,OK,,0,expected vote share of the candidates as a percentage
Stoetzer2024,fichamento_Stoetzer2024.md,c3_desfecho,8,OK,,0,the average expected and final vote share of constituency candidates
Stoetzer2024,fichamento_Stoetzer2024.md,c4_desenho_elegivel,3,OK,,0,The survey included a within subject pretest-posttest
Stoetzer2024,fichamento_Stoetzer2024.md,c4_desenho_elegivel,7,OK,,0,This creates three experimental groups
Stoetzer2024,fichamento_Stoetzer2024.md,c5_estudo_primario,5,OK,,0,The respondents in our survey were recruited from an online-access-panel provider
Stoetzer2024,fichamento_Stoetzer2024.md,c6_nao_retratado,2,OK,,0,elections without local polls
Stoetzer2024,fichamento_Stoetzer2024.md,outros_relatos_mesmo_estudo,6,OK,,0,"were pre-registered (Stoetzer, 2021)"
Stoetzer2024,fichamento_Stoetzer2024.md,outros_relatos_mesmo_estudo,15,OK,,0,Citizen forecasting of the German Federal Elections 2021
Stoetzer2024,fichamento_Stoetzer2024.md,fonte_dados_amostra,6,OK,,0,the sample contains 6448 respondents
Stoetzer2024,fichamento_Stoetzer2024.md,fonte_dados_amostra,6,OK,,0,The field time covered the last three weeks
Stoetzer2024,fichamento_Stoetzer2024.md,registro_financiamento,15,OK,,0,http://osf.io/4e96d
Stolwijk2016a,fichamento_Stolwijk2016a.md,texto_confere,554,OK,,-553,How Anxiety and Enthusiasm Help Explain the Bandwagon Effect
Stolwijk2016a,fichamento_Stolwijk2016a.md,tipo_documento,554,OK,,-553,International Journal of Public Opinion Research Vol. 29 No. 4 2017
Stolwijk2016a,fichamento_Stolwijk2016a.md,c1_populacao_contexto,554,OK,,-553,during the 2013 German Bundestag election campaign
Stolwijk2016a,fichamento_Stolwijk2016a.md,c1_populacao_contexto,561,OK,,-553,"yielding a net sample of 1,064 respondents"
Stolwijk2016a,fichamento_Stolwijk2016a.md,c2_intervencao_estudada,554,OK,,-553,It combines a media content analysis of poll reporting
Stolwijk2016a,fichamento_Stolwijk2016a.md,c2_intervencao_estudada,564,OK,,-553,To arrive at an individual-level per party poll exposure index
Stolwijk2016a,fichamento_Stolwijk2016a.md,c3_desfecho,562,OK,,-553,Respondents could indicate their vote choice on this form.
Stolwijk2016a,fichamento_Stolwijk2016a.md,c3_desfecho,566,OK,,-553,logistic regression analysis was performed predicting vote choice
Stolwijk2016a,fichamento_Stolwijk2016a.md,c4_desenho_elegivel,560,OK,,-553,These hypotheses are tested using a two-wave panel survey
Stolwijk2016a,fichamento_Stolwijk2016a.md,c4_desenho_elegivel,560,OK,,-553,measuring each respondent both at the start and end of the campaign
Stolwijk2016a,fichamento_Stolwijk2016a.md,c5_estudo_primario,561,OK,,-553,The panel survey was conducted by Infratest dimap (Berlin)
Stolwijk2016a,fichamento_Stolwijk2016a.md,c6_nao_retratado,554,OK,,-553,How Anxiety and Enthusiasm Help Explain the Bandwagon Effect
Stolwijk2016a,fichamento_Stolwijk2016a.md,fonte_dados_amostra,561,OK,,-553,"yielding a net sample of 1,064 respondents"
Stolwijk2016a,fichamento_Stolwijk2016a.md,fonte_dados_amostra,561,OK,,-553,The first wave was fielded on August 23
Stolwijk2016a,fichamento_Stolwijk2016a.md,fonte_dados_amostra,563,OK,,-553,starts August 21 and runs up to the date of the election
Stolwijk2016a,fichamento_Stolwijk2016a.md,registro_financiamento,560,OK,,-553,received a VENI grant from the Dutch Science Foundation (NWO)
Stolwijk2017a,fichamento_Stolwijk2017a.md,texto_confere,1,OK,,3,"Who is driving whom: The media, voters and the bandwagon"
Stolwijk2017a,fichamento_Stolwijk2017a.md,tipo_documento,3,OK,,3,ter verkrijging van de graad van doctor
Stolwijk2017a,fichamento_Stolwijk2017a.md,tipo_documento,20,OK,,3,This PhD thesis will apply these additions
Stolwijk2017a,fichamento_Stolwijk2017a.md,c1_populacao_contexto,88,OK,,3,two wave panel survey (N = 1064) during the 2013 German Bundestag
Stolwijk2017a,fichamento_Stolwijk2017a.md,c1_populacao_contexto,71,OK,,3,Data from a representative four wave panel survey among Dutch voters
Stolwijk2017a,fichamento_Stolwijk2017a.md,c2_intervencao_estudada,96,OK,,3,poll exposure scores in this study are calculated based on media use
Stolwijk2017a,fichamento_Stolwijk2017a.md,c2_intervencao_estudada,100,OK,,3,an individual-level per party poll exposure index
Stolwijk2017a,fichamento_Stolwijk2017a.md,c3_desfecho,102,OK,,3,logistic regression analysis was performed predicting vote choice
Stolwijk2017a,fichamento_Stolwijk2017a.md,c3_desfecho,74,OK,,3,Turnout was measured directly after the elections (wave 4)
Stolwijk2017a,fichamento_Stolwijk2017a.md,c4_desenho_elegivel,95,OK,,3,two-wave panel survey at the start and end of the 2013
Stolwijk2017a,fichamento_Stolwijk2017a.md,c4_desenho_elegivel,64,OK,,3,data from a four wave panel survey of young voters
Stolwijk2017a,fichamento_Stolwijk2017a.md,c5_estudo_primario,97,OK,,3,The panel survey was conducted by Infratest dimap (Berlin)
Stolwijk2017a,fichamento_Stolwijk2017a.md,c5_estudo_primario,72,OK,,3,The study uses the 2014 European Parliament Election campaign
Stolwijk2017a,fichamento_Stolwijk2017a.md,c6_nao_retratado,1,OK,,3,"Who is driving whom: The media, voters and the bandwagon"
Stolwijk2017a,fichamento_Stolwijk2017a.md,outros_relatos_mesmo_estudo,88,OK,,3,This chapter is published (online first) as:
Stolwijk2017a,fichamento_Stolwijk2017a.md,outros_relatos_mesmo_estudo,88,OK,,3,DOI: 10.1093/ijpor/edw018
Stolwijk2017a,fichamento_Stolwijk2017a.md,outros_relatos_mesmo_estudo,64,OK,,3,More Interest in Interest: Does Poll Coverage Help or Hurt
Stolwijk2017a,fichamento_Stolwijk2017a.md,outros_relatos_mesmo_estudo,32,OK,,3,"Stolwijk, S.B. and Schuck, A.R.T. (2015)."
Stolwijk2017a,fichamento_Stolwijk2017a.md,fonte_dados_amostra,97,OK,,3,yielding a net sample of 1064 respondents
Stolwijk2017a,fichamento_Stolwijk2017a.md,fonte_dados_amostra,99,OK,,3,The content analysis (N = 2772) includes all campaign related text
Stolwijk2017a,fichamento_Stolwijk2017a.md,fonte_dados_amostra,64,OK,,3,panel survey of young voters (N = 747)
Stolwijk2017a,fichamento_Stolwijk2017a.md,fonte_dados_amostra,32,OK,,3,manual content analysis (N = 3755)
Stolwijk2017a,fichamento_Stolwijk2017a.md,registro_financiamento,96,OK,,3,Andreas Schuck received a VENI grant from the Dutch Science Foundation (NWO)
Stolwijk2019b,fichamento_Stolwijk2019b.md,texto_confere,341,OK,,-339,More interest in interest: Does poll coverage help
Stolwijk2019b,fichamento_Stolwijk2019b.md,texto_confere,341,OK,,-339,Sjoerd B Stolwijk
Stolwijk2019b,fichamento_Stolwijk2019b.md,tipo_documento,341,OK,,-339,Article
Stolwijk2019b,fichamento_Stolwijk2019b.md,c1_populacao_contexto,343,OK,,-339,representative four-wave panel survey among young Dutch voters
Stolwijk2019b,fichamento_Stolwijk2019b.md,c2_intervencao_estudada,350,OK,,-339,whether or not opinion poll results were seen in the last four weeks
Stolwijk2019b,fichamento_Stolwijk2019b.md,c3_desfecho,349,OK,,-339,Turnout was measured directly after the elections (wave 4)
Stolwijk2019b,fichamento_Stolwijk2019b.md,c4_desenho_elegivel,348,OK,,-339,A four-wave panel survey was carried out in the Netherlands
Stolwijk2019b,fichamento_Stolwijk2019b.md,c4_desenho_elegivel,349,OK,,-339,report results using a CBPS
Stolwijk2019b,fichamento_Stolwijk2019b.md,c5_estudo_primario,348,OK,,-339,The study uses the 2014 European Parliament Election campaign study data
Stolwijk2019b,fichamento_Stolwijk2019b.md,c6_nao_retratado,341,OK,,-339,More interest in interest
Stolwijk2019b,fichamento_Stolwijk2019b.md,outros_relatos_mesmo_estudo,356,OK,,-339,earlier version of this article was presented at the 2016 Annual Conference
Stolwijk2019b,fichamento_Stolwijk2019b.md,outros_relatos_mesmo_estudo,358,OK,,-339,2014 European Parliament Election Campaign Study: Data and Documentation
Stolwijk2019b,fichamento_Stolwijk2019b.md,outros_relatos_mesmo_estudo,355,OK,,-339,The survey used in this paper was part of a larger project
Stolwijk2019b,fichamento_Stolwijk2019b.md,fonte_dados_amostra,348,OK,,-339,Fieldwork dates were 13 December 2013 to 19 January 2014
Stolwijk2019b,fichamento_Stolwijk2019b.md,fonte_dados_amostra,348,OK,,-339,A total of 1433 respondents participated in wave 1
Stolwijk2019b,fichamento_Stolwijk2019b.md,fonte_dados_amostra,348,OK,,-339,"836 participated in wave 3, and 747 in wave 5"
Stolwijk2019b,fichamento_Stolwijk2019b.md,registro_financiamento,356,OK,,-339,Dutch Science Foundation (NWO; grant number 022.003.037)
Straeten2010,fichamento_Straeten2010.md,texto_confere,1,OK,,0,"Strategic, Sincere and Heuristic Voting under"
Straeten2010,fichamento_Straeten2010.md,tipo_documento,1,OK,,0,"July 23, 2009"
Straeten2010,fichamento_Straeten2010.md,c1_populacao_contexto,1,OK,,0,We report on laboratory experiments on voting
Straeten2010,fichamento_Straeten2010.md,c1_populacao_contexto,6,OK,,0,with a total of 734 participants
Straeten2010,fichamento_Straeten2010.md,c2_intervencao_estudada,6,OK,,0,treatment is to vary the electoral system
Straeten2010,fichamento_Straeten2010.md,c3_desfecho,15,OK,,0,vote choice in one-round plurality elections
Straeten2010,fichamento_Straeten2010.md,c4_desenho_elegivel,5,OK,,0,Each subject is randomly assigned a position on this axis
Straeten2010,fichamento_Straeten2010.md,c5_estudo_primario,6,OK,,0,"We performed 23 such sessions in Lille, France"
Straeten2010,fichamento_Straeten2010.md,c6_nao_retratado,1,OK,,0,Four Election Rules: An Experimental Study
Straeten2010,fichamento_Straeten2010.md,outros_relatos_mesmo_estudo,7,OK,,0,"of those aggregate results, see Blais & al. (2007, 2008)"
Straeten2010,fichamento_Straeten2010.md,fonte_dados_amostra,6,OK,,0,with a total of 734 participants
Svolik2021,fichamento_Svolik2021.md,texto_confere,647,OK,,-646,VOTING AGAINST AUTOCRACY
Svolik2021,fichamento_Svolik2021.md,texto_confere,647,OK,,-646,"World Politics 75, no. 4 (October 2023) 647"
Svolik2021,fichamento_Svolik2021.md,tipo_documento,647,OK,,-646,"World Politics 75, no. 4 (October 2023) 647"
Svolik2021,fichamento_Svolik2021.md,tipo_documento,648,OK,,-646,"In this article, I combine quantitative and qualitative evidence"
Svolik2021,fichamento_Svolik2021.md,c1_populacao_contexto,670,OK,,-646,"she would vote for candidate 1, candidate 2, or abstain"
Svolik2021,fichamento_Svolik2021.md,c1_populacao_contexto,680,OK,,-646,almost 11 million voters faced the same set of major candidates
Svolik2021,fichamento_Svolik2021.md,c2_intervencao_estudada,669,OK,,-646,randomly assigned to endorse a measure that violates democratic principles
Svolik2021,fichamento_Svolik2021.md,c3_desfecho,658,OK,,-646,"shifts in the vote for the AKP, for the CHP, and abstention"
Svolik2021,fichamento_Svolik2021.md,c3_desfecho,648,OK,,-646,disengagement relate to shifts in turnout rather than to vote choice
Svolik2021,fichamento_Svolik2021.md,c4_desenho_elegivel,668,OK,,-646,candidate-choice experiments prior to the 2018 general election
Svolik2021,fichamento_Svolik2021.md,c4_desenho_elegivel,649,OK,,-646,the 2019 Istanbul mayoral race approximates a natural experiment
Svolik2021,fichamento_Svolik2021.md,c5_estudo_primario,659,OK,,-646,is based on 956 regular neighborhoods
Svolik2021,fichamento_Svolik2021.md,c5_estudo_primario,664,OK,,-646,"yielding a sample of 6,247 respondents"
Svolik2021,fichamento_Svolik2021.md,c6_nao_retratado,647,OK,,-646,VOTING AGAINST AUTOCRACY
Svolik2021,fichamento_Svolik2021.md,outros_relatos_mesmo_estudo,687,OK,,-646,Supplementary material for this article can be found at
Svolik2021,fichamento_Svolik2021.md,outros_relatos_mesmo_estudo,663,OK,,-646,See the supplementary material for a formal proof.
Svolik2021,fichamento_Svolik2021.md,fonte_dados_amostra,683,OK,,-646,"The 2019 Istanbul mayoral election took place in 31,186 ballot boxes"
Svolik2021,fichamento_Svolik2021.md,fonte_dados_amostra,664,OK,,-646,"yielding a sample of 6,247 respondents"
Svolik2021,fichamento_Svolik2021.md,registro_financiamento,691,OK,,-646,the National Science Foundation (award no. 1851524)
Tal2015a,fichamento_Tal2015a.md,texto_confere,665,OK,,-664,A Study of Human Behavior in Online Voting
Tal2015a,fichamento_Tal2015a.md,texto_confere,665,OK,,-664,Maor Tal
Tal2015a,fichamento_Tal2015a.md,tipo_documento,665,OK,,-664,Conference on Autonomous Agents and Multiagent Systems (AAMAS 2015)
Tal2015a,fichamento_Tal2015a.md,c1_populacao_contexto,665,OK,,-664,a voting game in which participants vote for a single candidate
Tal2015a,fichamento_Tal2015a.md,c1_populacao_contexto,669,OK,,-664,recruited using Amazon mechanical Turk (all from the U.S.)
Tal2015a,fichamento_Tal2015a.md,c2_intervencao_estudada,667,OK,,-664,the participant observes a pre-election poll prior to casting her vote
Tal2015a,fichamento_Tal2015a.md,c2_intervencao_estudada,668,OK,,-664,that were manipulated throughout the study
Tal2015a,fichamento_Tal2015a.md,c3_desfecho,666,OK,,-664,record her voting behavior under conditions that vary the information
Tal2015a,fichamento_Tal2015a.md,c3_desfecho,670,OK,,-664,when it coincided with the leader of the poll (92%)
Tal2015a,fichamento_Tal2015a.md,c4_desenho_elegivel,667,OK,,-664,Our methodology consisted of behavioral experiments
Tal2015a,fichamento_Tal2015a.md,c4_desenho_elegivel,669,OK,,-664,Each game sampled a random poll
Tal2015a,fichamento_Tal2015a.md,c4_desenho_elegivel,669,OK,,-664,the subject was assigned a random preference order
Tal2015a,fichamento_Tal2015a.md,c5_estudo_primario,666,OK,,-664,over 300 human subjects played over 2500 game instances
Tal2015a,fichamento_Tal2015a.md,c6_nao_retratado,665,OK,,-664,A Study of Human Behavior in Online Voting
Tal2015a,fichamento_Tal2015a.md,fonte_dados_amostra,669,OK,,-664,recruited using Amazon mechanical Turk (all from the U.S.)
Tal2015a,fichamento_Tal2015a.md,fonte_dados_amostra,666,OK,,-664,over 300 human subjects played over 2500 game instances
Tal2015a,fichamento_Tal2015a.md,fonte_dados_amostra,668,OK,,-664,"which ranged over 103, 1,009 and 10,007"
Tal2015a,fichamento_Tal2015a.md,fonte_dados_amostra,668,OK,,-664,"We chose voter group sizes of 3, 5, and 7 voters"
Tal2015a,fichamento_Tal2015a.md,registro_financiamento,672,OK,,-664,supported in part by EU grant no.
Tal2015a,fichamento_Tal2015a.md,registro_financiamento,672,OK,,-664,ICT-2011-9 #600854 and by Israeli Science Foundation (ISF)
Tal2015a,fichamento_Tal2015a.md,registro_financiamento,672,OK,,-664,grant no. 1276/12
Timotei2013a,fichamento_Timotei2013a.md,texto_confere,1835,OK,,-1834,HOW MUCH CAN WE TRUST PUBLIC OPINION POLLS?
Timotei2013a,fichamento_Timotei2013a.md,tipo_documento,1843,OK,,-1834,This paper is supported by the Sectoral Operation Programme
Timotei2013a,fichamento_Timotei2013a.md,c1_populacao_contexto,1842,OK,,-1834,We assume that are only two candidates left.
Timotei2013a,fichamento_Timotei2013a.md,c1_populacao_contexto,1840,OK,,-1834,undergraduate students from Transilvania University of Brasov
Timotei2013a,fichamento_Timotei2013a.md,c2_intervencao_estudada,1842,OK,,-1834,information about the expected winner supposedly from a recent national opinion poll
Timotei2013a,fichamento_Timotei2013a.md,c3_desfecho,1842,OK,,-1834,40% would be in favour of candidate A
Timotei2013a,fichamento_Timotei2013a.md,c3_desfecho,1843,OK,,-1834,the way people will vote with a percentage from 3% to 6%
Timotei2013a,fichamento_Timotei2013a.md,c4_desenho_elegivel,1842,OK,,-1834,Two groups (40 people) were the control groups.
Timotei2013a,fichamento_Timotei2013a.md,c4_desenho_elegivel,1842,OK,,-1834,Two groups got the information that candidate A is the expected winner
Timotei2013a,fichamento_Timotei2013a.md,c5_estudo_primario,1840,OK,,-1834,"participants in this study is 120, 70 male and 50 female"
Timotei2013a,fichamento_Timotei2013a.md,c6_nao_retratado,1835,OK,,-1834,HOW MUCH CAN WE TRUST PUBLIC OPINION POLLS?
Timotei2013a,fichamento_Timotei2013a.md,fonte_dados_amostra,1842,OK,,-1834,"is 120, 70 male and 50 female"
Timotei2013a,fichamento_Timotei2013a.md,fonte_dados_amostra,1842,OK,,-1834,two weeks from February 2013
Timotei2013a,fichamento_Timotei2013a.md,registro_financiamento,1843,OK,,-1834,"Development (SOP HRD), ID76945"
Tyszler2013,fichamento_Tyszler2013.md,texto_confere,624,OK,,-623,Strategic Voting in Heterogeneous Electorates
Tyszler2013,fichamento_Tyszler2013.md,tipo_documento,624,OK,,-623,Received: 23 August 2013; in revised form: 17 October 2013
Tyszler2013,fichamento_Tyszler2013.md,c1_populacao_contexto,633,OK,,-623,The electorate is fixed during a session and consists of 12 voters
Tyszler2013,fichamento_Tyszler2013.md,c2_intervencao_estudada,633,OK,,-623,We vary information across treatments in a between-subject design
Tyszler2013,fichamento_Tyszler2013.md,c3_desfecho,634,OK,,-623,the probability that the candidate with the largest sincere support wins
Tyszler2013,fichamento_Tyszler2013.md,c4_desenho_elegivel,634,OK,,-623,Ten sessions were run at the CREED laboratory
Tyszler2013,fichamento_Tyszler2013.md,c5_estudo_primario,624,OK,,-623,with data collected in a laboratory experiment
Tyszler2013,fichamento_Tyszler2013.md,c6_nao_retratado,624,OK,,-623,Strategic Voting in Heterogeneous Electorates
Tyszler2013,fichamento_Tyszler2013.md,outros_relatos_mesmo_estudo,625,OK,,-623,In a previous companion study ([7]; henceforth TS11)
Tyszler2013,fichamento_Tyszler2013.md,fonte_dados_amostra,634,OK,,-623,laboratory at the University of Amsterdam in June 2009. 204 subjects
Tyszler2015,fichamento_Tyszler2015.md,texto_confere,0,OK,,1,Information and Strategic Voting
Tyszler2015,fichamento_Tyszler2015.md,tipo_documento,0,OK,,1,comments on an earlier draft of this manuscript
Tyszler2015,fichamento_Tyszler2015.md,c1_populacao_contexto,13,OK,,1,288 student subjects participated in 24 independent electorates
Tyszler2015,fichamento_Tyszler2015.md,c2_intervencao_estudada,6,OK,,1,possible publication of (noiseless) pre-election polls
Tyszler2015,fichamento_Tyszler2015.md,c2_intervencao_estudada,3,OK,,1,situation in which an opinion poll truthfully reveals
Tyszler2015,fichamento_Tyszler2015.md,c3_desfecho,14,OK,,1,"required to cast one vote for A, B or C"
Tyszler2015,fichamento_Tyszler2015.md,c3_desfecho,15,OK,,1,table 2 shows for each treatment the distribution of votes
Tyszler2015,fichamento_Tyszler2015.md,c4_desenho_elegivel,13,OK,,1,design therefore requires four treatments
Tyszler2015,fichamento_Tyszler2015.md,c4_desenho_elegivel,13,OK,,1,which are assigned with equal probability to each subject
Tyszler2015,fichamento_Tyszler2015.md,c5_estudo_primario,3,OK,,1,We use laboratory experiments for our empirical analysis of strategic voting.
Tyszler2015,fichamento_Tyszler2015.md,c6_nao_retratado,0,OK,,1,Information and Strategic Voting
Tyszler2015,fichamento_Tyszler2015.md,outros_relatos_mesmo_estudo,5,OK,,1,Our results are robust to heterogeneity in
Tyszler2015,fichamento_Tyszler2015.md,fonte_dados_amostra,13,OK,,1,sessions were run at the CREED laboratory at the University of Amsterdam
Tyszler2015,fichamento_Tyszler2015.md,fonte_dados_amostra,14,OK,,1,"pilot sessions were run at Fundação Getúlio Vargas, São Paulo, Brazil"
Unkelbach2022a,fichamento_Unkelbach2022a.md,texto_confere,51,OK,,-50,Jumping on the Bandwagon
Unkelbach2022a,fichamento_Unkelbach2022a.md,texto_confere,51,OK,,-50,Poll Effects in the Context of the 2021 German Federal Election
Unkelbach2022a,fichamento_Unkelbach2022a.md,tipo_documento,51,OK,,-50,Accepted: 4 July 2022
Unkelbach2022a,fichamento_Unkelbach2022a.md,c1_populacao_contexto,58,OK,,-50,were eligible to vote in the federal election of 2021
Unkelbach2022a,fichamento_Unkelbach2022a.md,c2_intervencao_estudada,59,OK,,-50,we combined the RCS data with results of published preelection polls
Unkelbach2022a,fichamento_Unkelbach2022a.md,c3_desfecho,64,OK,,-50,"The outcome, voting intention, was operationalized through a dummy variable"
Unkelbach2022a,fichamento_Unkelbach2022a.md,c4_desenho_elegivel,59,OK,,-50,a lag of 1 day was chosen
Unkelbach2022a,fichamento_Unkelbach2022a.md,c4_desenho_elegivel,59,OK,,-50,One could argue that our study design only allows examination of correlations
Unkelbach2022a,fichamento_Unkelbach2022a.md,c4_desenho_elegivel,63,OK,,-50,we used multilevel logistic regressions
Unkelbach2022a,fichamento_Unkelbach2022a.md,c5_estudo_primario,58,OK,,-50,"The RCS is a large-scale, cross-sectional survey based on phone interviews"
Unkelbach2022a,fichamento_Unkelbach2022a.md,c5_estudo_primario,67,OK,,-50,the analysis dataset consisted of 5291 respondents
Unkelbach2022a,fichamento_Unkelbach2022a.md,c6_nao_retratado,51,OK,,-50,Jumping on the Bandwagon
Unkelbach2022a,fichamento_Unkelbach2022a.md,fonte_dados_amostra,59,OK,,-50,"between August 2, 2021, and September 25, 2021"
Unkelbach2022a,fichamento_Unkelbach2022a.md,fonte_dados_amostra,59,OK,,-50,This resulted in a total sample size of 7068 respondents
Unkelbach2022a,fichamento_Unkelbach2022a.md,fonte_dados_amostra,67,OK,,-50,the analysis dataset consisted of 5291 respondents
Unkelbach2022a,fichamento_Unkelbach2022a.md,registro_financiamento,58,OK,,-50,The preregistration can be accessed on osf.io
Unkelbach2022a,fichamento_Unkelbach2022a.md,registro_financiamento,75,OK,,-50,Open Access funding enabled and organized by Projekt DEAL
Urminsky2019,fichamento_Urminsky2019.md,texto_confere,1,OK,,0,High Chances and Close
Urminsky2019,fichamento_Urminsky2019.md,tipo_documento,1,OK,,0,Current Draft: 2/13/2020
Urminsky2019,fichamento_Urminsky2019.md,c1_populacao_contexto,11,OK,,0,presenting voting-age participants with either a chance forecast
Urminsky2019,fichamento_Urminsky2019.md,c2_intervencao_estudada,12,OK,,0,participants saw the probability of each candidate winning
Urminsky2019,fichamento_Urminsky2019.md,c2_intervencao_estudada,12,OK,,0,based on the same aggregated polling data
Urminsky2019,fichamento_Urminsky2019.md,c3_desfecho,49,OK,,0,difference in the self-reported likelihood of voting
Urminsky2019,fichamento_Urminsky2019.md,c4_desenho_elegivel,12,OK,,0,Participants in each wave were randomly assigned to one of two conditions.
Urminsky2019,fichamento_Urminsky2019.md,c5_estudo_primario,7,OK,,0,We report six studies in this article
Urminsky2019,fichamento_Urminsky2019.md,c6_nao_retratado,1,OK,,0,High Chances and Close
Urminsky2019,fichamento_Urminsky2019.md,fonte_dados_amostra,12,OK,,0,We collected data in six waves between August and November 2016
Urminsky2019,fichamento_Urminsky2019.md,registro_financiamento,21,OK,,0,In the pre-registered Study 4 (AsPredicted #8906
Valdez2013,fichamento_Valdez2013.md,texto_confere,1,OK,,1,"Efectos, errores y regulación de las encuestas preelectorales"
Valdez2013,fichamento_Valdez2013.md,tipo_documento,1,OK,,1,En este artículo se muestra que los sondeos de opinión
Valdez2013,fichamento_Valdez2013.md,c1_populacao_contexto,1,OK,,1,La elección presidencial mexicana de 2012 abrió un debate
Valdez2013,fichamento_Valdez2013.md,c1_populacao_contexto,4,OK,,1,eligen a un partido político o candidato el día de la elección
Valdez2013,fichamento_Valdez2013.md,c2_intervencao_estudada,3,OK,,1,la primera parte del artículo cuestiona si las encuestas en verdad
Valdez2013,fichamento_Valdez2013.md,c2_intervencao_estudada,4,OK,,1,"Los insumos para contestar esta pregunta provienen, en su mayor parte"
Valdez2013,fichamento_Valdez2013.md,c3_desfecho,7,OK,,1,cómo decide el votante por quién votar el día de la elección
Valdez2013,fichamento_Valdez2013.md,c4_desenho_elegivel,4,OK,,1,"Los insumos para contestar esta pregunta provienen, en su mayor parte"
Valdez2013,fichamento_Valdez2013.md,c4_desenho_elegivel,23,OK,,1,el recorrido realizado por este artículo a través de la investigación
Valdez2013,fichamento_Valdez2013.md,c5_estudo_primario,23,OK,,1,el recorrido realizado por este artículo a través de la investigación
Valdez2013,fichamento_Valdez2013.md,c6_nao_retratado,1,OK,,1,"Efectos, errores y regulación de las encuestas preelectorales"
Valdez2013,fichamento_Valdez2013.md,fonte_dados_amostra,21,OK,,1,se emitió el acuerdo CG411/2011 del Consejo General del Instituto Federal Electoral
Velden2017a,fichamento_Velden2017a.md,c1_populacao_contexto,27,OK,,17,press releases issued by 15 Dutch national political parties
Velden2017a,fichamento_Velden2017a.md,c2_intervencao_estudada,32,OK,,17,the polled seat share average over a quarter of a year
Velden2017a,fichamento_Velden2017a.md,c3_desfecho,24,OK,,17,"We construct a dependent variable, labeled party platform change"
Velden2017a,fichamento_Velden2017a.md,c4_desenho_elegivel,33,OK,,17,we use panel corrected standard errors (PCSE)
Velden2017a,fichamento_Velden2017a.md,c5_estudo_primario,24,OK,,17,"We created a new dataset of 21,773 press releases from 15 political parties"
Velden2017a,fichamento_Velden2017a.md,outros_relatos_mesmo_estudo,23,OK,,17,is currently forthcoming at Political Communication
Velden2017a,fichamento_Velden2017a.md,outros_relatos_mesmo_estudo,67,OK,,17,recent paper (Chapter 4 of this thesis)
Velden2017a,fichamento_Velden2017a.md,fonte_dados_amostra,42,OK,,17,"issue distance for 3,766 dyads of parties in 11 countries"
Verdun2025a,fichamento_Verdun2025a.md,texto_confere,415,OK,,-413,The Netherlands
Verdun2025a,fichamento_Verdun2025a.md,texto_confere,415,OK,,-413,Amy Verdun and Joop van Holsteyn
Verdun2025a,fichamento_Verdun2025a.md,tipo_documento,415,OK,,-413,Palgrave Handbook on the 2024 European Parliament
Verdun2025a,fichamento_Verdun2025a.md,c1_populacao_contexto,418,OK,,-413,The tenth EP elections were held in the Netherlands on Thursday 6 June
Verdun2025a,fichamento_Verdun2025a.md,c2_intervencao_estudada,420,OK,,-413,"the (exit) polls, which predicted success for the far-right PVV"
Verdun2025a,fichamento_Verdun2025a.md,c2_intervencao_estudada,420,OK,,-413,but not as well as polls had predicted
Verdun2025a,fichamento_Verdun2025a.md,c3_desfecho,420,OK,,-413,46% of the electorate voted (compared to 42% in 2019)
Verdun2025a,fichamento_Verdun2025a.md,c3_desfecho,420,OK,,-413,The outcome showed a good result (eight seats) for the joint list
Verdun2025a,fichamento_Verdun2025a.md,c4_desenho_elegivel,418,OK,,-413,How can we make more sense of the 2024 EP elections
Verdun2025a,fichamento_Verdun2025a.md,c5_estudo_primario,418,OK,,-413,the next section reviews the electoral rules in the Netherlands
Verdun2025a,fichamento_Verdun2025a.md,c6_nao_retratado,415,OK,,-413,The Netherlands
Verdun2025a,fichamento_Verdun2025a.md,fonte_dados_amostra,418,OK,,-413,the Netherlands now had 31 seats
Verdun2025a,fichamento_Verdun2025a.md,fonte_dados_amostra,421,OK,,-413,Turnout in the EP elections (Netherlands) per year
Verthe2017,fichamento_Verthe2017.md,texto_confere,389,OK,,-388,Making votes count in parliament or government?
Verthe2017,fichamento_Verthe2017.md,tipo_documento,389,OK,,-388,"JOURNAL OF ELECTIONS, PUBLIC OPINION AND PARTIES, 2017"
Verthe2017,fichamento_Verthe2017.md,tipo_documento,389,OK,,-388,https://doi.org/10.1080/17457289.2017.1350861
Verthe2017,fichamento_Verthe2017.md,c1_populacao_contexto,394,OK,,-388,we focus on the case of the 2014 federal election in Belgium
Verthe2017,fichamento_Verthe2017.md,c1_populacao_contexto,395,OK,,-388,sampled between 500 and 1000 respondents in each of the two regions
Verthe2017,fichamento_Verthe2017.md,c2_intervencao_estudada,396,OK,,-388,"government viability, district viability and party preference"
Verthe2017,fichamento_Verthe2017.md,c2_intervencao_estudada,397,OK,,-388,on the basis of the polls released during the campaign
Verthe2017,fichamento_Verthe2017.md,c3_desfecho,398,OK,,-388,vote intention being the dependent variable
Verthe2017,fichamento_Verthe2017.md,c4_desenho_elegivel,395,OK,,-388,pre-election surveys (conducted in the weeks preceding Election Day)
Verthe2017,fichamento_Verthe2017.md,c4_desenho_elegivel,398,OK,,-388,we estimate conditional logit models with
Verthe2017,fichamento_Verthe2017.md,c5_estudo_primario,389,OK,,-388,We validate this theoretical claim using two
Verthe2017,fichamento_Verthe2017.md,c6_nao_retratado,389,OK,,-388,Making votes count in parliament or government?
Verthe2017,fichamento_Verthe2017.md,fonte_dados_amostra,395,OK,,-388,sampled between 500 and 1000 respondents in each of the two regions
Verthe2017,fichamento_Verthe2017.md,fonte_dados_amostra,396,OK,,-388,The second one (Making Electoral Democracy Work) is an
Westwood2020a,fichamento_Westwood2020a.md,texto_confere,1,OK,,0,Projecting Confidence: How the Probabilistic Horse Race Confuses and Demobilizes the Public
Westwood2020a,fichamento_Westwood2020a.md,tipo_documento,1,OK,,0,"The Journal of Politics, volume 82, number 4"
Westwood2020a,fichamento_Westwood2020a.md,c1_populacao_contexto,6,OK,,0,Participants in our study saw a hypothetical US Senate race
Westwood2020a,fichamento_Westwood2020a.md,c1_populacao_contexto,10,OK,,0,drawn from a national online nonprobability survey panel
Westwood2020a,fichamento_Westwood2020a.md,c2_intervencao_estudada,6,OK,,0,The actual projection was randomly assigned
Westwood2020a,fichamento_Westwood2020a.md,c2_intervencao_estudada,10,OK,,0,Participants were then shown the results ostensibly calculated from this poll
Westwood2020a,fichamento_Westwood2020a.md,c3_desfecho,10,OK,,0,Decision to vote ($1 cost) or not vote (no cost).
Westwood2020a,fichamento_Westwood2020a.md,c3_desfecho,8,OK,,0,"Finally, we turn to self-reported intent to vote."
Westwood2020a,fichamento_Westwood2020a.md,c4_desenho_elegivel,1,OK,,0,We use experiments to show that forecasting increases certainty
Westwood2020a,fichamento_Westwood2020a.md,c4_desenho_elegivel,5,OK,,0,We rely on a dose-response experimental design
Westwood2020a,fichamento_Westwood2020a.md,c5_estudo_primario,10,OK,,0,"Our data come from 1,171 respondents (5,845 trials)"
Westwood2020a,fichamento_Westwood2020a.md,c6_nao_retratado,1,OK,,0,Projecting Confidence: How the Probabilistic Horse Race Confuses and Demobilizes the Public
Westwood2020a,fichamento_Westwood2020a.md,fonte_dados_amostra,5,OK,,0,"4,151 respondents from wave 25 of Pew Research Center"
Westwood2020a,fichamento_Westwood2020a.md,fonte_dados_amostra,10,OK,,0,"Our data come from 1,171 respondents (5,845 trials)"
Witsman2016a,fichamento_Witsman2016a.md,c1_populacao_contexto,20,OK,,6,18 years of age and eligible to vote in the United States
Witsman2016a,fichamento_Witsman2016a.md,c1_populacao_contexto,23,OK,,6,they were told they favor the Independent candidate
Witsman2016a,fichamento_Witsman2016a.md,c2_intervencao_estudada,23,OK,,6,"have the independent candidate polling at 5%, 15%, 25%, 35%, and 45%"
Witsman2016a,fichamento_Witsman2016a.md,c2_intervencao_estudada,23,OK,,6,assigned at random to the participant from a set of 15 options
Witsman2016a,fichamento_Witsman2016a.md,c3_desfecho,24,OK,,6,which candidate they would likely vote for given the information provided
Witsman2016a,fichamento_Witsman2016a.md,c4_desenho_elegivel,23,OK,,6,randomly assigned versions of the question
Witsman2016a,fichamento_Witsman2016a.md,c4_desenho_elegivel,26,OK,,6,the experimental methods of the scenarios previously described
Witsman2016a,fichamento_Witsman2016a.md,c5_estudo_primario,20,OK,,6,"444 people started the survey, however only 377 surveys were completed"
Witsman2016a,fichamento_Witsman2016a.md,fonte_dados_amostra,20,OK,,6,Email invitations were sent between November 2015 and January 2016
Witsman2016a,fichamento_Witsman2016a.md,fonte_dados_amostra,20,OK,,6,"444 people started the survey, however only 377 surveys were completed"
Yang2023d,fichamento_Yang2023d.md,texto_confere,1,OK,,0,Swaying the Public? Impacts of Election Forecast Visualizations
Yang2023d,fichamento_Yang2023d.md,tipo_documento,1,OK,,0,Our preprint and supplements are available at
Yang2023d,fichamento_Yang2023d.md,c1_populacao_contexto,1,OK,,0,"involving 1,327 participants from 15 states"
Yang2023d,fichamento_Yang2023d.md,c1_populacao_contexto,6,OK,,0,reported that they registered to vote
Yang2023d,fichamento_Yang2023d.md,c2_intervencao_estudada,1,OK,,0,deployed four uncertainty visualizations for the election forecasts
Yang2023d,fichamento_Yang2023d.md,c2_intervencao_estudada,3,OK,,0,We use the polls collected and maintained by FiveThirtyEight
Yang2023d,fichamento_Yang2023d.md,c3_desfecho,5,OK,,0,We evaluate two costly activities: voting and campaign contributions
Yang2023d,fichamento_Yang2023d.md,c3_desfecho,5,OK,,0,does this forecast make you more or less likely to vote
Yang2023d,fichamento_Yang2023d.md,c4_desenho_elegivel,5,OK,,0,We use a three-wave panel design and invite participants
Yang2023d,fichamento_Yang2023d.md,c4_desenho_elegivel,4,OK,,0,The visualization is randomly assigned on the
Yang2023d,fichamento_Yang2023d.md,c5_estudo_primario,1,OK,,0,We conducted a longitudinal study during the 2022 U.S. midterm elections
Yang2023d,fichamento_Yang2023d.md,c6_nao_retratado,1,OK,,0,Swaying the Public? Impacts of Election Forecast Visualizations
Yang2023d,fichamento_Yang2023d.md,outros_relatos_mesmo_estudo,1,OK,,0,Our preprint and supplements are available at
Yang2023d,fichamento_Yang2023d.md,outros_relatos_mesmo_estudo,10,OK,,0,The authors provide the following materials at
Yang2023d,fichamento_Yang2023d.md,fonte_dados_amostra,2,OK,,0,"running from Oct. 18, 2022 to Nov. 23, 2022"
Yang2023d,fichamento_Yang2023d.md,fonte_dados_amostra,6,OK,,0,"In total, we collected 1,327 responses from 1,327 participants"
Yang2023d,fichamento_Yang2023d.md,registro_financiamento,10,OK,,0,"This research is supported by NSF IIS-2107490, NSF IIS-1901485"
Yang2023d,fichamento_Yang2023d.md,registro_financiamento,6,OK,,0,The pilot data were used in pre-registration
Yosef2017,fichamento_Yosef2017.md,texto_confere,1,OK,,0,Haste Makes Waste: a Case to Favour Voting Bots
Yosef2017,fichamento_Yosef2017.md,tipo_documento,2,OK,,0,"2017, Leipzig, Germany"
Yosef2017,fichamento_Yosef2017.md,tipo_documento,1,OK,,0,DOI: 10.1145/3106426.3106532
Yosef2017,fichamento_Yosef2017.md,c1_populacao_contexto,1,OK,,0,a group of people (voters) is required to reach
Yosef2017,fichamento_Yosef2017.md,c1_populacao_contexto,4,OK,,0,A total of 156 Voters played a total of 397 games.
Yosef2017,fichamento_Yosef2017.md,c2_intervencao_estudada,2,OK,,0,"Once the collection of score vectors are published, each voter"
Yosef2017,fichamento_Yosef2017.md,c3_desfecho,1,OK,,0,When and if do people change their vote?
Yosef2017,fichamento_Yosef2017.md,c4_desenho_elegivel,4,OK,,0,We ran another experiment with a few changes
Yosef2017,fichamento_Yosef2017.md,c4_desenho_elegivel,5,OK,,0,"We ran a set of bot-only games, 8 bots per game."
Yosef2017,fichamento_Yosef2017.md,c5_estudo_primario,1,OK,,0,We collected data that allows us to analyze human behavior
Yosef2017,fichamento_Yosef2017.md,c6_nao_retratado,1,OK,,0,Haste Makes Waste: a Case to Favour Voting Bots
Yosef2017,fichamento_Yosef2017.md,fonte_dados_amostra,5,OK,,0,A total of 72 students played a total of 264 games
Yosef2017,fichamento_Yosef2017.md,fonte_dados_amostra,5,OK,,0,total of 10000 bots played 1250 games
