"id_efeito","ficha_id","chave","id_estudo","desenho","estimando","outcome","construto_outcome","direcao_desejada","modelo","modelo_principal","subgrupo","tipo_estatistica","m1","sd1","n1","m2","sd2","n2","t","df","f","beta","se","sdy","or_","ci_lo","ci_hi","r","p","n_total","cluster","icc","evidencia","pagina","verificado_humano","yi","vi","sei","formula_id","aproximado","sinal_alinhado","aviso","q1_1","q3_1","q1_2","q3_2","m_preditores","p0","p1","efeito_pp","se_pp","familia_intervencao","comparador_tipo","alvo_efeito","desenho_fino","regiao","tipo_eleicao","realismo_contexto","ano_eleicao_pre2010","sistema_eleitoral","rob_geral"
"Agranov2017a-E01","Agranov2017a","Agranov2017a","ES1529","RCT por cluster (experimento de laboratório; tratamento informacional por sessão, grupos fixos de 9)","ATE","Observed Vote Prob if Majority (propensão individual a votar)","mobilizacao","aumentar","Tabela 3, Perfect Polls (maioria esperada) vs. No Polls (Observed Vote Prob), linha Cost = 25","nao","maioria esperada; custo de votar = 25 centavos","dif_prop","","","","","","","","","","","","","","","","","","","9","0.05","Cost%=%25 0.55%(0.05) 0.63%(0.04) 0.38%(0.05) %0.58%(0.05) 0.40%(0.05)","21","",,,,"sem_calculo",,"","d via log OR (Chinn 2000): pressupõe distribuição logística latente; dif_prop exige se_pp (ou IC do efeito em pp) ou n1 e n2","","","","","","0.55","0.63","","","pesquisa_pre_eleitoral","sem_pesquisa","nao_se_aplica","lab_preferencias_induzidas","outro","simulada_abstrata","induzido","nao","regra_do_experimento","algumas_preocupacoes"
"Agranov2017a-E02","Agranov2017a","Agranov2017a","ES1529","RCT por cluster (experimento de laboratório; tratamento informacional por sessão, grupos fixos de 9)","ATE","Observed Vote Prob if Minority (propensão individual a votar)","mobilizacao","aumentar","Tabela 3, Perfect Polls (minoria esperada) vs. No Polls (Observed Vote Prob), linha Cost = 25","nao","minoria esperada; custo de votar = 25 centavos","dif_prop","","","","","","","","","","","","","","","","","","","9","0.05","Cost%=%25 0.55%(0.05) 0.63%(0.04) 0.38%(0.05) %0.58%(0.05) 0.40%(0.05)","21","",,,,"sem_calculo",,"","d via log OR (Chinn 2000): pressupõe distribuição logística latente; dif_prop exige se_pp (ou IC do efeito em pp) ou n1 e n2","","","","","","0.55","0.38","","","pesquisa_pre_eleitoral","sem_pesquisa","nao_se_aplica","lab_preferencias_induzidas","outro","simulada_abstrata","induzido","nao","regra_do_experimento","algumas_preocupacoes"
"Agranov2017a-E03","Agranov2017a","Agranov2017a","ES1529","RCT por cluster (experimento de laboratório; tratamento informacional por sessão, grupos fixos de 9)","ATE","Observed Vote Prob if Majority (propensão individual a votar)","mobilizacao","aumentar","Tabela 3, Lab Polls (maioria esperada) vs. No Polls (Observed Vote Prob), linha Cost = 25","nao","maioria esperada (observada na pesquisa de laboratório); custo de votar = 25 centavos","dif_prop","","","","","","","","","","","","","","","","","","","9","0.05","Cost%=%25 0.55%(0.05) 0.63%(0.04) 0.38%(0.05) %0.58%(0.05) 0.40%(0.05)","21","",,,,"sem_calculo",,"","d via log OR (Chinn 2000): pressupõe distribuição logística latente; dif_prop exige se_pp (ou IC do efeito em pp) ou n1 e n2","","","","","","0.55","0.58","","","pesquisa_pre_eleitoral","sem_pesquisa","nao_se_aplica","lab_preferencias_induzidas","outro","simulada_abstrata","induzido","nao","regra_do_experimento","algumas_preocupacoes"
"Agranov2017a-E04","Agranov2017a","Agranov2017a","ES1529","RCT por cluster (experimento de laboratório; tratamento informacional por sessão, grupos fixos de 9)","ATE","Observed Vote Prob if Minority (propensão individual a votar)","mobilizacao","aumentar","Tabela 3, Lab Polls (minoria esperada) vs. No Polls (Observed Vote Prob), linha Cost = 25","nao","minoria esperada (observada na pesquisa de laboratório); custo de votar = 25 centavos","dif_prop","","","","","","","","","","","","","","","","","","","9","0.05","Cost%=%25 0.55%(0.05) 0.63%(0.04) 0.38%(0.05) %0.58%(0.05) 0.40%(0.05)","21","",,,,"sem_calculo",,"","d via log OR (Chinn 2000): pressupõe distribuição logística latente; dif_prop exige se_pp (ou IC do efeito em pp) ou n1 e n2","","","","","","0.55","0.40","","","pesquisa_pre_eleitoral","sem_pesquisa","nao_se_aplica","lab_preferencias_induzidas","outro","simulada_abstrata","induzido","nao","regra_do_experimento","algumas_preocupacoes"
"Agranov2017a-E05","Agranov2017a","Agranov2017a","ES1529","RCT por cluster (experimento de laboratório; tratamento informacional por sessão, grupos fixos de 9)","ATE","Observed Vote Prob if Majority (propensão individual a votar)","mobilizacao","aumentar","Tabela 3, Perfect Polls (maioria esperada) vs. No Polls (Observed Vote Prob), linha Cost = 50","sim","maioria esperada; custo de votar = 50 centavos","dif_prop","","","72","","","63","","","","","","","","","","","","","9","0.05","Cost%=%50 0.43%(0.04) 0.52%(0.05) 0.27%(0.04) 0.50%(0.05) 0.31%(0.04)","21","",0.198395295991519,0.0506613060275899,0.225080665601446,"dif_prop_contagens+de_cluster",0,"mantido","d via log OR (Chinn 2000): pressupõe distribuição logística latente; variância multiplicada pelo efeito de desenho 1 + (9 − 1)·0.05","","","","","","0.43","0.52","","","pesquisa_pre_eleitoral","sem_pesquisa","nao_se_aplica","lab_preferencias_induzidas","outro","simulada_abstrata","induzido","nao","regra_do_experimento","algumas_preocupacoes"
"Agranov2017a-E06","Agranov2017a","Agranov2017a","ES1529","RCT por cluster (experimento de laboratório; tratamento informacional por sessão, grupos fixos de 9)","ATE","Observed Vote Prob if Minority (propensão individual a votar)","mobilizacao","aumentar","Tabela 3, Perfect Polls (minoria esperada) vs. No Polls (Observed Vote Prob), linha Cost = 50","nao","minoria esperada; custo de votar = 50 centavos","dif_prop","","","","","","","","","","","","","","","","","","","9","0.05","Cost%=%50 0.43%(0.04) 0.52%(0.05) 0.27%(0.04) 0.50%(0.05) 0.31%(0.04)","21","",,,,"sem_calculo",,"","d via log OR (Chinn 2000): pressupõe distribuição logística latente; dif_prop exige se_pp (ou IC do efeito em pp) ou n1 e n2","","","","","","0.43","0.27","","","pesquisa_pre_eleitoral","sem_pesquisa","nao_se_aplica","lab_preferencias_induzidas","outro","simulada_abstrata","induzido","nao","regra_do_experimento","algumas_preocupacoes"
"Agranov2017a-E07","Agranov2017a","Agranov2017a","ES1529","RCT por cluster (experimento de laboratório; tratamento informacional por sessão, grupos fixos de 9)","ATE","Observed Vote Prob if Majority (propensão individual a votar)","mobilizacao","aumentar","Tabela 3, Lab Polls (maioria esperada) vs. No Polls (Observed Vote Prob), linha Cost = 50","nao","maioria esperada (observada na pesquisa de laboratório); custo de votar = 50 centavos","dif_prop","","","","","","","","","","","","","","","","","","","9","0.05","Cost%=%50 0.43%(0.04) 0.52%(0.05) 0.27%(0.04) 0.50%(0.05) 0.31%(0.04)","21","",,,,"sem_calculo",,"","d via log OR (Chinn 2000): pressupõe distribuição logística latente; dif_prop exige se_pp (ou IC do efeito em pp) ou n1 e n2","","","","","","0.43","0.50","","","pesquisa_pre_eleitoral","sem_pesquisa","nao_se_aplica","lab_preferencias_induzidas","outro","simulada_abstrata","induzido","nao","regra_do_experimento","algumas_preocupacoes"
"Agranov2017a-E08","Agranov2017a","Agranov2017a","ES1529","RCT por cluster (experimento de laboratório; tratamento informacional por sessão, grupos fixos de 9)","ATE","Observed Vote Prob if Minority (propensão individual a votar)","mobilizacao","aumentar","Tabela 3, Lab Polls (minoria esperada) vs. No Polls (Observed Vote Prob), linha Cost = 50","nao","minoria esperada (observada na pesquisa de laboratório); custo de votar = 50 centavos","dif_prop","","","","","","","","","","","","","","","","","","","9","0.05","Cost%=%50 0.43%(0.04) 0.52%(0.05) 0.27%(0.04) 0.50%(0.05) 0.31%(0.04)","21","",,,,"sem_calculo",,"","d via log OR (Chinn 2000): pressupõe distribuição logística latente; dif_prop exige se_pp (ou IC do efeito em pp) ou n1 e n2","","","","","","0.43","0.31","","","pesquisa_pre_eleitoral","sem_pesquisa","nao_se_aplica","lab_preferencias_induzidas","outro","simulada_abstrata","induzido","nao","regra_do_experimento","algumas_preocupacoes"
"Agranov2017a-E09","Agranov2017a","Agranov2017a","ES1529","RCT por cluster (experimento de laboratório; tratamento informacional por sessão, grupos fixos de 9)","ATE","Overall Costs (custo total de participação do grupo por eleição; proxy de comparecimento agregado)","mobilizacao","aumentar","Tabela 5, painel Overall Costs, coluna Overall, cost = 25: Perfect Polls vs. No Polls","nao","custo de votar = 25 centavos","md_sd","124","","","123","","","","","","","","","","","","","","","10","0.05","Overall ... Costs** ... No ... Polls ... 123 ... (4) ... Perfect ... Polls ... 124 ... (4)","35","",,,,"sem_calculo",,"","md_sd exige m1, sd1, n1, m2, sd2, n2","","","","","","","","","","pesquisa_pre_eleitoral","sem_pesquisa","nao_se_aplica","lab_preferencias_induzidas","outro","simulada_abstrata","induzido","nao","regra_do_experimento","algumas_preocupacoes"
"Agranov2017a-E10","Agranov2017a","Agranov2017a","ES1529","RCT por cluster (experimento de laboratório; tratamento informacional por sessão, grupos fixos de 9)","ATE","Overall Costs (custo total de participação do grupo por eleição; proxy de comparecimento agregado)","mobilizacao","aumentar","Tabela 5, painel Overall Costs, coluna Overall, cost = 50: Perfect Polls vs. No Polls","nao","custo de votar = 50 centavos","md_sd","197","","","194","","","","","","","","","","","","","","","10","0.05","Overall ... Costs** ... No ... Polls ... 194 ... (11) ... Perfect ... Polls ... 197 ... (8)","35","",,,,"sem_calculo",,"","md_sd exige m1, sd1, n1, m2, sd2, n2","","","","","","","","","","pesquisa_pre_eleitoral","sem_pesquisa","nao_se_aplica","lab_preferencias_induzidas","outro","simulada_abstrata","induzido","nao","regra_do_experimento","algumas_preocupacoes"
"Agranov2017a-E11","Agranov2017a","Agranov2017a","ES1529","RCT por cluster (experimento de laboratório; tratamento informacional por sessão, grupos fixos de 9)","ATE","Overall Costs (custo total de participação do grupo por eleição; proxy de comparecimento agregado)","mobilizacao","aumentar","Tabela 5, painel Overall Costs, coluna Overall, cost = 25: Lab Polls vs. No Polls","nao","custo de votar = 25 centavos","md_sd","119","","","123","","","","","","","","","","","","","","","10","0.05","Overall ... Costs** ... No ... Polls ... 123 ... (4) ... Lab ... Polls ... 119 ... (5)","35","",,,,"sem_calculo",,"","md_sd exige m1, sd1, n1, m2, sd2, n2","","","","","","","","","","pesquisa_pre_eleitoral","sem_pesquisa","nao_se_aplica","lab_preferencias_induzidas","outro","simulada_abstrata","induzido","nao","regra_do_experimento","algumas_preocupacoes"
"Agranov2017a-E12","Agranov2017a","Agranov2017a","ES1529","RCT por cluster (experimento de laboratório; tratamento informacional por sessão, grupos fixos de 9)","ATE","Overall Costs (custo total de participação do grupo por eleição; proxy de comparecimento agregado)","mobilizacao","aumentar","Tabela 5, painel Overall Costs, coluna Overall, cost = 50: Lab Polls vs. No Polls","nao","custo de votar = 50 centavos","md_sd","196","","","194","","","","","","","","","","","","","","","10","0.05","Overall ... Costs** ... No ... Polls ... 194 ... (11) ... Lab ... Polls ... 196 ... (8)","35","",,,,"sem_calculo",,"","md_sd exige m1, sd1, n1, m2, sd2, n2","","","","","","","","","","pesquisa_pre_eleitoral","sem_pesquisa","nao_se_aplica","lab_preferencias_induzidas","outro","simulada_abstrata","induzido","nao","regra_do_experimento","algumas_preocupacoes"
"Agranov2017a-E13","Agranov2017a","Agranov2017a","ES1529","RCT por cluster (experimento de laboratório; tratamento informacional por sessão, grupos fixos de 9)","ATE","alternativa preferida pela maioria ex ante (cor da urna sorteada) eleita","apoio_ao_lider","aumentar","Seção 7 (Conclusões), probabilidade de eleger a alternativa majoritária ex ante: Perfect Polls vs. No Polls, agregado nos dois custos","sim","","dif_prop","","","160","","","140","","","","","","","","","","","","","20","0.05","the probability of that alternative being elected is 74% when no polls are available, 91% when perfect polls are available, and 83% when endogenous polls are utilized.","39","",0.697140645563968,0.0668994519577815,0.258649283698566,"dif_prop_contagens+de_cluster",0,"mantido","d via log OR (Chinn 2000): pressupõe distribuição logística latente; variância multiplicada pelo efeito de desenho 1 + (20 − 1)·0.05","","","","","","0.74","0.91","","","pesquisa_pre_eleitoral","sem_pesquisa","lider","lab_preferencias_induzidas","outro","simulada_abstrata","induzido","nao","regra_do_experimento","algumas_preocupacoes"
"Agranov2017a-E14","Agranov2017a","Agranov2017a","ES1529","RCT por cluster (experimento de laboratório; tratamento informacional por sessão, grupos fixos de 9)","ATE","alternativa preferida pela maioria ex ante (cor da urna sorteada) eleita","apoio_ao_lider","aumentar","Seção 7 (Conclusões), probabilidade de eleger a alternativa majoritária ex ante: Lab Polls vs. No Polls, agregado nos dois custos","nao","","dif_prop","","","","","","","","","","","","","","","","","","","20","0.05","the probability of that alternative being elected is 74% when no polls are available, 91% when perfect polls are available, and 83% when endogenous polls are utilized.","39","",,,,"sem_calculo",,"","d via log OR (Chinn 2000): pressupõe distribuição logística latente; dif_prop exige se_pp (ou IC do efeito em pp) ou n1 e n2","","","","","","0.74","0.83","","","pesquisa_pre_eleitoral","sem_pesquisa","lider","lab_preferencias_induzidas","outro","simulada_abstrata","induzido","nao","regra_do_experimento","algumas_preocupacoes"
"Agranov2017a-E15","Agranov2017a","Agranov2017a","ES1529","RCT por cluster (experimento de laboratório; tratamento informacional por sessão, grupos fixos de 9)","ATE","Majority Favored (eleição vencida pela alternativa preferida pela maioria)","apoio_ao_lider","aumentar","Tabela 5, painel Majority Favored, coluna Type Difference of 1 or 3, cost = 25: Perfect Polls vs. No Polls","nao","diferença de composição 1 or 3; custo de votar = 25 centavos","dif_prop","","","46","","","43","","","","","","","","","","","","","10","0.05","Majority ... Favored* ... No ... Polls ... 70% ... [43] ... Perfect ... Polls ... 85% ... [46]","35","",0.484966531121042,0.121823812838014,0.349032681618805,"dif_prop_contagens+de_cluster",0,"mantido","d via log OR (Chinn 2000): pressupõe distribuição logística latente; variância multiplicada pelo efeito de desenho 1 + (10 − 1)·0.05","","","","","","0.70","0.85","","","pesquisa_pre_eleitoral","sem_pesquisa","lider","lab_preferencias_induzidas","outro","simulada_abstrata","induzido","nao","regra_do_experimento","algumas_preocupacoes"
"Agranov2017a-E16","Agranov2017a","Agranov2017a","ES1529","RCT por cluster (experimento de laboratório; tratamento informacional por sessão, grupos fixos de 9)","ATE","Majority Favored (eleição vencida pela alternativa preferida pela maioria)","apoio_ao_lider","aumentar","Tabela 5, painel Majority Favored, coluna Type Difference of 1 or 3, cost = 50: Perfect Polls vs. No Polls","nao","diferença de composição 1 or 3; custo de votar = 50 centavos","dif_prop","","","46","","","42","","","","","","","","","","","","","10","0.05","Majority ... Favored* ... No ... Polls ... 69% ... [42] ... Perfect ... Polls ... 76% ... [46]","35","",0.192676543901125,0.0998208310967532,0.315944348100664,"dif_prop_contagens+de_cluster",0,"mantido","d via log OR (Chinn 2000): pressupõe distribuição logística latente; variância multiplicada pelo efeito de desenho 1 + (10 − 1)·0.05","","","","","","0.69","0.76","","","pesquisa_pre_eleitoral","sem_pesquisa","lider","lab_preferencias_induzidas","outro","simulada_abstrata","induzido","nao","regra_do_experimento","algumas_preocupacoes"
"Agranov2017a-E17","Agranov2017a","Agranov2017a","ES1529","RCT por cluster (experimento de laboratório; tratamento informacional por sessão, grupos fixos de 9)","ATE","Majority Favored (eleição vencida pela alternativa preferida pela maioria)","apoio_ao_lider","aumentar","Tabela 5, painel Majority Favored, coluna Type Difference of 5, 7 or 9, cost = 25: Perfect Polls vs. No Polls","nao","diferença de composição 5, 7 or 9; custo de votar = 25 centavos","dif_prop","","","34","","","27","","","","","","","","","","","","","10","0.05","Majority ... Favored* ... No ... Polls ... 96% ... [27] ... Perfect ... Polls ... 97% ... [34]","35","",0.16222303155239,0.848486962018664,0.921133520190566,"dif_prop_contagens+de_cluster",0,"mantido","d via log OR (Chinn 2000): pressupõe distribuição logística latente; variância multiplicada pelo efeito de desenho 1 + (10 − 1)·0.05","","","","","","0.96","0.97","","","pesquisa_pre_eleitoral","sem_pesquisa","lider","lab_preferencias_induzidas","outro","simulada_abstrata","induzido","nao","regra_do_experimento","algumas_preocupacoes"
"Agranov2017a-E18","Agranov2017a","Agranov2017a","ES1529","RCT por cluster (experimento de laboratório; tratamento informacional por sessão, grupos fixos de 9)","ATE","Majority Favored (eleição vencida pela alternativa preferida pela maioria)","apoio_ao_lider","aumentar","Tabela 5, painel Majority Favored, coluna Type Difference of 5, 7 or 9, cost = 50: Perfect Polls vs. No Polls","nao","diferença de composição 5, 7 or 9; custo de votar = 50 centavos","dif_prop","","","34","","","28","","","","","","","","","","","","","10","0.05","Majority ... Favored* ... No ... Polls ... 96% ... [28] ... Perfect ... Polls ... 97% ... [34]","35","",0.162258139696572,0.834050749330204,0.91326378956477,"dif_prop_contagens+de_cluster",0,"mantido","d via log OR (Chinn 2000): pressupõe distribuição logística latente; variância multiplicada pelo efeito de desenho 1 + (10 − 1)·0.05","","","","","","0.96","0.97","","","pesquisa_pre_eleitoral","sem_pesquisa","lider","lab_preferencias_induzidas","outro","simulada_abstrata","induzido","nao","regra_do_experimento","algumas_preocupacoes"
"Agranov2017a-E19","Agranov2017a","Agranov2017a","ES1529","RCT por cluster (experimento de laboratório; tratamento informacional por sessão, grupos fixos de 9)","ATE","Majority Favored (eleição vencida pela alternativa preferida pela maioria)","apoio_ao_lider","aumentar","Tabela 5, painel Majority Favored, coluna Overall, cost = 25: Perfect Polls vs. No Polls","nao","custo de votar = 25 centavos","dif_prop","","","80","","","70","","","","","","","","","","","","","10","0.05","Majority ... Favored* ... No ... Polls ... 80% ... [70] ... Perfect ... Polls ... 90% ... [80]","35","",0.44481977173938,0.0995489092516241,0.315513722762773,"dif_prop_contagens+de_cluster",0,"mantido","d via log OR (Chinn 2000): pressupõe distribuição logística latente; variância multiplicada pelo efeito de desenho 1 + (10 − 1)·0.05","","","","","","0.80","0.90","","","pesquisa_pre_eleitoral","sem_pesquisa","lider","lab_preferencias_induzidas","outro","simulada_abstrata","induzido","nao","regra_do_experimento","algumas_preocupacoes"
"Agranov2017a-E20","Agranov2017a","Agranov2017a","ES1529","RCT por cluster (experimento de laboratório; tratamento informacional por sessão, grupos fixos de 9)","ATE","Majority Favored (eleição vencida pela alternativa preferida pela maioria)","apoio_ao_lider","aumentar","Tabela 5, painel Majority Favored, coluna Overall, cost = 50: Perfect Polls vs. No Polls","nao","custo de votar = 50 centavos","dif_prop","","","80","","","70","","","","","","","","","","","","","10","0.05","Majority ... Favored* ... No ... Polls ... 80% ... [70] ... Perfect ... Polls ... 85% ... [80]","35","",0.191056765602571,0.0817268538868832,0.285879089628611,"dif_prop_contagens+de_cluster",0,"mantido","d via log OR (Chinn 2000): pressupõe distribuição logística latente; variância multiplicada pelo efeito de desenho 1 + (10 − 1)·0.05","","","","","","0.80","0.85","","","pesquisa_pre_eleitoral","sem_pesquisa","lider","lab_preferencias_induzidas","outro","simulada_abstrata","induzido","nao","regra_do_experimento","algumas_preocupacoes"
"Agranov2017a-E21","Agranov2017a","Agranov2017a","ES1529","RCT por cluster (experimento de laboratório; tratamento informacional por sessão, grupos fixos de 9)","ATE","Majority Favored (eleição vencida pela alternativa preferida pela maioria)","apoio_ao_lider","aumentar","Tabela 5, painel Majority Favored, coluna Type Difference of 1 or 3, cost = 25: Lab Polls vs. No Polls","nao","diferença de composição 1 or 3; custo de votar = 25 centavos","dif_prop","","","43","","","43","","","","","","","","","","","","","10","0.05","Majority ... Favored* ... No ... Polls ... 70% ... [43] ... Lab ... Polls ... 88% ... [43]","35","",0.625690696845187,0.143272022260602,0.378512908974849,"dif_prop_contagens+de_cluster",0,"mantido","d via log OR (Chinn 2000): pressupõe distribuição logística latente; variância multiplicada pelo efeito de desenho 1 + (10 − 1)·0.05","","","","","","0.70","0.88","","","pesquisa_pre_eleitoral","sem_pesquisa","lider","lab_preferencias_induzidas","outro","simulada_abstrata","induzido","nao","regra_do_experimento","algumas_preocupacoes"
"Agranov2017a-E22","Agranov2017a","Agranov2017a","ES1529","RCT por cluster (experimento de laboratório; tratamento informacional por sessão, grupos fixos de 9)","ATE","Majority Favored (eleição vencida pela alternativa preferida pela maioria)","apoio_ao_lider","aumentar","Tabela 5, painel Majority Favored, coluna Type Difference of 1 or 3, cost = 50: Lab Polls vs. No Polls","nao","diferença de composição 1 or 3; custo de votar = 50 centavos","dif_prop","","","49","","","42","","","","","","","","","","","","","10","0.05","Majority ... Favored* ... No ... Polls ... 69% ... [42] ... Lab ... Polls ... 82% ... [49]","35","",0.391540305214821,0.108149548811816,0.328860987062643,"dif_prop_contagens+de_cluster",0,"mantido","d via log OR (Chinn 2000): pressupõe distribuição logística latente; variância multiplicada pelo efeito de desenho 1 + (10 − 1)·0.05","","","","","","0.69","0.82","","","pesquisa_pre_eleitoral","sem_pesquisa","lider","lab_preferencias_induzidas","outro","simulada_abstrata","induzido","nao","regra_do_experimento","algumas_preocupacoes"
"Agranov2017a-E23","Agranov2017a","Agranov2017a","ES1529","RCT por cluster (experimento de laboratório; tratamento informacional por sessão, grupos fixos de 9)","ATE","Majority Favored (eleição vencida pela alternativa preferida pela maioria)","apoio_ao_lider","aumentar","Tabela 5, painel Majority Favored, coluna Type Difference of 5, 7 or 9, cost = 25: Lab Polls vs. No Polls [coordenador: p1 impresso = 1.00 (100%), p0 = 0.96; p1=1 impede a razão de chances, por isso p1 ficou vazio]","nao","diferença de composição 5, 7 or 9; custo de votar = 25 centavos","dif_prop","","","27","","","27","","","","","","","","","","","","","10","0.05","Majority ... Favored* ... No ... Polls ... 96% ... [27] ... Lab ... Polls ... 100% ... [27]","35","",,,,"sem_calculo",,"","d via log OR (Chinn 2000): pressupõe distribuição logística latente; dif_prop exige p1 ou efeito_pp (pontos percentuais)","","","","","","0.96","","","","pesquisa_pre_eleitoral","sem_pesquisa","lider","lab_preferencias_induzidas","outro","simulada_abstrata","induzido","nao","regra_do_experimento","algumas_preocupacoes"
"Agranov2017a-E24","Agranov2017a","Agranov2017a","ES1529","RCT por cluster (experimento de laboratório; tratamento informacional por sessão, grupos fixos de 9)","ATE","Majority Favored (eleição vencida pela alternativa preferida pela maioria)","apoio_ao_lider","aumentar","Tabela 5, painel Majority Favored, coluna Type Difference of 5, 7 or 9, cost = 50: Lab Polls vs. No Polls","nao","diferença de composição 5, 7 or 9; custo de votar = 50 centavos","dif_prop","","","21","","","28","","","","","","","","","","","","","10","0.05","Majority ... Favored* ... No ... Polls ... 96% ... [28] ... Lab ... Polls ... 90% ... [21]","35","",-0.532084222425143,0.622651266887131,0.789082547574797,"dif_prop_contagens+de_cluster",0,"mantido","d via log OR (Chinn 2000): pressupõe distribuição logística latente; variância multiplicada pelo efeito de desenho 1 + (10 − 1)·0.05","","","","","","0.96","0.90","","","pesquisa_pre_eleitoral","sem_pesquisa","lider","lab_preferencias_induzidas","outro","simulada_abstrata","induzido","nao","regra_do_experimento","algumas_preocupacoes"
"Agranov2017a-E25","Agranov2017a","Agranov2017a","ES1529","RCT por cluster (experimento de laboratório; tratamento informacional por sessão, grupos fixos de 9)","ATE","Majority Favored (eleição vencida pela alternativa preferida pela maioria)","apoio_ao_lider","aumentar","Tabela 5, painel Majority Favored, coluna Overall, cost = 25: Lab Polls vs. No Polls","nao","custo de votar = 25 centavos","dif_prop","","","70","","","70","","","","","","","","","","","","","10","0.05","Majority ... Favored* ... No ... Polls ... 80% ... [70] ... Lab ... Polls ... 93% ... [70]","35","",0.658209105515903,0.134593446641758,0.366869795215903,"dif_prop_contagens+de_cluster",0,"mantido","d via log OR (Chinn 2000): pressupõe distribuição logística latente; variância multiplicada pelo efeito de desenho 1 + (10 − 1)·0.05","","","","","","0.80","0.93","","","pesquisa_pre_eleitoral","sem_pesquisa","lider","lab_preferencias_induzidas","outro","simulada_abstrata","induzido","nao","regra_do_experimento","algumas_preocupacoes"
"Agranov2017a-E26","Agranov2017a","Agranov2017a","ES1529","RCT por cluster (experimento de laboratório; tratamento informacional por sessão, grupos fixos de 9)","ATE","Majority Favored (eleição vencida pela alternativa preferida pela maioria)","apoio_ao_lider","aumentar","Tabela 5, painel Majority Favored, coluna Overall, cost = 50: Lab Polls vs. No Polls","nao","custo de votar = 50 centavos","dif_prop","","","70","","","70","","","","","","","","","","","","","10","0.05","Majority ... Favored* ... No ... Polls ... 80% ... [70] ... Lab ... Polls ... 84% ... [70]","35","",0.14910862688217,0.0852644402093057,0.292000753782085,"dif_prop_contagens+de_cluster",0,"mantido","d via log OR (Chinn 2000): pressupõe distribuição logística latente; variância multiplicada pelo efeito de desenho 1 + (10 − 1)·0.05","","","","","","0.80","0.84","","","pesquisa_pre_eleitoral","sem_pesquisa","lider","lab_preferencias_induzidas","outro","simulada_abstrata","induzido","nao","regra_do_experimento","algumas_preocupacoes"
"Alabrese2024a-E001","Alabrese2024a","Alabrese2024a","ES1893","painel com efeitos fixos","associacao","Turnout (votos/eleitores aptos do distrito)","mobilizacao","aumentar","Tabela 2, coluna 1: interacao NationalPollmargin w1 x LocalSafety t-1; EF distrito + EF ano; EP cluster distrito","nao","","beta_sd","","","","","","","","","","-0.1775","0.0291","0.0824","","","","","<0.01","4676","","","NationalPollmarginw1 * LocalSafetyt−1 -0.1775*** -0.1763*** (0.0291) (0.0275)","30","",-2.15378053942049,0.124678669849195,0.35309866871626,"beta_sd",0,"mantido","|g| > 2: conferir extração (EP lido como DP, unidades, sinal)","","","","","","","","","","pesquisa_pre_eleitoral","outro_resultado","nao_se_aplica","outro","outro","candidato_partido","real","nao","pluralidade","grave"
"Alabrese2024a-E002","Alabrese2024a","Alabrese2024a","ES1893","painel com efeitos fixos","associacao","Turnout (votos/eleitores aptos do distrito)","mobilizacao","aumentar","Tabela 2, coluna 2: interacao NationalPollmargin w1 x LocalSafety t-1; EF distrito + EF regiao*ano; EP cluster distrito","sim","","beta_sd","","","","","","","","","","-0.1763","0.0275","0.0824","","","","","<0.01","4676","","","NationalPollmarginw1 * LocalSafetyt−1 -0.1775*** -0.1763*** (0.0291) (0.0275)","30","",-2.13921976957652,0.111345218022288,0.333684308924301,"beta_sd",0,"mantido","|g| > 2: conferir extração (EP lido como DP, unidades, sinal)","","","","","","","","","","pesquisa_pre_eleitoral","outro_resultado","nao_se_aplica","outro","outro","candidato_partido","real","nao","pluralidade","grave"
"Alabrese2024a-E003","Alabrese2024a","Alabrese2024a","ES1893","painel com efeitos fixos","associacao","Turnout (votos/eleitores aptos do distrito)","mobilizacao","aumentar","Tabela 2, coluna 3: interacao NationalPollmargin w2 x LocalSafety t-1; EF distrito + EF ano; EP cluster distrito","nao","","beta_sd","","","","","","","","","","-0.1585","0.0291","0.0824","","","","","<0.01","4676","","","NationalPollmarginw2 * LocalSafetyt−1 -0.1585*** -0.1716*** (0.0291) (0.0273)","30","",-1.92323501689097,0.124678669849195,0.35309866871626,"beta_sd",0,"mantido","","","","","","","","","","","pesquisa_pre_eleitoral","outro_resultado","nao_se_aplica","outro","outro","candidato_partido","real","nao","pluralidade","grave"
"Alabrese2024a-E004","Alabrese2024a","Alabrese2024a","ES1893","painel com efeitos fixos","associacao","Turnout (votos/eleitores aptos do distrito)","mobilizacao","aumentar","Tabela 2, coluna 4: interacao NationalPollmargin w2 x LocalSafety t-1; EF distrito + EF regiao*ano; EP cluster distrito","nao","","beta_sd","","","","","","","","","","-0.1716","0.0273","0.0824","","","","","<0.01","4676","","","NationalPollmarginw2 * LocalSafetyt−1 -0.1585*** -0.1716*** (0.0291) (0.0273)","30","",-2.08219008768764,0.109731540548537,0.331257513950306,"beta_sd",0,"mantido","|g| > 2: conferir extração (EP lido como DP, unidades, sinal)","","","","","","","","","","pesquisa_pre_eleitoral","outro_resultado","nao_se_aplica","outro","outro","candidato_partido","real","nao","pluralidade","grave"
"Alabrese2024a-E005","Alabrese2024a","Alabrese2024a","ES1893","painel com efeitos fixos","associacao","Turnout (votos/eleitores aptos do distrito)","mobilizacao","aumentar","Tabela 2, coluna 5: interacao NationalPollmargin w3 x LocalSafety t-1; EF distrito + EF ano; EP cluster distrito","nao","","beta_sd","","","","","","","","","","-0.1112","0.0244","0.0824","","","","","<0.01","4676","","","NationalPollmarginw3 * LocalSafetyt−1 -0.1112*** -0.1281*** (0.0244) (0.0226)","30","",-1.34929800554117,0.0876568449609912,0.29606898682738,"beta_sd",0,"mantido","","","","","","","","","","","pesquisa_pre_eleitoral","outro_resultado","nao_se_aplica","outro","outro","candidato_partido","real","nao","pluralidade","grave"
"Alabrese2024a-E006","Alabrese2024a","Alabrese2024a","ES1893","painel com efeitos fixos","associacao","Turnout (votos/eleitores aptos do distrito)","mobilizacao","aumentar","Tabela 2, coluna 6: interacao NationalPollmargin w3 x LocalSafety t-1; EF distrito + EF regiao*ano; EP cluster distrito","nao","","beta_sd","","","","","","","","","","-0.1281","0.0226","0.0824","","","","","<0.01","4676","","","NationalPollmarginw3 * LocalSafetyt−1 -0.1112*** -0.1281*** (0.0244) (0.0226)","30","",-1.55436218084374,0.0752009038771094,0.274227832061425,"beta_sd",0,"mantido","","","","","","","","","","","pesquisa_pre_eleitoral","outro_resultado","nao_se_aplica","outro","outro","candidato_partido","real","nao","pluralidade","grave"
"Alabrese2024a-E007","Alabrese2024a","Alabrese2024a","ES1893","painel com efeitos fixos","associacao","Turnout (votos/eleitores aptos do distrito)","mobilizacao","aumentar","Tabela 2, coluna 7: interacao NationalPollmargin w4 x LocalSafety t-1; EF distrito + EF ano; EP cluster distrito","nao","","beta_sd","","","","","","","","","","-0.0641","0.0187","0.0824","","","","","<0.01","4676","","","NationalPollmarginw4 * LocalSafetyt−1 -0.0641*** -0.0708*** (0.0187) (0.0173)","30","",-0.777787789165371,0.0514860288135061,0.226905330068525,"beta_sd",0,"mantido","","","","","","","","","","","pesquisa_pre_eleitoral","outro_resultado","nao_se_aplica","outro","outro","candidato_partido","real","nao","pluralidade","grave"
"Alabrese2024a-E008","Alabrese2024a","Alabrese2024a","ES1893","painel com efeitos fixos","associacao","Turnout (votos/eleitores aptos do distrito)","mobilizacao","aumentar","Tabela 2, coluna 8: interacao NationalPollmargin w4 x LocalSafety t-1; EF distrito + EF regiao*ano; EP cluster distrito","nao","","beta_sd","","","","","","","","","","-0.0708","0.0173","0.0824","","","","","<0.01","4676","","","NationalPollmarginw4 * LocalSafetyt−1 -0.0641*** -0.0708*** (0.0187) (0.0173)","30","",-0.8590854207942,0.0440654681677893,0.20991776525056,"beta_sd",0,"mantido","","","","","","","","","","","pesquisa_pre_eleitoral","outro_resultado","nao_se_aplica","outro","outro","candidato_partido","real","nao","pluralidade","grave"
"Alabrese2024a-E009","Alabrese2024a","Alabrese2024a","ES1893","painel com efeitos fixos","associacao","Turnout (votos/eleitores aptos do distrito)","mobilizacao","aumentar","Tabela 1, coluna 1: NationalPollmargin w1 sem interacao; EF distrito","nao","","beta_sd","","","","","","","","","","-0.0178","0.0071","0.0824","","","","","<0.05","5599","","","NationalPollmarginw1 -0.0178** (0.0071)","28","",-0.215990469503582,0.00742242588629786,0.0861535018806424,"beta_sd",0,"mantido","","","","","","","","","","","pesquisa_pre_eleitoral","outro_resultado","nao_se_aplica","outro","outro","candidato_partido","real","nao","pluralidade","grave"
"Alabrese2024a-E010","Alabrese2024a","Alabrese2024a","ES1893","painel com efeitos fixos","associacao","Turnout (votos/eleitores aptos do distrito)","mobilizacao","aumentar","Tabela 1, coluna 2: NationalPollmargin w2 sem interacao; EF distrito","nao","","beta_sd","","","","","","","","","","-0.0849","0.0073","0.0824","","","","","<0.01","5599","","","NationalPollmarginw2 -0.0849*** (0.0073)","28","",-1.03020173375585,0.00784648037057752,0.0885803610885478,"beta_sd",0,"mantido","","","","","","","","","","","pesquisa_pre_eleitoral","outro_resultado","nao_se_aplica","outro","outro","candidato_partido","real","nao","pluralidade","grave"
"Alabrese2024a-E011","Alabrese2024a","Alabrese2024a","ES1893","painel com efeitos fixos","associacao","Turnout (votos/eleitores aptos do distrito)","mobilizacao","aumentar","Tabela 1, coluna 3: NationalPollmargin w3 sem interacao; EF distrito","nao","","beta_sd","","","","","","","","","","-0.1503","0.0070","0.0824","","","","","<0.01","5599","","","NationalPollmarginw3 -0.1503*** (0.0070)","28","",-1.82378469474092,0.00721481587836927,0.0849400722766897,"beta_sd",0,"mantido","","","","","","","","","","","pesquisa_pre_eleitoral","outro_resultado","nao_se_aplica","outro","outro","candidato_partido","real","nao","pluralidade","grave"
"Alabrese2024a-E012","Alabrese2024a","Alabrese2024a","ES1893","painel com efeitos fixos","associacao","Turnout (votos/eleitores aptos do distrito)","mobilizacao","aumentar","Tabela 1, coluna 4: NationalPollmargin w4 sem interacao; EF distrito","nao","","beta_sd","","","","","","","","","","-0.0571","0.0060","0.0824","","","","","<0.01","5599","","","NationalPollmarginw4 -0.0571*** (0.0060)","28","",-0.692868303856997,0.00530068105349579,0.0728057762371626,"beta_sd",0,"mantido","","","","","","","","","","","pesquisa_pre_eleitoral","outro_resultado","nao_se_aplica","outro","outro","candidato_partido","real","nao","pluralidade","grave"
"Alabrese2024a-E013","Alabrese2024a","Alabrese2024a","ES1893","painel com efeitos fixos","associacao","Turnout (votos/eleitores aptos do distrito)","mobilizacao","aumentar","Tabela A.3, coluna 2: NationalPollmargin w1 + No. of Polls w1; EF distrito","nao","","beta_sd","","","","","","","","","","-0.0024","0.0070","0.0824","","","","","","5599","","","NationalPollmarginw1 -0.0178** -0.0024 (0.0071) (0.0070)","54","",-0.029122310494865,0.00721481587836927,0.0849400722766897,"beta_sd",0,"mantido","","","","","","","","","","","pesquisa_pre_eleitoral","outro_resultado","nao_se_aplica","outro","outro","candidato_partido","real","nao","pluralidade","grave"
"Alabrese2024a-E014","Alabrese2024a","Alabrese2024a","ES1893","painel com efeitos fixos","associacao","Turnout (votos/eleitores aptos do distrito)","mobilizacao","aumentar","Tabela A.3, coluna 4: NationalPollmargin w2 + No. of Polls w2; EF distrito","nao","","beta_sd","","","","","","","","","","-0.0522","0.0074","0.0824","","","","","<0.01","5599","","","NationalPollmarginw2 -0.0849*** -0.0522*** (0.0073) (0.0074)","54","",-0.633410253263315,0.0080629248469286,0.0897937906925006,"beta_sd",0,"mantido","","","","","","","","","","","pesquisa_pre_eleitoral","outro_resultado","nao_se_aplica","outro","outro","candidato_partido","real","nao","pluralidade","grave"
"Alabrese2024a-E015","Alabrese2024a","Alabrese2024a","ES1893","painel com efeitos fixos","associacao","Turnout (votos/eleitores aptos do distrito)","mobilizacao","aumentar","Tabela A.3, coluna 6: NationalPollmargin w3 + No. of Polls w3; EF distrito","nao","","beta_sd","","","","","","","","","","-0.1600","0.0078","0.0824","","","","","<0.01","5599","","","NationalPollmarginw3 -0.1503*** -0.1600*** (0.0070) (0.0078)","54","",-1.94148736632434,0.00895815098040789,0.0946475091083114,"beta_sd",0,"mantido","","","","","","","","","","","pesquisa_pre_eleitoral","outro_resultado","nao_se_aplica","outro","outro","candidato_partido","real","nao","pluralidade","grave"
"Alabrese2024a-E016","Alabrese2024a","Alabrese2024a","ES1893","painel com efeitos fixos","associacao","Turnout (votos/eleitores aptos do distrito)","mobilizacao","aumentar","Tabela A.3, coluna 8: NationalPollmargin w4 + No. of Polls w4; EF distrito","nao","","beta_sd","","","","","","","","","","-0.0893","0.0067","0.0824","","","","","<0.01","5599","","","NationalPollmarginw4 -0.0571*** -0.0893*** (0.0060) (0.0067)","54","",-1.08359263632977,0.0066096547914285,0.0812997834648316,"beta_sd",0,"mantido","","","","","","","","","","","pesquisa_pre_eleitoral","outro_resultado","nao_se_aplica","outro","outro","candidato_partido","real","nao","pluralidade","grave"
"Alabrese2024a-E017","Alabrese2024a","Alabrese2024a","ES1893","painel com efeitos fixos","associacao","Turnout (votos/eleitores aptos do distrito)","mobilizacao","aumentar","Tabela A.4, coluna 1: efeito principal NationalPollmargin w1; EF distrito, sem EF de ano","nao","","beta_sd","","","","","","","","","","-0.0955","0.0168","0.0824","","","","","<0.01","4676","","","NationalPollmarginw1 -0.0955*** (0.0168)","55","",-1.15879460008257,0.0415551396160141,0.203850777815573,"beta_sd",0,"mantido","","","","","","","","","","","pesquisa_pre_eleitoral","outro_resultado","nao_se_aplica","outro","outro","candidato_partido","real","nao","pluralidade","grave"
"Alabrese2024a-E018","Alabrese2024a","Alabrese2024a","ES1893","painel com efeitos fixos","associacao","Turnout (votos/eleitores aptos do distrito)","mobilizacao","aumentar","Tabela A.4, coluna 1: interacao NationalPollmargin x LocalSafety w1; EF distrito, sem EF de ano","nao","","beta_sd","","","","","","","","","","-0.3035","0.0484","0.0824","","","","","<0.01","4676","","","NationalPollmarginw1 * LocalSafetyt−1 -0.3035*** (0.0484)","55","",-3.68266137303729,0.34490294734584,0.58728438370677,"beta_sd",0,"mantido","|g| > 2: conferir extração (EP lido como DP, unidades, sinal)","","","","","","","","","","pesquisa_pre_eleitoral","outro_resultado","nao_se_aplica","outro","outro","candidato_partido","real","nao","pluralidade","grave"
"Alabrese2024a-E019","Alabrese2024a","Alabrese2024a","ES1893","painel com efeitos fixos","associacao","Turnout (votos/eleitores aptos do distrito)","mobilizacao","aumentar","Tabela A.4, coluna 2: efeito principal NationalPollmargin w2; EF distrito, sem EF de ano","nao","","beta_sd","","","","","","","","","","-0.1506","0.0165","0.0824","","","","","<0.01","4676","","","NationalPollmarginw2 -0.1506*** (0.0165)","55","",-1.82737661541817,0.0400842784880238,0.200210585354581,"beta_sd",0,"mantido","","","","","","","","","","","pesquisa_pre_eleitoral","outro_resultado","nao_se_aplica","outro","outro","candidato_partido","real","nao","pluralidade","grave"
"Alabrese2024a-E020","Alabrese2024a","Alabrese2024a","ES1893","painel com efeitos fixos","associacao","Turnout (votos/eleitores aptos do distrito)","mobilizacao","aumentar","Tabela A.4, coluna 2: interacao NationalPollmargin x LocalSafety w2; EF distrito, sem EF de ano","nao","","beta_sd","","","","","","","","","","-0.2876","0.0477","0.0824","","","","","<0.01","4676","","","NationalPollmarginw2 * LocalSafetyt−1 -0.2876*** (0.0477)","55","",-3.48973117260469,0.334998560150654,0.578790601297787,"beta_sd",0,"mantido","|g| > 2: conferir extração (EP lido como DP, unidades, sinal)","","","","","","","","","","pesquisa_pre_eleitoral","outro_resultado","nao_se_aplica","outro","outro","candidato_partido","real","nao","pluralidade","grave"
"Alabrese2024a-E021","Alabrese2024a","Alabrese2024a","ES1893","painel com efeitos fixos","associacao","Turnout (votos/eleitores aptos do distrito)","mobilizacao","aumentar","Tabela A.4, coluna 3: efeito principal NationalPollmargin w3; EF distrito, sem EF de ano","nao","","beta_sd","","","","","","","","","","-0.1711","0.0141","0.0824","","","","","<0.01","4676","","","NationalPollmarginw3 -0.1711*** (0.0141)","55","",-2.07612310025265,0.0292714615471222,0.171089045666642,"beta_sd",0,"mantido","|g| > 2: conferir extração (EP lido como DP, unidades, sinal)","","","","","","","","","","pesquisa_pre_eleitoral","outro_resultado","nao_se_aplica","outro","outro","candidato_partido","real","nao","pluralidade","grave"
"Alabrese2024a-E022","Alabrese2024a","Alabrese2024a","ES1893","painel com efeitos fixos","associacao","Turnout (votos/eleitores aptos do distrito)","mobilizacao","aumentar","Tabela A.4, coluna 3: interacao NationalPollmargin x LocalSafety w3; EF distrito, sem EF de ano","nao","","beta_sd","","","","","","","","","","-0.2056","0.0399","0.0824","","","","","<0.01","4676","","","NationalPollmarginw3 * LocalSafetyt−1 -0.2056*** (0.0399)","55","",-2.49474523326677,0.234396959396579,0.484145597311986,"beta_sd",0,"mantido","|g| > 2: conferir extração (EP lido como DP, unidades, sinal)","","","","","","","","","","pesquisa_pre_eleitoral","outro_resultado","nao_se_aplica","outro","outro","candidato_partido","real","nao","pluralidade","grave"
"Alabrese2024a-E023","Alabrese2024a","Alabrese2024a","ES1893","painel com efeitos fixos","associacao","Turnout (votos/eleitores aptos do distrito)","mobilizacao","aumentar","Tabela A.4, coluna 4: efeito principal NationalPollmargin w4; EF distrito, sem EF de ano","nao","","beta_sd","","","","","","","","","","-0.0651","0.0113","0.0824","","","","","<0.01","4676","","","NationalPollmarginw4 -0.0651*** (0.0113)","55","",-0.789921764035345,0.0188002259692773,0.137113916030713,"beta_sd",0,"mantido","","","","","","","","","","","pesquisa_pre_eleitoral","outro_resultado","nao_se_aplica","outro","outro","candidato_partido","real","nao","pluralidade","grave"
"Alabrese2024a-E024","Alabrese2024a","Alabrese2024a","ES1893","painel com efeitos fixos","associacao","Turnout (votos/eleitores aptos do distrito)","mobilizacao","aumentar","Tabela A.4, coluna 4: interacao NationalPollmargin x LocalSafety w4; EF distrito, sem EF de ano","nao","","beta_sd","","","","","","","","","","-0.1481","0.0301","0.0824","","","","","<0.01","4676","","","NationalPollmarginw4 * LocalSafetyt−1 -0.1481*** (0.0301)","55","",-1.79704167824324,0.13339488394099,0.365232643586235,"beta_sd",0,"mantido","","","","","","","","","","","pesquisa_pre_eleitoral","outro_resultado","nao_se_aplica","outro","outro","candidato_partido","real","nao","pluralidade","grave"
"Alabrese2024a-E025","Alabrese2024a","Alabrese2024a","ES1893","painel com efeitos fixos","associacao","Turnout (votos/eleitores aptos do distrito)","mobilizacao","aumentar","Tabela A.5, coluna 3: interacao NationalPollmargin w1 x LocalSafety t-1; EF distrito + EF ano","nao","partido do incumbente local lidera as pesquisas nacionais","beta_sd","","","","","","","","","","-0.2392","0.0615","0.0824","","","","","<0.01","2306","","","NationalPollmarginw1 * LocalSafetyt−1 -0.1775*** -0.1763*** -0.2392*** -0.2945*** -0.0534* -0.0717** (0.0291) (0.0275) (0.0615) (0.0563) (0.0302) (0.0285)","56","",-2.90196756027793,0.55668944576953,0.746116241459419,"beta_sd",0,"mantido","|g| > 2: conferir extração (EP lido como DP, unidades, sinal)","","","","","","","","","","pesquisa_pre_eleitoral","outro_resultado","nao_se_aplica","outro","outro","candidato_partido","real","nao","pluralidade","grave"
"Alabrese2024a-E026","Alabrese2024a","Alabrese2024a","ES1893","painel com efeitos fixos","associacao","Turnout (votos/eleitores aptos do distrito)","mobilizacao","aumentar","Tabela A.5, coluna 4: interacao NationalPollmargin w1 x LocalSafety t-1; EF distrito + EF regiao*ano","nao","partido do incumbente local lidera as pesquisas nacionais","beta_sd","","","","","","","","","","-0.2945","0.0563","0.0824","","","","","<0.01","2306","","","NationalPollmarginw1 * LocalSafetyt−1 -0.1775*** -0.1763*** -0.2392*** -0.2945*** -0.0534* -0.0717** (0.0291) (0.0275) (0.0615) (0.0563) (0.0302) (0.0285)","56","",-3.57286557902112,0.466529967442982,0.683029990149029,"beta_sd",0,"mantido","|g| > 2: conferir extração (EP lido como DP, unidades, sinal)","","","","","","","","","","pesquisa_pre_eleitoral","outro_resultado","nao_se_aplica","outro","outro","candidato_partido","real","nao","pluralidade","grave"
"Alabrese2024a-E027","Alabrese2024a","Alabrese2024a","ES1893","painel com efeitos fixos","associacao","Turnout (votos/eleitores aptos do distrito)","mobilizacao","aumentar","Tabela A.5, coluna 5: interacao NationalPollmargin w1 x LocalSafety t-1; EF distrito + EF ano","nao","partido do incumbente local nao lidera as pesquisas nacionais","beta_sd","","","","","","","","","","-0.0534","0.0302","0.0824","","","","","<0.1","2370","","","NationalPollmarginw1 * LocalSafetyt−1 -0.1775*** -0.1763*** -0.2392*** -0.2945*** -0.0534* -0.0717** (0.0291) (0.0275) (0.0615) (0.0563) (0.0302) (0.0285)","56","",-0.647852975818877,0.134240724630762,0.366388761605432,"beta_sd",0,"mantido","","","","","","","","","","","pesquisa_pre_eleitoral","outro_resultado","nao_se_aplica","outro","outro","candidato_partido","real","nao","pluralidade","grave"
"Alabrese2024a-E028","Alabrese2024a","Alabrese2024a","ES1893","painel com efeitos fixos","associacao","Turnout (votos/eleitores aptos do distrito)","mobilizacao","aumentar","Tabela A.5, coluna 6: interacao NationalPollmargin w1 x LocalSafety t-1; EF distrito + EF regiao*ano","nao","partido do incumbente local nao lidera as pesquisas nacionais","beta_sd","","","","","","","","","","-0.0717","0.0285","0.0824","","","","","<0.05","2370","","","NationalPollmarginw1 * LocalSafetyt−1 -0.1775*** -0.1763*** -0.2392*** -0.2945*** -0.0534* -0.0717** (0.0291) (0.0275) (0.0615) (0.0563) (0.0302) (0.0285)","56","",-0.86987000685793,0.119552901825947,0.345764228667378,"beta_sd",0,"mantido","","","","","","","","","","","pesquisa_pre_eleitoral","outro_resultado","nao_se_aplica","outro","outro","candidato_partido","real","nao","pluralidade","grave"
"Alabrese2024a-E029","Alabrese2024a","Alabrese2024a","ES1893","painel com efeitos fixos (survey USOC agregado por distrito e data de entrevista; data de entrevista quase aleatoria)","associacao","Parcela de respondentes que nao apoia nenhum partido (Do not support any party)","mobilizacao","reduzir","Tabela 4, Painel A, coluna 1: interacao NationalPollmargin w1 x LocalSafety t-1; EF ano","nao","entrevistados antes da eleicao","beta_sd","","","","","","","","","","0.907","0.360","0.404","","","","","<0.05","14159","","","NationalPollmarginw1 * LocalSafetyt−1 0.907** 0.951** 0.755* 0.842* -0.607** -0.623 -0.536** -0.257 (0.360) (0.412) (0.396) (0.454) (0.262) (0.399) (0.264) (0.412)","40","",-2.24493056613129,0.793955668552292,0.891041900559279,"beta_sd",0,"invertido","|g| > 2: conferir extração (EP lido como DP, unidades, sinal)","","","","","","","","","","pesquisa_pre_eleitoral","outro_resultado","nao_se_aplica","outro","outro","candidato_partido","real","nao","pluralidade","grave"
"Alabrese2024a-E030","Alabrese2024a","Alabrese2024a","ES1893","painel com efeitos fixos (survey USOC agregado por distrito e data de entrevista; data de entrevista quase aleatoria)","associacao","Parcela de respondentes que nao apoia nenhum partido (Do not support any party)","mobilizacao","reduzir","Tabela 4, Painel A, coluna 2: interacao NationalPollmargin w1 x LocalSafety t-1 + NationalPollmargin + No. of Polls; EF ano","nao","entrevistados antes da eleicao","beta_sd","","","","","","","","","","0.951","0.412","0.404","","","","","<0.05","14159","","","NationalPollmarginw1 * LocalSafetyt−1 0.907** 0.951** 0.755* 0.842* -0.607** -0.623 -0.536** -0.257 (0.360) (0.412) (0.396) (0.454) (0.262) (0.399) (0.264) (0.412)","40","",-2.35383568731076,1.03988588736682,1.01974795286229,"beta_sd",0,"invertido","|g| > 2: conferir extração (EP lido como DP, unidades, sinal)","","","","","","","","","","pesquisa_pre_eleitoral","outro_resultado","nao_se_aplica","outro","outro","candidato_partido","real","nao","pluralidade","grave"
"Alabrese2024a-E031","Alabrese2024a","Alabrese2024a","ES1893","painel com efeitos fixos (survey USOC agregado por distrito e data de entrevista; data de entrevista quase aleatoria)","associacao","Parcela de respondentes que nao apoia nenhum partido (Do not support any party)","mobilizacao","reduzir","Tabela 4, Painel A, coluna 3: interacao NationalPollmargin w1 x LocalSafety t-1; EF ano + EF distrito","nao","entrevistados antes da eleicao","beta_sd","","","","","","","","","","0.755","0.396","0.404","","","","","<0.1","14156","","","NationalPollmarginw1 * LocalSafetyt−1 0.907** 0.951** 0.755* 0.842* -0.607** -0.623 -0.536** -0.257 (0.360) (0.412) (0.396) (0.454) (0.262) (0.399) (0.264) (0.412)","40","",-1.86871285379885,0.960686337371721,0.980146079608402,"beta_sd",0,"invertido","","","","","","","","","","","pesquisa_pre_eleitoral","outro_resultado","nao_se_aplica","outro","outro","candidato_partido","real","nao","pluralidade","grave"
"Alabrese2024a-E032","Alabrese2024a","Alabrese2024a","ES1893","painel com efeitos fixos (survey USOC agregado por distrito e data de entrevista; data de entrevista quase aleatoria)","associacao","Parcela de respondentes que nao apoia nenhum partido (Do not support any party)","mobilizacao","reduzir","Tabela 4, Painel A, coluna 4: interacao NationalPollmargin w1 x LocalSafety t-1 + NationalPollmargin + No. of Polls; EF ano + EF distrito","nao","entrevistados antes da eleicao","beta_sd","","","","","","","","","","0.842","0.454","0.404","","","","","<0.1","14156","","","NationalPollmarginw1 * LocalSafetyt−1 0.907** 0.951** 0.755* 0.842* -0.607** -0.623 -0.536** -0.257 (0.360) (0.412) (0.396) (0.454) (0.262) (0.399) (0.264) (0.412)","40","",-2.08404797734918,1.26270804709793,1.12370282864196,"beta_sd",0,"invertido","|g| > 2: conferir extração (EP lido como DP, unidades, sinal)","","","","","","","","","","pesquisa_pre_eleitoral","outro_resultado","nao_se_aplica","outro","outro","candidato_partido","real","nao","pluralidade","grave"
"Alabrese2024a-E033","Alabrese2024a","Alabrese2024a","ES1893","painel com efeitos fixos (survey USOC agregado por distrito e data de entrevista; data de entrevista quase aleatoria)","associacao","Parcela de respondentes que nao apoia nenhum partido (Do not support any party)","mobilizacao","reduzir","Tabela 4, Painel A, coluna 5: interacao NationalPollmargin w1 x LocalSafety t-1; EF ano","nao","entrevistados apos a eleicao (placebo)","beta_sd","","","","","","","","","","-0.607","0.262","0.419","","","","","<0.05","22406","","","NationalPollmarginw1 * LocalSafetyt−1 0.907** 0.951** 0.755* 0.842* -0.607** -0.623 -0.536** -0.257 (0.360) (0.412) (0.396) (0.454) (0.262) (0.399) (0.264) (0.412)","40","",1.44863885379741,0.390971822613831,0.625277396531996,"beta_sd",0,"invertido","","","","","","","","","","","pesquisa_pre_eleitoral","outro_resultado","nao_se_aplica","outro","outro","candidato_partido","real","nao","pluralidade","grave"
"Alabrese2024a-E034","Alabrese2024a","Alabrese2024a","ES1893","painel com efeitos fixos (survey USOC agregado por distrito e data de entrevista; data de entrevista quase aleatoria)","associacao","Parcela de respondentes que nao apoia nenhum partido (Do not support any party)","mobilizacao","reduzir","Tabela 4, Painel A, coluna 6: interacao NationalPollmargin w1 x LocalSafety t-1 + NationalPollmargin + No. of Polls; EF ano","nao","entrevistados apos a eleicao (placebo)","beta_sd","","","","","","","","","","-0.623","0.399","0.419","","","","","","22406","","","NationalPollmarginw1 * LocalSafetyt−1 0.907** 0.951** 0.755* 0.842* -0.607** -0.623 -0.536** -0.257 (0.360) (0.412) (0.396) (0.454) (0.262) (0.399) (0.264) (0.412)","40","",1.48682373297494,0.906752303652824,0.952235424489566,"beta_sd",0,"invertido","","","","","","","","","","","pesquisa_pre_eleitoral","outro_resultado","nao_se_aplica","outro","outro","candidato_partido","real","nao","pluralidade","grave"
"Alabrese2024a-E035","Alabrese2024a","Alabrese2024a","ES1893","painel com efeitos fixos (survey USOC agregado por distrito e data de entrevista; data de entrevista quase aleatoria)","associacao","Parcela de respondentes que nao apoia nenhum partido (Do not support any party)","mobilizacao","reduzir","Tabela 4, Painel A, coluna 7: interacao NationalPollmargin w1 x LocalSafety t-1; EF ano + EF distrito","nao","entrevistados apos a eleicao (placebo)","beta_sd","","","","","","","","","","-0.536","0.264","0.419","","","","","<0.05","22405","","","NationalPollmarginw1 * LocalSafetyt−1 0.907** 0.951** 0.755* 0.842* -0.607** -0.623 -0.536** -0.257 (0.360) (0.412) (0.396) (0.454) (0.262) (0.399) (0.264) (0.412)","40","",1.27919345053557,0.396963639465265,0.630050505487668,"beta_sd",0,"invertido","","","","","","","","","","","pesquisa_pre_eleitoral","outro_resultado","nao_se_aplica","outro","outro","candidato_partido","real","nao","pluralidade","grave"
"Alabrese2024a-E036","Alabrese2024a","Alabrese2024a","ES1893","painel com efeitos fixos (survey USOC agregado por distrito e data de entrevista; data de entrevista quase aleatoria)","associacao","Parcela de respondentes que nao apoia nenhum partido (Do not support any party)","mobilizacao","reduzir","Tabela 4, Painel A, coluna 8: interacao NationalPollmargin w1 x LocalSafety t-1 + NationalPollmargin + No. of Polls; EF ano + EF distrito","nao","entrevistados apos a eleicao (placebo)","beta_sd","","","","","","","","","","-0.257","0.412","0.419","","","","","","22405","","","NationalPollmarginw1 * LocalSafetyt−1 0.907** 0.951** 0.755* 0.842* -0.607** -0.623 -0.536** -0.257 (0.360) (0.412) (0.396) (0.454) (0.262) (0.399) (0.264) (0.412)","40","",0.613344620872464,0.966801480965794,0.983260637351966,"beta_sd",0,"invertido","","","","","","","","","","","pesquisa_pre_eleitoral","outro_resultado","nao_se_aplica","outro","outro","candidato_partido","real","nao","pluralidade","grave"
"Alabrese2024a-E037","Alabrese2024a","Alabrese2024a","ES1893","painel com efeitos fixos (survey USOC agregado por distrito e data de entrevista; data de entrevista quase aleatoria)","associacao","Parcela de respondentes que nao apoia nenhum partido (Do not support any party)","mobilizacao","reduzir","Tabela 4, Painel A, coluna 2: efeito principal NationalPollmargin w1 (modelo com interacao x LocalSafety e No. of Polls); EF ano","nao","entrevistados antes da eleicao","beta_sd","","","","","","","","","","-0.700","0.333","0.404","","","","","<0.05","14159","","","NationalPollmarginw1 -0.700** -0.654* 0.117 -0.053 (0.333) (0.347) (0.186) (0.193)","40","",1.73258147330971,0.679328318905055,0.824213758017333,"beta_sd",0,"invertido","","","","","","","","","","","pesquisa_pre_eleitoral","outro_resultado","nao_se_aplica","outro","outro","candidato_partido","real","nao","pluralidade","grave"
"Alabrese2024a-E038","Alabrese2024a","Alabrese2024a","ES1893","painel com efeitos fixos (survey USOC agregado por distrito e data de entrevista; data de entrevista quase aleatoria)","associacao","Parcela de respondentes que nao apoia nenhum partido (Do not support any party)","mobilizacao","reduzir","Tabela 4, Painel A, coluna 4: efeito principal NationalPollmargin w1 (modelo com interacao x LocalSafety e No. of Polls); EF ano + EF distrito","nao","entrevistados antes da eleicao","beta_sd","","","","","","","","","","-0.654","0.347","0.404","","","","","<0.1","14156","","","NationalPollmarginw1 -0.700** -0.654* 0.117 -0.053 (0.333) (0.347) (0.186) (0.193)","40","",1.61872610117145,0.737649737249971,0.858865377838676,"beta_sd",0,"invertido","","","","","","","","","","","pesquisa_pre_eleitoral","outro_resultado","nao_se_aplica","outro","outro","candidato_partido","real","nao","pluralidade","grave"
"Alabrese2024a-E039","Alabrese2024a","Alabrese2024a","ES1893","painel com efeitos fixos (survey USOC agregado por distrito e data de entrevista; data de entrevista quase aleatoria)","associacao","Parcela de respondentes que nao apoia nenhum partido (Do not support any party)","mobilizacao","reduzir","Tabela 4, Painel A, coluna 6: efeito principal NationalPollmargin w1 (modelo com interacao x LocalSafety e No. of Polls); EF ano","nao","entrevistados apos a eleicao (placebo)","beta_sd","","","","","","","","","","0.117","0.186","0.419","","","","","","22406","","","NationalPollmarginw1 -0.700** -0.654* 0.117 -0.053 (0.333) (0.347) (0.186) (0.193)","40","",-0.279226928985662,0.197046517906126,0.443899220438745,"beta_sd",0,"invertido","","","","","","","","","","","pesquisa_pre_eleitoral","outro_resultado","nao_se_aplica","outro","outro","candidato_partido","real","nao","pluralidade","grave"
"Alabrese2024a-E040","Alabrese2024a","Alabrese2024a","ES1893","painel com efeitos fixos (survey USOC agregado por distrito e data de entrevista; data de entrevista quase aleatoria)","associacao","Parcela de respondentes que nao apoia nenhum partido (Do not support any party)","mobilizacao","reduzir","Tabela 4, Painel A, coluna 8: efeito principal NationalPollmargin w1 (modelo com interacao x LocalSafety e No. of Polls); EF ano + EF distrito","nao","entrevistados apos a eleicao (placebo)","beta_sd","","","","","","","","","","-0.053","0.193","0.419","","","","","","22405","","","NationalPollmarginw1 -0.700** -0.654* 0.117 -0.053 (0.333) (0.347) (0.186) (0.193)","40","",0.126487412086539,0.21215706219068,0.460605104390605,"beta_sd",0,"invertido","","","","","","","","","","","pesquisa_pre_eleitoral","outro_resultado","nao_se_aplica","outro","outro","candidato_partido","real","nao","pluralidade","grave"
"Alabrese2024a-E041","Alabrese2024a","Alabrese2024a","ES1893","painel com efeitos fixos (survey USOC agregado por distrito e data de entrevista; data de entrevista quase aleatoria)","associacao","Parcela que nao apoia, nao se sente proxima nem votaria em partido amanha (Do not support, feel close or vote a party tomorrow)","mobilizacao","reduzir","Tabela 4, Painel B, coluna 1: interacao NationalPollmargin w1 x LocalSafety t-1; EF ano","nao","entrevistados antes da eleicao","beta_sd","","","","","","","","","","0.826","0.292","","","","","","<0.01","14159","","","NationalPollmarginw1 * LocalSafetyt−1 0.826*** 0.545 0.584* 0.327 -0.698*** -0.181 -0.727*** 0.052 (0.292) (0.331) (0.303) (0.346) (0.200) (0.307) (0.206) (0.324)","40","",,,,"sem_calculo",,"","beta_sd exige sdy > 0 (DP de Y no grupo de controle)","","","","","","","","","","pesquisa_pre_eleitoral","outro_resultado","nao_se_aplica","outro","outro","candidato_partido","real","nao","pluralidade","grave"
"Alabrese2024a-E042","Alabrese2024a","Alabrese2024a","ES1893","painel com efeitos fixos (survey USOC agregado por distrito e data de entrevista; data de entrevista quase aleatoria)","associacao","Parcela que nao apoia, nao se sente proxima nem votaria em partido amanha (Do not support, feel close or vote a party tomorrow)","mobilizacao","reduzir","Tabela 4, Painel B, coluna 2: interacao NationalPollmargin w1 x LocalSafety t-1 + NationalPollmargin + No. of Polls; EF ano","nao","entrevistados antes da eleicao","beta_sd","","","","","","","","","","0.545","0.331","","","","","","","14159","","","NationalPollmarginw1 * LocalSafetyt−1 0.826*** 0.545 0.584* 0.327 -0.698*** -0.181 -0.727*** 0.052 (0.292) (0.331) (0.303) (0.346) (0.200) (0.307) (0.206) (0.324)","40","",,,,"sem_calculo",,"","beta_sd exige sdy > 0 (DP de Y no grupo de controle)","","","","","","","","","","pesquisa_pre_eleitoral","outro_resultado","nao_se_aplica","outro","outro","candidato_partido","real","nao","pluralidade","grave"
"Alabrese2024a-E043","Alabrese2024a","Alabrese2024a","ES1893","painel com efeitos fixos (survey USOC agregado por distrito e data de entrevista; data de entrevista quase aleatoria)","associacao","Parcela que nao apoia, nao se sente proxima nem votaria em partido amanha (Do not support, feel close or vote a party tomorrow)","mobilizacao","reduzir","Tabela 4, Painel B, coluna 3: interacao NationalPollmargin w1 x LocalSafety t-1; EF ano + EF distrito","nao","entrevistados antes da eleicao","beta_sd","","","","","","","","","","0.584","0.303","","","","","","<0.1","14156","","","NationalPollmarginw1 * LocalSafetyt−1 0.826*** 0.545 0.584* 0.327 -0.698*** -0.181 -0.727*** 0.052 (0.292) (0.331) (0.303) (0.346) (0.200) (0.307) (0.206) (0.324)","40","",,,,"sem_calculo",,"","beta_sd exige sdy > 0 (DP de Y no grupo de controle)","","","","","","","","","","pesquisa_pre_eleitoral","outro_resultado","nao_se_aplica","outro","outro","candidato_partido","real","nao","pluralidade","grave"
"Alabrese2024a-E044","Alabrese2024a","Alabrese2024a","ES1893","painel com efeitos fixos (survey USOC agregado por distrito e data de entrevista; data de entrevista quase aleatoria)","associacao","Parcela que nao apoia, nao se sente proxima nem votaria em partido amanha (Do not support, feel close or vote a party tomorrow)","mobilizacao","reduzir","Tabela 4, Painel B, coluna 4: interacao NationalPollmargin w1 x LocalSafety t-1 + NationalPollmargin + No. of Polls; EF ano + EF distrito","nao","entrevistados antes da eleicao","beta_sd","","","","","","","","","","0.327","0.346","","","","","","","14156","","","NationalPollmarginw1 * LocalSafetyt−1 0.826*** 0.545 0.584* 0.327 -0.698*** -0.181 -0.727*** 0.052 (0.292) (0.331) (0.303) (0.346) (0.200) (0.307) (0.206) (0.324)","40","",,,,"sem_calculo",,"","beta_sd exige sdy > 0 (DP de Y no grupo de controle)","","","","","","","","","","pesquisa_pre_eleitoral","outro_resultado","nao_se_aplica","outro","outro","candidato_partido","real","nao","pluralidade","grave"
"Alabrese2024a-E045","Alabrese2024a","Alabrese2024a","ES1893","painel com efeitos fixos (survey USOC agregado por distrito e data de entrevista; data de entrevista quase aleatoria)","associacao","Parcela que nao apoia, nao se sente proxima nem votaria em partido amanha (Do not support, feel close or vote a party tomorrow)","mobilizacao","reduzir","Tabela 4, Painel B, coluna 5: interacao NationalPollmargin w1 x LocalSafety t-1; EF ano","nao","entrevistados apos a eleicao (placebo)","beta_sd","","","","","","","","","","-0.698","0.200","","","","","","<0.01","22406","","","NationalPollmarginw1 * LocalSafetyt−1 0.826*** 0.545 0.584* 0.327 -0.698*** -0.181 -0.727*** 0.052 (0.292) (0.331) (0.303) (0.346) (0.200) (0.307) (0.206) (0.324)","40","",,,,"sem_calculo",,"","beta_sd exige sdy > 0 (DP de Y no grupo de controle)","","","","","","","","","","pesquisa_pre_eleitoral","outro_resultado","nao_se_aplica","outro","outro","candidato_partido","real","nao","pluralidade","grave"
"Alabrese2024a-E046","Alabrese2024a","Alabrese2024a","ES1893","painel com efeitos fixos (survey USOC agregado por distrito e data de entrevista; data de entrevista quase aleatoria)","associacao","Parcela que nao apoia, nao se sente proxima nem votaria em partido amanha (Do not support, feel close or vote a party tomorrow)","mobilizacao","reduzir","Tabela 4, Painel B, coluna 6: interacao NationalPollmargin w1 x LocalSafety t-1 + NationalPollmargin + No. of Polls; EF ano","nao","entrevistados apos a eleicao (placebo)","beta_sd","","","","","","","","","","-0.181","0.307","","","","","","","22406","","","NationalPollmarginw1 * LocalSafetyt−1 0.826*** 0.545 0.584* 0.327 -0.698*** -0.181 -0.727*** 0.052 (0.292) (0.331) (0.303) (0.346) (0.200) (0.307) (0.206) (0.324)","40","",,,,"sem_calculo",,"","beta_sd exige sdy > 0 (DP de Y no grupo de controle)","","","","","","","","","","pesquisa_pre_eleitoral","outro_resultado","nao_se_aplica","outro","outro","candidato_partido","real","nao","pluralidade","grave"
"Alabrese2024a-E047","Alabrese2024a","Alabrese2024a","ES1893","painel com efeitos fixos (survey USOC agregado por distrito e data de entrevista; data de entrevista quase aleatoria)","associacao","Parcela que nao apoia, nao se sente proxima nem votaria em partido amanha (Do not support, feel close or vote a party tomorrow)","mobilizacao","reduzir","Tabela 4, Painel B, coluna 7: interacao NationalPollmargin w1 x LocalSafety t-1; EF ano + EF distrito","nao","entrevistados apos a eleicao (placebo)","beta_sd","","","","","","","","","","-0.727","0.206","","","","","","<0.01","22405","","","NationalPollmarginw1 * LocalSafetyt−1 0.826*** 0.545 0.584* 0.327 -0.698*** -0.181 -0.727*** 0.052 (0.292) (0.331) (0.303) (0.346) (0.200) (0.307) (0.206) (0.324)","40","",,,,"sem_calculo",,"","beta_sd exige sdy > 0 (DP de Y no grupo de controle)","","","","","","","","","","pesquisa_pre_eleitoral","outro_resultado","nao_se_aplica","outro","outro","candidato_partido","real","nao","pluralidade","grave"
"Alabrese2024a-E048","Alabrese2024a","Alabrese2024a","ES1893","painel com efeitos fixos (survey USOC agregado por distrito e data de entrevista; data de entrevista quase aleatoria)","associacao","Parcela que nao apoia, nao se sente proxima nem votaria em partido amanha (Do not support, feel close or vote a party tomorrow)","mobilizacao","reduzir","Tabela 4, Painel B, coluna 8: interacao NationalPollmargin w1 x LocalSafety t-1 + NationalPollmargin + No. of Polls; EF ano + EF distrito","nao","entrevistados apos a eleicao (placebo)","beta_sd","","","","","","","","","","0.052","0.324","","","","","","","22405","","","NationalPollmarginw1 * LocalSafetyt−1 0.826*** 0.545 0.584* 0.327 -0.698*** -0.181 -0.727*** 0.052 (0.292) (0.331) (0.303) (0.346) (0.200) (0.307) (0.206) (0.324)","40","",,,,"sem_calculo",,"","beta_sd exige sdy > 0 (DP de Y no grupo de controle)","","","","","","","","","","pesquisa_pre_eleitoral","outro_resultado","nao_se_aplica","outro","outro","candidato_partido","real","nao","pluralidade","grave"
"Alabrese2024a-E049","Alabrese2024a","Alabrese2024a","ES1893","painel com efeitos fixos (survey USOC agregado por distrito e data de entrevista; data de entrevista quase aleatoria)","associacao","Parcela que nao apoia, nao se sente proxima nem votaria em partido amanha (Do not support, feel close or vote a party tomorrow)","mobilizacao","reduzir","Tabela 4, Painel B, coluna 2: efeito principal NationalPollmargin w1 (modelo com interacao x LocalSafety e No. of Polls); EF ano","nao","entrevistados antes da eleicao","beta_sd","","","","","","","","","","-0.415","0.300","","","","","","","14159","","","NationalPollmarginw1 -0.415 -0.373 -0.284** -0.418*** (0.300) (0.298) (0.139) (0.144)","40","",,,,"sem_calculo",,"","beta_sd exige sdy > 0 (DP de Y no grupo de controle)","","","","","","","","","","pesquisa_pre_eleitoral","outro_resultado","nao_se_aplica","outro","outro","candidato_partido","real","nao","pluralidade","grave"
"Alabrese2024a-E050","Alabrese2024a","Alabrese2024a","ES1893","painel com efeitos fixos (survey USOC agregado por distrito e data de entrevista; data de entrevista quase aleatoria)","associacao","Parcela que nao apoia, nao se sente proxima nem votaria em partido amanha (Do not support, feel close or vote a party tomorrow)","mobilizacao","reduzir","Tabela 4, Painel B, coluna 4: efeito principal NationalPollmargin w1 (modelo com interacao x LocalSafety e No. of Polls); EF ano + EF distrito","nao","entrevistados antes da eleicao","beta_sd","","","","","","","","","","-0.373","0.298","","","","","","","14156","","","NationalPollmarginw1 -0.415 -0.373 -0.284** -0.418*** (0.300) (0.298) (0.139) (0.144)","40","",,,,"sem_calculo",,"","beta_sd exige sdy > 0 (DP de Y no grupo de controle)","","","","","","","","","","pesquisa_pre_eleitoral","outro_resultado","nao_se_aplica","outro","outro","candidato_partido","real","nao","pluralidade","grave"
"Alabrese2024a-E051","Alabrese2024a","Alabrese2024a","ES1893","painel com efeitos fixos (survey USOC agregado por distrito e data de entrevista; data de entrevista quase aleatoria)","associacao","Parcela que nao apoia, nao se sente proxima nem votaria em partido amanha (Do not support, feel close or vote a party tomorrow)","mobilizacao","reduzir","Tabela 4, Painel B, coluna 6: efeito principal NationalPollmargin w1 (modelo com interacao x LocalSafety e No. of Polls); EF ano","nao","entrevistados apos a eleicao (placebo)","beta_sd","","","","","","","","","","-0.284","0.139","","","","","","<0.05","22406","","","NationalPollmarginw1 -0.415 -0.373 -0.284** -0.418*** (0.300) (0.298) (0.139) (0.144)","40","",,,,"sem_calculo",,"","beta_sd exige sdy > 0 (DP de Y no grupo de controle)","","","","","","","","","","pesquisa_pre_eleitoral","outro_resultado","nao_se_aplica","outro","outro","candidato_partido","real","nao","pluralidade","grave"
"Alabrese2024a-E052","Alabrese2024a","Alabrese2024a","ES1893","painel com efeitos fixos (survey USOC agregado por distrito e data de entrevista; data de entrevista quase aleatoria)","associacao","Parcela que nao apoia, nao se sente proxima nem votaria em partido amanha (Do not support, feel close or vote a party tomorrow)","mobilizacao","reduzir","Tabela 4, Painel B, coluna 8: efeito principal NationalPollmargin w1 (modelo com interacao x LocalSafety e No. of Polls); EF ano + EF distrito","nao","entrevistados apos a eleicao (placebo)","beta_sd","","","","","","","","","","-0.418","0.144","","","","","","<0.01","22405","","","NationalPollmarginw1 -0.415 -0.373 -0.284** -0.418*** (0.300) (0.298) (0.139) (0.144)","40","",,,,"sem_calculo",,"","beta_sd exige sdy > 0 (DP de Y no grupo de controle)","","","","","","","","","","pesquisa_pre_eleitoral","outro_resultado","nao_se_aplica","outro","outro","candidato_partido","real","nao","pluralidade","grave"
"Alabrese2024a-E053","Alabrese2024a","Alabrese2024a","ES1893","painel com efeitos fixos (survey USOC agregado por distrito e data de entrevista; data de entrevista quase aleatoria)","associacao","Parcela de respondentes que nao apoia nenhum partido (Do not support any party)","mobilizacao","reduzir","Tabela A.8, Painel A, coluna 1: interacao NationalPollmargin w2 x LocalSafety t-1; EF ano","nao","entrevistados antes da eleicao","beta_sd","","","","","","","","","","0.650","0.363","0.404","","","","","<0.1","13872","","","NationalPollmarginw2 * LocalSafetyt−1 0.650* 0.814** 0.414 0.683 -0.443 0.295 -0.432 0.483 (0.363) (0.398) (0.395) (0.430) (0.274) (0.439) (0.288) (0.480)","58","",-1.60882389001351,0.807241628858993,0.89846626473062,"beta_sd",0,"invertido","","","","","","","","","","","pesquisa_pre_eleitoral","outro_resultado","nao_se_aplica","outro","outro","candidato_partido","real","nao","pluralidade","grave"
"Alabrese2024a-E054","Alabrese2024a","Alabrese2024a","ES1893","painel com efeitos fixos (survey USOC agregado por distrito e data de entrevista; data de entrevista quase aleatoria)","associacao","Parcela de respondentes que nao apoia nenhum partido (Do not support any party)","mobilizacao","reduzir","Tabela A.8, Painel A, coluna 2: interacao NationalPollmargin w2 x LocalSafety t-1 + NationalPollmargin + No. of Polls; EF ano","nao","entrevistados antes da eleicao","beta_sd","","","","","","","","","","0.814","0.398","0.404","","","","","<0.05","13872","","","NationalPollmarginw2 * LocalSafetyt−1 0.650* 0.814** 0.414 0.683 -0.443 0.295 -0.432 0.483 (0.363) (0.398) (0.395) (0.430) (0.274) (0.439) (0.288) (0.480)","58","",-2.0147425330323,0.970412638615911,0.985095243423656,"beta_sd",0,"invertido","|g| > 2: conferir extração (EP lido como DP, unidades, sinal)","","","","","","","","","","pesquisa_pre_eleitoral","outro_resultado","nao_se_aplica","outro","outro","candidato_partido","real","nao","pluralidade","grave"
"Alabrese2024a-E055","Alabrese2024a","Alabrese2024a","ES1893","painel com efeitos fixos (survey USOC agregado por distrito e data de entrevista; data de entrevista quase aleatoria)","associacao","Parcela de respondentes que nao apoia nenhum partido (Do not support any party)","mobilizacao","reduzir","Tabela A.8, Painel A, coluna 3: interacao NationalPollmargin w2 x LocalSafety t-1; EF ano + EF distrito","nao","entrevistados antes da eleicao","beta_sd","","","","","","","","","","0.414","0.395","0.404","","","","","","13869","","","NationalPollmarginw2 * LocalSafetyt−1 0.650* 0.814** 0.414 0.683 -0.443 0.295 -0.432 0.483 (0.363) (0.398) (0.395) (0.430) (0.274) (0.439) (0.288) (0.480)","58","",-1.02469705026644,0.955838415679368,0.977669890954697,"beta_sd",0,"invertido","","","","","","","","","","","pesquisa_pre_eleitoral","outro_resultado","nao_se_aplica","outro","outro","candidato_partido","real","nao","pluralidade","grave"
"Alabrese2024a-E056","Alabrese2024a","Alabrese2024a","ES1893","painel com efeitos fixos (survey USOC agregado por distrito e data de entrevista; data de entrevista quase aleatoria)","associacao","Parcela de respondentes que nao apoia nenhum partido (Do not support any party)","mobilizacao","reduzir","Tabela A.8, Painel A, coluna 4: interacao NationalPollmargin w2 x LocalSafety t-1 + NationalPollmargin + No. of Polls; EF ano + EF distrito","nao","entrevistados antes da eleicao","beta_sd","","","","","","","","","","0.683","0.430","0.404","","","","","","13869","","","NationalPollmarginw2 * LocalSafetyt−1 0.650* 0.814** 0.414 0.683 -0.443 0.295 -0.432 0.483 (0.363) (0.398) (0.395) (0.430) (0.274) (0.439) (0.288) (0.480)","58","",-1.69050262157483,1.13273208177609,1.06429886863423,"beta_sd",0,"invertido","","","","","","","","","","","pesquisa_pre_eleitoral","outro_resultado","nao_se_aplica","outro","outro","candidato_partido","real","nao","pluralidade","grave"
"Alabrese2024a-E057","Alabrese2024a","Alabrese2024a","ES1893","painel com efeitos fixos (survey USOC agregado por distrito e data de entrevista; data de entrevista quase aleatoria)","associacao","Parcela de respondentes que nao apoia nenhum partido (Do not support any party)","mobilizacao","reduzir","Tabela A.8, Painel A, coluna 5: interacao NationalPollmargin w2 x LocalSafety t-1; EF ano","nao","entrevistados apos a eleicao (placebo)","beta_sd","","","","","","","","","","-0.443","0.274","0.419","","","","","","21388","","","NationalPollmarginw2 * LocalSafetyt−1 0.650* 0.814** 0.414 0.683 -0.443 0.295 -0.432 0.483 (0.363) (0.398) (0.395) (0.430) (0.274) (0.439) (0.288) (0.480)","58","",1.05724215740764,0.427604845321155,0.653915013836779,"beta_sd",0,"invertido","","","","","","","","","","","pesquisa_pre_eleitoral","outro_resultado","nao_se_aplica","outro","outro","candidato_partido","real","nao","pluralidade","grave"
"Alabrese2024a-E058","Alabrese2024a","Alabrese2024a","ES1893","painel com efeitos fixos (survey USOC agregado por distrito e data de entrevista; data de entrevista quase aleatoria)","associacao","Parcela de respondentes que nao apoia nenhum partido (Do not support any party)","mobilizacao","reduzir","Tabela A.8, Painel A, coluna 6: interacao NationalPollmargin w2 x LocalSafety t-1 + NationalPollmargin + No. of Polls; EF ano","nao","entrevistados apos a eleicao (placebo)","beta_sd","","","","","","","","","","0.295","0.439","0.419","","","","","","21388","","","NationalPollmarginw2 * LocalSafetyt−1 0.650* 0.814** 0.414 0.683 -0.443 0.295 -0.432 0.483 (0.363) (0.398) (0.395) (0.430) (0.274) (0.439) (0.288) (0.480)","58","",-0.704032587889963,1.09766680956815,1.04769595282608,"beta_sd",0,"invertido","","","","","","","","","","","pesquisa_pre_eleitoral","outro_resultado","nao_se_aplica","outro","outro","candidato_partido","real","nao","pluralidade","grave"
"Alabrese2024a-E059","Alabrese2024a","Alabrese2024a","ES1893","painel com efeitos fixos (survey USOC agregado por distrito e data de entrevista; data de entrevista quase aleatoria)","associacao","Parcela de respondentes que nao apoia nenhum partido (Do not support any party)","mobilizacao","reduzir","Tabela A.8, Painel A, coluna 7: interacao NationalPollmargin w2 x LocalSafety t-1; EF ano + EF distrito","nao","entrevistados apos a eleicao (placebo)","beta_sd","","","","","","","","","","-0.432","0.288","0.419","","","","","","21388","","","NationalPollmarginw2 * LocalSafetyt−1 0.650* 0.814** 0.414 0.683 -0.443 0.295 -0.432 0.483 (0.363) (0.398) (0.395) (0.430) (0.274) (0.439) (0.288) (0.480)","58","",1.03099009480835,0.47241803359686,0.687326729872235,"beta_sd",0,"invertido","","","","","","","","","","","pesquisa_pre_eleitoral","outro_resultado","nao_se_aplica","outro","outro","candidato_partido","real","nao","pluralidade","grave"
"Alabrese2024a-E060","Alabrese2024a","Alabrese2024a","ES1893","painel com efeitos fixos (survey USOC agregado por distrito e data de entrevista; data de entrevista quase aleatoria)","associacao","Parcela de respondentes que nao apoia nenhum partido (Do not support any party)","mobilizacao","reduzir","Tabela A.8, Painel A, coluna 8: interacao NationalPollmargin w2 x LocalSafety t-1 + NationalPollmargin + No. of Polls; EF ano + EF distrito","nao","entrevistados apos a eleicao (placebo)","beta_sd","","","","","","","","","","0.483","0.480","0.419","","","","","","21388","","","NationalPollmarginw2 * LocalSafetyt−1 0.650* 0.814** 0.414 0.683 -0.443 0.295 -0.432 0.483 (0.363) (0.398) (0.395) (0.430) (0.274) (0.439) (0.288) (0.480)","58","",-1.15270420322323,1.31227231554683,1.14554454978706,"beta_sd",0,"invertido","","","","","","","","","","","pesquisa_pre_eleitoral","outro_resultado","nao_se_aplica","outro","outro","candidato_partido","real","nao","pluralidade","grave"
"Alabrese2024a-E061","Alabrese2024a","Alabrese2024a","ES1893","painel com efeitos fixos (survey USOC agregado por distrito e data de entrevista; data de entrevista quase aleatoria)","associacao","Parcela de respondentes que nao apoia nenhum partido (Do not support any party)","mobilizacao","reduzir","Tabela A.8, Painel A, coluna 2: efeito principal NationalPollmargin w2 (modelo com interacao x LocalSafety e No. of Polls); EF ano","nao","entrevistados antes da eleicao","beta_sd","","","","","","","","","","-0.916","0.321","0.404","","","","","<0.01","13872","","","NationalPollmarginw2 -0.916*** -0.905*** -0.281 -0.360* (0.321) (0.329) (0.201) (0.217)","58","",2.26720412808057,0.631248508217104,0.794511490298978,"beta_sd",0,"invertido","|g| > 2: conferir extração (EP lido como DP, unidades, sinal)","","","","","","","","","","pesquisa_pre_eleitoral","outro_resultado","nao_se_aplica","outro","outro","candidato_partido","real","nao","pluralidade","grave"
"Alabrese2024a-E062","Alabrese2024a","Alabrese2024a","ES1893","painel com efeitos fixos (survey USOC agregado por distrito e data de entrevista; data de entrevista quase aleatoria)","associacao","Parcela de respondentes que nao apoia nenhum partido (Do not support any party)","mobilizacao","reduzir","Tabela A.8, Painel A, coluna 4: efeito principal NationalPollmargin w2 (modelo com interacao x LocalSafety e No. of Polls); EF ano + EF distrito","nao","entrevistados antes da eleicao","beta_sd","","","","","","","","","","-0.905","0.329","0.404","","","","","<0.01","13869","","","NationalPollmarginw2 -0.916*** -0.905*** -0.281 -0.360* (0.321) (0.329) (0.201) (0.217)","58","",2.23997785142785,0.663104668813014,0.814312390187583,"beta_sd",0,"invertido","|g| > 2: conferir extração (EP lido como DP, unidades, sinal)","","","","","","","","","","pesquisa_pre_eleitoral","outro_resultado","nao_se_aplica","outro","outro","candidato_partido","real","nao","pluralidade","grave"
"Alabrese2024a-E063","Alabrese2024a","Alabrese2024a","ES1893","painel com efeitos fixos (survey USOC agregado por distrito e data de entrevista; data de entrevista quase aleatoria)","associacao","Parcela de respondentes que nao apoia nenhum partido (Do not support any party)","mobilizacao","reduzir","Tabela A.8, Painel A, coluna 6: efeito principal NationalPollmargin w2 (modelo com interacao x LocalSafety e No. of Polls); EF ano","nao","entrevistados apos a eleicao (placebo)","beta_sd","","","","","","","","","","-0.281","0.201","0.419","","","","","","21388","","","NationalPollmarginw2 -0.916*** -0.905*** -0.281 -0.360* (0.321) (0.329) (0.201) (0.217)","58","",0.670620871854507,0.230109000956631,0.479696780223331,"beta_sd",0,"invertido","","","","","","","","","","","pesquisa_pre_eleitoral","outro_resultado","nao_se_aplica","outro","outro","candidato_partido","real","nao","pluralidade","grave"
"Alabrese2024a-E064","Alabrese2024a","Alabrese2024a","ES1893","painel com efeitos fixos (survey USOC agregado por distrito e data de entrevista; data de entrevista quase aleatoria)","associacao","Parcela de respondentes que nao apoia nenhum partido (Do not support any party)","mobilizacao","reduzir","Tabela A.8, Painel A, coluna 8: efeito principal NationalPollmargin w2 (modelo com interacao x LocalSafety e No. of Polls); EF ano + EF distrito","nao","entrevistados apos a eleicao (placebo)","beta_sd","","","","","","","","","","-0.360","0.217","0.419","","","","","<0.1","21388","","","NationalPollmarginw2 -0.916*** -0.905*** -0.281 -0.360* (0.321) (0.329) (0.201) (0.217)","58","",0.859158412340294,0.268201350116254,0.517881598549566,"beta_sd",0,"invertido","","","","","","","","","","","pesquisa_pre_eleitoral","outro_resultado","nao_se_aplica","outro","outro","candidato_partido","real","nao","pluralidade","grave"
"Alabrese2024a-E065","Alabrese2024a","Alabrese2024a","ES1893","painel com efeitos fixos (survey USOC agregado por distrito e data de entrevista; data de entrevista quase aleatoria)","associacao","Parcela que nao apoia, nao se sente proxima nem votaria em partido amanha (Do not support, feel close or vote a party tomorrow)","mobilizacao","reduzir","Tabela A.8, Painel B, coluna 1: interacao NationalPollmargin w2 x LocalSafety t-1; EF ano","nao","entrevistados antes da eleicao","beta_sd","","","","","","","","","","0.880","0.278","","","","","","<0.01","13872","","","NationalPollmarginw2 * LocalSafetyt−1 0.880*** 0.570* 0.668** 0.383 -0.461** 0.139 -0.436** 0.504 (0.278) (0.320) (0.289) (0.343) (0.202) (0.309) (0.205) (0.313)","58","",,,,"sem_calculo",,"","beta_sd exige sdy > 0 (DP de Y no grupo de controle)","","","","","","","","","","pesquisa_pre_eleitoral","outro_resultado","nao_se_aplica","outro","outro","candidato_partido","real","nao","pluralidade","grave"
"Alabrese2024a-E066","Alabrese2024a","Alabrese2024a","ES1893","painel com efeitos fixos (survey USOC agregado por distrito e data de entrevista; data de entrevista quase aleatoria)","associacao","Parcela que nao apoia, nao se sente proxima nem votaria em partido amanha (Do not support, feel close or vote a party tomorrow)","mobilizacao","reduzir","Tabela A.8, Painel B, coluna 2: interacao NationalPollmargin w2 x LocalSafety t-1 + NationalPollmargin + No. of Polls; EF ano","nao","entrevistados antes da eleicao","beta_sd","","","","","","","","","","0.570","0.320","","","","","","<0.1","13872","","","NationalPollmarginw2 * LocalSafetyt−1 0.880*** 0.570* 0.668** 0.383 -0.461** 0.139 -0.436** 0.504 (0.278) (0.320) (0.289) (0.343) (0.202) (0.309) (0.205) (0.313)","58","",,,,"sem_calculo",,"","beta_sd exige sdy > 0 (DP de Y no grupo de controle)","","","","","","","","","","pesquisa_pre_eleitoral","outro_resultado","nao_se_aplica","outro","outro","candidato_partido","real","nao","pluralidade","grave"
"Alabrese2024a-E067","Alabrese2024a","Alabrese2024a","ES1893","painel com efeitos fixos (survey USOC agregado por distrito e data de entrevista; data de entrevista quase aleatoria)","associacao","Parcela que nao apoia, nao se sente proxima nem votaria em partido amanha (Do not support, feel close or vote a party tomorrow)","mobilizacao","reduzir","Tabela A.8, Painel B, coluna 3: interacao NationalPollmargin w2 x LocalSafety t-1; EF ano + EF distrito","nao","entrevistados antes da eleicao","beta_sd","","","","","","","","","","0.668","0.289","","","","","","<0.05","13869","","","NationalPollmarginw2 * LocalSafetyt−1 0.880*** 0.570* 0.668** 0.383 -0.461** 0.139 -0.436** 0.504 (0.278) (0.320) (0.289) (0.343) (0.202) (0.309) (0.205) (0.313)","58","",,,,"sem_calculo",,"","beta_sd exige sdy > 0 (DP de Y no grupo de controle)","","","","","","","","","","pesquisa_pre_eleitoral","outro_resultado","nao_se_aplica","outro","outro","candidato_partido","real","nao","pluralidade","grave"
"Alabrese2024a-E068","Alabrese2024a","Alabrese2024a","ES1893","painel com efeitos fixos (survey USOC agregado por distrito e data de entrevista; data de entrevista quase aleatoria)","associacao","Parcela que nao apoia, nao se sente proxima nem votaria em partido amanha (Do not support, feel close or vote a party tomorrow)","mobilizacao","reduzir","Tabela A.8, Painel B, coluna 4: interacao NationalPollmargin w2 x LocalSafety t-1 + NationalPollmargin + No. of Polls; EF ano + EF distrito","nao","entrevistados antes da eleicao","beta_sd","","","","","","","","","","0.383","0.343","","","","","","","13869","","","NationalPollmarginw2 * LocalSafetyt−1 0.880*** 0.570* 0.668** 0.383 -0.461** 0.139 -0.436** 0.504 (0.278) (0.320) (0.289) (0.343) (0.202) (0.309) (0.205) (0.313)","58","",,,,"sem_calculo",,"","beta_sd exige sdy > 0 (DP de Y no grupo de controle)","","","","","","","","","","pesquisa_pre_eleitoral","outro_resultado","nao_se_aplica","outro","outro","candidato_partido","real","nao","pluralidade","grave"
"Alabrese2024a-E069","Alabrese2024a","Alabrese2024a","ES1893","painel com efeitos fixos (survey USOC agregado por distrito e data de entrevista; data de entrevista quase aleatoria)","associacao","Parcela que nao apoia, nao se sente proxima nem votaria em partido amanha (Do not support, feel close or vote a party tomorrow)","mobilizacao","reduzir","Tabela A.8, Painel B, coluna 5: interacao NationalPollmargin w2 x LocalSafety t-1; EF ano","nao","entrevistados apos a eleicao (placebo)","beta_sd","","","","","","","","","","-0.461","0.202","","","","","","<0.05","21388","","","NationalPollmarginw2 * LocalSafetyt−1 0.880*** 0.570* 0.668** 0.383 -0.461** 0.139 -0.436** 0.504 (0.278) (0.320) (0.289) (0.343) (0.202) (0.309) (0.205) (0.313)","58","",,,,"sem_calculo",,"","beta_sd exige sdy > 0 (DP de Y no grupo de controle)","","","","","","","","","","pesquisa_pre_eleitoral","outro_resultado","nao_se_aplica","outro","outro","candidato_partido","real","nao","pluralidade","grave"
"Alabrese2024a-E070","Alabrese2024a","Alabrese2024a","ES1893","painel com efeitos fixos (survey USOC agregado por distrito e data de entrevista; data de entrevista quase aleatoria)","associacao","Parcela que nao apoia, nao se sente proxima nem votaria em partido amanha (Do not support, feel close or vote a party tomorrow)","mobilizacao","reduzir","Tabela A.8, Painel B, coluna 6: interacao NationalPollmargin w2 x LocalSafety t-1 + NationalPollmargin + No. of Polls; EF ano","nao","entrevistados apos a eleicao (placebo)","beta_sd","","","","","","","","","","0.139","0.309","","","","","","","21388","","","NationalPollmarginw2 * LocalSafetyt−1 0.880*** 0.570* 0.668** 0.383 -0.461** 0.139 -0.436** 0.504 (0.278) (0.320) (0.289) (0.343) (0.202) (0.309) (0.205) (0.313)","58","",,,,"sem_calculo",,"","beta_sd exige sdy > 0 (DP de Y no grupo de controle)","","","","","","","","","","pesquisa_pre_eleitoral","outro_resultado","nao_se_aplica","outro","outro","candidato_partido","real","nao","pluralidade","grave"
"Alabrese2024a-E071","Alabrese2024a","Alabrese2024a","ES1893","painel com efeitos fixos (survey USOC agregado por distrito e data de entrevista; data de entrevista quase aleatoria)","associacao","Parcela que nao apoia, nao se sente proxima nem votaria em partido amanha (Do not support, feel close or vote a party tomorrow)","mobilizacao","reduzir","Tabela A.8, Painel B, coluna 7: interacao NationalPollmargin w2 x LocalSafety t-1; EF ano + EF distrito","nao","entrevistados apos a eleicao (placebo)","beta_sd","","","","","","","","","","-0.436","0.205","","","","","","<0.05","21388","","","NationalPollmarginw2 * LocalSafetyt−1 0.880*** 0.570* 0.668** 0.383 -0.461** 0.139 -0.436** 0.504 (0.278) (0.320) (0.289) (0.343) (0.202) (0.309) (0.205) (0.313)","58","",,,,"sem_calculo",,"","beta_sd exige sdy > 0 (DP de Y no grupo de controle)","","","","","","","","","","pesquisa_pre_eleitoral","outro_resultado","nao_se_aplica","outro","outro","candidato_partido","real","nao","pluralidade","grave"
"Alabrese2024a-E072","Alabrese2024a","Alabrese2024a","ES1893","painel com efeitos fixos (survey USOC agregado por distrito e data de entrevista; data de entrevista quase aleatoria)","associacao","Parcela que nao apoia, nao se sente proxima nem votaria em partido amanha (Do not support, feel close or vote a party tomorrow)","mobilizacao","reduzir","Tabela A.8, Painel B, coluna 8: interacao NationalPollmargin w2 x LocalSafety t-1 + NationalPollmargin + No. of Polls; EF ano + EF distrito","nao","entrevistados apos a eleicao (placebo)","beta_sd","","","","","","","","","","0.504","0.313","","","","","","","21388","","","NationalPollmarginw2 * LocalSafetyt−1 0.880*** 0.570* 0.668** 0.383 -0.461** 0.139 -0.436** 0.504 (0.278) (0.320) (0.289) (0.343) (0.202) (0.309) (0.205) (0.313)","58","",,,,"sem_calculo",,"","beta_sd exige sdy > 0 (DP de Y no grupo de controle)","","","","","","","","","","pesquisa_pre_eleitoral","outro_resultado","nao_se_aplica","outro","outro","candidato_partido","real","nao","pluralidade","grave"
"Alabrese2024a-E073","Alabrese2024a","Alabrese2024a","ES1893","painel com efeitos fixos (survey USOC agregado por distrito e data de entrevista; data de entrevista quase aleatoria)","associacao","Parcela que nao apoia, nao se sente proxima nem votaria em partido amanha (Do not support, feel close or vote a party tomorrow)","mobilizacao","reduzir","Tabela A.8, Painel B, coluna 2: efeito principal NationalPollmargin w2 (modelo com interacao x LocalSafety e No. of Polls); EF ano","nao","entrevistados antes da eleicao","beta_sd","","","","","","","","","","-0.235","0.271","","","","","","","13872","","","NationalPollmarginw2 -0.235 -0.197 -0.245* -0.410*** (0.271) (0.282) (0.146) (0.146)","58","",,,,"sem_calculo",,"","beta_sd exige sdy > 0 (DP de Y no grupo de controle)","","","","","","","","","","pesquisa_pre_eleitoral","outro_resultado","nao_se_aplica","outro","outro","candidato_partido","real","nao","pluralidade","grave"
"Alabrese2024a-E074","Alabrese2024a","Alabrese2024a","ES1893","painel com efeitos fixos (survey USOC agregado por distrito e data de entrevista; data de entrevista quase aleatoria)","associacao","Parcela que nao apoia, nao se sente proxima nem votaria em partido amanha (Do not support, feel close or vote a party tomorrow)","mobilizacao","reduzir","Tabela A.8, Painel B, coluna 4: efeito principal NationalPollmargin w2 (modelo com interacao x LocalSafety e No. of Polls); EF ano + EF distrito","nao","entrevistados antes da eleicao","beta_sd","","","","","","","","","","-0.197","0.282","","","","","","","13869","","","NationalPollmarginw2 -0.235 -0.197 -0.245* -0.410*** (0.271) (0.282) (0.146) (0.146)","58","",,,,"sem_calculo",,"","beta_sd exige sdy > 0 (DP de Y no grupo de controle)","","","","","","","","","","pesquisa_pre_eleitoral","outro_resultado","nao_se_aplica","outro","outro","candidato_partido","real","nao","pluralidade","grave"
"Alabrese2024a-E075","Alabrese2024a","Alabrese2024a","ES1893","painel com efeitos fixos (survey USOC agregado por distrito e data de entrevista; data de entrevista quase aleatoria)","associacao","Parcela que nao apoia, nao se sente proxima nem votaria em partido amanha (Do not support, feel close or vote a party tomorrow)","mobilizacao","reduzir","Tabela A.8, Painel B, coluna 6: efeito principal NationalPollmargin w2 (modelo com interacao x LocalSafety e No. of Polls); EF ano","nao","entrevistados apos a eleicao (placebo)","beta_sd","","","","","","","","","","-0.245","0.146","","","","","","<0.1","21388","","","NationalPollmarginw2 -0.235 -0.197 -0.245* -0.410*** (0.271) (0.282) (0.146) (0.146)","58","",,,,"sem_calculo",,"","beta_sd exige sdy > 0 (DP de Y no grupo de controle)","","","","","","","","","","pesquisa_pre_eleitoral","outro_resultado","nao_se_aplica","outro","outro","candidato_partido","real","nao","pluralidade","grave"
"Alabrese2024a-E076","Alabrese2024a","Alabrese2024a","ES1893","painel com efeitos fixos (survey USOC agregado por distrito e data de entrevista; data de entrevista quase aleatoria)","associacao","Parcela que nao apoia, nao se sente proxima nem votaria em partido amanha (Do not support, feel close or vote a party tomorrow)","mobilizacao","reduzir","Tabela A.8, Painel B, coluna 8: efeito principal NationalPollmargin w2 (modelo com interacao x LocalSafety e No. of Polls); EF ano + EF distrito","nao","entrevistados apos a eleicao (placebo)","beta_sd","","","","","","","","","","-0.410","0.146","","","","","","<0.01","21388","","","NationalPollmarginw2 -0.235 -0.197 -0.245* -0.410*** (0.271) (0.282) (0.146) (0.146)","58","",,,,"sem_calculo",,"","beta_sd exige sdy > 0 (DP de Y no grupo de controle)","","","","","","","","","","pesquisa_pre_eleitoral","outro_resultado","nao_se_aplica","outro","outro","candidato_partido","real","nao","pluralidade","grave"
"Alabrese2024a-E077","Alabrese2024a","Alabrese2024a","ES1893","painel com efeitos fixos (survey USOC agregado por distrito e data de entrevista; data de entrevista quase aleatoria)","associacao","Parcela de respondentes que nao apoia nenhum partido (Do not support any party)","mobilizacao","reduzir","Tabela A.9, Painel A, coluna 1: interacao NationalPollmargin w3 x LocalSafety t-1; EF ano","nao","entrevistados antes da eleicao","beta_sd","","","","","","","","","","1.055","0.347","0.404","","","","","<0.01","13943","","","NationalPollmarginw3 * Adj. margint−1 1.055*** 0.977** 0.897** 0.859** -0.541** -0.672 -0.493* -0.351 (0.347) (0.401) (0.384) (0.437) (0.256) (0.414) (0.263) (0.443)","59","",-2.61124564835301,0.737648542749754,0.85886468244407,"beta_sd",0,"invertido","|g| > 2: conferir extração (EP lido como DP, unidades, sinal)","","","","","","","","","","pesquisa_pre_eleitoral","outro_resultado","nao_se_aplica","outro","outro","candidato_partido","real","nao","pluralidade","grave"
"Alabrese2024a-E078","Alabrese2024a","Alabrese2024a","ES1893","painel com efeitos fixos (survey USOC agregado por distrito e data de entrevista; data de entrevista quase aleatoria)","associacao","Parcela de respondentes que nao apoia nenhum partido (Do not support any party)","mobilizacao","reduzir","Tabela A.9, Painel A, coluna 2: interacao NationalPollmargin w3 x LocalSafety t-1 + NationalPollmargin + No. of Polls; EF ano","nao","entrevistados antes da eleicao","beta_sd","","","","","","","","","","0.977","0.401","0.404","","","","","<0.05","13943","","","NationalPollmarginw3 * Adj. margint−1 1.055*** 0.977** 0.897** 0.859** -0.541** -0.672 -0.493* -0.351 (0.347) (0.401) (0.384) (0.437) (0.256) (0.414) (0.263) (0.443)","59","",-2.41818672837999,0.985097653187911,0.992520857810007,"beta_sd",0,"invertido","|g| > 2: conferir extração (EP lido como DP, unidades, sinal)","","","","","","","","","","pesquisa_pre_eleitoral","outro_resultado","nao_se_aplica","outro","outro","candidato_partido","real","nao","pluralidade","grave"
"Alabrese2024a-E079","Alabrese2024a","Alabrese2024a","ES1893","painel com efeitos fixos (survey USOC agregado por distrito e data de entrevista; data de entrevista quase aleatoria)","associacao","Parcela de respondentes que nao apoia nenhum partido (Do not support any party)","mobilizacao","reduzir","Tabela A.9, Painel A, coluna 3: interacao NationalPollmargin w3 x LocalSafety t-1; EF ano + EF distrito","nao","entrevistados antes da eleicao","beta_sd","","","","","","","","","","0.897","0.384","0.404","","","","","<0.05","13941","","","NationalPollmarginw3 * Adj. margint−1 1.055*** 0.977** 0.897** 0.859** -0.541** -0.672 -0.493* -0.351 (0.347) (0.401) (0.384) (0.437) (0.256) (0.414) (0.263) (0.443)","59","",-2.22017756255044,0.903343619167479,0.95044390637611,"beta_sd",0,"invertido","|g| > 2: conferir extração (EP lido como DP, unidades, sinal)","","","","","","","","","","pesquisa_pre_eleitoral","outro_resultado","nao_se_aplica","outro","outro","candidato_partido","real","nao","pluralidade","grave"
"Alabrese2024a-E080","Alabrese2024a","Alabrese2024a","ES1893","painel com efeitos fixos (survey USOC agregado por distrito e data de entrevista; data de entrevista quase aleatoria)","associacao","Parcela de respondentes que nao apoia nenhum partido (Do not support any party)","mobilizacao","reduzir","Tabela A.9, Painel A, coluna 4: interacao NationalPollmargin w3 x LocalSafety t-1 + NationalPollmargin + No. of Polls; EF ano + EF distrito","nao","entrevistados antes da eleicao","beta_sd","","","","","","","","","","0.859","0.437","0.404","","","","","<0.05","13941","","","NationalPollmarginw3 * Adj. margint−1 1.055*** 0.977** 0.897** 0.859** -0.541** -0.672 -0.493* -0.351 (0.347) (0.401) (0.384) (0.437) (0.256) (0.414) (0.263) (0.443)","59","",-2.12612321764864,1.16991256787648,1.08162496637073,"beta_sd",0,"invertido","|g| > 2: conferir extração (EP lido como DP, unidades, sinal)","","","","","","","","","","pesquisa_pre_eleitoral","outro_resultado","nao_se_aplica","outro","outro","candidato_partido","real","nao","pluralidade","grave"
"Alabrese2024a-E081","Alabrese2024a","Alabrese2024a","ES1893","painel com efeitos fixos (survey USOC agregado por distrito e data de entrevista; data de entrevista quase aleatoria)","associacao","Parcela de respondentes que nao apoia nenhum partido (Do not support any party)","mobilizacao","reduzir","Tabela A.9, Painel A, coluna 5: interacao NationalPollmargin w3 x LocalSafety t-1; EF ano","nao","entrevistados apos a eleicao (placebo)","beta_sd","","","","","","","","","","-0.541","0.256","0.419","","","","","<0.05","20519","","","NationalPollmarginw3 * Adj. margint−1 1.055*** 0.977** 0.897** 0.859** -0.541** -0.672 -0.493* -0.351 (0.347) (0.401) (0.384) (0.437) (0.256) (0.414) (0.263) (0.443)","59","",1.29112225173255,0.373267460799546,0.610956185662725,"beta_sd",0,"invertido","","","","","","","","","","","pesquisa_pre_eleitoral","outro_resultado","nao_se_aplica","outro","outro","candidato_partido","real","nao","pluralidade","grave"
"Alabrese2024a-E082","Alabrese2024a","Alabrese2024a","ES1893","painel com efeitos fixos (survey USOC agregado por distrito e data de entrevista; data de entrevista quase aleatoria)","associacao","Parcela de respondentes que nao apoia nenhum partido (Do not support any party)","mobilizacao","reduzir","Tabela A.9, Painel A, coluna 6: interacao NationalPollmargin w3 x LocalSafety t-1 + NationalPollmargin + No. of Polls; EF ano","nao","entrevistados apos a eleicao (placebo)","beta_sd","","","","","","","","","","-0.672","0.414","0.419","","","","","","20519","","","NationalPollmarginw3 * Adj. margint−1 1.055*** 0.977** 0.897** 0.859** -0.541** -0.672 -0.493* -0.351 (0.347) (0.401) (0.384) (0.437) (0.256) (0.414) (0.263) (0.443)","59","",1.60375998736465,0.97620467698973,0.988030706501437,"beta_sd",0,"invertido","","","","","","","","","","","pesquisa_pre_eleitoral","outro_resultado","nao_se_aplica","outro","outro","candidato_partido","real","nao","pluralidade","grave"
"Alabrese2024a-E083","Alabrese2024a","Alabrese2024a","ES1893","painel com efeitos fixos (survey USOC agregado por distrito e data de entrevista; data de entrevista quase aleatoria)","associacao","Parcela de respondentes que nao apoia nenhum partido (Do not support any party)","mobilizacao","reduzir","Tabela A.9, Painel A, coluna 7: interacao NationalPollmargin w3 x LocalSafety t-1; EF ano + EF distrito","nao","entrevistados apos a eleicao (placebo)","beta_sd","","","","","","","","","","-0.493","0.263","0.419","","","","","<0.1","20519","","","NationalPollmarginw3 * Adj. margint−1 1.055*** 0.977** 0.897** 0.859** -0.541** -0.672 -0.493* -0.351 (0.347) (0.401) (0.384) (0.437) (0.256) (0.414) (0.263) (0.443)","59","",1.17656796692079,0.393959609924984,0.62766201886444,"beta_sd",0,"invertido","","","","","","","","","","","pesquisa_pre_eleitoral","outro_resultado","nao_se_aplica","outro","outro","candidato_partido","real","nao","pluralidade","grave"
"Alabrese2024a-E084","Alabrese2024a","Alabrese2024a","ES1893","painel com efeitos fixos (survey USOC agregado por distrito e data de entrevista; data de entrevista quase aleatoria)","associacao","Parcela de respondentes que nao apoia nenhum partido (Do not support any party)","mobilizacao","reduzir","Tabela A.9, Painel A, coluna 8: interacao NationalPollmargin w3 x LocalSafety t-1 + NationalPollmargin + No. of Polls; EF ano + EF distrito","nao","entrevistados apos a eleicao (placebo)","beta_sd","","","","","","","","","","-0.351","0.443","0.419","","","","","","20519","","","NationalPollmarginw3 * Adj. margint−1 1.055*** 0.977** 0.897** 0.859** -0.541** -0.672 -0.493* -0.351 (0.347) (0.401) (0.384) (0.437) (0.256) (0.414) (0.263) (0.443)","59","",0.837678207686001,1.11775765860672,1.05724058690854,"beta_sd",0,"invertido","","","","","","","","","","","pesquisa_pre_eleitoral","outro_resultado","nao_se_aplica","outro","outro","candidato_partido","real","nao","pluralidade","grave"
"Alabrese2024a-E085","Alabrese2024a","Alabrese2024a","ES1893","painel com efeitos fixos (survey USOC agregado por distrito e data de entrevista; data de entrevista quase aleatoria)","associacao","Parcela de respondentes que nao apoia nenhum partido (Do not support any party)","mobilizacao","reduzir","Tabela A.9, Painel A, coluna 2: efeito principal NationalPollmargin w3 (modelo com interacao x LocalSafety e No. of Polls); EF ano","nao","entrevistados antes da eleicao","beta_sd","","","","","","","","","","-0.103","0.305","0.404","","","","","","13943","","","NationalPollmarginw3 -0.103 -0.093 0.174 0.001 (0.305) (0.308) (0.194) (0.207)","59","",0.25493677893873,0.569888925988056,0.754909879381676,"beta_sd",0,"invertido","","","","","","","","","","","pesquisa_pre_eleitoral","outro_resultado","nao_se_aplica","outro","outro","candidato_partido","real","nao","pluralidade","grave"
"Alabrese2024a-E086","Alabrese2024a","Alabrese2024a","ES1893","painel com efeitos fixos (survey USOC agregado por distrito e data de entrevista; data de entrevista quase aleatoria)","associacao","Parcela de respondentes que nao apoia nenhum partido (Do not support any party)","mobilizacao","reduzir","Tabela A.9, Painel A, coluna 4: efeito principal NationalPollmargin w3 (modelo com interacao x LocalSafety e No. of Polls); EF ano + EF distrito","nao","entrevistados antes da eleicao","beta_sd","","","","","","","","","","-0.093","0.308","0.404","","","","","","13941","","","NationalPollmarginw3 -0.103 -0.093 0.174 0.001 (0.305) (0.308) (0.194) (0.207)","59","",0.230185633575464,0.581154982426647,0.762335216572505,"beta_sd",0,"invertido","","","","","","","","","","","pesquisa_pre_eleitoral","outro_resultado","nao_se_aplica","outro","outro","candidato_partido","real","nao","pluralidade","grave"
"Alabrese2024a-E087","Alabrese2024a","Alabrese2024a","ES1893","painel com efeitos fixos (survey USOC agregado por distrito e data de entrevista; data de entrevista quase aleatoria)","associacao","Parcela de respondentes que nao apoia nenhum partido (Do not support any party)","mobilizacao","reduzir","Tabela A.9, Painel A, coluna 6: efeito principal NationalPollmargin w3 (modelo com interacao x LocalSafety e No. of Polls); EF ano","nao","entrevistados apos a eleicao (placebo)","beta_sd","","","","","","","","","","0.174","0.194","0.419","","","","","","20519","","","NationalPollmarginw3 -0.103 -0.093 0.174 0.001 (0.305) (0.308) (0.194) (0.207)","59","",-0.415259282442633,0.214359957193782,0.462990234447534,"beta_sd",0,"invertido","","","","","","","","","","","pesquisa_pre_eleitoral","outro_resultado","nao_se_aplica","outro","outro","candidato_partido","real","nao","pluralidade","grave"
"Alabrese2024a-E088","Alabrese2024a","Alabrese2024a","ES1893","painel com efeitos fixos (survey USOC agregado por distrito e data de entrevista; data de entrevista quase aleatoria)","associacao","Parcela de respondentes que nao apoia nenhum partido (Do not support any party)","mobilizacao","reduzir","Tabela A.9, Painel A, coluna 8: efeito principal NationalPollmargin w3 (modelo com interacao x LocalSafety e No. of Polls); EF ano + EF distrito","nao","entrevistados apos a eleicao (placebo)","beta_sd","","","","","","","","","","0.001","0.207","0.419","","","","","","20519","","","NationalPollmarginw3 -0.103 -0.093 0.174 0.001 (0.305) (0.308) (0.194) (0.207)","59","",-0.00238654760024502,0.244051169247432,0.494015353250719,"beta_sd",0,"invertido","","","","","","","","","","","pesquisa_pre_eleitoral","outro_resultado","nao_se_aplica","outro","outro","candidato_partido","real","nao","pluralidade","grave"
"Alabrese2024a-E089","Alabrese2024a","Alabrese2024a","ES1893","painel com efeitos fixos (survey USOC agregado por distrito e data de entrevista; data de entrevista quase aleatoria)","associacao","Parcela que nao apoia, nao se sente proxima nem votaria em partido amanha (Do not support, feel close or vote a party tomorrow)","mobilizacao","reduzir","Tabela A.9, Painel B, coluna 1: interacao NationalPollmargin w3 x LocalSafety t-1; EF ano","nao","entrevistados antes da eleicao","beta_sd","","","","","","","","","","0.891","0.288","","","","","","<0.01","13943","","","NationalPollmarginw3 * LocalSafetyt−1 0.891*** 0.594* 0.697** 0.397 -0.452** -0.097 -0.400** 0.146 (0.288) (0.332) (0.298) (0.357) (0.198) (0.317) (0.200) (0.318)","59","",,,,"sem_calculo",,"","beta_sd exige sdy > 0 (DP de Y no grupo de controle)","","","","","","","","","","pesquisa_pre_eleitoral","outro_resultado","nao_se_aplica","outro","outro","candidato_partido","real","nao","pluralidade","grave"
"Alabrese2024a-E090","Alabrese2024a","Alabrese2024a","ES1893","painel com efeitos fixos (survey USOC agregado por distrito e data de entrevista; data de entrevista quase aleatoria)","associacao","Parcela que nao apoia, nao se sente proxima nem votaria em partido amanha (Do not support, feel close or vote a party tomorrow)","mobilizacao","reduzir","Tabela A.9, Painel B, coluna 2: interacao NationalPollmargin w3 x LocalSafety t-1 + NationalPollmargin + No. of Polls; EF ano","nao","entrevistados antes da eleicao","beta_sd","","","","","","","","","","0.594","0.332","","","","","","<0.1","13943","","","NationalPollmarginw3 * LocalSafetyt−1 0.891*** 0.594* 0.697** 0.397 -0.452** -0.097 -0.400** 0.146 (0.288) (0.332) (0.298) (0.357) (0.198) (0.317) (0.200) (0.318)","59","",,,,"sem_calculo",,"","beta_sd exige sdy > 0 (DP de Y no grupo de controle)","","","","","","","","","","pesquisa_pre_eleitoral","outro_resultado","nao_se_aplica","outro","outro","candidato_partido","real","nao","pluralidade","grave"
"Alabrese2024a-E091","Alabrese2024a","Alabrese2024a","ES1893","painel com efeitos fixos (survey USOC agregado por distrito e data de entrevista; data de entrevista quase aleatoria)","associacao","Parcela que nao apoia, nao se sente proxima nem votaria em partido amanha (Do not support, feel close or vote a party tomorrow)","mobilizacao","reduzir","Tabela A.9, Painel B, coluna 3: interacao NationalPollmargin w3 x LocalSafety t-1; EF ano + EF distrito","nao","entrevistados antes da eleicao","beta_sd","","","","","","","","","","0.697","0.298","","","","","","<0.05","13941","","","NationalPollmarginw3 * LocalSafetyt−1 0.891*** 0.594* 0.697** 0.397 -0.452** -0.097 -0.400** 0.146 (0.288) (0.332) (0.298) (0.357) (0.198) (0.317) (0.200) (0.318)","59","",,,,"sem_calculo",,"","beta_sd exige sdy > 0 (DP de Y no grupo de controle)","","","","","","","","","","pesquisa_pre_eleitoral","outro_resultado","nao_se_aplica","outro","outro","candidato_partido","real","nao","pluralidade","grave"
"Alabrese2024a-E092","Alabrese2024a","Alabrese2024a","ES1893","painel com efeitos fixos (survey USOC agregado por distrito e data de entrevista; data de entrevista quase aleatoria)","associacao","Parcela que nao apoia, nao se sente proxima nem votaria em partido amanha (Do not support, feel close or vote a party tomorrow)","mobilizacao","reduzir","Tabela A.9, Painel B, coluna 4: interacao NationalPollmargin w3 x LocalSafety t-1 + NationalPollmargin + No. of Polls; EF ano + EF distrito","nao","entrevistados antes da eleicao","beta_sd","","","","","","","","","","0.397","0.357","","","","","","","13941","","","NationalPollmarginw3 * LocalSafetyt−1 0.891*** 0.594* 0.697** 0.397 -0.452** -0.097 -0.400** 0.146 (0.288) (0.332) (0.298) (0.357) (0.198) (0.317) (0.200) (0.318)","59","",,,,"sem_calculo",,"","beta_sd exige sdy > 0 (DP de Y no grupo de controle)","","","","","","","","","","pesquisa_pre_eleitoral","outro_resultado","nao_se_aplica","outro","outro","candidato_partido","real","nao","pluralidade","grave"
"Alabrese2024a-E093","Alabrese2024a","Alabrese2024a","ES1893","painel com efeitos fixos (survey USOC agregado por distrito e data de entrevista; data de entrevista quase aleatoria)","associacao","Parcela que nao apoia, nao se sente proxima nem votaria em partido amanha (Do not support, feel close or vote a party tomorrow)","mobilizacao","reduzir","Tabela A.9, Painel B, coluna 5: interacao NationalPollmargin w3 x LocalSafety t-1; EF ano","nao","entrevistados apos a eleicao (placebo)","beta_sd","","","","","","","","","","-0.452","0.198","","","","","","<0.05","20519","","","NationalPollmarginw3 * LocalSafetyt−1 0.891*** 0.594* 0.697** 0.397 -0.452** -0.097 -0.400** 0.146 (0.288) (0.332) (0.298) (0.357) (0.198) (0.317) (0.200) (0.318)","59","",,,,"sem_calculo",,"","beta_sd exige sdy > 0 (DP de Y no grupo de controle)","","","","","","","","","","pesquisa_pre_eleitoral","outro_resultado","nao_se_aplica","outro","outro","candidato_partido","real","nao","pluralidade","grave"
"Alabrese2024a-E094","Alabrese2024a","Alabrese2024a","ES1893","painel com efeitos fixos (survey USOC agregado por distrito e data de entrevista; data de entrevista quase aleatoria)","associacao","Parcela que nao apoia, nao se sente proxima nem votaria em partido amanha (Do not support, feel close or vote a party tomorrow)","mobilizacao","reduzir","Tabela A.9, Painel B, coluna 6: interacao NationalPollmargin w3 x LocalSafety t-1 + NationalPollmargin + No. of Polls; EF ano","nao","entrevistados apos a eleicao (placebo)","beta_sd","","","","","","","","","","-0.097","0.317","","","","","","","20519","","","NationalPollmarginw3 * LocalSafetyt−1 0.891*** 0.594* 0.697** 0.397 -0.452** -0.097 -0.400** 0.146 (0.288) (0.332) (0.298) (0.357) (0.198) (0.317) (0.200) (0.318)","59","",,,,"sem_calculo",,"","beta_sd exige sdy > 0 (DP de Y no grupo de controle)","","","","","","","","","","pesquisa_pre_eleitoral","outro_resultado","nao_se_aplica","outro","outro","candidato_partido","real","nao","pluralidade","grave"
"Alabrese2024a-E095","Alabrese2024a","Alabrese2024a","ES1893","painel com efeitos fixos (survey USOC agregado por distrito e data de entrevista; data de entrevista quase aleatoria)","associacao","Parcela que nao apoia, nao se sente proxima nem votaria em partido amanha (Do not support, feel close or vote a party tomorrow)","mobilizacao","reduzir","Tabela A.9, Painel B, coluna 7: interacao NationalPollmargin w3 x LocalSafety t-1; EF ano + EF distrito","nao","entrevistados apos a eleicao (placebo)","beta_sd","","","","","","","","","","-0.400","0.200","","","","","","<0.05","20519","","","NationalPollmarginw3 * LocalSafetyt−1 0.891*** 0.594* 0.697** 0.397 -0.452** -0.097 -0.400** 0.146 (0.288) (0.332) (0.298) (0.357) (0.198) (0.317) (0.200) (0.318)","59","",,,,"sem_calculo",,"","beta_sd exige sdy > 0 (DP de Y no grupo de controle)","","","","","","","","","","pesquisa_pre_eleitoral","outro_resultado","nao_se_aplica","outro","outro","candidato_partido","real","nao","pluralidade","grave"
"Alabrese2024a-E096","Alabrese2024a","Alabrese2024a","ES1893","painel com efeitos fixos (survey USOC agregado por distrito e data de entrevista; data de entrevista quase aleatoria)","associacao","Parcela que nao apoia, nao se sente proxima nem votaria em partido amanha (Do not support, feel close or vote a party tomorrow)","mobilizacao","reduzir","Tabela A.9, Painel B, coluna 8: interacao NationalPollmargin w3 x LocalSafety t-1 + NationalPollmargin + No. of Polls; EF ano + EF distrito","nao","entrevistados apos a eleicao (placebo)","beta_sd","","","","","","","","","","0.146","0.318","","","","","","","20519","","","NationalPollmarginw3 * LocalSafetyt−1 0.891*** 0.594* 0.697** 0.397 -0.452** -0.097 -0.400** 0.146 (0.288) (0.332) (0.298) (0.357) (0.198) (0.317) (0.200) (0.318)","59","",,,,"sem_calculo",,"","beta_sd exige sdy > 0 (DP de Y no grupo de controle)","","","","","","","","","","pesquisa_pre_eleitoral","outro_resultado","nao_se_aplica","outro","outro","candidato_partido","real","nao","pluralidade","grave"
"Alabrese2024a-E097","Alabrese2024a","Alabrese2024a","ES1893","painel com efeitos fixos (survey USOC agregado por distrito e data de entrevista; data de entrevista quase aleatoria)","associacao","Parcela que nao apoia, nao se sente proxima nem votaria em partido amanha (Do not support, feel close or vote a party tomorrow)","mobilizacao","reduzir","Tabela A.9, Painel B, coluna 2: efeito principal NationalPollmargin w3 (modelo com interacao x LocalSafety e No. of Polls); EF ano","nao","entrevistados antes da eleicao","beta_sd","","","","","","","","","","-0.122","0.273","","","","","","","13943","","","NationalPollmarginw3 -0.122 -0.028 -0.139 -0.249* (0.273) (0.276) (0.148) (0.151)","59","",,,,"sem_calculo",,"","beta_sd exige sdy > 0 (DP de Y no grupo de controle)","","","","","","","","","","pesquisa_pre_eleitoral","outro_resultado","nao_se_aplica","outro","outro","candidato_partido","real","nao","pluralidade","grave"
"Alabrese2024a-E098","Alabrese2024a","Alabrese2024a","ES1893","painel com efeitos fixos (survey USOC agregado por distrito e data de entrevista; data de entrevista quase aleatoria)","associacao","Parcela que nao apoia, nao se sente proxima nem votaria em partido amanha (Do not support, feel close or vote a party tomorrow)","mobilizacao","reduzir","Tabela A.9, Painel B, coluna 4: efeito principal NationalPollmargin w3 (modelo com interacao x LocalSafety e No. of Polls); EF ano + EF distrito","nao","entrevistados antes da eleicao","beta_sd","","","","","","","","","","-0.028","0.276","","","","","","","13941","","","NationalPollmarginw3 -0.122 -0.028 -0.139 -0.249* (0.273) (0.276) (0.148) (0.151)","59","",,,,"sem_calculo",,"","beta_sd exige sdy > 0 (DP de Y no grupo de controle)","","","","","","","","","","pesquisa_pre_eleitoral","outro_resultado","nao_se_aplica","outro","outro","candidato_partido","real","nao","pluralidade","grave"
"Alabrese2024a-E099","Alabrese2024a","Alabrese2024a","ES1893","painel com efeitos fixos (survey USOC agregado por distrito e data de entrevista; data de entrevista quase aleatoria)","associacao","Parcela que nao apoia, nao se sente proxima nem votaria em partido amanha (Do not support, feel close or vote a party tomorrow)","mobilizacao","reduzir","Tabela A.9, Painel B, coluna 6: efeito principal NationalPollmargin w3 (modelo com interacao x LocalSafety e No. of Polls); EF ano","nao","entrevistados apos a eleicao (placebo)","beta_sd","","","","","","","","","","-0.139","0.148","","","","","","","20519","","","NationalPollmarginw3 -0.122 -0.028 -0.139 -0.249* (0.273) (0.276) (0.148) (0.151)","59","",,,,"sem_calculo",,"","beta_sd exige sdy > 0 (DP de Y no grupo de controle)","","","","","","","","","","pesquisa_pre_eleitoral","outro_resultado","nao_se_aplica","outro","outro","candidato_partido","real","nao","pluralidade","grave"
"Alabrese2024a-E100","Alabrese2024a","Alabrese2024a","ES1893","painel com efeitos fixos (survey USOC agregado por distrito e data de entrevista; data de entrevista quase aleatoria)","associacao","Parcela que nao apoia, nao se sente proxima nem votaria em partido amanha (Do not support, feel close or vote a party tomorrow)","mobilizacao","reduzir","Tabela A.9, Painel B, coluna 8: efeito principal NationalPollmargin w3 (modelo com interacao x LocalSafety e No. of Polls); EF ano + EF distrito","nao","entrevistados apos a eleicao (placebo)","beta_sd","","","","","","","","","","-0.249","0.151","","","","","","<0.1","20519","","","NationalPollmarginw3 -0.122 -0.028 -0.139 -0.249* (0.273) (0.276) (0.148) (0.151)","59","",,,,"sem_calculo",,"","beta_sd exige sdy > 0 (DP de Y no grupo de controle)","","","","","","","","","","pesquisa_pre_eleitoral","outro_resultado","nao_se_aplica","outro","outro","candidato_partido","real","nao","pluralidade","grave"
"Alabrese2024a-E101","Alabrese2024a","Alabrese2024a","ES1893","painel com efeitos fixos (survey USOC agregado por distrito e data de entrevista; data de entrevista quase aleatoria)","associacao","Parcela de respondentes que nao apoia nenhum partido (Do not support any party)","mobilizacao","reduzir","Tabela A.10, Painel A, coluna 1: interacao NationalPollmargin w4 x LocalSafety t-1; EF ano","nao","entrevistados antes da eleicao","beta_sd","","","","","","","","","","1.004","0.348","0.404","","","","","<0.01","13873","","","NationalPollmarginw4 * LocalSafetyt−1 1.004*** 0.958** 0.848** 0.828* -0.528** -0.430 -0.454* -0.031 (0.348) (0.408) (0.388) (0.444) (0.259) (0.409) (0.265) (0.429)","60","",-2.48501414133988,0.741905842676263,0.861339562934539,"beta_sd",0,"invertido","|g| > 2: conferir extração (EP lido como DP, unidades, sinal)","","","","","","","","","","pesquisa_pre_eleitoral","outro_resultado","nao_se_aplica","outro","outro","candidato_partido","real","nao","pluralidade","grave"
"Alabrese2024a-E102","Alabrese2024a","Alabrese2024a","ES1893","painel com efeitos fixos (survey USOC agregado por distrito e data de entrevista; data de entrevista quase aleatoria)","associacao","Parcela de respondentes que nao apoia nenhum partido (Do not support any party)","mobilizacao","reduzir","Tabela A.10, Painel A, coluna 2: interacao NationalPollmargin w4 x LocalSafety t-1 + NationalPollmargin + No. of Polls; EF ano","nao","entrevistados antes da eleicao","beta_sd","","","","","","","","","","0.958","0.408","0.404","","","","","<0.05","13873","","","NationalPollmarginw4 * LocalSafetyt−1 1.004*** 0.958** 0.848** 0.828* -0.528** -0.430 -0.454* -0.031 (0.348) (0.408) (0.388) (0.444) (0.259) (0.409) (0.265) (0.429)","60","",-2.37115891175658,1.01978971954074,1.00984638413015,"beta_sd",0,"invertido","|g| > 2: conferir extração (EP lido como DP, unidades, sinal)","","","","","","","","","","pesquisa_pre_eleitoral","outro_resultado","nao_se_aplica","outro","outro","candidato_partido","real","nao","pluralidade","grave"
"Alabrese2024a-E103","Alabrese2024a","Alabrese2024a","ES1893","painel com efeitos fixos (survey USOC agregado por distrito e data de entrevista; data de entrevista quase aleatoria)","associacao","Parcela de respondentes que nao apoia nenhum partido (Do not support any party)","mobilizacao","reduzir","Tabela A.10, Painel A, coluna 3: interacao NationalPollmargin w4 x LocalSafety t-1; EF ano + EF distrito","nao","entrevistados antes da eleicao","beta_sd","","","","","","","","","","0.848","0.388","0.404","","","","","<0.05","13869","","","NationalPollmarginw4 * LocalSafetyt−1 1.004*** 0.958** 0.848** 0.828* -0.528** -0.430 -0.454* -0.031 (0.348) (0.408) (0.388) (0.444) (0.259) (0.409) (0.265) (0.429)","60","",-2.09889637349261,0.922260781605735,0.960344095418791,"beta_sd",0,"invertido","|g| > 2: conferir extração (EP lido como DP, unidades, sinal)","","","","","","","","","","pesquisa_pre_eleitoral","outro_resultado","nao_se_aplica","outro","outro","candidato_partido","real","nao","pluralidade","grave"
"Alabrese2024a-E104","Alabrese2024a","Alabrese2024a","ES1893","painel com efeitos fixos (survey USOC agregado por distrito e data de entrevista; data de entrevista quase aleatoria)","associacao","Parcela de respondentes que nao apoia nenhum partido (Do not support any party)","mobilizacao","reduzir","Tabela A.10, Painel A, coluna 4: interacao NationalPollmargin w4 x LocalSafety t-1 + NationalPollmargin + No. of Polls; EF ano + EF distrito","nao","entrevistados antes da eleicao","beta_sd","","","","","","","","","","0.828","0.444","0.404","","","","","<0.1","13869","","","NationalPollmarginw4 * LocalSafetyt−1 1.004*** 0.958** 0.848** 0.828* -0.528** -0.430 -0.454* -0.031 (0.348) (0.408) (0.388) (0.444) (0.259) (0.409) (0.265) (0.429)","60","",-2.04939410053288,1.20769211288811,1.09895045970604,"beta_sd",0,"invertido","|g| > 2: conferir extração (EP lido como DP, unidades, sinal)","","","","","","","","","","pesquisa_pre_eleitoral","outro_resultado","nao_se_aplica","outro","outro","candidato_partido","real","nao","pluralidade","grave"
"Alabrese2024a-E105","Alabrese2024a","Alabrese2024a","ES1893","painel com efeitos fixos (survey USOC agregado por distrito e data de entrevista; data de entrevista quase aleatoria)","associacao","Parcela de respondentes que nao apoia nenhum partido (Do not support any party)","mobilizacao","reduzir","Tabela A.10, Painel A, coluna 5: interacao NationalPollmargin w4 x LocalSafety t-1; EF ano","nao","entrevistados apos a eleicao (placebo)","beta_sd","","","","","","","","","","-0.528","0.259","0.419","","","","","<0.05","20262","","","NationalPollmarginw4 * LocalSafetyt−1 1.004*** 0.958** 0.848** 0.828* -0.528** -0.430 -0.454* -0.031 (0.348) (0.408) (0.388) (0.444) (0.259) (0.409) (0.265) (0.429)","60","",1.26009654858127,0.382066823043151,0.618115541823008,"beta_sd",0,"invertido","","","","","","","","","","","pesquisa_pre_eleitoral","outro_resultado","nao_se_aplica","outro","outro","candidato_partido","real","nao","pluralidade","grave"
"Alabrese2024a-E106","Alabrese2024a","Alabrese2024a","ES1893","painel com efeitos fixos (survey USOC agregado por distrito e data de entrevista; data de entrevista quase aleatoria)","associacao","Parcela de respondentes que nao apoia nenhum partido (Do not support any party)","mobilizacao","reduzir","Tabela A.10, Painel A, coluna 6: interacao NationalPollmargin w4 x LocalSafety t-1 + NationalPollmargin + No. of Polls; EF ano","nao","entrevistados apos a eleicao (placebo)","beta_sd","","","","","","","","","","-0.430","0.409","0.419","","","","","","20262","","","NationalPollmarginw4 * LocalSafetyt−1 1.004*** 0.958** 0.848** 0.828* -0.528** -0.430 -0.454* -0.031 (0.348) (0.408) (0.388) (0.444) (0.259) (0.409) (0.265) (0.429)","60","",1.0262149922158,0.95276636045201,0.976097515851777,"beta_sd",0,"invertido","","","","","","","","","","","pesquisa_pre_eleitoral","outro_resultado","nao_se_aplica","outro","outro","candidato_partido","real","nao","pluralidade","grave"
"Alabrese2024a-E107","Alabrese2024a","Alabrese2024a","ES1893","painel com efeitos fixos (survey USOC agregado por distrito e data de entrevista; data de entrevista quase aleatoria)","associacao","Parcela de respondentes que nao apoia nenhum partido (Do not support any party)","mobilizacao","reduzir","Tabela A.10, Painel A, coluna 7: interacao NationalPollmargin w4 x LocalSafety t-1; EF ano + EF distrito","nao","entrevistados apos a eleicao (placebo)","beta_sd","","","","","","","","","","-0.454","0.265","0.419","","","","","<0.1","20262","","","NationalPollmarginw4 * LocalSafetyt−1 1.004*** 0.958** 0.848** 0.828* -0.528** -0.430 -0.454* -0.031 (0.348) (0.408) (0.388) (0.444) (0.259) (0.409) (0.265) (0.429)","60","",1.08349210806041,0.399973802540291,0.632434820784159,"beta_sd",0,"invertido","","","","","","","","","","","pesquisa_pre_eleitoral","outro_resultado","nao_se_aplica","outro","outro","candidato_partido","real","nao","pluralidade","grave"
"Alabrese2024a-E108","Alabrese2024a","Alabrese2024a","ES1893","painel com efeitos fixos (survey USOC agregado por distrito e data de entrevista; data de entrevista quase aleatoria)","associacao","Parcela de respondentes que nao apoia nenhum partido (Do not support any party)","mobilizacao","reduzir","Tabela A.10, Painel A, coluna 8: interacao NationalPollmargin w4 x LocalSafety t-1 + NationalPollmargin + No. of Polls; EF ano + EF distrito","nao","entrevistados apos a eleicao (placebo)","beta_sd","","","","","","","","","","-0.031","0.429","0.419","","","","","","20262","","","NationalPollmarginw4 * LocalSafetyt−1 1.004*** 0.958** 0.848** 0.828* -0.528** -0.430 -0.454* -0.031 (0.348) (0.408) (0.388) (0.444) (0.259) (0.409) (0.265) (0.429)","60","",0.073982941299279,1.0482246862701,1.02382844572228,"beta_sd",0,"invertido","","","","","","","","","","","pesquisa_pre_eleitoral","outro_resultado","nao_se_aplica","outro","outro","candidato_partido","real","nao","pluralidade","grave"
"Alabrese2024a-E109","Alabrese2024a","Alabrese2024a","ES1893","painel com efeitos fixos (survey USOC agregado por distrito e data de entrevista; data de entrevista quase aleatoria)","associacao","Parcela de respondentes que nao apoia nenhum partido (Do not support any party)","mobilizacao","reduzir","Tabela A.10, Painel A, coluna 2: efeito principal NationalPollmargin w4 (modelo com interacao x LocalSafety e No. of Polls); EF ano","nao","entrevistados antes da eleicao","beta_sd","","","","","","","","","","-0.044","0.310","0.404","","","","","","13873","","","NationalPollmarginw4 -0.044 -0.028 -0.037 -0.220 (0.310) (0.315) (0.192) (0.198)","60","",0.108905002210114,0.588726643886154,0.767285242843986,"beta_sd",0,"invertido","","","","","","","","","","","pesquisa_pre_eleitoral","outro_resultado","nao_se_aplica","outro","outro","candidato_partido","real","nao","pluralidade","grave"
"Alabrese2024a-E110","Alabrese2024a","Alabrese2024a","ES1893","painel com efeitos fixos (survey USOC agregado por distrito e data de entrevista; data de entrevista quase aleatoria)","associacao","Parcela de respondentes que nao apoia nenhum partido (Do not support any party)","mobilizacao","reduzir","Tabela A.10, Painel A, coluna 4: efeito principal NationalPollmargin w4 (modelo com interacao x LocalSafety e No. of Polls); EF ano + EF distrito","nao","entrevistados antes da eleicao","beta_sd","","","","","","","","","","-0.028","0.315","0.404","","","","","","13869","","","NationalPollmarginw4 -0.044 -0.028 -0.037 -0.220 (0.310) (0.315) (0.192) (0.198)","60","",0.0693031821436241,0.607870961677842,0.779660799115771,"beta_sd",0,"invertido","","","","","","","","","","","pesquisa_pre_eleitoral","outro_resultado","nao_se_aplica","outro","outro","candidato_partido","real","nao","pluralidade","grave"
"Alabrese2024a-E111","Alabrese2024a","Alabrese2024a","ES1893","painel com efeitos fixos (survey USOC agregado por distrito e data de entrevista; data de entrevista quase aleatoria)","associacao","Parcela de respondentes que nao apoia nenhum partido (Do not support any party)","mobilizacao","reduzir","Tabela A.10, Painel A, coluna 6: efeito principal NationalPollmargin w4 (modelo com interacao x LocalSafety e No. of Polls); EF ano","nao","entrevistados apos a eleicao (placebo)","beta_sd","","","","","","","","","","-0.037","0.192","0.419","","","","","","20262","","","NationalPollmarginw4 -0.044 -0.028 -0.037 -0.220 (0.310) (0.315) (0.192) (0.198)","60","",0.0883022202604297,0.209962751966469,0.458216926756825,"beta_sd",0,"invertido","","","","","","","","","","","pesquisa_pre_eleitoral","outro_resultado","nao_se_aplica","outro","outro","candidato_partido","real","nao","pluralidade","grave"
"Alabrese2024a-E112","Alabrese2024a","Alabrese2024a","ES1893","painel com efeitos fixos (survey USOC agregado por distrito e data de entrevista; data de entrevista quase aleatoria)","associacao","Parcela de respondentes que nao apoia nenhum partido (Do not support any party)","mobilizacao","reduzir","Tabela A.10, Painel A, coluna 8: efeito principal NationalPollmargin w4 (modelo com interacao x LocalSafety e No. of Polls); EF ano + EF distrito","nao","entrevistados apos a eleicao (placebo)","beta_sd","","","","","","","","","","-0.220","0.198","0.419","","","","","","20262","","","NationalPollmarginw4 -0.044 -0.028 -0.037 -0.220 (0.310) (0.315) (0.192) (0.198)","60","",0.525040228575528,0.223290465714341,0.472536205717975,"beta_sd",0,"invertido","","","","","","","","","","","pesquisa_pre_eleitoral","outro_resultado","nao_se_aplica","outro","outro","candidato_partido","real","nao","pluralidade","grave"
"Alabrese2024a-E113","Alabrese2024a","Alabrese2024a","ES1893","painel com efeitos fixos (survey USOC agregado por distrito e data de entrevista; data de entrevista quase aleatoria)","associacao","Parcela que nao apoia, nao se sente proxima nem votaria em partido amanha (Do not support, feel close or vote a party tomorrow)","mobilizacao","reduzir","Tabela A.10, Painel B, coluna 1: interacao NationalPollmargin w4 x LocalSafety t-1; EF ano","nao","entrevistados antes da eleicao","beta_sd","","","","","","","","","","0.940","0.290","","","","","","<0.01","13873","","","NationalPollmarginw4 * LocalSafetyt−1 0.940*** 0.510 0.681** 0.301 -0.503** 0.324 -0.478** 0.758** (0.290) (0.323) (0.295) (0.339) (0.197) (0.308) (0.202) (0.312)","60","",,,,"sem_calculo",,"","beta_sd exige sdy > 0 (DP de Y no grupo de controle)","","","","","","","","","","pesquisa_pre_eleitoral","outro_resultado","nao_se_aplica","outro","outro","candidato_partido","real","nao","pluralidade","grave"
"Alabrese2024a-E114","Alabrese2024a","Alabrese2024a","ES1893","painel com efeitos fixos (survey USOC agregado por distrito e data de entrevista; data de entrevista quase aleatoria)","associacao","Parcela que nao apoia, nao se sente proxima nem votaria em partido amanha (Do not support, feel close or vote a party tomorrow)","mobilizacao","reduzir","Tabela A.10, Painel B, coluna 2: interacao NationalPollmargin w4 x LocalSafety t-1 + NationalPollmargin + No. of Polls; EF ano","nao","entrevistados antes da eleicao","beta_sd","","","","","","","","","","0.510","0.323","","","","","","","13873","","","NationalPollmarginw4 * LocalSafetyt−1 0.940*** 0.510 0.681** 0.301 -0.503** 0.324 -0.478** 0.758** (0.290) (0.323) (0.295) (0.339) (0.197) (0.308) (0.202) (0.312)","60","",,,,"sem_calculo",,"","beta_sd exige sdy > 0 (DP de Y no grupo de controle)","","","","","","","","","","pesquisa_pre_eleitoral","outro_resultado","nao_se_aplica","outro","outro","candidato_partido","real","nao","pluralidade","grave"
"Alabrese2024a-E115","Alabrese2024a","Alabrese2024a","ES1893","painel com efeitos fixos (survey USOC agregado por distrito e data de entrevista; data de entrevista quase aleatoria)","associacao","Parcela que nao apoia, nao se sente proxima nem votaria em partido amanha (Do not support, feel close or vote a party tomorrow)","mobilizacao","reduzir","Tabela A.10, Painel B, coluna 3: interacao NationalPollmargin w4 x LocalSafety t-1; EF ano + EF distrito","nao","entrevistados antes da eleicao","beta_sd","","","","","","","","","","0.681","0.295","","","","","","<0.05","13869","","","NationalPollmarginw4 * LocalSafetyt−1 0.940*** 0.510 0.681** 0.301 -0.503** 0.324 -0.478** 0.758** (0.290) (0.323) (0.295) (0.339) (0.197) (0.308) (0.202) (0.312)","60","",,,,"sem_calculo",,"","beta_sd exige sdy > 0 (DP de Y no grupo de controle)","","","","","","","","","","pesquisa_pre_eleitoral","outro_resultado","nao_se_aplica","outro","outro","candidato_partido","real","nao","pluralidade","grave"
"Alabrese2024a-E116","Alabrese2024a","Alabrese2024a","ES1893","painel com efeitos fixos (survey USOC agregado por distrito e data de entrevista; data de entrevista quase aleatoria)","associacao","Parcela que nao apoia, nao se sente proxima nem votaria em partido amanha (Do not support, feel close or vote a party tomorrow)","mobilizacao","reduzir","Tabela A.10, Painel B, coluna 4: interacao NationalPollmargin w4 x LocalSafety t-1 + NationalPollmargin + No. of Polls; EF ano + EF distrito","nao","entrevistados antes da eleicao","beta_sd","","","","","","","","","","0.301","0.339","","","","","","","13869","","","NationalPollmarginw4 * LocalSafetyt−1 0.940*** 0.510 0.681** 0.301 -0.503** 0.324 -0.478** 0.758** (0.290) (0.323) (0.295) (0.339) (0.197) (0.308) (0.202) (0.312)","60","",,,,"sem_calculo",,"","beta_sd exige sdy > 0 (DP de Y no grupo de controle)","","","","","","","","","","pesquisa_pre_eleitoral","outro_resultado","nao_se_aplica","outro","outro","candidato_partido","real","nao","pluralidade","grave"
"Alabrese2024a-E117","Alabrese2024a","Alabrese2024a","ES1893","painel com efeitos fixos (survey USOC agregado por distrito e data de entrevista; data de entrevista quase aleatoria)","associacao","Parcela que nao apoia, nao se sente proxima nem votaria em partido amanha (Do not support, feel close or vote a party tomorrow)","mobilizacao","reduzir","Tabela A.10, Painel B, coluna 5: interacao NationalPollmargin w4 x LocalSafety t-1; EF ano","nao","entrevistados apos a eleicao (placebo)","beta_sd","","","","","","","","","","-0.503","0.197","","","","","","<0.05","20262","","","NationalPollmarginw4 * LocalSafetyt−1 0.940*** 0.510 0.681** 0.301 -0.503** 0.324 -0.478** 0.758** (0.290) (0.323) (0.295) (0.339) (0.197) (0.308) (0.202) (0.312)","60","",,,,"sem_calculo",,"","beta_sd exige sdy > 0 (DP de Y no grupo de controle)","","","","","","","","","","pesquisa_pre_eleitoral","outro_resultado","nao_se_aplica","outro","outro","candidato_partido","real","nao","pluralidade","grave"
"Alabrese2024a-E118","Alabrese2024a","Alabrese2024a","ES1893","painel com efeitos fixos (survey USOC agregado por distrito e data de entrevista; data de entrevista quase aleatoria)","associacao","Parcela que nao apoia, nao se sente proxima nem votaria em partido amanha (Do not support, feel close or vote a party tomorrow)","mobilizacao","reduzir","Tabela A.10, Painel B, coluna 6: interacao NationalPollmargin w4 x LocalSafety t-1 + NationalPollmargin + No. of Polls; EF ano","nao","entrevistados apos a eleicao (placebo)","beta_sd","","","","","","","","","","0.324","0.308","","","","","","","20262","","","NationalPollmarginw4 * LocalSafetyt−1 0.940*** 0.510 0.681** 0.301 -0.503** 0.324 -0.478** 0.758** (0.290) (0.323) (0.295) (0.339) (0.197) (0.308) (0.202) (0.312)","60","",,,,"sem_calculo",,"","beta_sd exige sdy > 0 (DP de Y no grupo de controle)","","","","","","","","","","pesquisa_pre_eleitoral","outro_resultado","nao_se_aplica","outro","outro","candidato_partido","real","nao","pluralidade","grave"
"Alabrese2024a-E119","Alabrese2024a","Alabrese2024a","ES1893","painel com efeitos fixos (survey USOC agregado por distrito e data de entrevista; data de entrevista quase aleatoria)","associacao","Parcela que nao apoia, nao se sente proxima nem votaria em partido amanha (Do not support, feel close or vote a party tomorrow)","mobilizacao","reduzir","Tabela A.10, Painel B, coluna 7: interacao NationalPollmargin w4 x LocalSafety t-1; EF ano + EF distrito","nao","entrevistados apos a eleicao (placebo)","beta_sd","","","","","","","","","","-0.478","0.202","","","","","","<0.05","20262","","","NationalPollmarginw4 * LocalSafetyt−1 0.940*** 0.510 0.681** 0.301 -0.503** 0.324 -0.478** 0.758** (0.290) (0.323) (0.295) (0.339) (0.197) (0.308) (0.202) (0.312)","60","",,,,"sem_calculo",,"","beta_sd exige sdy > 0 (DP de Y no grupo de controle)","","","","","","","","","","pesquisa_pre_eleitoral","outro_resultado","nao_se_aplica","outro","outro","candidato_partido","real","nao","pluralidade","grave"
"Alabrese2024a-E120","Alabrese2024a","Alabrese2024a","ES1893","painel com efeitos fixos (survey USOC agregado por distrito e data de entrevista; data de entrevista quase aleatoria)","associacao","Parcela que nao apoia, nao se sente proxima nem votaria em partido amanha (Do not support, feel close or vote a party tomorrow)","mobilizacao","reduzir","Tabela A.10, Painel B, coluna 8: interacao NationalPollmargin w4 x LocalSafety t-1 + NationalPollmargin + No. of Polls; EF ano + EF distrito","nao","entrevistados apos a eleicao (placebo)","beta_sd","","","","","","","","","","0.758","0.312","","","","","","<0.05","20262","","","NationalPollmarginw4 * LocalSafetyt−1 0.940*** 0.510 0.681** 0.301 -0.503** 0.324 -0.478** 0.758** (0.290) (0.323) (0.295) (0.339) (0.197) (0.308) (0.202) (0.312)","60","",,,,"sem_calculo",,"","beta_sd exige sdy > 0 (DP de Y no grupo de controle)","","","","","","","","","","pesquisa_pre_eleitoral","outro_resultado","nao_se_aplica","outro","outro","candidato_partido","real","nao","pluralidade","grave"
"Alabrese2024a-E121","Alabrese2024a","Alabrese2024a","ES1893","painel com efeitos fixos (survey USOC agregado por distrito e data de entrevista; data de entrevista quase aleatoria)","associacao","Parcela que nao apoia, nao se sente proxima nem votaria em partido amanha (Do not support, feel close or vote a party tomorrow)","mobilizacao","reduzir","Tabela A.10, Painel B, coluna 2: efeito principal NationalPollmargin w4 (modelo com interacao x LocalSafety e No. of Polls); EF ano","nao","entrevistados antes da eleicao","beta_sd","","","","","","","","","","0.304","0.254","","","","","","","13873","","","NationalPollmarginw4 0.304 0.248 -0.418*** -0.645*** (0.254) (0.256) (0.145) (0.146)","60","",,,,"sem_calculo",,"","beta_sd exige sdy > 0 (DP de Y no grupo de controle)","","","","","","","","","","pesquisa_pre_eleitoral","outro_resultado","nao_se_aplica","outro","outro","candidato_partido","real","nao","pluralidade","grave"
"Alabrese2024a-E122","Alabrese2024a","Alabrese2024a","ES1893","painel com efeitos fixos (survey USOC agregado por distrito e data de entrevista; data de entrevista quase aleatoria)","associacao","Parcela que nao apoia, nao se sente proxima nem votaria em partido amanha (Do not support, feel close or vote a party tomorrow)","mobilizacao","reduzir","Tabela A.10, Painel B, coluna 4: efeito principal NationalPollmargin w4 (modelo com interacao x LocalSafety e No. of Polls); EF ano + EF distrito","nao","entrevistados antes da eleicao","beta_sd","","","","","","","","","","0.248","0.256","","","","","","","13869","","","NationalPollmarginw4 0.304 0.248 -0.418*** -0.645*** (0.254) (0.256) (0.145) (0.146)","60","",,,,"sem_calculo",,"","beta_sd exige sdy > 0 (DP de Y no grupo de controle)","","","","","","","","","","pesquisa_pre_eleitoral","outro_resultado","nao_se_aplica","outro","outro","candidato_partido","real","nao","pluralidade","grave"
"Alabrese2024a-E123","Alabrese2024a","Alabrese2024a","ES1893","painel com efeitos fixos (survey USOC agregado por distrito e data de entrevista; data de entrevista quase aleatoria)","associacao","Parcela que nao apoia, nao se sente proxima nem votaria em partido amanha (Do not support, feel close or vote a party tomorrow)","mobilizacao","reduzir","Tabela A.10, Painel B, coluna 6: efeito principal NationalPollmargin w4 (modelo com interacao x LocalSafety e No. of Polls); EF ano","nao","entrevistados apos a eleicao (placebo)","beta_sd","","","","","","","","","","-0.418","0.145","","","","","","<0.01","20262","","","NationalPollmarginw4 0.304 0.248 -0.418*** -0.645*** (0.254) (0.256) (0.145) (0.146)","60","",,,,"sem_calculo",,"","beta_sd exige sdy > 0 (DP de Y no grupo de controle)","","","","","","","","","","pesquisa_pre_eleitoral","outro_resultado","nao_se_aplica","outro","outro","candidato_partido","real","nao","pluralidade","grave"
"Alabrese2024a-E124","Alabrese2024a","Alabrese2024a","ES1893","painel com efeitos fixos (survey USOC agregado por distrito e data de entrevista; data de entrevista quase aleatoria)","associacao","Parcela que nao apoia, nao se sente proxima nem votaria em partido amanha (Do not support, feel close or vote a party tomorrow)","mobilizacao","reduzir","Tabela A.10, Painel B, coluna 8: efeito principal NationalPollmargin w4 (modelo com interacao x LocalSafety e No. of Polls); EF ano + EF distrito","nao","entrevistados apos a eleicao (placebo)","beta_sd","","","","","","","","","","-0.645","0.146","","","","","","<0.01","20262","","","NationalPollmarginw4 0.304 0.248 -0.418*** -0.645*** (0.254) (0.256) (0.145) (0.146)","60","",,,,"sem_calculo",,"","beta_sd exige sdy > 0 (DP de Y no grupo de controle)","","","","","","","","","","pesquisa_pre_eleitoral","outro_resultado","nao_se_aplica","outro","outro","candidato_partido","real","nao","pluralidade","grave"
"Alabrese2024a-E125","Alabrese2024a","Alabrese2024a","ES1893","painel com efeitos fixos","associacao","Vote Share: partido incumbente local","apoio_ao_lider","aumentar","Tabela A.7, coluna 1: interacao NationalPollmargin w1 x LocalSafety t-1; EF partido + EF distrito + EF regiao*ano","sim","I = P: partido do incumbente local lidera as pesquisas nacionais (desfecho do partido a frente)","beta_sd","","","","","","","","","","-0.0634","0.0821","0.0911","","","","","","2026","","","NationalPollmarginw1 * LocalSafetyt−1 -0.0634 -0.0984 0.5588*** -1.3001*** -1.6799*** 7.5263*** 3.2762*** -12.0562*** (0.0821) (0.0623) (0.0719) (0.1808) (0.5166) (0.6207) (0.6366) (1.1657)","57","",-0.695680614871833,0.811573022675443,0.900873477617941,"beta_sd",0,"mantido","","","","","","","","","","","pesquisa_pre_eleitoral","outro_resultado","lider","outro","outro","candidato_partido","real","nao","pluralidade","grave"
"Alabrese2024a-E126","Alabrese2024a","Alabrese2024a","ES1893","painel com efeitos fixos","associacao","Vote Share: partido incumbente local","apoio_ao_lider","aumentar","Tabela A.7, coluna 2: interacao NationalPollmargin w1 x LocalSafety t-1; EF partido + EF distrito + EF regiao*ano","sim","I != P: partido do incumbente local atras nas pesquisas nacionais (desfecho do partido atras)","beta_sd","","","","","","","","","","-0.0984","0.0623","0.0932","","","","","","1706","","","NationalPollmarginw1 * LocalSafetyt−1 -0.0634 -0.0984 0.5588*** -1.3001*** -1.6799*** 7.5263*** 3.2762*** -12.0562*** (0.0821) (0.0623) (0.0719) (0.1808) (0.5166) (0.6207) (0.6366) (1.1657)","57","",-1.05532922516917,0.446438691799784,0.668160678130481,"beta_sd",0,"mantido","","","","","","","","","","","pesquisa_pre_eleitoral","outro_resultado","segundo_viavel","outro","outro","candidato_partido","real","nao","pluralidade","grave"
"Alabrese2024a-E127","Alabrese2024a","Alabrese2024a","ES1893","painel com efeitos fixos","associacao","Vote Share: partido seguidor local (runner-up)","apoio_ao_lider","aumentar","Tabela A.7, coluna 3: interacao NationalPollmargin w1 x LocalSafety t-1; EF partido + EF distrito + EF regiao*ano","sim","I = P: partido do seguidor local atras nas pesquisas nacionais (desfecho do partido atras)","beta_sd","","","","","","","","","","0.5588","0.0719","0.0933","","","","","<0.01","1337","","","NationalPollmarginw1 * LocalSafetyt−1 -0.0634 -0.0984 0.5588*** -1.3001*** -1.6799*** 7.5263*** 3.2762*** -12.0562*** (0.0821) (0.0623) (0.0719) (0.1808) (0.5166) (0.6207) (0.6366) (1.1657)","57","",5.98591649105944,0.593207035783049,0.770199348080125,"beta_sd",0,"mantido","|g| > 2: conferir extração (EP lido como DP, unidades, sinal)","","","","","","","","","","pesquisa_pre_eleitoral","outro_resultado","segundo_viavel","outro","outro","candidato_partido","real","nao","pluralidade","grave"
"Alabrese2024a-E128","Alabrese2024a","Alabrese2024a","ES1893","painel com efeitos fixos","associacao","Vote Share: partido seguidor local (runner-up)","apoio_ao_lider","aumentar","Tabela A.7, coluna 4: interacao NationalPollmargin w1 x LocalSafety t-1; EF partido + EF distrito + EF regiao*ano","sim","I != P: partido do seguidor local lidera as pesquisas nacionais (desfecho do partido a frente)","beta_sd","","","","","","","","","","-1.3001","0.1808","0.0944","","","","","<0.01","1252","","","NationalPollmarginw1 * LocalSafetyt−1 -0.0634 -0.0984 0.5588*** -1.3001*** -1.6799*** 7.5263*** 3.2762*** -12.0562*** (0.0821) (0.0623) (0.0719) (0.1808) (0.5166) (0.6207) (0.6366) (1.1657)","57","",-13.7639807622541,3.66379739543414,1.91410485486928,"beta_sd",0,"mantido","|g| > 2: conferir extração (EP lido como DP, unidades, sinal)","","","","","","","","","","pesquisa_pre_eleitoral","outro_resultado","lider","outro","outro","candidato_partido","real","nao","pluralidade","grave"
"Alabrese2024a-E129","Alabrese2024a","Alabrese2024a","ES1893","painel com efeitos fixos","associacao","Pr. of Winning: partido incumbente local vence o distrito","apoio_ao_lider","aumentar","Tabela A.7, coluna 5: interacao NationalPollmargin w1 x LocalSafety t-1; EF partido + EF distrito + EF regiao*ano; LPM [coordenador: coeficiente de interação impresso em escala de probabilidade por unidade de margem nacional × segurança local (ambas 0-1); estava ×100 como efeito_pp, o que gerava |pp|>100; não é contraste binário e não é convertível em d]","nao","I = P: partido do incumbente local lidera as pesquisas nacionais (desfecho do partido a frente)","beta_sd","","","","","","","","","","-1.6799","0.5166","","","","","","<0.01","2026","","","NationalPollmarginw1 * LocalSafetyt−1 -0.0634 -0.0984 0.5588*** -1.3001*** -1.6799*** 7.5263*** 3.2762*** -12.0562*** (0.0821) (0.0623) (0.0719) (0.1808) (0.5166) (0.6207) (0.6366) (1.1657)","57","",,,,"sem_calculo",,"","beta_sd exige sdy > 0 (DP de Y no grupo de controle)","","","","","","","","","","pesquisa_pre_eleitoral","outro_resultado","lider","outro","outro","candidato_partido","real","nao","pluralidade","grave"
"Alabrese2024a-E130","Alabrese2024a","Alabrese2024a","ES1893","painel com efeitos fixos","associacao","Pr. of Winning: partido incumbente local vence o distrito","apoio_ao_lider","aumentar","Tabela A.7, coluna 6: interacao NationalPollmargin w1 x LocalSafety t-1; EF partido + EF distrito + EF regiao*ano; LPM [coordenador: coeficiente de interação impresso em escala de probabilidade por unidade de margem nacional × segurança local (ambas 0-1); estava ×100 como efeito_pp, o que gerava |pp|>100; não é contraste binário e não é convertível em d]","nao","I != P: partido do incumbente local atras nas pesquisas nacionais (desfecho do partido atras)","beta_sd","","","","","","","","","","7.5263","0.6207","","","","","","<0.01","1706","","","NationalPollmarginw1 * LocalSafetyt−1 -0.0634 -0.0984 0.5588*** -1.3001*** -1.6799*** 7.5263*** 3.2762*** -12.0562*** (0.0821) (0.0623) (0.0719) (0.1808) (0.5166) (0.6207) (0.6366) (1.1657)","57","",,,,"sem_calculo",,"","beta_sd exige sdy > 0 (DP de Y no grupo de controle)","","","","","","","","","","pesquisa_pre_eleitoral","outro_resultado","segundo_viavel","outro","outro","candidato_partido","real","nao","pluralidade","grave"
"Alabrese2024a-E131","Alabrese2024a","Alabrese2024a","ES1893","painel com efeitos fixos","associacao","Pr. of Winning: partido seguidor local vence o distrito","apoio_ao_lider","aumentar","Tabela A.7, coluna 7: interacao NationalPollmargin w1 x LocalSafety t-1; EF partido + EF distrito + EF regiao*ano; LPM [coordenador: coeficiente de interação impresso em escala de probabilidade por unidade de margem nacional × segurança local (ambas 0-1); estava ×100 como efeito_pp, o que gerava |pp|>100; não é contraste binário e não é convertível em d]","nao","I = P: partido do seguidor local atras nas pesquisas nacionais (desfecho do partido atras)","beta_sd","","","","","","","","","","3.2762","0.6366","","","","","","<0.01","1337","","","NationalPollmarginw1 * LocalSafetyt−1 -0.0634 -0.0984 0.5588*** -1.3001*** -1.6799*** 7.5263*** 3.2762*** -12.0562*** (0.0821) (0.0623) (0.0719) (0.1808) (0.5166) (0.6207) (0.6366) (1.1657)","57","",,,,"sem_calculo",,"","beta_sd exige sdy > 0 (DP de Y no grupo de controle)","","","","","","","","","","pesquisa_pre_eleitoral","outro_resultado","segundo_viavel","outro","outro","candidato_partido","real","nao","pluralidade","grave"
"Alabrese2024a-E132","Alabrese2024a","Alabrese2024a","ES1893","painel com efeitos fixos","associacao","Pr. of Winning: partido seguidor local vence o distrito","apoio_ao_lider","aumentar","Tabela A.7, coluna 8: interacao NationalPollmargin w1 x LocalSafety t-1; EF partido + EF distrito + EF regiao*ano; LPM [coordenador: coeficiente de interação impresso em escala de probabilidade por unidade de margem nacional × segurança local (ambas 0-1); estava ×100 como efeito_pp, o que gerava |pp|>100; não é contraste binário e não é convertível em d]","nao","I != P: partido do seguidor local lidera as pesquisas nacionais (desfecho do partido a frente)","beta_sd","","","","","","","","","","-12.0562","1.1657","","","","","","<0.01","1252","","","NationalPollmarginw1 * LocalSafetyt−1 -0.0634 -0.0984 0.5588*** -1.3001*** -1.6799*** 7.5263*** 3.2762*** -12.0562*** (0.0821) (0.0623) (0.0719) (0.1808) (0.5166) (0.6207) (0.6366) (1.1657)","57","",,,,"sem_calculo",,"","beta_sd exige sdy > 0 (DP de Y no grupo de controle)","","","","","","","","","","pesquisa_pre_eleitoral","outro_resultado","lider","outro","outro","candidato_partido","real","nao","pluralidade","grave"
"Araujo2021a-E01","Araujo2021a","Araujo2021a","ES3796","experimento natural","ITT","share of votes for Bolsonaro (frontrunner)","apoio_ao_lider","aumentar","Figura 2, Modelo 1 (frontrunner), OLS, primeiro turno","sim","","dif_prop","","","","","","","","","","","","","","","","","","452656","","","support for the announced frontrunner is 5.69 pp higher in treated units","12","",0.12748538855049,1.09410620895786e-05,0.00330772763231476,"dif_prop_lpm",1,"mantido","d via log OR (Chinn 2000): pressupõe distribuição logística latente; p1 reconstruído como p0 + efeito_pp/100; grupos assumidos iguais (n_total/2)","","","","","","0.4112","","5.69","","outro","unidades_nao_expostas","lider","experimento_natural","brasil","candidato_partido","real","nao","maioria_dois_turnos","grave"
"Araujo2021a-E02","Araujo2021a","Araujo2021a","ES3796","experimento natural","ITT","share of votes for Haddad (second place)","apoio_ao_lider","aumentar","Figura 2, Modelo 2 (second place), OLS, primeiro turno","nao","","dif_prop","","","","","","","","","","","","","","","","","","453301","","","the second- and third-place candidates are, respectively, 7.41 pp and 1.97 pp lower in","12","",,,,"sem_calculo",,"","d via log OR (Chinn 2000): pressupõe distribuição logística latente; dif_prop exige p0 (proporção no controle) em (0, 1); percentual vira proporção","","","","","","","","-7.41","","outro","unidades_nao_expostas","segundo_viavel","experimento_natural","brasil","candidato_partido","real","nao","maioria_dois_turnos","grave"
"Araujo2021a-E03","Araujo2021a","Araujo2021a","ES3796","experimento natural","ITT","share of votes for Gomes (third place)","apoio_ao_lider","reduzir","Figura 2, Modelo 3 (third place), OLS, primeiro turno","nao","","dif_prop","","","","","","","","","","","","","","","","","","451763","","","the second- and third-place candidates are, respectively, 7.41 pp and 1.97 pp lower in","12","",,,,"sem_calculo",,"","d via log OR (Chinn 2000): pressupõe distribuição logística latente; dif_prop exige p0 (proporção no controle) em (0, 1); percentual vira proporção","","","","","","","","-1.97","","outro","unidades_nao_expostas","terceiro_inviavel","experimento_natural","brasil","candidato_partido","real","nao","maioria_dois_turnos","grave"
"Araujo2021a-E04","Araujo2021a","Araujo2021a","ES3796","experimento natural","ITT","share of blank votes","apoio_ao_lider","reduzir","Figura 2, Modelo 4 (blank), OLS, primeiro turno","nao","","dif_prop","","","","","","","","","","","","","","","","","","438539","","","it is substantively small, indicating a negligible increase of 0.31 pp of","12","",,,,"sem_calculo",,"","d via log OR (Chinn 2000): pressupõe distribuição logística latente; dif_prop exige p0 (proporção no controle) em (0, 1); percentual vira proporção","","","","","","","","0.31","","outro","unidades_nao_expostas","nao_se_aplica","experimento_natural","brasil","candidato_partido","real","nao","maioria_dois_turnos","grave"
"Araujo2021a-E05","Araujo2021a","Araujo2021a","ES3796","experimento natural","ITT","share of null votes","apoio_ao_lider","reduzir","Figura 2, Modelo 5 (null), OLS, primeiro turno","nao","","dif_prop","","","","","","","","","","","","","","","","","","451574","","","of 0.73 pp in the share of null votes in treated units.","12","",,,,"sem_calculo",,"","d via log OR (Chinn 2000): pressupõe distribuição logística latente; dif_prop exige p0 (proporção no controle) em (0, 1); percentual vira proporção","","","","","","","","-0.73","","outro","unidades_nao_expostas","nao_se_aplica","experimento_natural","brasil","candidato_partido","real","nao","maioria_dois_turnos","grave"
"Araujo2021a-E06","Araujo2021a","Araujo2021a","ES3796","experimento natural","ITT","share of votes for Bolsonaro (frontrunner)","apoio_ao_lider","aumentar","Figura 3, Modelo 1 (frontrunner), OLS, segundo turno","sim","","dif_prop","","","","","","","","","","","","","","","","","","453016","","","Bolsonaro’s vote share increases by 11.76 pp in voting machines where","14","",0.263115974647232,1.09984126508281e-05,0.00331638547983012,"dif_prop_lpm",1,"mantido","d via log OR (Chinn 2000): pressupõe distribuição logística latente; p1 reconstruído como p0 + efeito_pp/100; grupos assumidos iguais (n_total/2)","","","","","","0.49","","11.76","","outro","unidades_nao_expostas","lider","experimento_natural","brasil","candidato_partido","real","nao","maioria_dois_turnos","grave"
"Araujo2021a-E07","Araujo2021a","Araujo2021a","ES3796","experimento natural","ITT","share of votes for Haddad (second place)","apoio_ao_lider","reduzir","Figura 3, Modelo 2 (second place), OLS, segundo turno","nao","","dif_prop","","","","","","","","","","","","","","","","","","453317","","","gained advantage is accompanied by a decrease of 12.14 pp in the vote","14","",,,,"sem_calculo",,"","d via log OR (Chinn 2000): pressupõe distribuição logística latente; dif_prop exige p0 (proporção no controle) em (0, 1); percentual vira proporção","","","","","","","","-12.14","","outro","unidades_nao_expostas","azarao","experimento_natural","brasil","candidato_partido","real","nao","maioria_dois_turnos","grave"
"Araujo2021a-E08","Araujo2021a","Araujo2021a","ES3796","experimento natural","ITT","share of blank votes","apoio_ao_lider","reduzir","Figura 3, Modelo 3 (blank), OLS, segundo turno","nao","","dif_prop","","","","","","","","","","","","","","","","","","432965","","","0.62 pp higher, but the share of null votes is 0.44 pp lower, in treated units.","14","",,,,"sem_calculo",,"","d via log OR (Chinn 2000): pressupõe distribuição logística latente; dif_prop exige p0 (proporção no controle) em (0, 1); percentual vira proporção","","","","","","","","0.62","","outro","unidades_nao_expostas","nao_se_aplica","experimento_natural","brasil","candidato_partido","real","nao","maioria_dois_turnos","grave"
"Araujo2021a-E09","Araujo2021a","Araujo2021a","ES3796","experimento natural","ITT","share of null votes","apoio_ao_lider","reduzir","Figura 3, Modelo 4 (null), OLS, segundo turno","nao","","dif_prop","","","","","","","","","","","","","","","","","","452260","","","0.62 pp higher, but the share of null votes is 0.44 pp lower, in treated units.","14","",,,,"sem_calculo",,"","d via log OR (Chinn 2000): pressupõe distribuição logística latente; dif_prop exige p0 (proporção no controle) em (0, 1); percentual vira proporção","","","","","","","","-0.44","","outro","unidades_nao_expostas","nao_se_aplica","experimento_natural","brasil","candidato_partido","real","nao","maioria_dois_turnos","grave"
"Boukouras2020a-E01","Boukouras2020a","Boukouras2020a","ES2149","RCT por cluster (laboratório; condição atribuída por sessão de 15 sujeitos)","ATE","rounds won by party K (rate of electoral success)","apoio_ao_lider","aumentar","E1: Tabela VI, teste exato de Fisher unilateral; tratamento = só as 2 pesquisas (de 5) mais favoráveis a K reveladas, sem aviso da regra; controle = as 5 pesquisas reveladas; a exposição enviesada favorece o candidato do partido K; desfecho = fração de rodadas (eleições) vencidas por K; unidade = rodada","sim","","dif_prop","","","60","","","60","","","","","","","","","","","0.0138","120","15","0.05","in E1 party K won 60% of all rounds in the control condition but 80% of the rounds in the treatment","16","",0.537315180579698,0.0885722830351444,0.297610959198656,"dif_prop_contagens+de_cluster",0,"mantido","d via log OR (Chinn 2000): pressupõe distribuição logística latente; variância multiplicada pelo efeito de desenho 1 + (15 − 1)·0.05","","","","","","0.60","0.80","","","pesquisa_pre_eleitoral","outro_resultado","lider","lab_preferencias_induzidas","outro","candidato_partido","induzido","nao","regra_do_experimento","algumas_preocupacoes"
"Boukouras2020a-E02","Boukouras2020a","Boukouras2020a","ES2149","RCT por cluster (laboratório; condição atribuída por sessão de 15 sujeitos)","ATE","rounds won by party K (rate of electoral success)","apoio_ao_lider","aumentar","E2: Tabela VI, teste exato de Fisher unilateral; tratamento = só as 2 pesquisas (de 5) mais favoráveis a K reveladas, sem aviso da regra; controle = 2 pesquisas sorteadas ao acaso; a exposição enviesada favorece o candidato do partido K; desfecho = fração de rodadas (eleições) vencidas por K; unidade = rodada","sim","","dif_prop","","","60","","","60","","","","","","","","","","","0.121","120","15","0.05","In E2 party K won 61.6% of all rounds in the control but 73.3% of the rounds in the treatment","16","",0.294338170472824,0.0793929474300322,0.28176754147707,"dif_prop_contagens+de_cluster",0,"mantido","d via log OR (Chinn 2000): pressupõe distribuição logística latente; variância multiplicada pelo efeito de desenho 1 + (15 − 1)·0.05","","","","","","0.616","0.733","","","pesquisa_pre_eleitoral","outro_resultado","lider","lab_preferencias_induzidas","outro","candidato_partido","induzido","nao","regra_do_experimento","algumas_preocupacoes"
"Boukouras2020a-E03","Boukouras2020a","Boukouras2020a","ES2149","RCT por cluster (laboratório; condição atribuída por sessão de 15 sujeitos)","ATE","rounds won by party K (rate of electoral success)","apoio_ao_lider","aumentar","E3: Tabela VI, teste exato de Fisher unilateral; tratamento = só as 2 pesquisas (de 5) mais favoráveis a K reveladas, com aviso prévio da regra; controle = as 5 pesquisas reveladas; a exposição enviesada favorece o candidato do partido K; desfecho = fração de rodadas (eleições) vencidas por K; unidade = rodada","sim","","dif_prop","","","75","","","60","","","","","","","","","","","0.245","135","15","0.05","in E3 party K won 56.7% of all rounds in the control but 64% of the rounds in the treatment","16","",0.167612369937485,0.0642507081114319,0.253477233911513,"dif_prop_contagens+de_cluster",0,"mantido","d via log OR (Chinn 2000): pressupõe distribuição logística latente; variância multiplicada pelo efeito de desenho 1 + (15 − 1)·0.05","","","","","","0.567","0.64","","","pesquisa_pre_eleitoral","outro_resultado","lider","lab_preferencias_induzidas","outro","candidato_partido","induzido","nao","regra_do_experimento","algumas_preocupacoes"
"Boukouras2020a-E04","Boukouras2020a","Boukouras2020a","ES2149","RCT por cluster (laboratório; condição atribuída por sessão de 15 sujeitos)","ATE","rounds won by party K (rate of electoral success); labelled 'vote share' by the authors in the introduction","apoio_ao_lider","aumentar","E1: número da introdução (folha 5) que os autores chamam de 'vote share', mas que é a diferença de taxa de vitória de K da Tabela VI (80% − 60% = 20 p.p.) e é chamado de 'winning rate' na folha 19; duplica Boukouras2020a-E01, não é participação nos votos e não deve ser usado como tal; tratamento = só as 2 pesquisas (de 5) mais favoráveis a K reveladas, sem aviso da regra; controle = as 5 pesquisas reveladas; desfecho = fração de rodadas vencidas por K","nao","","dif_prop","","","","","","","","","","","","","","","","","","","","","the biased feedback mechanism increased the vote share of the favoured candidate K by an average of 20 percentage points, 11.7 percentage points and 7.3 percentage points in E1, E2 and E3, respectively.","5","",,,,"sem_calculo",,"","d via log OR (Chinn 2000): pressupõe distribuição logística latente; dif_prop exige p0 (proporção no controle) em (0, 1); percentual vira proporção","","","","","","","","20","","pesquisa_pre_eleitoral","outro_resultado","lider","lab_preferencias_induzidas","outro","candidato_partido","induzido","nao","regra_do_experimento","algumas_preocupacoes"
"Boukouras2020a-E05","Boukouras2020a","Boukouras2020a","ES2149","RCT por cluster (laboratório; condição atribuída por sessão de 15 sujeitos)","ATE","rounds won by party K (rate of electoral success); labelled 'vote share' by the authors in the introduction","apoio_ao_lider","aumentar","E2: número da introdução (folha 5) que os autores chamam de 'vote share', mas que é a diferença de taxa de vitória de K da Tabela VI (73,3% − 61,6% = 11.7 p.p.) e é chamado de 'winning rate' na folha 19; duplica Boukouras2020a-E02, não é participação nos votos e não deve ser usado como tal; tratamento = só as 2 pesquisas (de 5) mais favoráveis a K reveladas, sem aviso da regra; controle = 2 pesquisas sorteadas ao acaso; desfecho = fração de rodadas vencidas por K","nao","","dif_prop","","","","","","","","","","","","","","","","","","","","","the biased feedback mechanism increased the vote share of the favoured candidate K by an average of 20 percentage points, 11.7 percentage points and 7.3 percentage points in E1, E2 and E3, respectively.","5","",,,,"sem_calculo",,"","d via log OR (Chinn 2000): pressupõe distribuição logística latente; dif_prop exige p0 (proporção no controle) em (0, 1); percentual vira proporção","","","","","","","","11.7","","pesquisa_pre_eleitoral","outro_resultado","lider","lab_preferencias_induzidas","outro","candidato_partido","induzido","nao","regra_do_experimento","algumas_preocupacoes"
"Boukouras2020a-E06","Boukouras2020a","Boukouras2020a","ES2149","RCT por cluster (laboratório; condição atribuída por sessão de 15 sujeitos)","ATE","rounds won by party K (rate of electoral success); labelled 'vote share' by the authors in the introduction","apoio_ao_lider","aumentar","E3: número da introdução (folha 5) que os autores chamam de 'vote share', mas que é a diferença de taxa de vitória de K da Tabela VI (64% − 56,7% = 7.3 p.p.) e é chamado de 'winning rate' na folha 19; duplica Boukouras2020a-E03, não é participação nos votos e não deve ser usado como tal; tratamento = só as 2 pesquisas (de 5) mais favoráveis a K reveladas, com aviso prévio da regra; controle = as 5 pesquisas reveladas; desfecho = fração de rodadas vencidas por K","nao","","dif_prop","","","","","","","","","","","","","","","","","","","","","the biased feedback mechanism increased the vote share of the favoured candidate K by an average of 20 percentage points, 11.7 percentage points and 7.3 percentage points in E1, E2 and E3, respectively.","5","",,,,"sem_calculo",,"","d via log OR (Chinn 2000): pressupõe distribuição logística latente; dif_prop exige p0 (proporção no controle) em (0, 1); percentual vira proporção","","","","","","","","7.3","","pesquisa_pre_eleitoral","outro_resultado","lider","lab_preferencias_induzidas","outro","candidato_partido","induzido","nao","regra_do_experimento","algumas_preocupacoes"
"Boukouras2020a-E07","Boukouras2020a","Boukouras2020a","ES2149","RCT por cluster (laboratório; condição atribuída por sessão de 15 sujeitos)","outro","vote for K in the election among those who chose J at the poll stage (J/K)","apoio_ao_lider","aumentar","E1: Tabela IX, comparação descritiva poll/election, sem teste; tratamento = só as 2 pesquisas (de 5) mais favoráveis a K reveladas, sem aviso da regra; controle = as 5 pesquisas reveladas; a exposição enviesada favorece K; desfecho = % dos que declararam J na pesquisa e votaram K na eleição","nao","declarou J na pesquisa da rodada","dif_prop","","","","","","","","","","","","","","","","","","","","","J/K 40.80% 22.01% 26.75% 18.90% 20.63% 19.67%","51","",,,,"sem_calculo",,"","d via log OR (Chinn 2000): pressupõe distribuição logística latente; dif_prop exige se_pp (ou IC do efeito em pp) ou n1 e n2","","","","","","0.2201","0.408","","","pesquisa_pre_eleitoral","outro_resultado","lider","lab_preferencias_induzidas","outro","candidato_partido","induzido","nao","regra_do_experimento","algumas_preocupacoes"
"Boukouras2020a-E08","Boukouras2020a","Boukouras2020a","ES2149","RCT por cluster (laboratório; condição atribuída por sessão de 15 sujeitos)","outro","vote for K in the election among those who chose J at the poll stage (J/K)","apoio_ao_lider","aumentar","E2: Tabela IX, comparação descritiva poll/election, sem teste; tratamento = só as 2 pesquisas (de 5) mais favoráveis a K reveladas, sem aviso da regra; controle = 2 pesquisas sorteadas ao acaso; a exposição enviesada favorece K; desfecho = % dos que declararam J na pesquisa e votaram K na eleição","nao","declarou J na pesquisa da rodada","dif_prop","","","","","","","","","","","","","","","","","","","","","J/K 40.80% 22.01% 26.75% 18.90% 20.63% 19.67%","51","",,,,"sem_calculo",,"","d via log OR (Chinn 2000): pressupõe distribuição logística latente; dif_prop exige se_pp (ou IC do efeito em pp) ou n1 e n2","","","","","","0.189","0.2675","","","pesquisa_pre_eleitoral","outro_resultado","lider","lab_preferencias_induzidas","outro","candidato_partido","induzido","nao","regra_do_experimento","algumas_preocupacoes"
"Boukouras2020a-E09","Boukouras2020a","Boukouras2020a","ES2149","RCT por cluster (laboratório; condição atribuída por sessão de 15 sujeitos)","outro","vote for K in the election among those who chose J at the poll stage (J/K)","apoio_ao_lider","aumentar","E3: Tabela IX, comparação descritiva poll/election, sem teste; tratamento = só as 2 pesquisas (de 5) mais favoráveis a K reveladas, com aviso prévio da regra; controle = as 5 pesquisas reveladas; a exposição enviesada favorece K; desfecho = % dos que declararam J na pesquisa e votaram K na eleição","nao","declarou J na pesquisa da rodada","dif_prop","","","","","","","","","","","","","","","","","","","","","J/K 40.80% 22.01% 26.75% 18.90% 20.63% 19.67%","51","",,,,"sem_calculo",,"","d via log OR (Chinn 2000): pressupõe distribuição logística latente; dif_prop exige se_pp (ou IC do efeito em pp) ou n1 e n2","","","","","","0.1967","0.2063","","","pesquisa_pre_eleitoral","outro_resultado","lider","lab_preferencias_induzidas","outro","candidato_partido","induzido","nao","regra_do_experimento","algumas_preocupacoes"
"Boukouras2020a-E10","Boukouras2020a","Boukouras2020a","ES2149","RCT por cluster (laboratório; condição atribuída por sessão de 15 sujeitos)","outro","vote for K in the election among those who chose K at the poll stage (K/K)","apoio_ao_lider","aumentar","E1: Tabela IX, comparação descritiva poll/election, sem teste; tratamento = só as 2 pesquisas (de 5) mais favoráveis a K reveladas, sem aviso da regra; controle = as 5 pesquisas reveladas; a exposição enviesada favorece K; desfecho = % dos que declararam K na pesquisa e votaram K na eleição","nao","declarou K na pesquisa da rodada","dif_prop","","","","","","","","","","","","","","","","","","","","","K/K 94.55% 84.55% 94.03% 86.03% 93.32% 85.67%","51","",,,,"sem_calculo",,"","d via log OR (Chinn 2000): pressupõe distribuição logística latente; dif_prop exige se_pp (ou IC do efeito em pp) ou n1 e n2","","","","","","0.8455","0.9455","","","pesquisa_pre_eleitoral","outro_resultado","lider","lab_preferencias_induzidas","outro","candidato_partido","induzido","nao","regra_do_experimento","algumas_preocupacoes"
"Boukouras2020a-E11","Boukouras2020a","Boukouras2020a","ES2149","RCT por cluster (laboratório; condição atribuída por sessão de 15 sujeitos)","outro","vote for K in the election among those who chose K at the poll stage (K/K)","apoio_ao_lider","aumentar","E2: Tabela IX, comparação descritiva poll/election, sem teste; tratamento = só as 2 pesquisas (de 5) mais favoráveis a K reveladas, sem aviso da regra; controle = 2 pesquisas sorteadas ao acaso; a exposição enviesada favorece K; desfecho = % dos que declararam K na pesquisa e votaram K na eleição","nao","declarou K na pesquisa da rodada","dif_prop","","","","","","","","","","","","","","","","","","","","","K/K 94.55% 84.55% 94.03% 86.03% 93.32% 85.67%","51","",,,,"sem_calculo",,"","d via log OR (Chinn 2000): pressupõe distribuição logística latente; dif_prop exige se_pp (ou IC do efeito em pp) ou n1 e n2","","","","","","0.8603","0.9403","","","pesquisa_pre_eleitoral","outro_resultado","lider","lab_preferencias_induzidas","outro","candidato_partido","induzido","nao","regra_do_experimento","algumas_preocupacoes"
"Boukouras2020a-E12","Boukouras2020a","Boukouras2020a","ES2149","RCT por cluster (laboratório; condição atribuída por sessão de 15 sujeitos)","outro","vote for K in the election among those who chose K at the poll stage (K/K)","apoio_ao_lider","aumentar","E3: Tabela IX, comparação descritiva poll/election, sem teste; tratamento = só as 2 pesquisas (de 5) mais favoráveis a K reveladas, com aviso prévio da regra; controle = as 5 pesquisas reveladas; a exposição enviesada favorece K; desfecho = % dos que declararam K na pesquisa e votaram K na eleição","nao","declarou K na pesquisa da rodada","dif_prop","","","","","","","","","","","","","","","","","","","","","K/K 94.55% 84.55% 94.03% 86.03% 93.32% 85.67%","51","",,,,"sem_calculo",,"","d via log OR (Chinn 2000): pressupõe distribuição logística latente; dif_prop exige se_pp (ou IC do efeito em pp) ou n1 e n2","","","","","","0.8567","0.9332","","","pesquisa_pre_eleitoral","outro_resultado","lider","lab_preferencias_induzidas","outro","candidato_partido","induzido","nao","regra_do_experimento","algumas_preocupacoes"
"Brugarolas2021-E01","Brugarolas2021","Brugarolas2021","ES1705","RDD (experimento natural)","ITT","turnout intention (proporção de entrevistados que disseram que votariam nas eleições nacionais)","mobilizacao","aumentar","Seção 3.2 ""Main Result"": diferença de médias entre tratados e controles na janela [-0.8, 0.8] dias em torno da divulgação do Poll1, estimada por métodos de randomização local (pacote rdrandinf), sem controles; janela escolhida pelo algoritmo de seleção por testes de balanceamento aninhados; Figura 2 (p. 5 do PDF); IC estimado pelo mesmo pacote. Não há tabela numerada no corpo (Tabelas A2-A6 estão no SI Appendix, não anexado a este PDF)","sim","","dif_prop","","","","","","","","","","","","","","2.0","9.0","","","","","","We found that ... release increased the turnout intention by 5.1% (CI: [2.0,9.0]).","6","",0.259370047821368,0.0119667549303224,0.109392663969401,"dif_prop_lpm",1,"mantido","d via log OR (Chinn 2000): pressupõe distribuição logística latente; p1 reconstruído como p0 + efeito_pp/100; Var(ln OR) pelo EP do efeito em pp (método delta, p0 fixo); efeito de LPM/DiD/RDD: conversão aproximada (sensibilidade sem aproximados); gl indisponível: sem correção J (valor é d, não g)","","","","","","0.849","","5.1","","pesquisa_pre_eleitoral","unidades_nao_expostas","nao_se_aplica","experimento_natural","outro","candidato_partido","real","nao","999","moderado"
"Bursztyn2023a-E01","Bursztyn2023a","Bursztyn2023a","ES1601","DiD (estudo de eventos)","ATT","Net Turnout (%)","mobilizacao","aumentar","Tabela 3, coluna 1 (comparecimento liquido diario em Genebra), coeficiente do dia +1 apos a divulgacao","sim","","beta_sd","","","","","","","","","","0.3905","0.1737","1.99","","","","","0.045","766","","","1 day after poll × Ex Ante Closeness (std.) ... 0.3905** ... (0.1737) ... [0.045]","39","",0.196038457426247,0.00760396507498653,0.0872007171701387,"beta_sd",0,"mantido","estimando ATT: não comparável diretamente a ATE; analisar em separado ou em sensibilidade","","","","","","","","","","pesquisa_pre_eleitoral","outro_resultado","nao_se_aplica","experimento_natural","outro","referendo","real","nao","referendo","baixo"
"Bursztyn2023a-E02","Bursztyn2023a","Bursztyn2023a","ES1601","DiD (estudo de eventos)","ATT","Net Turnout (%)","mobilizacao","aumentar","Tabela 3, coluna 1 (comparecimento liquido diario em Genebra), coeficiente do dia +2 apos a divulgacao","nao","","beta_sd","","","","","","","","","","0.3515","0.1734","1.99","","","","","0.061","766","","","2 days after poll × Ex Ante Closeness (std.) ... 0.3515** ... (0.1734) ... [0.061]","39","",0.176459712638479,0.00757772190189088,0.0870501114410021,"beta_sd",0,"mantido","estimando ATT: não comparável diretamente a ATE; analisar em separado ou em sensibilidade","","","","","","","","","","pesquisa_pre_eleitoral","outro_resultado","nao_se_aplica","experimento_natural","outro","referendo","real","nao","referendo","baixo"
"Bursztyn2023a-E03","Bursztyn2023a","Bursztyn2023a","ES1601","DiD (estudo de eventos)","ATT","Net Turnout (%)","mobilizacao","aumentar","Tabela 3, coluna 1 (comparecimento liquido diario em Genebra), coeficiente do dia +3 apos a divulgacao","nao","","beta_sd","","","","","","","","","","0.4230","0.2045","1.99","","","","","0.046","766","","","3 days after poll × Ex Ante Closeness (std.) ... 0.4230** ... (0.2045) ... [0.046]","39","",0.212354078082721,0.0105396721372653,0.102662905361505,"beta_sd",0,"mantido","estimando ATT: não comparável diretamente a ATE; analisar em separado ou em sensibilidade","","","","","","","","","","pesquisa_pre_eleitoral","outro_resultado","nao_se_aplica","experimento_natural","outro","referendo","real","nao","referendo","baixo"
"Bursztyn2023a-E04","Bursztyn2023a","Bursztyn2023a","ES1601","DiD (estudo de eventos)","ATT","Net Turnout (%)","mobilizacao","aumentar","Tabela 3, coluna 2 (comparecimento liquido com efeitos fixos de dia ate a eleicao), dia +1","nao","","beta_sd","","","","","","","","","","0.3709","0.1746","1.99","","","","","0.055","766","","","1 day after poll × Ex Ante Closeness (std.) ... 0.3709** ... (0.1746) ... [0.055]","39","",0.186198883122651,0.00768296677930127,0.0876525343575488,"beta_sd",0,"mantido","estimando ATT: não comparável diretamente a ATE; analisar em separado ou em sensibilidade","","","","","","","","","","pesquisa_pre_eleitoral","outro_resultado","nao_se_aplica","experimento_natural","outro","referendo","real","nao","referendo","baixo"
"Bursztyn2023a-E05","Bursztyn2023a","Bursztyn2023a","ES1601","DiD (estudo de eventos)","ATT","Log(Turnout)","mobilizacao","aumentar","Tabela 3, coluna 3 (log do numero diario de cedulas), dia +1","nao","","beta_sd","","","","","","","","","","0.1125","0.0586","0.55","","","","","0.079","766","","","1 day after poll × Ex Ante Closeness (std.) ... 0.1125* ... (0.0586) ... [0.079]","39","",0.204344591578634,0.0113296497073352,0.106440827257849,"beta_sd",0,"mantido","estimando ATT: não comparável diretamente a ATE; analisar em separado ou em sensibilidade","","","","","","","","","","pesquisa_pre_eleitoral","outro_resultado","nao_se_aplica","experimento_natural","outro","referendo","real","nao","referendo","baixo"
"Bursztyn2023a-E06","Bursztyn2023a","Bursztyn2023a","ES1601","DiD (estudo de eventos)","ATT","Net Turnout (%)","mobilizacao","aumentar","Tabela C.3, coluna 1 (bins de dois dias), dias +1 e +2 apos a divulgacao","nao","","beta_sd","","","","","","","","","","0.4042","0.1436","1.99","","","","","0.015","766","","","1-2 days after poll × Ex Ante Closeness (std.) ... 0.4042*** ... (0.1436) ... [0.015]","60","",0.202916119056823,0.00519695978755894,0.0720899423467583,"beta_sd",0,"mantido","estimando ATT: não comparável diretamente a ATE; analisar em separado ou em sensibilidade","","","","","","","","","","pesquisa_pre_eleitoral","outro_resultado","nao_se_aplica","experimento_natural","outro","referendo","real","nao","referendo","baixo"
"Bursztyn2023a-E07","Bursztyn2023a","Bursztyn2023a","ES1601","DiD (estudo de eventos)","ATT","Net Turnout (%)","mobilizacao","aumentar","Tabela C.4, coluna 1 (proximidade media de todas as votacoes do dia), dia +1","nao","","beta_sd","","","","","","","","","","0.5833","0.2655","1.99","","","","","0.030","766","","","1 day after poll × Average Closeness (std.) ... 0.5833** ... (0.2655) ... [0.030]","61","",0.292827739351422,0.0177651765322748,0.133286070285963,"beta_sd",0,"mantido","estimando ATT: não comparável diretamente a ATE; analisar em separado ou em sensibilidade","","","","","","","","","","pesquisa_pre_eleitoral","outro_resultado","nao_se_aplica","experimento_natural","outro","referendo","real","nao","referendo","baixo"
"Bursztyn2023a-E08","Bursztyn2023a","Bursztyn2023a","ES1601","painel com efeitos fixos","associacao","Turnout (%)","mobilizacao","aumentar","Tabela 4, Painel A, coluna 1 (interacao proximidade × mencoes a pesquisa nos jornais do cantao; efeito diferencial, nao efeito principal)","nao","","beta_sd","","","","","","","","","","0.4795","0.2170","8.910","","","","","0.062","962","","","Poll Mentions (std.) × Ex Ante Closeness (std.) ... 0.4795** ... (0.2170) ... [0.062]","40","",0.0537738824966402,0.000592222676040434,0.0243356256554138,"beta_sd",0,"mantido","","","","","","","","","","","pesquisa_pre_eleitoral","outro_resultado","nao_se_aplica","experimento_natural","outro","referendo","real","nao","referendo","baixo"
"Bursztyn2023a-E09","Bursztyn2023a","Bursztyn2023a","ES1601","painel com efeitos fixos","associacao","Turnout (%)","mobilizacao","aumentar","Tabela 4, Painel A, coluna 2 (mesma interacao, com controles de cantao germanofono)","nao","","beta_sd","","","","","","","","","","0.5426","0.2010","8.910","","","","","0.024","962","","","Poll Mentions (std.) × Ex Ante Closeness (std.) ... 0.5426** ... (0.2010) ... [0.024]","40","",0.0608502787125692,0.000508109926622132,0.0225412938098533,"beta_sd",0,"mantido","","","","","","","","","","","pesquisa_pre_eleitoral","outro_resultado","nao_se_aplica","experimento_natural","outro","referendo","real","nao","referendo","baixo"
"Bursztyn2023a-E10","Bursztyn2023a","Bursztyn2023a","ES1601","painel com efeitos fixos","associacao","Turnout (%)","mobilizacao","aumentar","Tabela 4, Painel B, coluna 1 (mencoes incidentais a pesquisa; efeito diferencial)","nao","","beta_sd","","","","","","","","","","0.3741","0.1928","8.910","","","","","0.082","962","","","Poll Mentions (std.) × Ex Ante Closeness (std.) ... 0.3741* ... (0.1928) ... [0.082]","40","",0.0419537214640106,0.00046749785636023,0.0216216987390036,"beta_sd",0,"mantido","","","","","","","","","","","pesquisa_pre_eleitoral","outro_resultado","nao_se_aplica","experimento_natural","outro","referendo","real","nao","referendo","baixo"
"Bursztyn2023a-E11","Bursztyn2023a","Bursztyn2023a","ES1601","painel com efeitos fixos","associacao","Turnout (%)","mobilizacao","aumentar","Tabela 4, Painel C, coluna 1 (mencoes incidentais, jornal com menos de 15% do mercado no cantao)","nao","","beta_sd","","","","","","","","","","0.3835","0.1753","8.910","","","","","0.033","962","","","Poll Mentions (std.) × Ex Ante Closeness (std.) ... 0.3835** ... (0.1753) ... [0.033]","40","",0.0430078914232774,0.000386482111209909,0.0196591482829218,"beta_sd",0,"mantido","","","","","","","","","","","pesquisa_pre_eleitoral","outro_resultado","nao_se_aplica","experimento_natural","outro","referendo","real","nao","referendo","baixo"
"Bursztyn2023a-E12","Bursztyn2023a","Bursztyn2023a","ES1601","painel com efeitos fixos","associacao","Turnout (%)","mobilizacao","aumentar","Tabela C.6, Painel A, coluna 1 (mencoes ponderadas pela leitura)","nao","","beta_sd","","","","","","","","","","0.5567","0.2104","8.910","","","","","0.018","962","","","Readership-weighted Poll Mentions (std.) × Ex Ante Closeness (std.) ... 0.5567** ... (0.2104) ... [0.018]","63","",0.0624315336514694,0.000556745910479859,0.0235954637691201,"beta_sd",0,"mantido","","","","","","","","","","","pesquisa_pre_eleitoral","outro_resultado","nao_se_aplica","experimento_natural","outro","referendo","real","nao","referendo","baixo"
"Bursztyn2023a-E13","Bursztyn2023a","Bursztyn2023a","ES1601","IV","LATE","Turnout (%)","mobilizacao","aumentar","Tabela C.7, coluna 3 (2SLS: mencoes incidentais instrumentam as mencoes totais; segundo estagio)","nao","","beta_sd","","","","","","","","","","0.9789","0.4790","8.91","","","","","0.072","962","","","Poll Mentions (std.) × Ex Ante Closeness (std.) ... 0.9789∗∗ ... (0.4790) ... [0.072]","64","",0.109779465226196,0.00288560307106528,0.0537178096264664,"beta_sd",0,"mantido","estimando LATE: não comparável diretamente a ATE; analisar em separado ou em sensibilidade","","","","","","","","","","pesquisa_pre_eleitoral","outro_resultado","nao_se_aplica","experimento_natural","outro","referendo","real","nao","referendo","baixo"
"Bursztyn2023a-E14","Bursztyn2023a","Bursztyn2023a","ES1601","DiD","ATT","municipality-level voter turnout","mobilizacao","aumentar","Tabela 5, coluna 1 (tripla interacao proximidade ex post × nao representatividade × era das pesquisas)","nao","","beta_sd","","","","","","","","","","0.6211","0.2983","13.02","","","","","","250240","","","Ex Post Closeness (std.) × Unrepresentativeness (std.) × Poll Era ... 0.6211∗∗ ... (0.2983)","41","",0.0477033900514835,0.000524906480935116,0.0229108376305869,"beta_sd",0,"mantido","estimando ATT: não comparável diretamente a ATE; analisar em separado ou em sensibilidade","","","","","","","","","","pesquisa_pre_eleitoral","sem_pesquisa","nao_se_aplica","experimento_natural","outro","referendo","real","nao","referendo","baixo"
"Bursztyn2023a-E15","Bursztyn2023a","Bursztyn2023a","ES1601","painel com efeitos fixos","associacao","Turnout","mobilizacao","aumentar","Tabela 6, coluna 1 (interacao proximidade × apoio estimado ao lado atras; comparecimento municipal)","nao","","beta_sd","","","","","","","","","","0.0125","0.0073","","","","","","","124032","","","Ex Ante Closeness (std.) × Trailing Side’s Estimated Support ... 0.0125∗ ... (0.0073)","42","",,,,"sem_calculo",,"","beta_sd exige sdy > 0 (DP de Y no grupo de controle)","","","","","","","","","","pesquisa_pre_eleitoral","outro_resultado","nao_se_aplica","experimento_natural","outro","referendo","real","nao","referendo","baixo"
"Bursztyn2023a-E16","Bursztyn2023a","Bursztyn2023a","ES1601","painel com efeitos fixos","associacao","Turnout","mobilizacao","aumentar","Tabela C.9, coluna 1 (mesma interacao, amostra aparada sem 0% e 100% de apoio ao lado atras)","nao","","beta_sd","","","","","","","","","","0.0126","0.0074","","","","","","","119394","","","Ex Ante Closeness (std.) × Trailing Side’s Estimated Support ... 0.0126∗ ... (0.0074)","66","",,,,"sem_calculo",,"","beta_sd exige sdy > 0 (DP de Y no grupo de controle)","","","","","","","","","","pesquisa_pre_eleitoral","outro_resultado","nao_se_aplica","experimento_natural","outro","referendo","real","nao","referendo","baixo"
"Bursztyn2023a-E17","Bursztyn2023a","Bursztyn2023a","ES1601","painel com efeitos fixos","associacao","Vote Share for Trailing Side","apoio_ao_lider","reduzir","Tabela 6, coluna 2 (interacao proximidade × apoio estimado ao lado atras; parcela municipal de votos do lado atras)","sim","","beta_sd","","","","","","","","","","0.0634","0.0213","18.25","","","","","","124032","","","Ex Ante Closeness (std.) × Trailing Side’s Estimated Support ... 0.0634∗∗∗ ... (0.0213)","42","",-0.00347395159584862,1.36216029468196e-06,0.00116711623015104,"beta_sd",0,"invertido","","","","","","","","","","","pesquisa_pre_eleitoral","outro_resultado","azarao","experimento_natural","outro","referendo","real","nao","referendo","alto"
"Bursztyn2023a-E18","Bursztyn2023a","Bursztyn2023a","ES1601","painel com efeitos fixos","associacao","Vote Share for Trailing Side","apoio_ao_lider","reduzir","Tabela C.9, coluna 2 (mesma interacao, amostra aparada sem 0% e 100% de apoio ao lado atras)","nao","","beta_sd","","","","","","","","","","0.0631","0.0212","","","","","","","119394","","","Ex Ante Closeness (std.) × Trailing Side’s Estimated Support ... 0.0631∗∗∗ ... (0.0212)","66","",,,,"sem_calculo",,"","beta_sd exige sdy > 0 (DP de Y no grupo de controle)","","","","","","","","","","pesquisa_pre_eleitoral","outro_resultado","azarao","experimento_natural","outro","referendo","real","nao","referendo","alto"
"Chatterjee2019a-E01","Chatterjee2019a","Chatterjee2019a","ES1538","DiD (experimento natural: proibicao de divulgacao de resultados de boca de urna na India, Representation of the People (Amendment) Act 2009, em vigor desde 1/2/2010)","ATT","Winner - vote share of the eventual winner (Vote Share Winner, pontos percentuais)","apoio_ao_lider","aumentar","Tabela 3, bloco Winner, coluna 1 (sem controles); DiD Y = a + b*alwaysmulti + g*after + d*(alwaysmulti x after) (+ controles), MQO com EP robusto; eleicoes de assembleia estadual (4 estados, 2004-2010)","nao","","beta_sd","","","","","","","","","","-0.652","1.012","9.97","","","","","","1352","","","Winner Runner-Up Others ˆδ 0.652 2.921* -2.278*** 0.738 1.781 -2.934* (1.012) (1.196) (0.778) (0.987) (1.349) (1.461) Controls No Yes No Yes No Yes ... Obs 1352 1352 1352 1352 1352 1352","21","",-0.0653598506205782,0.010291719367379,0.101448111699425,"beta_sd",0,"mantido","estimando ATT: não comparável diretamente a ATE; analisar em separado ou em sensibilidade","","","","","","0.4404","","-0.652","1.012","boca_de_urna","antes_depois_proibicao","lider","experimento_natural","outro","candidato_partido","real","sim","pluralidade","alto"
"Chatterjee2019a-E02","Chatterjee2019a","Chatterjee2019a","ES1538","DiD (experimento natural: proibicao de divulgacao de resultados de boca de urna na India, Representation of the People (Amendment) Act 2009, em vigor desde 1/2/2010)","ATT","Winner - vote share of the eventual winner (Vote Share Winner, pontos percentuais)","apoio_ao_lider","aumentar","Tabela 3, bloco Winner, coluna 2 (com controles: population, sex ratio, literacy, total electors, urban employment); DiD Y = a + b*alwaysmulti + g*after + d*(alwaysmulti x after) (+ controles), MQO com EP robusto; eleicoes de assembleia estadual (4 estados, 2004-2010)","sim","","beta_sd","","","","","","","","","","-2.921","1.196","9.97","","","","","","1352","","","Winner Runner-Up Others ˆδ 0.652 2.921* -2.278*** 0.738 1.781 -2.934* (1.012) (1.196) (0.778) (0.987) (1.349) (1.461) Controls No Yes No Yes No Yes ... Obs 1352 1352 1352 1352 1352 1352","21","",-0.292816140586977,0.0143743849015459,0.119893222917502,"beta_sd",0,"mantido","estimando ATT: não comparável diretamente a ATE; analisar em separado ou em sensibilidade","","","","","","0.4404","","-2.921","1.196","boca_de_urna","antes_depois_proibicao","lider","experimento_natural","outro","candidato_partido","real","sim","pluralidade","alto"
"Chatterjee2019a-E03","Chatterjee2019a","Chatterjee2019a","ES1538","DiD (experimento natural: proibicao de divulgacao de resultados de boca de urna na India, Representation of the People (Amendment) Act 2009, em vigor desde 1/2/2010)","ATT","Runner-Up - vote share of the runner up (Vote Share Runnerup, pontos percentuais)","apoio_ao_lider","aumentar","Tabela 3, bloco Runner-Up, coluna 3 (sem controles); DiD Y = a + b*alwaysmulti + g*after + d*(alwaysmulti x after) (+ controles), MQO com EP robusto; eleicoes de assembleia estadual (4 estados, 2004-2010)","nao","","beta_sd","","","","","","","","","","2.278","0.778","7.69","","","","","","1352","","","Winner Runner-Up Others ˆδ 0.652 2.921* -2.278*** 0.738 1.781 -2.934* (1.012) (1.196) (0.778) (0.987) (1.349) (1.461) Controls No Yes No Yes No Yes ... Obs 1352 1352 1352 1352 1352 1352","21","",0.296064266585032,0.0102240682855376,0.101114134944317,"beta_sd",0,"mantido","estimando ATT: não comparável diretamente a ATE; analisar em separado ou em sensibilidade","","","","","","0.3180","","2.278","0.778","boca_de_urna","antes_depois_proibicao","segundo_viavel","experimento_natural","outro","candidato_partido","real","sim","pluralidade","alto"
"Chatterjee2019a-E04","Chatterjee2019a","Chatterjee2019a","ES1538","DiD (experimento natural: proibicao de divulgacao de resultados de boca de urna na India, Representation of the People (Amendment) Act 2009, em vigor desde 1/2/2010)","ATT","Runner-Up - vote share of the runner up (Vote Share Runnerup, pontos percentuais)","apoio_ao_lider","aumentar","Tabela 3, bloco Runner-Up, coluna 4 (com controles: population, sex ratio, literacy, total electors, urban employment); DiD Y = a + b*alwaysmulti + g*after + d*(alwaysmulti x after) (+ controles), MQO com EP robusto; eleicoes de assembleia estadual (4 estados, 2004-2010)","nao","","beta_sd","","","","","","","","","","-0.738","0.987","7.69","","","","","","1352","","","Winner Runner-Up Others ˆδ 0.652 2.921* -2.278*** 0.738 1.781 -2.934* (1.012) (1.196) (0.778) (0.987) (1.349) (1.461) Controls No Yes No Yes No Yes ... Obs 1352 1352 1352 1352 1352 1352","21","",-0.0959154647672316,0.0164550366070372,0.12827718661959,"beta_sd",0,"mantido","estimando ATT: não comparável diretamente a ATE; analisar em separado ou em sensibilidade","","","","","","0.3180","","-0.738","0.987","boca_de_urna","antes_depois_proibicao","segundo_viavel","experimento_natural","outro","candidato_partido","real","sim","pluralidade","alto"
"Chatterjee2019a-E05","Chatterjee2019a","Chatterjee2019a","ES1538","DiD (experimento natural: proibicao de divulgacao de resultados de boca de urna na India, Representation of the People (Amendment) Act 2009, em vigor desde 1/2/2010)","ATT","Others - vote share of candidates finishing 3rd or below (Vote Share Third and below, pontos percentuais)","apoio_ao_lider","reduzir","Tabela 3, bloco Others, coluna 5 (sem controles); DiD Y = a + b*alwaysmulti + g*after + d*(alwaysmulti x after) (+ controles), MQO com EP robusto; eleicoes de assembleia estadual (4 estados, 2004-2010)","nao","","beta_sd","","","","","","","","","","-1.781","1.349","13.74","","","","","","1352","","","Winner Runner-Up Others ˆδ 0.652 2.921* -2.278*** 0.738 1.781 -2.934* (1.012) (1.196) (0.778) (0.987) (1.349) (1.461) Controls No Yes No Yes No Yes ... Obs 1352 1352 1352 1352 1352 1352","21","",0.129549517634,0.00962870011722138,0.098125940083249,"beta_sd",0,"invertido","estimando ATT: não comparável diretamente a ATE; analisar em separado ou em sensibilidade","","","","","","0.2421","","-1.781","1.349","boca_de_urna","antes_depois_proibicao","terceiro_inviavel","experimento_natural","outro","candidato_partido","real","sim","pluralidade","alto"
"Chatterjee2019a-E06","Chatterjee2019a","Chatterjee2019a","ES1538","DiD (experimento natural: proibicao de divulgacao de resultados de boca de urna na India, Representation of the People (Amendment) Act 2009, em vigor desde 1/2/2010)","ATT","Others - vote share of candidates finishing 3rd or below (Vote Share Third and below, pontos percentuais)","apoio_ao_lider","reduzir","Tabela 3, bloco Others, coluna 6 (com controles: population, sex ratio, literacy, total electors, urban employment); DiD Y = a + b*alwaysmulti + g*after + d*(alwaysmulti x after) (+ controles), MQO com EP robusto; eleicoes de assembleia estadual (4 estados, 2004-2010)","nao","","beta_sd","","","","","","","","","","2.934","1.461","13.74","","","","","","1352","","","Winner Runner-Up Others ˆδ 0.652 2.921* -2.278*** 0.738 1.781 -2.934* (1.012) (1.196) (0.778) (0.987) (1.349) (1.461) Controls No Yes No Yes No Yes ... Obs 1352 1352 1352 1352 1352 1352","21","",-0.213418464198853,0.0112939066430404,0.106272793522333,"beta_sd",0,"invertido","estimando ATT: não comparável diretamente a ATE; analisar em separado ou em sensibilidade","","","","","","0.2421","","2.934","1.461","boca_de_urna","antes_depois_proibicao","terceiro_inviavel","experimento_natural","outro","candidato_partido","real","sim","pluralidade","alto"
"Chatterjee2019a-E07","Chatterjee2019a","Chatterjee2019a","ES1538","DiD (experimento natural: proibicao de divulgacao de resultados de boca de urna na India, Representation of the People (Amendment) Act 2009, em vigor desde 1/2/2010)","ATT","Winner - vote share of the eventual winner (Vote Share Winner, pontos percentuais)","apoio_ao_lider","aumentar","Tabela 4, bloco Winner, coluna 1 (sem controles); DiD Y = a + b*alwaysmulti + g*after + d*(alwaysmulti x after) (+ controles), MQO com EP robusto; eleicoes gerais/nacionais (5 eleicoes, 1998-2014)","nao","","beta_sd","","","","","","","","","","-2.452","1.197","8.42","","","","","","1740","","","Winner Runner-Up Others ˆδ 2.452* 3.504** -0.016 1.264 -2.436 -4.768** (1.197) (1.286) (0.984) (0.941) (1.449) (1.600) Controls No Yes No Yes No Yes ... Obs 1740 1737 1740 1737 1740 1737","23","",-0.2910857167461,0.0201924567035311,0.14210016433323,"beta_sd",0,"mantido","estimando ATT: não comparável diretamente a ATE; analisar em separado ou em sensibilidade","","","","","","0.4665","","-2.452","1.197","boca_de_urna","antes_depois_proibicao","lider","experimento_natural","outro","candidato_partido","real","sim","pluralidade","alto"
"Chatterjee2019a-E08","Chatterjee2019a","Chatterjee2019a","ES1538","DiD (experimento natural: proibicao de divulgacao de resultados de boca de urna na India, Representation of the People (Amendment) Act 2009, em vigor desde 1/2/2010)","ATT","Winner - vote share of the eventual winner (Vote Share Winner, pontos percentuais)","apoio_ao_lider","aumentar","Tabela 4, bloco Winner, coluna 2 (com controles: population, sex ratio, literacy, total electors, urban employment); DiD Y = a + b*alwaysmulti + g*after + d*(alwaysmulti x after) (+ controles), MQO com EP robusto; eleicoes gerais/nacionais (5 eleicoes, 1998-2014)","sim","","beta_sd","","","","","","","","","","-3.504","1.286","8.42","","","","","","1737","","","Winner Runner-Up Others ˆδ 2.452* 3.504** -0.016 1.264 -2.436 -4.768** (1.197) (1.286) (0.984) (0.941) (1.449) (1.600) Controls No Yes No Yes No Yes ... Obs 1740 1737 1740 1737 1740 1737","23","",-0.415972100273883,0.0233067730978986,0.152665559632481,"beta_sd",0,"mantido","estimando ATT: não comparável diretamente a ATE; analisar em separado ou em sensibilidade","","","","","","0.4665","","-3.504","1.286","boca_de_urna","antes_depois_proibicao","lider","experimento_natural","outro","candidato_partido","real","sim","pluralidade","alto"
"Chatterjee2019a-E09","Chatterjee2019a","Chatterjee2019a","ES1538","DiD (experimento natural: proibicao de divulgacao de resultados de boca de urna na India, Representation of the People (Amendment) Act 2009, em vigor desde 1/2/2010)","ATT","Runner-Up - vote share of the runner up (Vote Share Runnerup, pontos percentuais)","apoio_ao_lider","aumentar","Tabela 4, bloco Runner-Up, coluna 3 (sem controles); DiD Y = a + b*alwaysmulti + g*after + d*(alwaysmulti x after) (+ controles), MQO com EP robusto; eleicoes gerais/nacionais (5 eleicoes, 1998-2014)","nao","","beta_sd","","","","","","","","","","0.016","0.984","7.34","","","","","","1740","","","Winner Runner-Up Others ˆδ 2.452* 3.504** -0.016 1.264 -2.436 -4.768** (1.197) (1.286) (0.984) (0.941) (1.449) (1.600) Controls No Yes No Yes No Yes ... Obs 1740 1737 1740 1737 1740 1737","23","",0.00217889571100467,0.0179565591131313,0.134002086226787,"beta_sd",0,"mantido","estimando ATT: não comparável diretamente a ATE; analisar em separado ou em sensibilidade","","","","","","0.3509","","0.016","0.984","boca_de_urna","antes_depois_proibicao","segundo_viavel","experimento_natural","outro","candidato_partido","real","sim","pluralidade","alto"
"Chatterjee2019a-E10","Chatterjee2019a","Chatterjee2019a","ES1538","DiD (experimento natural: proibicao de divulgacao de resultados de boca de urna na India, Representation of the People (Amendment) Act 2009, em vigor desde 1/2/2010)","ATT","Runner-Up - vote share of the runner up (Vote Share Runnerup, pontos percentuais)","apoio_ao_lider","aumentar","Tabela 4, bloco Runner-Up, coluna 4 (com controles: population, sex ratio, literacy, total electors, urban employment); DiD Y = a + b*alwaysmulti + g*after + d*(alwaysmulti x after) (+ controles), MQO com EP robusto; eleicoes gerais/nacionais (5 eleicoes, 1998-2014)","nao","","beta_sd","","","","","","","","","","-1.264","0.941","7.34","","","","","","1737","","","Winner Runner-Up Others ˆδ 2.452* 3.504** -0.016 1.264 -2.436 -4.768** (1.197) (1.286) (0.984) (0.941) (1.449) (1.600) Controls No Yes No Yes No Yes ... Obs 1740 1737 1740 1737 1740 1737","23","",-0.172132632637939,0.0164214507059454,0.128146208316694,"beta_sd",0,"mantido","estimando ATT: não comparável diretamente a ATE; analisar em separado ou em sensibilidade","","","","","","0.3509","","-1.264","0.941","boca_de_urna","antes_depois_proibicao","segundo_viavel","experimento_natural","outro","candidato_partido","real","sim","pluralidade","alto"
"Chatterjee2019a-E11","Chatterjee2019a","Chatterjee2019a","ES1538","DiD (experimento natural: proibicao de divulgacao de resultados de boca de urna na India, Representation of the People (Amendment) Act 2009, em vigor desde 1/2/2010)","ATT","Others - vote share of candidates finishing 3rd or below (Vote Share Third and below, pontos percentuais)","apoio_ao_lider","reduzir","Tabela 4, bloco Others, coluna 5 (sem controles); DiD Y = a + b*alwaysmulti + g*after + d*(alwaysmulti x after) (+ controles), MQO com EP robusto; eleicoes gerais/nacionais (5 eleicoes, 1998-2014)","nao","","beta_sd","","","","","","","","","","2.436","1.449","12.33","","","","","","1740","","","Winner Runner-Up Others ˆδ 2.452* 3.504** -0.016 1.264 -2.436 -4.768** (1.197) (1.286) (0.984) (0.941) (1.449) (1.600) Controls No Yes No Yes No Yes ... Obs 1740 1737 1740 1737 1740 1737","23","",-0.19748164156394,0.0137986201747584,0.117467528171654,"beta_sd",0,"invertido","estimando ATT: não comparável diretamente a ATE; analisar em separado ou em sensibilidade","","","","","","0.1825","","2.436","1.449","boca_de_urna","antes_depois_proibicao","terceiro_inviavel","experimento_natural","outro","candidato_partido","real","sim","pluralidade","alto"
"Chatterjee2019a-E12","Chatterjee2019a","Chatterjee2019a","ES1538","DiD (experimento natural: proibicao de divulgacao de resultados de boca de urna na India, Representation of the People (Amendment) Act 2009, em vigor desde 1/2/2010)","ATT","Others - vote share of candidates finishing 3rd or below (Vote Share Third and below, pontos percentuais)","apoio_ao_lider","reduzir","Tabela 4, bloco Others, coluna 6 (com controles: population, sex ratio, literacy, total electors, urban employment); DiD Y = a + b*alwaysmulti + g*after + d*(alwaysmulti x after) (+ controles), MQO com EP robusto; eleicoes gerais/nacionais (5 eleicoes, 1998-2014)","nao","","beta_sd","","","","","","","","","","4.768","1.600","12.33","","","","","","1737","","","Winner Runner-Up Others ˆδ 2.452* 3.504** -0.016 1.264 -2.436 -4.768** (1.197) (1.286) (0.984) (0.941) (1.449) (1.600) Controls No Yes No Yes No Yes ... Obs 1740 1737 1740 1737 1740 1737","23","",-0.386531922779284,0.0168243465753176,0.129708698919223,"beta_sd",0,"invertido","estimando ATT: não comparável diretamente a ATE; analisar em separado ou em sensibilidade","","","","","","0.1825","","4.768","1.600","boca_de_urna","antes_depois_proibicao","terceiro_inviavel","experimento_natural","outro","candidato_partido","real","sim","pluralidade","alto"
"Chatterjee2019a-E13","Chatterjee2019a","Chatterjee2019a","ES1538","DiD (experimento natural: proibicao de divulgacao de resultados de boca de urna na India, Representation of the People (Amendment) Act 2009, em vigor desde 1/2/2010)","ATT","Voter Turnout (Poll Percentage) - comparecimento na constituencia, pontos percentuais","mobilizacao","aumentar","Tabela 7, bloco Voter Turnout, coluna 1 (sem controles); DiD Y = a + b*alwaysmulti + g*after + d*(alwaysmulti x after) (+ controles), MQO com EP robusto; eleicoes de assembleia estadual (4 estados, 2004-2010)","nao","","beta_sd","","","","","","","","","","-9.492","0.944","13.28","","","","","","1355","","","Voter Turnout Winning Margin ˆδ 9.492*** 4.706*** 2.930** 2.183 (0.944) (1.290) (1.194) (1.593) Controls No Yes No Yes ... Obs 1355 1355 1352 1352","28","",-0.714362755030471,0.00504738155760045,0.0710449263325711,"beta_sd",0,"mantido","estimando ATT: não comparável diretamente a ATE; analisar em separado ou em sensibilidade","","","","","","0.6050","","-9.492","0.944","boca_de_urna","antes_depois_proibicao","nao_se_aplica","experimento_natural","outro","candidato_partido","real","sim","pluralidade","alto"
"Chatterjee2019a-E14","Chatterjee2019a","Chatterjee2019a","ES1538","DiD (experimento natural: proibicao de divulgacao de resultados de boca de urna na India, Representation of the People (Amendment) Act 2009, em vigor desde 1/2/2010)","ATT","Voter Turnout (Poll Percentage) - comparecimento na constituencia, pontos percentuais","mobilizacao","aumentar","Tabela 7, bloco Voter Turnout, coluna 2 (com controles: population, sex ratio, literacy, total electors, urban employment); DiD Y = a + b*alwaysmulti + g*after + d*(alwaysmulti x after) (+ controles), MQO com EP robusto; eleicoes de assembleia estadual (4 estados, 2004-2010)","sim","","beta_sd","","","","","","","","","","-4.706","1.290","13.28","","","","","","1355","","","Voter Turnout Winning Margin ˆδ 9.492*** 4.706*** 2.930** 2.183 (0.944) (1.290) (1.194) (1.593) Controls No Yes No Yes ... Obs 1355 1355 1352 1352","28","",-0.354170999280805,0.00942543859747885,0.0970846980603991,"beta_sd",0,"mantido","estimando ATT: não comparável diretamente a ATE; analisar em separado ou em sensibilidade","","","","","","0.6050","","-4.706","1.290","boca_de_urna","antes_depois_proibicao","nao_se_aplica","experimento_natural","outro","candidato_partido","real","sim","pluralidade","alto"
"Chatterjee2019a-E15","Chatterjee2019a","Chatterjee2019a","ES1538","DiD (experimento natural: proibicao de divulgacao de resultados de boca de urna na India, Representation of the People (Amendment) Act 2009, em vigor desde 1/2/2010)","ATT","Voter Turnout (Poll Percentage) - comparecimento na constituencia, pontos percentuais","mobilizacao","aumentar","Tabela 8, bloco Voter Turnout, coluna 1 (sem controles); DiD Y = a + b*alwaysmulti + g*after + d*(alwaysmulti x after) (+ controles), MQO com EP robusto; eleicoes gerais/nacionais (5 eleicoes, 1998-2014)","nao","","beta_sd","","","","","","","","","","3.518","1.278","11.84","","","","","","1740","","","Voter Turnout Winning Margin ˆδ -3.518* -0.897 2.44 2.186 (1.278) (1.292) (1.639) (1.580) Controls No Yes No Yes ... Obs 1740 1737 1740 1737","29","",0.297000139975971,0.0116408138762865,0.10789260343641,"beta_sd",0,"mantido","estimando ATT: não comparável diretamente a ATE; analisar em separado ou em sensibilidade","","","","","","0.6208","","3.518","1.278","boca_de_urna","antes_depois_proibicao","nao_se_aplica","experimento_natural","outro","candidato_partido","real","sim","pluralidade","alto"
"Chatterjee2019a-E16","Chatterjee2019a","Chatterjee2019a","ES1538","DiD (experimento natural: proibicao de divulgacao de resultados de boca de urna na India, Representation of the People (Amendment) Act 2009, em vigor desde 1/2/2010)","ATT","Voter Turnout (Poll Percentage) - comparecimento na constituencia, pontos percentuais","mobilizacao","aumentar","Tabela 8, bloco Voter Turnout, coluna 2 (com controles: population, sex ratio, literacy, total electors, urban employment); DiD Y = a + b*alwaysmulti + g*after + d*(alwaysmulti x after) (+ controles), MQO com EP robusto; eleicoes gerais/nacionais (5 eleicoes, 1998-2014)","sim","","beta_sd","","","","","","","","","","0.897","1.292","11.84","","","","","","1737","","","Voter Turnout Winning Margin ˆδ -3.518* -0.897 2.44 2.186 (1.278) (1.292) (1.639) (1.580) Controls No Yes No Yes ... Obs 1740 1737 1740 1737","29","",0.0757273810775756,0.0118972343543932,0.109074444093899,"beta_sd",0,"mantido","estimando ATT: não comparável diretamente a ATE; analisar em separado ou em sensibilidade","","","","","","0.6208","","0.897","1.292","boca_de_urna","antes_depois_proibicao","nao_se_aplica","experimento_natural","outro","candidato_partido","real","sim","pluralidade","alto"
"Cornejo2023a-E01","Cornejo2023a","Cornejo2023a","ES1625","transversal","associacao","Vote for the PRI - categoria «Not PRI» (Other)","apoio_ao_lider","reduzir","Tabela 3 (Multinomial Logistic Regressions), bloco com controles, col. (1) «Other» (Not PRI); coeficiente de «PRI Expectation: Will Lose» vs base «PRI Will Win»; amostra: PRI Partisans [coordenador: rebaixado a nao; o estudo tem dois principais de desenhos diferentes (survey experiment aleatorizado e análise observacional de 2006) e o risco de viés é julgado por estudo × desfecho com uma ferramenta; principal = experimento (E05), mesmo critério de Klor2017a]","nao","","or","","","","","","","","","","2.43","0.44","","11.358882","","","","<0.01","494","","","PRI Expectation: Will Lose 2.47*** 1.28** 2.43*** 1.11* (0.43) (0.59) (0.44) (0.61)...Observations 501 501 494 494","15","",-1.33768590358521,0.0586679765021789,0.242214732215402,"or_logit",0,"invertido","assume distribuição logística latente (d = ln(OR)·√3/π); se interpretado como EP de ln(OR)","","","","","","","","","","pesquisa_pre_eleitoral","sem_pesquisa","terceiro_inviavel","survey_experiment","america_latina","candidato_partido","real","nao","pluralidade","algumas_preocupacoes"
"Cornejo2023a-E02","Cornejo2023a","Cornejo2023a","ES1625","transversal","associacao","Vote for the PRI - categoria «Not PRI» (Other)","apoio_ao_lider","reduzir","Tabela 3, bloco sem controles, col. (1) «Other» (Not PRI); coeficiente de «PRI Expectation: Will Lose» vs base «PRI Will Win»; amostra: PRI Partisans","nao","","or","","","","","","","","","","2.47","0.43","","11.822447","","","","<0.01","501","","","PRI Expectation: Will Lose 2.47*** 1.28** 2.43*** 1.11* (0.43) (0.59) (0.44) (0.61)...Observations 501 501 494 494","15","",-1.35973458555962,0.056033956497904,0.236714926647865,"or_logit",0,"invertido","assume distribuição logística latente (d = ln(OR)·√3/π); se interpretado como EP de ln(OR)","","","","","","","","","","pesquisa_pre_eleitoral","sem_pesquisa","terceiro_inviavel","survey_experiment","america_latina","candidato_partido","real","nao","pluralidade","algumas_preocupacoes"
"Cornejo2023a-E03","Cornejo2023a","Cornejo2023a","ES1625","transversal","associacao","Vote for the PRI - categoria «Not PRI» (Other)","apoio_ao_lider","reduzir","Tabela 3, bloco com controles, col. (1) «Other» (Not PRI); coeficiente de «PRI Expectation: Don´t Know» vs base «PRI Will Win», com sinal invertido (grupo 1 = informado/«PRI Will Win»; grupo 2 = nao informado/«Don´t Know»)","nao","","or","","","","","","","","","","-1.61","0.48","","0.199888","","","","<0.01","494","","","PRI Expectation: Don´t Know 1.41*** 1.43*** 1.61*** 1.05* (0.46) (0.54) (0.48) (0.58)...Observations 501 501 494 494","15","",0.886284661865993,0.0698197406306923,0.264234253325893,"or_logit",0,"invertido","assume distribuição logística latente (d = ln(OR)·√3/π); se interpretado como EP de ln(OR)","","","","","","","","","","pesquisa_pre_eleitoral","sem_pesquisa","terceiro_inviavel","survey_experiment","america_latina","candidato_partido","real","nao","pluralidade","algumas_preocupacoes"
"Cornejo2023a-E04","Cornejo2023a","Cornejo2023a","ES1625","transversal","associacao","Vote for the PRI - categoria «Not PRI» (Other)","apoio_ao_lider","reduzir","Tabela 3, bloco sem controles, col. (1) «Other» (Not PRI); coeficiente de «PRI Expectation: Don´t Know» vs base «PRI Will Win», com sinal invertido (grupo 1 = informado/«PRI Will Win»; grupo 2 = nao informado/«Don´t Know»)","nao","","or","","","","","","","","","","-1.41","0.46","","0.244143","","","","<0.01","501","","","PRI Expectation: Don´t Know 1.41*** 1.43*** 1.61*** 1.05* (0.46) (0.54) (0.48) (0.58)...Observations 501 501 494 494","15","",0.776205397934413,0.0641253931582287,0.253229921530274,"or_logit",0,"invertido","assume distribuição logística latente (d = ln(OR)·√3/π); se interpretado como EP de ln(OR)","","","","","","","","","","pesquisa_pre_eleitoral","sem_pesquisa","terceiro_inviavel","survey_experiment","america_latina","candidato_partido","real","nao","pluralidade","algumas_preocupacoes"
"Cornejo2023a-E05","Cornejo2023a","Cornejo2023a","ES1625","RCT (survey experiment, aleatorizacao individual)","ATE","Support for the anti-PRI candidate with better standing in the polls","apoio_ao_lider","aumentar","Tabela A6 (Logistic Regression Model - Vote Choice Effect, among opposition and undecided voters), col. (1) «Aggregate Effect» (figura 4, painel «3rd Parties + DK»); coeficiente de «Strategic Voting Effect»; controle: State dummy","sim","","or","","","","","","","","","","0.35","0.19","","1.419068","","","","<0.1","545","","","Strategic Voting Effect 0.35* 0.60** 0.65* 0.16 0.66** -0.09 (0.19) (0.28) (0.36) (0.26) (0.30) (1.44)...Observations 545 257 198 288 218 73","34","",0.192698639367129,0.0109427787920551,0.104607737725539,"or_logit",0,"mantido","assume distribuição logística latente (d = ln(OR)·√3/π); se interpretado como EP de ln(OR)","","","","","","","","","","pesquisa_pre_eleitoral","sem_pesquisa","segundo_viavel","survey_experiment","america_latina","candidato_partido","real","nao","pluralidade","algumas_preocupacoes"
"Cornejo2023a-E06","Cornejo2023a","Cornejo2023a","ES1625","RCT (survey experiment, aleatorizacao individual)","ATE","Support for the anti-PRI candidate with better standing in the polls","apoio_ao_lider","aumentar","Tabela A6 (Logistic Regression Model - Vote Choice Effect, among opposition and undecided voters), col. (2) «Partisans»; coeficiente de «Strategic Voting Effect»; controle: State dummy","nao","partidarios (identificacao consistente nas duas ondas)","or","","","","","","","","","","0.60","0.28","","1.822119","","","","<0.05","257","","","Strategic Voting Effect 0.35* 0.60** 0.65* 0.16 0.66** -0.09 (0.19) (0.28) (0.36) (0.26) (0.30) (1.44)...Observations 545 257 198 288 218 73","34","",0.32982350933509,0.0236906305411086,0.15391760958743,"or_logit",0,"mantido","assume distribuição logística latente (d = ln(OR)·√3/π); se interpretado como EP de ln(OR)","","","","","","","","","","pesquisa_pre_eleitoral","sem_pesquisa","segundo_viavel","survey_experiment","america_latina","candidato_partido","real","nao","pluralidade","algumas_preocupacoes"
"Cornejo2023a-E07","Cornejo2023a","Cornejo2023a","ES1625","RCT (survey experiment, aleatorizacao individual)","ATE","Support for the anti-PRI candidate with better standing in the polls","apoio_ao_lider","aumentar","Tabela A6 (Logistic Regression Model - Vote Choice Effect, among opposition and undecided voters), col. (3) «Partisans Trailing in the Polls»; coeficiente de «Strategic Voting Effect»; controle: State dummy","nao","partidarios de partidos atras nas pesquisas (terceiros partidos)","or","","","","","","","","","","0.65","0.36","","1.915541","","","","<0.1","198","","","Strategic Voting Effect 0.35* 0.60** 0.65* 0.16 0.66** -0.09 (0.19) (0.28) (0.36) (0.26) (0.30) (1.44)...Observations 545 257 198 288 218 73","34","",0.356990789738206,0.0390923872393172,0.197717948702987,"or_logit",0,"mantido","assume distribuição logística latente (d = ln(OR)·√3/π); se interpretado como EP de ln(OR)","","","","","","","","","","pesquisa_pre_eleitoral","sem_pesquisa","segundo_viavel","survey_experiment","america_latina","candidato_partido","real","nao","pluralidade","algumas_preocupacoes"
"Cornejo2023a-E08","Cornejo2023a","Cornejo2023a","ES1625","RCT (survey experiment, aleatorizacao individual)","ATE","Support for the anti-PRI candidate with better standing in the polls","apoio_ao_lider","aumentar","Tabela A6 (Logistic Regression Model - Vote Choice Effect, among opposition and undecided voters), col. (4) «Independents»; coeficiente de «Strategic Voting Effect»; controle: State dummy","nao","independentes","or","","","","","","","","","","0.16","0.26","","1.173511","","","","","288","","","Strategic Voting Effect 0.35* 0.60** 0.65* 0.16 0.66** -0.09 (0.19) (0.28) (0.36) (0.26) (0.30) (1.44)...Observations 545 257 198 288 218 73","34","",0.0879811545230058,0.0204402144140712,0.142969277867908,"or_logit",0,"mantido","assume distribuição logística latente (d = ln(OR)·√3/π); se interpretado como EP de ln(OR)","","","","","","","","","","pesquisa_pre_eleitoral","sem_pesquisa","segundo_viavel","survey_experiment","america_latina","candidato_partido","real","nao","pluralidade","algumas_preocupacoes"
"Cornejo2023a-E09","Cornejo2023a","Cornejo2023a","ES1625","RCT (survey experiment, aleatorizacao individual)","ATE","Support for the anti-PRI candidate with better standing in the polls","apoio_ao_lider","aumentar","Tabela A6 (Logistic Regression Model - Vote Choice Effect, among opposition and undecided voters), col. (5) «Anti-PRI > PRI»; coeficiente de «Strategic Voting Effect»; controle: State dummy","nao","eleitores anti-PRI (Anti-PRI > PRI)","or","","","","","","","","","","0.66","0.30","","1.934792","","","","<0.05","218","","","Strategic Voting Effect 0.35* 0.60** 0.65* 0.16 0.66** -0.09 (0.19) (0.28) (0.36) (0.26) (0.30) (1.44)...Observations 545 257 198 288 218 73","34","",0.362612049933237,0.0271668528146388,0.164823702223433,"or_logit",0,"mantido","assume distribuição logística latente (d = ln(OR)·√3/π); se interpretado como EP de ln(OR)","","","","","","","","","","pesquisa_pre_eleitoral","sem_pesquisa","segundo_viavel","survey_experiment","america_latina","candidato_partido","real","nao","pluralidade","algumas_preocupacoes"
"Cornejo2023a-E10","Cornejo2023a","Cornejo2023a","ES1625","RCT (survey experiment, aleatorizacao individual)","ATE","Support for the anti-PRI candidate with better standing in the polls","apoio_ao_lider","aumentar","Tabela A6 (Logistic Regression Model - Vote Choice Effect, among opposition and undecided voters), col. (6) «PRI > Anti-PRI»; coeficiente de «Strategic Voting Effect»; controle: State dummy","nao","eleitores que preferem o PRI (PRI > Anti-PRI)","or","","","","","","","","","","-0.09","1.44","","0.913931","","","","","73","","","Strategic Voting Effect 0.35* 0.60** 0.65* 0.16 0.66** -0.09 (0.19) (0.28) (0.36) (0.26) (0.30) (1.44)...Observations 545 257 198 288 218 73","34","",-0.0490937083349479,0.61700642317243,0.785497564077974,"or_logit",0,"mantido","assume distribuição logística latente (d = ln(OR)·√3/π); se interpretado como EP de ln(OR)","","","","","","","","","","pesquisa_pre_eleitoral","sem_pesquisa","segundo_viavel","survey_experiment","america_latina","candidato_partido","real","nao","pluralidade","algumas_preocupacoes"
"Cornejo2023a-E11","Cornejo2023a","Cornejo2023a","ES1625","RCT (survey experiment, aleatorizacao individual)","ATE","Vote for anti-PRI leading candidate","apoio_ao_lider","aumentar","Tabela A5 (Descriptive Statistics - Vote Intention), painel «Among entire sample of potential strategic voters», Nuevo León; proporcoes brutas por grupo, sem ajuste","nao","Nuevo León - Among entire sample of potential strategic voters","dif_prop","","","","","","","","","","","","","","","","","","290","","","Among entire sample of potential strategic voters Nuevo León (N=290) Michoacán (N=255) Control Treatment Control Treatment Other 69 61 78 72 Vote for anti-PRI leading candidate 31 39 22 28","33","",0.194005755173017,0.018515167100468,0.136070449034564,"dif_prop_lpm",1,"mantido","d via log OR (Chinn 2000): pressupõe distribuição logística latente; grupos assumidos iguais (n_total/2)","","","","","","0.31","0.39","","","pesquisa_pre_eleitoral","sem_pesquisa","segundo_viavel","survey_experiment","america_latina","candidato_partido","real","nao","pluralidade","algumas_preocupacoes"
"Cornejo2023a-E12","Cornejo2023a","Cornejo2023a","ES1625","RCT (survey experiment, aleatorizacao individual)","ATE","Vote for anti-PRI leading candidate","apoio_ao_lider","aumentar","Tabela A5 (Descriptive Statistics - Vote Intention), painel «Among entire sample of potential strategic voters», Michoacán; proporcoes brutas por grupo, sem ajuste","nao","Michoacán - Among entire sample of potential strategic voters","dif_prop","","","","","","","","","","","","","","","","","","255","","","Among entire sample of potential strategic voters Nuevo León (N=290) Michoacán (N=255) Control Treatment Control Treatment Other 69 61 78 72 Vote for anti-PRI leading candidate 31 39 22 28","33","",0.176563979975083,0.025566065743899,0.159893920284353,"dif_prop_lpm",1,"mantido","d via log OR (Chinn 2000): pressupõe distribuição logística latente; grupos assumidos iguais (n_total/2)","","","","","","0.22","0.28","","","pesquisa_pre_eleitoral","sem_pesquisa","segundo_viavel","survey_experiment","america_latina","candidato_partido","real","nao","pluralidade","algumas_preocupacoes"
"Cornejo2023a-E13","Cornejo2023a","Cornejo2023a","ES1625","RCT (survey experiment, aleatorizacao individual)","ATE","Vote for anti-PRI leading candidate","apoio_ao_lider","aumentar","Tabela A5 (Descriptive Statistics - Vote Intention), painel «Among entire sample of potential strategic voters (only partisans)», Nuevo León; proporcoes brutas por grupo, sem ajuste","nao","Nuevo León - Among entire sample of potential strategic voters (only partisans)","dif_prop","","","","","","","","","","","","","","","","","","155","","","Among entire sample of potential strategic voters (only partisans) Nuevo León (N=155) Michoacán (N=102) Control Treatment Control Treatment Other 75 61 80 71 Vote for anti-PRI leading candidate 25 39 20 29","33","",0.357317468909182,0.0370378967222874,0.192452323244713,"dif_prop_lpm",1,"mantido","d via log OR (Chinn 2000): pressupõe distribuição logística latente; grupos assumidos iguais (n_total/2)","","","","","","0.25","0.39","","","pesquisa_pre_eleitoral","sem_pesquisa","segundo_viavel","survey_experiment","america_latina","candidato_partido","real","nao","pluralidade","algumas_preocupacoes"
"Cornejo2023a-E14","Cornejo2023a","Cornejo2023a","ES1625","RCT (survey experiment, aleatorizacao individual)","ATE","Vote for anti-PRI leading candidate","apoio_ao_lider","aumentar","Tabela A5 (Descriptive Statistics - Vote Intention), painel «Among entire sample of potential strategic voters (only partisans)», Michoacán; proporcoes brutas por grupo, sem ajuste","nao","Michoacán - Among entire sample of potential strategic voters (only partisans)","dif_prop","","","","","","","","","","","","","","","","","","102","","","Among entire sample of potential strategic voters (only partisans) Nuevo León (N=155) Michoacán (N=102) Control Treatment Control Treatment Other 75 61 80 71 Vote for anti-PRI leading candidate 25 39 20 29","33","",0.268618055932433,0.0652051643550966,0.255353019083575,"dif_prop_lpm",1,"mantido","d via log OR (Chinn 2000): pressupõe distribuição logística latente; grupos assumidos iguais (n_total/2)","","","","","","0.20","0.29","","","pesquisa_pre_eleitoral","sem_pesquisa","segundo_viavel","survey_experiment","america_latina","candidato_partido","real","nao","pluralidade","algumas_preocupacoes"
"Cornejo2023a-E15","Cornejo2023a","Cornejo2023a","ES1625","RCT (survey experiment, aleatorizacao individual)","ATE","Vote for anti-PRI leading candidate","apoio_ao_lider","aumentar","Tabela A5 (Descriptive Statistics - Vote Intention), painel «Among entire sample of potential strategic voters (only third-party partisans)», Nuevo León; proporcoes brutas por grupo, sem ajuste","nao","Nuevo León - Among entire sample of potential strategic voters (only third-party partisans)","dif_prop","","","","","","","","","","","","","","","","","","133","","","Among entire sample of potential strategic voters (only third-party partisans) Nuevo León (N=133) Michoacán (N=65) Control Treatment Control Treatment Other 77 64 93 86 Vote for anti-PRI leading candidate 23 36 7 14","33","",0.346960309917485,0.0451263025388475,0.212429523698679,"dif_prop_lpm",1,"mantido","d via log OR (Chinn 2000): pressupõe distribuição logística latente; grupos assumidos iguais (n_total/2)","","","","","","0.23","0.36","","","pesquisa_pre_eleitoral","sem_pesquisa","segundo_viavel","survey_experiment","america_latina","candidato_partido","real","nao","pluralidade","algumas_preocupacoes"
"Cornejo2023a-E16","Cornejo2023a","Cornejo2023a","ES1625","RCT (survey experiment, aleatorizacao individual)","ATE","Vote for anti-PRI leading candidate","apoio_ao_lider","aumentar","Tabela A5 (Descriptive Statistics - Vote Intention), painel «Among entire sample of potential strategic voters (only third-party partisans)», Michoacán; proporcoes brutas por grupo, sem ajuste","nao","Michoacán - Among entire sample of potential strategic voters (only third-party partisans)","dif_prop","","","","","","","","","","","","","","","","","","65","","","Among entire sample of potential strategic voters (only third-party partisans) Nuevo León (N=133) Michoacán (N=65) Control Treatment Control Treatment Other 77 64 93 86 Vote for anti-PRI leading candidate 23 36 7 14","33","",0.420211562320995,0.216087928150498,0.464852587548459,"dif_prop_lpm",1,"mantido","d via log OR (Chinn 2000): pressupõe distribuição logística latente; grupos assumidos iguais (n_total/2)","","","","","","0.07","0.14","","","pesquisa_pre_eleitoral","sem_pesquisa","segundo_viavel","survey_experiment","america_latina","candidato_partido","real","nao","pluralidade","algumas_preocupacoes"
"Cornejo2023a-E17","Cornejo2023a","Cornejo2023a","ES1625","RCT (survey experiment, aleatorizacao individual)","ATE","Vote for anti-PRI leading candidate","apoio_ao_lider","aumentar","Tabela A5 (Descriptive Statistics - Vote Intention), painel «Among anti-PRI voters», Nuevo León; proporcoes brutas por grupo, sem ajuste","nao","Nuevo León - Among anti-PRI voters","dif_prop","","","","","","","","","","","","","","","","","","142","","","Among anti-PRI voters Nuevo León (N=142) Michoacán (N=76) Control Treatment Control Treatment Other 38 26 36 20 Vote for anti-PRI leading candidate 62 74 64 80","34","",0.305124251976567,0.0399901048858002,0.199975260684416,"dif_prop_lpm",1,"mantido","d via log OR (Chinn 2000): pressupõe distribuição logística latente; grupos assumidos iguais (n_total/2)","","","","","","0.62","0.74","","","pesquisa_pre_eleitoral","sem_pesquisa","segundo_viavel","survey_experiment","america_latina","candidato_partido","real","nao","pluralidade","algumas_preocupacoes"
"Cornejo2023a-E18","Cornejo2023a","Cornejo2023a","ES1625","RCT (survey experiment, aleatorizacao individual)","ATE","Vote for anti-PRI leading candidate","apoio_ao_lider","aumentar","Tabela A5 (Descriptive Statistics - Vote Intention), painel «Among anti-PRI voters», Michoacán; proporcoes brutas por grupo, sem ajuste","nao","Michoacán - Among anti-PRI voters","dif_prop","","","","","","","","","","","","","","","","","","76","","","Among anti-PRI voters Nuevo León (N=142) Michoacán (N=76) Control Treatment Control Treatment Other 38 26 36 20 Vote for anti-PRI leading candidate 62 74 64 80","34","",0.442542589926256,0.0829978677367139,0.288093505197035,"dif_prop_lpm",1,"mantido","d via log OR (Chinn 2000): pressupõe distribuição logística latente; grupos assumidos iguais (n_total/2)","","","","","","0.64","0.80","","","pesquisa_pre_eleitoral","sem_pesquisa","segundo_viavel","survey_experiment","america_latina","candidato_partido","real","nao","pluralidade","algumas_preocupacoes"
"Dahlgaard2016a-E01","Dahlgaard2016a","Dahlgaard2016a","ES1524","RCT (survey experiment)","ITT","intenção de voto no Partido Social-Democrata (support in pct., Figura 3)","apoio_ao_lider","aumentar","Figura 3, painel esquerdo (Social-Democratas): artigo de ganho vs. grupo de controle","sim","","dif_prop","","","600","","","600","","","","","","","","","","","0.14","1700","","","In the control group, the support for the Social Democrats is 18.1% ... The group which read the gain article had a 3.4 percentage point higher support than the control group, which corresponds to a support of 21.5%.","10","",0.11820878699185,0.00641112211902608,0.080069483069557,"dif_prop_contagens",0,"mantido","d via log OR (Chinn 2000): pressupõe distribuição logística latente","","","","","","0.181","0.215","3.4","","pesquisa_pre_eleitoral","sem_pesquisa","nao_se_aplica","survey_experiment","outro","candidato_partido","real","nao","proporcional","algumas_preocupacoes"
"Dahlgaard2016a-E02","Dahlgaard2016a","Dahlgaard2016a","ES1524","RCT (survey experiment)","ITT","intenção de voto no Partido Social-Democrata (support in pct., Figura 3)","apoio_ao_lider","aumentar","Figura 3, painel esquerdo (Social-Democratas): artigo de perda vs. grupo de controle","nao","","dif_prop","","","600","","","600","","","","","","","","","","","0.075","1700","","","In the control group, the support for the Social Democrats is 18.1%, whereas the support is 2.4 percentage points lower, i.e. 15.7%, in the group that read the loss article.","10","",-0.094292094099097,0.00723616874826377,0.0850656731488311,"dif_prop_contagens",0,"mantido","d via log OR (Chinn 2000): pressupõe distribuição logística latente","","","","","","0.181","0.157","-2.4","","pesquisa_pre_eleitoral","sem_pesquisa","nao_se_aplica","survey_experiment","outro","candidato_partido","real","nao","proporcional","algumas_preocupacoes"
"Dahlgaard2016a-E03","Dahlgaard2016a","Dahlgaard2016a","ES1524","RCT (survey experiment)","ITT","intenção de voto no Partido Social-Democrata (support in pct., Figura 3)","apoio_ao_lider","aumentar","Figura 3, painel esquerdo (Social-Democratas): artigo de ganho vs. artigo de perda","nao","","dif_prop","","","600","","","600","","","","","","","","","","","0.007","1700","","","the support for the party is 5.7 percentage points higher than among a group of voters who received a news story about how the party is losing a similar number of votes","14","",0.212500881090947,0.00682085963309434,0.0825884957672335,"dif_prop_contagens",0,"mantido","d via log OR (Chinn 2000): pressupõe distribuição logística latente","","","","","","0.157","0.215","5.7","","pesquisa_pre_eleitoral","outro_resultado","nao_se_aplica","survey_experiment","outro","candidato_partido","real","nao","proporcional","algumas_preocupacoes"
"Dahlgaard2016a-E04","Dahlgaard2016a","Dahlgaard2016a","ES1524","RCT (survey experiment)","ITT","intenção de voto no Partido Conservador (support in pct., Figura 3)","apoio_ao_lider","reduzir","Figura 3, painel direito (Conservadores): artigo de ganho vs. grupo de controle","nao","","p_n","","","600","","","600","","","","","","","","","","","0.033","1700","","","For the Conservatives, the difference between the control group and the gain article is statistically significant (p = 0.033, one sided)","11","",,,,"sem_calculo",,"","p não informa direção: preencha t, beta ou m1/m2 com sinal","","","","","","","","","","pesquisa_pre_eleitoral","sem_pesquisa","partido_abaixo_clausula","survey_experiment","outro","candidato_partido","real","nao","proporcional","algumas_preocupacoes"
"Dahlgaard2016a-E05","Dahlgaard2016a","Dahlgaard2016a","ES1524","RCT (survey experiment)","ITT","intenção de voto no Partido Conservador (support in pct., Figura 3)","apoio_ao_lider","reduzir","Figura 3, painel direito (Conservadores): artigo de perda vs. grupo de controle","nao","","p_n","","","600","","","600","","","","","","","","","","","0.376","1700","","","but the difference between the loss article and the control group is not statistically significant (p = 0.376)","11","",,,,"sem_calculo",,"","p não informa direção: preencha t, beta ou m1/m2 com sinal","","","","","","","","","","pesquisa_pre_eleitoral","sem_pesquisa","partido_abaixo_clausula","survey_experiment","outro","candidato_partido","real","nao","proporcional","algumas_preocupacoes"
"Dahlgaard2016a-E06","Dahlgaard2016a","Dahlgaard2016a","ES1524","RCT (survey experiment)","ITT","intenção de voto no Partido Conservador (support in pct., Figura 3)","apoio_ao_lider","reduzir","Figura 3, painel direito (Conservadores): artigo de ganho vs. artigo de perda","nao","","dif_prop","","","600","","","600","","","","","","","","","","","0.016","1700","","","For the Conservative party, the difference is 2.7 percentage points.","14","",,,,"sem_calculo",,"","d via log OR (Chinn 2000): pressupõe distribuição logística latente; dif_prop exige p0 (proporção no controle) em (0, 1); percentual vira proporção","","","","","","","","2.7","","pesquisa_pre_eleitoral","outro_resultado","partido_abaixo_clausula","survey_experiment","outro","candidato_partido","real","nao","proporcional","algumas_preocupacoes"
"Dahlgaard2016a-E07","Dahlgaard2016a","Dahlgaard2016a","ES1524","RCT (survey experiment)","ITT","probabilidade declarada de votar no Partido Social-Democrata (escala 0-1, Figura 4)","apoio_ao_lider","aumentar","Figura 4, painel esquerdo (Social-Democratas): artigo de ganho vs. grupo de controle","nao","","p_n","","","600","","","600","","","","0.05","","","","","","","0.010","1700","","","The probability with the gain article increases with 0.05 on a 0–1 scale ... This effect is significant (p = 0.010, one-sided).","12","",0.148859601973121,0.00333839313859546,0.0577788295017774,"p_n_t",1,"mantido","p bicaudal convertido em t com gl = N − 2; p arredondado distorce o efeito","","","","","","","","","","pesquisa_pre_eleitoral","sem_pesquisa","nao_se_aplica","survey_experiment","outro","candidato_partido","real","nao","proporcional","algumas_preocupacoes"
"Dahlgaard2016a-E08","Dahlgaard2016a","Dahlgaard2016a","ES1524","RCT (survey experiment)","ITT","probabilidade declarada de votar no Partido Social-Democrata (escala 0-1, Figura 4)","apoio_ao_lider","aumentar","Figura 4, painel esquerdo (Social-Democratas): artigo de perda vs. grupo de controle","nao","","p_n","","","600","","","600","","","","-0.01","","","","","","","0.33","1700","","","The loss article reduces the probability of voting for the party by 0.01 (p = 0.33 one-sided)","12","",-0.0562281424170929,0.00333047748147049,0.0577102892166595,"p_n_t",1,"mantido","p bicaudal convertido em t com gl = N − 2; p arredondado distorce o efeito","","","","","","","","","","pesquisa_pre_eleitoral","sem_pesquisa","nao_se_aplica","survey_experiment","outro","candidato_partido","real","nao","proporcional","algumas_preocupacoes"
"Dahlgaard2016a-E09","Dahlgaard2016a","Dahlgaard2016a","ES1524","RCT (survey experiment)","ITT","probabilidade declarada de votar no Partido Conservador (escala 0-1, Figura 4)","apoio_ao_lider","reduzir","Figura 4, painel direito (Conservadores): artigo de ganho vs. grupo de controle","nao","","p_n","","","600","","","600","","","","0.03","","","","","","","0.04","1700","","","The probability of voting for the party is increased by 0.03 on a 0–1 scale (Figure 4) and is significant as well (p = 0.04 one-sided).","12","",-0.118628168875108,0.00333502374749173,0.0577496644794732,"p_n_t",1,"invertido","p bicaudal convertido em t com gl = N − 2; p arredondado distorce o efeito","","","","","","","","","","pesquisa_pre_eleitoral","sem_pesquisa","partido_abaixo_clausula","survey_experiment","outro","candidato_partido","real","nao","proporcional","algumas_preocupacoes"
"Dahlgaard2016a-E10","Dahlgaard2016a","Dahlgaard2016a","ES1524","RCT (survey experiment)","ITT","probabilidade declarada de votar no Partido Conservador (escala 0-1, Figura 4)","apoio_ao_lider","reduzir","Figura 4, painel direito (Conservadores): artigo de perda vs. grupo de controle","nao","","p_n","","","600","","","600","","","","","","","","","","","0.22","1700","","","Both the probability of voting for the Conservative party and the sympathy towards the Conservative party is higher for the group that received the loss article ... (p = 0.21 sympathy and p = 0.22 probability of voting, one-sided)","13","",,,,"sem_calculo",,"","p não informa direção: preencha t, beta ou m1/m2 com sinal","","","","","","","","","","pesquisa_pre_eleitoral","sem_pesquisa","partido_abaixo_clausula","survey_experiment","outro","candidato_partido","real","nao","proporcional","algumas_preocupacoes"
"Dahlgaard2016a-E11","Dahlgaard2016a","Dahlgaard2016a","ES1524","RCT (survey experiment)","ITT","simpatia pelo Partido Social-Democrata (escala 0-1, Figura 5)","apoio_ao_lider","aumentar","Figura 5, painel esquerdo (Social-Democratas): artigo de ganho vs. grupo de controle","nao","","p_n","","","600","","","600","","","","0.03","","","","","","","0.040","1700","","","The sympathy is increased by 0.03 ... The difference is significant (p = 0.040, one-sided).","12","",0.118628168875108,0.00333502374749173,0.0577496644794732,"p_n_t",1,"mantido","p bicaudal convertido em t com gl = N − 2; p arredondado distorce o efeito","","","","","","","","","","pesquisa_pre_eleitoral","sem_pesquisa","nao_se_aplica","survey_experiment","outro","candidato_partido","real","nao","proporcional","algumas_preocupacoes"
"Dahlgaard2016a-E12","Dahlgaard2016a","Dahlgaard2016a","ES1524","RCT (survey experiment)","ITT","simpatia pelo Partido Social-Democrata (escala 0-1, Figura 5)","apoio_ao_lider","aumentar","Figura 5, painel esquerdo (Social-Democratas): artigo de perda vs. grupo de controle","nao","","p_n","","","600","","","600","","","","-0.02","","","","","","","0.12","1700","","","The loss article reduces the probability of voting for the party by 0.01 (p = 0.33 one-sided) and sympathy by 0.02 (p = 0.12 one-sided).","12","",-0.089772707063184,0.00333251812102623,0.0577279665415839,"p_n_t",1,"mantido","p bicaudal convertido em t com gl = N − 2; p arredondado distorce o efeito","","","","","","","","","","pesquisa_pre_eleitoral","sem_pesquisa","nao_se_aplica","survey_experiment","outro","candidato_partido","real","nao","proporcional","algumas_preocupacoes"
"Dahlgaard2016a-E13","Dahlgaard2016a","Dahlgaard2016a","ES1524","RCT (survey experiment)","ITT","simpatia pelo Partido Conservador (escala 0-1, Figura 5)","apoio_ao_lider","reduzir","Figura 5, painel direito (Conservadores): artigo de ganho vs. grupo de controle","nao","","p_n","","","600","","","600","","","","0.02","","","","","","","0.078","1700","","","is increased by 0.02, which is significant at a 10 pct. level (p = 0.078 one-sided) (Figure 5)","13","",-0.101776299238679,0.00333347615275676,0.0577362637582028,"p_n_t",1,"invertido","p bicaudal convertido em t com gl = N − 2; p arredondado distorce o efeito","","","","","","","","","","pesquisa_pre_eleitoral","sem_pesquisa","partido_abaixo_clausula","survey_experiment","outro","candidato_partido","real","nao","proporcional","algumas_preocupacoes"
"Dahlgaard2016a-E14","Dahlgaard2016a","Dahlgaard2016a","ES1524","RCT (survey experiment)","ITT","simpatia pelo Partido Conservador (escala 0-1, Figura 5)","apoio_ao_lider","reduzir","Figura 5, painel direito (Conservadores): artigo de perda vs. grupo de controle","nao","","p_n","","","600","","","600","","","","","","","","","","","0.21","1700","","","Both the probability of voting for the Conservative party and the sympathy towards the Conservative party is higher for the group that received the loss article ... (p = 0.21 sympathy and p = 0.22 probability of voting, one-sided)","13","",,,,"sem_calculo",,"","p não informa direção: preencha t, beta ou m1/m2 com sinal","","","","","","","","","","pesquisa_pre_eleitoral","sem_pesquisa","partido_abaixo_clausula","survey_experiment","outro","candidato_partido","real","nao","proporcional","algumas_preocupacoes"
"Erlich2023-E01","Erlich2023","Erlich2023","ES3980","RCT (lab-in-the-field com blocagem multivariada contínua e randomização sequencial; 3 braços: placebo e dois tratamentos)","ATE","Vote (comparecimento autodeclarado na pesquisa telefônica pós-eleitoral; binário)","mobilizacao","aumentar","Tabela N.12 (Apêndice N.2, 'Outcome of MIPO|X analysis'), coluna Vote, regressão logística; controles: Female; coeficiente em log-odds, placebo como categoria de referência; tratamento = American Treatment (previsão da pesquisa atribuída a 'an American university'); comparador = Placebo (mesmas notícias sem a previsão)","sim","","or","","","","","","","","","","-0.09","0.54","","0.9139","","","","","181","","","Legitimacy Vote ... American Treatment −0.87∗ −0.09 (0.40) (0.54) ... Num. obs. 172 181","56","",-0.0494301403573525,0.0878935351794406,0.296468438757721,"or_logit",0,"mantido","assume distribuição logística latente (d = ln(OR)·√3/π); se interpretado como EP de ln(OR)","","","","","","","","","","pesquisa_pre_eleitoral","sem_pesquisa","nao_se_aplica","lab_candidatos_reais","outro","candidato_partido","real","nao","maioria_dois_turnos","alto"
"Erlich2023-E02","Erlich2023","Erlich2023","ES3980","RCT (lab-in-the-field com blocagem multivariada contínua e randomização sequencial; 3 braços: placebo e dois tratamentos)","ATE","Vote (comparecimento autodeclarado na pesquisa telefônica pós-eleitoral; binário)","mobilizacao","aumentar","Tabela N.12 (Apêndice N.2, 'Outcome of MIPO|X analysis'), coluna Vote, regressão logística; controles: Female; coeficiente em log-odds, placebo como categoria de referência; tratamento = Georgian Treatment (previsão da pesquisa atribuída a 'a Georgian research organization'); comparador = Placebo (mesmas notícias sem a previsão)","nao","","or","","","","","","","","","","-0.44","0.50","","0.6440","","","","","181","","","Legitimacy Vote ... Georgian Treatment −0.25 −0.44 (0.42) (0.50) ... Num. obs. 172 181","56","",-0.241597924438483,0.0753545397628949,0.274507813664557,"or_logit",0,"mantido","assume distribuição logística latente (d = ln(OR)·√3/π); se interpretado como EP de ln(OR)","","","","","","","","","","pesquisa_pre_eleitoral","sem_pesquisa","nao_se_aplica","lab_candidatos_reais","outro","candidato_partido","real","nao","maioria_dois_turnos","alto"
"Farjam2020a-E01","Farjam2020a","Farjam2020a","ES1556","RCT (experimento online em oTree; participantes alocados aleatoriamente a seis tratamentos cruzando exposicao ou nao aos resultados da pesquisa com tres sistemas eleitorais)","ATE","votes for the most popular option (voto recodificado pela posicao da organizacao na pesquisa: minority = 0, middle = 1, majority = 2; variavel dependente ordinal)","apoio_ao_lider","aumentar","Tabela 2 (p. 417), Modelo 1, linha Poll: regressao ordinal de efeitos mistos estimada em arcabouco bayesiano com priors vagos, efeitos aleatorios para participantes e para os topicos politicos; controles: entry-threshold, majority-rule, idade, sexo e interacoes Poll x sistema; sem atitude politica","nao","","beta_sd","","","","","","","","","","0.31","","","","0.00","0.61","","","1113","4","0.05","Poll 0.31 [0.00, 0.61] 42:1 ...","6","",,,,"sem_calculo",,"","beta_sd exige sdy > 0 (DP de Y no grupo de controle)","","","","","","","","","","pesquisa_pre_eleitoral","sem_pesquisa","lider","lab_candidatos_reais","outro","candidato_partido","real","nao","regra_do_experimento","algumas_preocupacoes"
"Farjam2020a-E02","Farjam2020a","Farjam2020a","ES1556","RCT (experimento online em oTree; participantes alocados aleatoriamente a seis tratamentos cruzando exposicao ou nao aos resultados da pesquisa com tres sistemas eleitorais)","ATE","votes for the most popular option (voto recodificado pela posicao da organizacao na pesquisa: minority = 0, middle = 1, majority = 2; variavel dependente ordinal)","apoio_ao_lider","aumentar","Tabela 2 (p. 417), Modelo 2, linha Poll: mesma regressao ordinal de efeitos mistos bayesiana, acrescentando atitude politica (termo linear e quadratico) aos controles do Modelo 1; especificacao com mais controles no corpo do artigo","sim","","beta_sd","","","","","","","","","","0.31","","","","0.07","0.58","","","1113","4","0.05","Poll ... 0.31 [0.07, 0.58] 166:1","6","",,,,"sem_calculo",,"","beta_sd exige sdy > 0 (DP de Y no grupo de controle)","","","","","","","","","","pesquisa_pre_eleitoral","sem_pesquisa","lider","lab_candidatos_reais","outro","candidato_partido","real","nao","regra_do_experimento","algumas_preocupacoes"
"Farjam2020a-E03","Farjam2020a","Farjam2020a","ES1556","RCT (experimento online em oTree; participantes alocados aleatoriamente a seis tratamentos cruzando exposicao ou nao aos resultados da pesquisa com tres sistemas eleitorais)","ATE","votes for the most popular option (voto recodificado pela posicao da organizacao na pesquisa: minority = 0, middle = 1, majority = 2; variavel dependente ordinal)","apoio_ao_lider","aumentar","Comparacao descritiva entre os bracos com e sem pesquisa (Figura 2, p. 417, e texto das p. 414 e 418): participacao das opcoes majoritarias no total de votos, media entre os quatro temas politicos; sem erro-padrao, intervalo ou teste","nao","","dif_prop","","","","","","","","","","","","","","","","","","1113","4","0.05","After participants saw pre-election polls, majority options on average received an additional 7% of the votes","3","",,,,"sem_calculo",,"","d via log OR (Chinn 2000): pressupõe distribuição logística latente; dif_prop exige p0 (proporção no controle) em (0, 1); percentual vira proporção","","","","","","","","7","","pesquisa_pre_eleitoral","sem_pesquisa","lider","lab_candidatos_reais","outro","candidato_partido","real","nao","regra_do_experimento","algumas_preocupacoes"
"Feltovich2022-E01","Feltovich2022","Feltovich2022","ES4448","regressão com controles dentro de experimento de laboratório (conteúdo da prévia não aleatorizado)","associacao","Vote for Incumbent (voto individual no incumbente na eleição, excluindo candidatos)","apoio_ao_lider","aumentar","Tabela 9 (probit, efeitos marginais médios, EP agrupado por sessão), coluna 'Vote for Incumbent (Election-Only)'; células só-eleição EH+EL; regressor = parcela de votos do INCUMBENTE na prévia (0-1, com termo quadrático no modelo); coeficiente positivo = mais apoio a quem tem mais apoio na prévia (bandwagon)","sim","células só-eleição (EH+EL)","beta_sd","","","","","","","","","","0.248","0.037","","","","","","<0.01","","","","Incumbent straw vote share 0.248∗∗∗ 0.998∗∗ 0.442∗∗ 0.692∗∗ (0.037) (0.134) (0.059) (0.056)","16","",,,,"sem_calculo",,"","beta_sd exige sdy > 0 (DP de Y no grupo de controle)","","","","","","","","","","pesquisa_pre_eleitoral","outro_resultado","lider","lab_preferencias_induzidas","outro","candidato_partido","induzido","nao","regra_do_experimento","grave"
"Feltovich2022-E02","Feltovich2022","Feltovich2022","ES4448","regressão com controles dentro de experimento de laboratório (conteúdo da prévia não aleatorizado)","associacao","Vote for Incumbent (voto individual no incumbente na eleição, excluindo candidatos)","apoio_ao_lider","aumentar","Tabela 9 (probit, efeitos marginais médios, EP agrupado por sessão), coluna 'Vote for Incumbent (Message)'; células de mensagens MH+ML; regressor = parcela de votos do INCUMBENTE na prévia (0-1, com termo quadrático e interações com mensagens no modelo); coeficiente positivo = mais apoio a quem tem mais apoio na prévia (bandwagon)","sim","células de mensagens (MH+ML)","beta_sd","","","","","","","","","","0.442","0.059","","","","","","<0.01","","","","Incumbent straw vote share 0.248∗∗∗ 0.998∗∗ 0.442∗∗ 0.692∗∗ (0.037) (0.134) (0.059) (0.056)","16","",,,,"sem_calculo",,"","beta_sd exige sdy > 0 (DP de Y no grupo de controle)","","","","","","","","","","pesquisa_pre_eleitoral","outro_resultado","lider","lab_preferencias_induzidas","outro","candidato_partido","induzido","nao","regra_do_experimento","grave"
"Feltovich2022-E03","Feltovich2022","Feltovich2022","ES4448","regressão com controles dentro de experimento de laboratório (conteúdo da prévia não aleatorizado)","associacao","Vote for Incumbent (voto individual no incumbente na eleição, excluindo candidatos)","apoio_ao_lider","aumentar","Tabela 9 (probit, efeitos marginais médios, EP agrupado por sessão), coluna 'Vote for Incumbent (Election-Only)'; células só-eleição EH+EL; regressor = dummy 'Incumbent wins straw vote' (incumbente vence a prévia), condicional à parcela contínua; positivo = mais apoio a quem vence a prévia","nao","células só-eleição (EH+EL)","beta_sd","","","","","","","","","","0.018","0.018","","","","","","","","","","Incumbent wins straw vote (dummy) 0.018 −0.016 0.005 0.006 (0.018) (0.030) (0.025) (0.030)","16","",,,,"sem_calculo",,"","beta_sd exige sdy > 0 (DP de Y no grupo de controle)","","","","","","","","","","pesquisa_pre_eleitoral","mesmo_candidato_atras","lider","lab_preferencias_induzidas","outro","candidato_partido","induzido","nao","regra_do_experimento","grave"
"Feltovich2022-E04","Feltovich2022","Feltovich2022","ES4448","regressão com controles dentro de experimento de laboratório (conteúdo da prévia não aleatorizado)","associacao","Vote for Incumbent (voto individual no incumbente na eleição, excluindo candidatos)","apoio_ao_lider","aumentar","Tabela 9 (probit, efeitos marginais médios, EP agrupado por sessão), coluna 'Vote for Incumbent (Message)'; células de mensagens MH+ML; regressor = dummy 'Incumbent wins straw vote' (incumbente vence a prévia), condicional à parcela contínua; positivo = mais apoio a quem vence a prévia","nao","células de mensagens (MH+ML)","beta_sd","","","","","","","","","","0.005","0.025","","","","","","","","","","Incumbent wins straw vote (dummy) 0.018 −0.016 0.005 0.006 (0.018) (0.030) (0.025) (0.030)","16","",,,,"sem_calculo",,"","beta_sd exige sdy > 0 (DP de Y no grupo de controle)","","","","","","","","","","pesquisa_pre_eleitoral","mesmo_candidato_atras","lider","lab_preferencias_induzidas","outro","candidato_partido","induzido","nao","regra_do_experimento","grave"
"Fichnova2015a-E01","Fichnova2015a","Fichnova2015a","ES1803","RCT (alocação aleatória dos respondentes às versões A-D)","associacao","candidate ranking: 'how would you vote?' (concordância de postos entre o ranking da pesquisa forjada apresentada e a ordenação dos candidatos pelos respondentes, R de Spearman)","apoio_ao_lider","aumentar","Tabela 1 (arquivo eslovaco), Versão A: linha final da tabela, R de Spearman entre o ranking da pesquisa forjada e a ordenação dos respondentes (f = n-2 = 5, ou seja, 7 candidatos)","nao","arquivo eslovaco (37 respondentes)","r","","","","","","","","5","","","","","","","","0.909","<0.05","7","","","Table 1. Comparing candidate ranking in four poll variations ... with respondents from the Slovak file. ... Version A ... R = 0.909 (α 0.05)","8","",3.67313254572566,1.36893092088392,1.17001321397834,"r_d_n_total",1,"mantido","r→d pressupõe X dicotômico (ponto-bisserial); r entre variáveis contínuas vai para z de Fisher; sem n1 e n2: grupos assumidos iguais (p1 = 0,5); |g| > 2: conferir extração (EP lido como DP, unidades, sinal)","","","","","","","","","","pesquisa_pre_eleitoral","outro","nao_se_aplica","survey_experiment","outro","candidato_partido","hipotetico","nao","regra_do_experimento","alto"
"Fichnova2015a-E02","Fichnova2015a","Fichnova2015a","ES1803","RCT (alocação aleatória dos respondentes às versões A-D)","associacao","candidate ranking: 'how would you vote?' (concordância de postos entre o ranking da pesquisa forjada apresentada e a ordenação dos candidatos pelos respondentes, R de Spearman)","apoio_ao_lider","aumentar","Tabela 1 (arquivo eslovaco), Versão B: linha final da tabela, R de Spearman entre o ranking da pesquisa forjada e a ordenação dos respondentes (f = n-2 = 5, ou seja, 7 candidatos)","nao","arquivo eslovaco (37 respondentes)","r","","","","","","","","5","","","","","","","","0.683","","7","","","Table 1. Comparing candidate ranking in four poll variations ... with respondents from the Slovak file. ... Version B ... R = 0.683 (n.s.)","8","",1.57487247251881,0.58238239275738,0.763139825167957,"r_d_n_total",1,"mantido","r→d pressupõe X dicotômico (ponto-bisserial); r entre variáveis contínuas vai para z de Fisher; sem n1 e n2: grupos assumidos iguais (p1 = 0,5)","","","","","","","","","","pesquisa_pre_eleitoral","outro","nao_se_aplica","survey_experiment","outro","candidato_partido","hipotetico","nao","regra_do_experimento","alto"
"Fichnova2015a-E03","Fichnova2015a","Fichnova2015a","ES1803","RCT (alocação aleatória dos respondentes às versões A-D)","associacao","candidate ranking: 'how would you vote?' (concordância de postos entre o ranking da pesquisa forjada apresentada e a ordenação dos candidatos pelos respondentes, R de Spearman)","apoio_ao_lider","aumentar","Tabela 1 (arquivo eslovaco), Versão C: linha final da tabela, R de Spearman entre o ranking da pesquisa forjada e a ordenação dos respondentes (f = n-2 = 5, ou seja, 7 candidatos)","nao","arquivo eslovaco (37 respondentes)","r","","","","","","","","5","","","","","","","","0.900","<0.05","7","","","Table 1. Comparing candidate ranking in four poll variations ... with respondents from the Slovak file. ... Version C ... R = 0.900 (α 0.05)","8","",3.47745954498536,1.26898964863683,1.12649440683779,"r_d_n_total",1,"mantido","r→d pressupõe X dicotômico (ponto-bisserial); r entre variáveis contínuas vai para z de Fisher; sem n1 e n2: grupos assumidos iguais (p1 = 0,5); |g| > 2: conferir extração (EP lido como DP, unidades, sinal)","","","","","","","","","","pesquisa_pre_eleitoral","outro","nao_se_aplica","survey_experiment","outro","candidato_partido","hipotetico","nao","regra_do_experimento","alto"
"Fichnova2015a-E04","Fichnova2015a","Fichnova2015a","ES1803","RCT (alocação aleatória dos respondentes às versões A-D)","associacao","candidate ranking: 'how would you vote?' (concordância de postos entre o ranking da pesquisa forjada apresentada e a ordenação dos candidatos pelos respondentes, R de Spearman)","apoio_ao_lider","aumentar","Tabela 1 (arquivo eslovaco), Versão D: linha final da tabela, R de Spearman entre o ranking da pesquisa forjada e a ordenação dos respondentes (f = n-2 = 5, ou seja, 7 candidatos)","nao","arquivo eslovaco (37 respondentes)","r","","","","","","","","5","","","","","","","","0.895","","7","","","Table 1. Comparing candidate ranking in four poll variations ... with respondents from the Slovak file. ... Version D ... R = 0.895 (n.s.)","8","",3.37924870469762,1.22088942872188,1.10493865382739,"r_d_n_total",1,"mantido","r→d pressupõe X dicotômico (ponto-bisserial); r entre variáveis contínuas vai para z de Fisher; sem n1 e n2: grupos assumidos iguais (p1 = 0,5); |g| > 2: conferir extração (EP lido como DP, unidades, sinal)","","","","","","","","","","pesquisa_pre_eleitoral","outro","nao_se_aplica","survey_experiment","outro","candidato_partido","hipotetico","nao","regra_do_experimento","alto"
"Fichnova2015a-E05","Fichnova2015a","Fichnova2015a","ES1803","RCT (alocação aleatória dos respondentes às versões A-D)","associacao","candidate ranking: 'how would you vote?' (concordância de postos entre o ranking da pesquisa forjada apresentada e a ordenação dos candidatos pelos respondentes, R de Spearman)","apoio_ao_lider","aumentar","Tabela 2 (arquivo polonês), Versão A: linha final da tabela, R de Spearman entre o ranking da pesquisa forjada e a ordenação dos respondentes (f = n-2 = 5, ou seja, 7 candidatos)","nao","arquivo polonês (42 respondentes)","r","","","","","","","","5","","","","","","","","0.973","<0.05","7","","","Table 2. Comparing candidate ranking in four poll variations ... with respondents from the Polish file. ... Version A ... R = 0.973 (α 0.05)","8","",7.10008900444356,4.00602814749473,2.00150646951108,"r_d_n_total",1,"mantido","r→d pressupõe X dicotômico (ponto-bisserial); r entre variáveis contínuas vai para z de Fisher; sem n1 e n2: grupos assumidos iguais (p1 = 0,5); |g| > 2: conferir extração (EP lido como DP, unidades, sinal)","","","","","","","","","","pesquisa_pre_eleitoral","outro","nao_se_aplica","survey_experiment","outro","candidato_partido","hipotetico","nao","regra_do_experimento","alto"
"Fichnova2015a-E06","Fichnova2015a","Fichnova2015a","ES1803","RCT (alocação aleatória dos respondentes às versões A-D)","associacao","candidate ranking: 'how would you vote?' (concordância de postos entre o ranking da pesquisa forjada apresentada e a ordenação dos candidatos pelos respondentes, R de Spearman)","apoio_ao_lider","aumentar","Tabela 2 (arquivo polonês), Versão B: linha final da tabela, R de Spearman entre o ranking da pesquisa forjada e a ordenação dos respondentes (f = n-2 = 5, ou seja, 7 candidatos)","nao","arquivo polonês (42 respondentes)","r","","","","","","","","5","","","","","","","","0.783","","7","","","Table 2. Comparing candidate ranking in four poll variations ... with respondents from the Polish file. ... Version B ... R = 0.783 (n.s.)","8","",2.12008171748024,0.726276905907127,0.852218813396611,"r_d_n_total",1,"mantido","r→d pressupõe X dicotômico (ponto-bisserial); r entre variáveis contínuas vai para z de Fisher; sem n1 e n2: grupos assumidos iguais (p1 = 0,5); |g| > 2: conferir extração (EP lido como DP, unidades, sinal)","","","","","","","","","","pesquisa_pre_eleitoral","outro","nao_se_aplica","survey_experiment","outro","candidato_partido","hipotetico","nao","regra_do_experimento","alto"
"Fichnova2015a-E07","Fichnova2015a","Fichnova2015a","ES1803","RCT (alocação aleatória dos respondentes às versões A-D)","associacao","candidate ranking: 'how would you vote?' (concordância de postos entre o ranking da pesquisa forjada apresentada e a ordenação dos candidatos pelos respondentes, R de Spearman)","apoio_ao_lider","aumentar","Tabela 2 (arquivo polonês), Versão C: linha final da tabela, R de Spearman entre o ranking da pesquisa forjada e a ordenação dos respondentes (f = n-2 = 5, ou seja, 7 candidatos)","nao","arquivo polonês (42 respondentes)","r","","","","","","","","5","","","","","","","","0.704","","7","","","Table 2. Comparing candidate ranking in four poll variations ... with respondents from the Polish file. ... Version C ... R = 0.704 (n.s.)","8","",1.66950754370805,0.604313259457421,0.777375880419132,"r_d_n_total",1,"mantido","r→d pressupõe X dicotômico (ponto-bisserial); r entre variáveis contínuas vai para z de Fisher; sem n1 e n2: grupos assumidos iguais (p1 = 0,5)","","","","","","","","","","pesquisa_pre_eleitoral","outro","nao_se_aplica","survey_experiment","outro","candidato_partido","hipotetico","nao","regra_do_experimento","alto"
"Fichnova2015a-E08","Fichnova2015a","Fichnova2015a","ES1803","RCT (alocação aleatória dos respondentes às versões A-D)","associacao","candidate ranking: 'how would you vote?' (concordância de postos entre o ranking da pesquisa forjada apresentada e a ordenação dos candidatos pelos respondentes, R de Spearman)","apoio_ao_lider","aumentar","Tabela 2 (arquivo polonês), Versão D: linha final da tabela, R de Spearman entre o ranking da pesquisa forjada e a ordenação dos respondentes (f = n-2 = 5, ou seja, 7 candidatos)","nao","arquivo polonês (42 respondentes)","r","","","","","","","","5","","","","","","","","0.796","","7","","","Table 2. Comparing candidate ranking in four poll variations ... with respondents from the Polish file. ... Version D ... R = 0.796 (n.s.)","8","",2.21483406866515,0.755615724687545,0.869261597384553,"r_d_n_total",1,"mantido","r→d pressupõe X dicotômico (ponto-bisserial); r entre variáveis contínuas vai para z de Fisher; sem n1 e n2: grupos assumidos iguais (p1 = 0,5); |g| > 2: conferir extração (EP lido como DP, unidades, sinal)","","","","","","","","","","pesquisa_pre_eleitoral","outro","nao_se_aplica","survey_experiment","outro","candidato_partido","hipotetico","nao","regra_do_experimento","alto"
"Fichnova2015a-E09","Fichnova2015a","Fichnova2015a","ES1803","survey experiment randomizado entre sujeitos (respondentes alocados aleatoriamente às versões A-D da pesquisa fictícia); eleição hipotética com 7 candidatos fictícios","ATE","Candidate ranking: 'how would you vote?' — posto médio do candidato focal (Lukáč, Ján) na ordenação dos 7 candidatos, revertido para pontos = 8 − posto (maior = mais apoio; DP inalterado)","apoio_ao_lider","aumentar","Tabela 1 (arquivo eslovaco), linha Lukáč, Ján: AM e sd da versão A (candidato 1º na pesquisa fictícia, grupo 1) × versão B (candidato 2º, grupo 2); descritiva sem controles; regra do protocolo (seção 2: mesmo candidato à frente × atrás; sem controle, contraste entre braços; empate entre as três versões atrás resolvido pela primeira da tabela). Impresso: posto 1,00 (sd 0,00) em A e 1,00 (sd 0,00) em B; pontos = 8 − posto. n por versão não impresso: derivado (único n compatível com médias e DP dos 7 candidatos de cada coluna) = 5 em A, 6 em B, 4 em C, 5 em D (soma 20 dos 37 declarados). Diferença exatamente zero com DP zero nos dois braços (teto): efeitos.R não calcula g e sinal_bruto dá sem direção. | DP impresso = 0 nos dois braços (os dois no teto: posto médio 1,00); DPs deixados vazios porque efeitos.R não aceita DP zero; diferença de médias = 0, sem g (sem direção na SWiM)","sim","arquivo eslovaco","md_sd","7.00","","5","7.00","","6","","","","","","","","","","","","11","","","Lukáč, Ján 1 1.00 0.00 2 1.00 0.00 3 2.50 1.73 4 2.60 0.55","8","",,,,"sem_calculo",,"","md_sd exige m1, sd1, n1, m2, sd2, n2","","","","","","","","","","pesquisa_pre_eleitoral","mesmo_candidato_atras","lider","survey_experiment","outro","candidato_partido","hipotetico","nao","regra_do_experimento","alto"
"Fichnova2015a-E10","Fichnova2015a","Fichnova2015a","ES1803","survey experiment randomizado entre sujeitos (respondentes alocados aleatoriamente às versões A-D da pesquisa fictícia); eleição hipotética com 7 candidatos fictícios","ATE","Candidate ranking: 'how would you vote?' — posto médio do candidato focal (Lewandowski, Łukasz) na ordenação dos 7 candidatos, revertido para pontos = 8 − posto (maior = mais apoio; DP inalterado)","apoio_ao_lider","aumentar","Tabela 2 (arquivo polonês), linha Lewandowski, Łukasz: AM e sd da versão A (candidato 1º na pesquisa fictícia, grupo 1) × versão B (candidato 2º, grupo 2); descritiva sem controles; regra do protocolo (seção 2: mesmo candidato à frente × atrás; sem controle, contraste entre braços; empate entre as três versões atrás resolvido pela primeira da tabela). Impresso: posto 1,06 (sd 0,24) em A e 2,00 (sd 1,91) em B; pontos = 8 − posto. n por versão não impresso: derivado (único n compatível com médias e DP dos 7 candidatos de cada coluna) = 17 em A, 7 em B, 4 em C, 13 em D (soma 41 dos 42 declarados). g ≈ 0,89 (EP ≈ 0,45), bandwagon.","sim","arquivo polonês","md_sd","6.94","0.24","17","6.00","1.91","7","","","","","","","","","","","","24","","","Lewandowski, Łukasz 1 1.06 0.24 2 2.00 1.91 3 1.00 0.00 4 2.23 1.48","8","",0.891322112379345,0.204562619021634,0.45228599251097,"md_sd",0,"mantido","","","","","","","","","","","pesquisa_pre_eleitoral","mesmo_candidato_atras","lider","survey_experiment","outro","candidato_partido","hipotetico","nao","regra_do_experimento","alto"
"Freden2024a-E01","Freden2024a","Freden2024a","ES2328","RCT (survey experiment, aleatorização individual em 9 condições)","ATE","Voto declarado no partido-alvo KD 'given this state of opinion' (% da linha por condição)","apoio_ao_lider","reduzir","Tabela 1, coluna KD, grupo KD: 2,5% (tratamento) vs 5,5% (comparação); a estatística impressa como t(1,744) = 4,88 é χ²(1, N = 744) com correção de Yates, sem sinal; p < .05 (unicaudal; bicaudal ,027); texto p. 6","sim","partido-alvo KD","dif_prop","","","376","","","368","","","","","","","","","","","<0.05","","","","between 2.5% and 5.5% (t(1,744) = 4.88, p < .05) ... KD 2.5% 15.16 2.93 8.24 4.0% 14.62 5.74 7.31 5.5% 11.96 4.62 4.08","6","",-0.411559214129529,0.031733507705929,0.178139012307605,"dif_prop_contagens",0,"invertido","d via log OR (Chinn 2000): pressupõe distribuição logística latente","","","","","","0.0408","0.0824","","","pesquisa_pre_eleitoral","outro_resultado","partido_abaixo_clausula","survey_experiment","outro","candidato_partido","real","nao","proporcional","algumas_preocupacoes"
"Freden2024a-E02","Freden2024a","Freden2024a","ES2328","RCT (survey experiment, aleatorização individual em 9 condições)","ATE","Voto declarado no partido-alvo KD 'given this state of opinion' (% da linha por condição)","apoio_ao_lider","reduzir","Tabela 1, coluna KD, grupo KD: 2,5% (tratamento) vs 4,0% (comparação); a estatística impressa como t(1,759) = 0,12 é χ²(1, N = 759) com correção de Yates, sem sinal; p = .37 (unicaudal; bicaudal ,73); texto p. 6","nao","partido-alvo KD","dif_prop","","","376","","","383","","","","","","","","","","","0.37","","","","between 2.5% and 4.0% (t(1,759) = 0.12, p = .37) ... KD 2.5% 15.16 2.93 8.24 4.0% 14.62 5.74 7.31 5.5% 11.96 4.62 4.08","6","",-0.071514252757076,0.0223605833090727,0.149534555568513,"dif_prop_contagens",0,"invertido","d via log OR (Chinn 2000): pressupõe distribuição logística latente","","","","","","0.0731","0.0824","","","pesquisa_pre_eleitoral","outro_resultado","partido_abaixo_clausula","survey_experiment","outro","candidato_partido","real","nao","proporcional","algumas_preocupacoes"
"Freden2024a-E03","Freden2024a","Freden2024a","ES2328","RCT (survey experiment, aleatorização individual em 9 condições)","ATE","Voto declarado no partido-alvo KD 'given this state of opinion' (% da linha por condição)","apoio_ao_lider","reduzir","Tabela 1, coluna KD, grupo KD: 4,0% (tratamento) vs 5,5% (comparação); a estatística impressa como t(1,751) = 3,06 é χ²(1, N = 751) com correção de Yates, sem sinal; p < .05 (unicaudal; bicaudal ,080); texto p. 6","nao","partido-alvo KD","dif_prop","","","383","","","368","","","","","","","","","","","<0.05","","","","it was significant between 4.0% and 5.5% (t(1,751) = 3.06, p < .05) ... KD 2.5% 15.16 2.93 8.24 4.0% 14.62 5.74 7.31 5.5% 11.96 4.62 4.08","6","",-0.340049613764837,0.0327533255233304,0.180978798546488,"dif_prop_contagens",0,"invertido","d via log OR (Chinn 2000): pressupõe distribuição logística latente","","","","","","0.0408","0.0731","","","pesquisa_pre_eleitoral","outro_resultado","partido_abaixo_clausula","survey_experiment","outro","candidato_partido","real","nao","proporcional","algumas_preocupacoes"
"Freden2024a-E04","Freden2024a","Freden2024a","ES2328","RCT (survey experiment, aleatorização individual em 9 condições)","ATE","Voto declarado no partido-alvo L 'given this state of opinion' (% da linha por condição)","apoio_ao_lider","reduzir","Tabela 1, coluna L, grupo L: 2,5% (tratamento) vs 5,5% (comparação); a estatística impressa como t(1,704) = 0,79 é χ²(1, N = 704) com correção de Yates, sem sinal; p = .19 (unicaudal; bicaudal ,375); texto p. 6","sim","partido-alvo L","dif_prop","","","339","","","365","","","","","","","","","","","0.19","","","","nor between 2.5% and 5.5% (t(1,704) = 0.79, p = .19) ... L 2.5% 12.98 6.78 5.01 4.0% 14.40 4.80 6.13 5.5% 11.78 4.93 6.03","6","",-0.186309325636659,0.0318864733404929,0.178567839603028,"dif_prop_contagens",0,"invertido","d via log OR (Chinn 2000): pressupõe distribuição logística latente","","","","","","0.0493","0.0678","","","pesquisa_pre_eleitoral","outro_resultado","partido_abaixo_clausula","survey_experiment","outro","candidato_partido","real","nao","proporcional","algumas_preocupacoes"
"Freden2024a-E05","Freden2024a","Freden2024a","ES2328","RCT (survey experiment, aleatorização individual em 9 condições)","ATE","Voto declarado no partido-alvo L 'given this state of opinion' (% da linha por condição)","apoio_ao_lider","reduzir","Tabela 1, coluna L, grupo L: 2,5% (tratamento) vs 4,0% (comparação); a estatística impressa como t(1,714) = 0,95 é χ²(1, N = 714) com correção de Yates, sem sinal; p = .16 (unicaudal; bicaudal ,33); texto p. 6","nao","partido-alvo L","dif_prop","","","339","","","375","","","","","","","","","","","0.16","","","","the decrease is not significant between 2.5% and 4.0% (t(1,714) = 0.95, p = .16) ... L 2.5% 12.98 6.78 5.01 4.0% 14.40 4.80 6.13 5.5% 11.78 4.93 6.03","6","",-0.201782387726515,0.0318578098062633,0.17848756204919,"dif_prop_contagens",0,"invertido","d via log OR (Chinn 2000): pressupõe distribuição logística latente","","","","","","0.0480","0.0678","","","pesquisa_pre_eleitoral","outro_resultado","partido_abaixo_clausula","survey_experiment","outro","candidato_partido","real","nao","proporcional","algumas_preocupacoes"
"Freden2024a-E06","Freden2024a","Freden2024a","ES2328","RCT (survey experiment, aleatorização individual em 9 condições)","ATE","Voto declarado no partido-alvo L 'given this state of opinion' (% da linha por condição)","apoio_ao_lider","reduzir","Tabela 1, coluna L, grupo L: 4,0% (tratamento) vs 5,5% (comparação); a estatística impressa como t(1,740) = 0,00 é χ²(1, N = 740) com correção de Yates, sem sinal; p = .50 (unicaudal; bicaudal 1,00); texto p. 6","nao","partido-alvo L","dif_prop","","","375","","","365","","","","","","","","","","","0.50","","","","between 4.0% and 5.5% (t(1,740) = 0.00, p = .50) ... L 2.5% 12.98 6.78 5.01 4.0% 14.40 4.80 6.13 5.5% 11.78 4.93 6.03","6","",0.0154708366078524,0.0354341346026545,0.188239567048627,"dif_prop_contagens",0,"invertido","d via log OR (Chinn 2000): pressupõe distribuição logística latente","","","","","","0.0493","0.0480","","","pesquisa_pre_eleitoral","outro_resultado","partido_abaixo_clausula","survey_experiment","outro","candidato_partido","real","nao","proporcional","algumas_preocupacoes"
"Freden2024a-E07","Freden2024a","Freden2024a","ES2328","RCT (survey experiment, aleatorização individual em 9 condições)","ATE","Voto declarado no partido-alvo MP 'given this state of opinion' (% da linha por condição)","apoio_ao_lider","reduzir","Tabela 1, coluna MP, grupo MP: 2,5% (tratamento) vs 5,5% (comparação); a estatística impressa como t(1,694) = 0,03 é χ²(1, N = 694) com correção de Yates, sem sinal; p = .86 (bicaudal); texto p. 6","sim","partido-alvo MP","dif_prop","","","349","","","345","","","","","","","","","","","0.86","","","","nor between 2.5% and 5.5% (t(1,694) = 0.03, p = .86) ... MP 2.5% 11.46 4.30 5.16 4.0% 11.17 6.98 6.42 5.5% 12.17 5.80 4.64","6","",0.0375392086881616,0.0167898720020697,0.129575738477809,"dif_prop_contagens",0,"invertido","d via log OR (Chinn 2000): pressupõe distribuição logística latente","","","","","","0.1217","0.1146","","","pesquisa_pre_eleitoral","outro_resultado","partido_abaixo_clausula","survey_experiment","outro","candidato_partido","real","nao","proporcional","algumas_preocupacoes"
"Freden2024a-E08","Freden2024a","Freden2024a","ES2328","RCT (survey experiment, aleatorização individual em 9 condições)","ATE","Voto declarado no partido-alvo MP 'given this state of opinion' (% da linha por condição)","apoio_ao_lider","reduzir","Tabela 1, coluna MP, grupo MP: 2,5% (tratamento) vs 4,0% (comparação); a estatística impressa como t(1,707) = 0,00 é χ²(1, N = 707) com correção de Yates, sem sinal; p = 1.00 (bicaudal); texto p. 6","nao","partido-alvo MP","dif_prop","","","349","","","358","","","","","","","","","","","1.00","","","","not between 2.5% and 4.0% (t(1,707) = 0.00, p = 1.00) ... MP 2.5% 11.46 4.30 5.16 4.0% 11.17 6.98 6.42 5.5% 12.17 5.80 4.64","6","",-0.0159170553771701,0.0171042668626266,0.130783282045629,"dif_prop_contagens",0,"invertido","d via log OR (Chinn 2000): pressupõe distribuição logística latente","","","","","","0.1117","0.1146","","","pesquisa_pre_eleitoral","outro_resultado","partido_abaixo_clausula","survey_experiment","outro","candidato_partido","real","nao","proporcional","algumas_preocupacoes"
"Freden2024a-E09","Freden2024a","Freden2024a","ES2328","RCT (survey experiment, aleatorização individual em 9 condições)","ATE","Voto declarado no partido-alvo MP 'given this state of opinion' (% da linha por condição)","apoio_ao_lider","reduzir","Tabela 1, coluna MP, grupo MP: 4,0% (tratamento) vs 5,5% (comparação); a estatística impressa como t(1,703) = 0,09 é χ²(1, N = 703) com correção de Yates, sem sinal; p = .77 (bicaudal); texto p. 6","nao","partido-alvo MP","dif_prop","","","358","","","345","","","","","","","","","","","0.77","","","","between 4.0% and 5.5% (t(1,703) = 0.09, p = .77) ... MP 2.5% 11.46 4.30 5.16 4.0% 11.17 6.98 6.42 5.5% 12.17 5.80 4.64","6","",0.0534566905677637,0.0167638290979214,0.129475206498856,"dif_prop_contagens",0,"invertido","d via log OR (Chinn 2000): pressupõe distribuição logística latente","","","","","","0.1217","0.1117","","","pesquisa_pre_eleitoral","outro_resultado","partido_abaixo_clausula","survey_experiment","outro","candidato_partido","real","nao","proporcional","algumas_preocupacoes"
"Gandhi2019-E01","Gandhi2019","Gandhi2019","ES3658","RCT (survey experiment telefônico aleatorizado, 3 grupos) com DiD pré/pós dentro do sujeito","associacao","Support PH (dummy: 1 = muito/algo provável votar na Pakatan Harapan; medida pré e pós-vinheta)","apoio_ao_lider","aumentar","Tabela 3 (braço DAP: vinheta diz que o DAP terá mais cadeiras na PH e o líder do DAP será PM; controle placebo), Modelo 2 (controles: Alternation important, Coalition chances, DAP/BERSATU/PKR likely winner): coeficiente da interação tripla DAP Treatment × Time × BERSATU Supporter (diferença no efeito DiD entre apoiadores do BERSATU e dos demais partidos da PH); Vinheta mostra a coalizão PH à frente do BN (capaz de formar o próximo governo); desfecho contado = apoio à PH, a coalizão mostrada à frente; LPM por MQO, EP agrupados no estado (tamanho médio do cluster não informado); efeito_pp convertido de proporção (x100); p ajustado Bonferroni = .032","sim","apoiadores do BERSATU vs. apoiadores dos demais partidos da PH (interação tripla)","dif_prop","","","","","","","","","","","","","","","","","0.003","1277","","","DAP Treatment × Time × BERSATU Supporter –0.303 0.079 .003 .019 –0.303 0.079 .003 .032","10","",-0.990340662645167,0.0326820475053105,0.180781767624145,"dif_prop_lpm",1,"mantido","d via log OR (Chinn 2000): pressupõe distribuição logística latente; p1 reconstruído como p0 + efeito_pp/100; Var(ln OR) pelo EP do efeito em pp (método delta, p0 fixo); efeito de LPM/DiD/RDD: conversão aproximada (sensibilidade sem aproximados)","","","","","","0.899","","-30.3","7.9","pesquisa_pre_eleitoral","outro_resultado","lider","survey_experiment","outro","candidato_partido","real","nao","pluralidade","algumas_preocupacoes"
"Gandhi2019-E02","Gandhi2019","Gandhi2019","ES3658","RCT (survey experiment telefônico aleatorizado, 3 grupos) com DiD pré/pós dentro do sujeito","associacao","Support PH (dummy: 1 = muito/algo provável votar na Pakatan Harapan; medida pré e pós-vinheta)","apoio_ao_lider","aumentar","Tabela 3 (braço DAP: vinheta diz que o DAP terá mais cadeiras na PH e o líder do DAP será PM; controle placebo), Modelo 1 (sem controles): coeficiente da interação tripla DAP Treatment × Time × BERSATU Supporter; Vinheta mostra a coalizão PH à frente do BN (capaz de formar o próximo governo); desfecho contado = apoio à PH, a coalizão mostrada à frente; LPM por MQO, EP agrupados no estado (tamanho médio do cluster não informado); efeito_pp convertido de proporção (x100); p ajustado Bonferroni = .019","nao","apoiadores do BERSATU vs. apoiadores dos demais partidos da PH (interação tripla)","dif_prop","","","","","","","","","","","","","","","","","0.003","1277","","","DAP Treatment × Time × BERSATU Supporter –0.303 0.079 .003 .019 –0.303 0.079 .003 .032","10","",,,,"sem_calculo",,"","d via log OR (Chinn 2000): pressupõe distribuição logística latente; dif_prop exige p0 (proporção no controle) em (0, 1); percentual vira proporção","","","","","","","","-30.3","7.9","pesquisa_pre_eleitoral","outro_resultado","lider","survey_experiment","outro","candidato_partido","real","nao","pluralidade","algumas_preocupacoes"
"Gandhi2019-E03","Gandhi2019","Gandhi2019","ES3658","RCT (survey experiment telefônico aleatorizado, 3 grupos) com DiD pré/pós dentro do sujeito","associacao","Support PH (dummy: 1 = muito/algo provável votar na Pakatan Harapan; medida pré e pós-vinheta)","apoio_ao_lider","aumentar","Tabela 4 (braço BERSATU: vinheta diz que o BERSATU terá mais cadeiras na PH e o líder do BERSATU será PM; controle placebo), Modelo 2 (controles: Alternation important, Coalition chances, DAP/BERSATU/PKR likely winner): coeficiente da interação tripla BERSATU Treatment × Time × DAP Supporter (diferença no efeito DiD entre apoiadores do DAP e dos demais partidos da PH); Vinheta mostra a coalizão PH à frente do BN (capaz de formar o próximo governo); desfecho contado = apoio à PH, a coalizão mostrada à frente; LPM por MQO, EP agrupados no estado (tamanho médio do cluster não informado); efeito_pp convertido de proporção (x100)","sim","apoiadores do DAP vs. apoiadores dos demais partidos da PH (interação tripla)","dif_prop","","","","","","","","","","","","","","","","","0.107","1277","","","BERSATU Treatment × Time × DAP Supporter –0.078 0.044 0.107 0.747 –0.078 0.044 0.107","11","",-0.370043031602715,0.0276993433640713,0.166431197087779,"dif_prop_lpm",1,"mantido","d via log OR (Chinn 2000): pressupõe distribuição logística latente; p1 reconstruído como p0 + efeito_pp/100; Var(ln OR) pelo EP do efeito em pp (método delta, p0 fixo); efeito de LPM/DiD/RDD: conversão aproximada (sensibilidade sem aproximados)","","","","","","0.901","","-7.8","4.4","pesquisa_pre_eleitoral","outro_resultado","lider","survey_experiment","outro","candidato_partido","real","nao","pluralidade","algumas_preocupacoes"
"Gandhi2019-E04","Gandhi2019","Gandhi2019","ES3658","RCT (survey experiment telefônico aleatorizado, 3 grupos) com DiD pré/pós dentro do sujeito","associacao","Support PH (dummy: 1 = muito/algo provável votar na Pakatan Harapan; medida pré e pós-vinheta)","apoio_ao_lider","aumentar","Tabela 4 (braço BERSATU: vinheta diz que o BERSATU terá mais cadeiras na PH e o líder do BERSATU será PM; controle placebo), Modelo 1 (sem controles): coeficiente da interação tripla BERSATU Treatment × Time × DAP Supporter; Vinheta mostra a coalizão PH à frente do BN (capaz de formar o próximo governo); desfecho contado = apoio à PH, a coalizão mostrada à frente; LPM por MQO, EP agrupados no estado (tamanho médio do cluster não informado); efeito_pp convertido de proporção (x100); p ajustado Bonferroni = 0.747","nao","apoiadores do DAP vs. apoiadores dos demais partidos da PH (interação tripla)","dif_prop","","","","","","","","","","","","","","","","","0.107","1277","","","BERSATU Treatment × Time × DAP Supporter –0.078 0.044 0.107 0.747 –0.078 0.044 0.107","11","",,,,"sem_calculo",,"","d via log OR (Chinn 2000): pressupõe distribuição logística latente; dif_prop exige p0 (proporção no controle) em (0, 1); percentual vira proporção","","","","","","","","-7.8","4.4","pesquisa_pre_eleitoral","outro_resultado","lider","survey_experiment","outro","candidato_partido","real","nao","pluralidade","algumas_preocupacoes"
"Gandhi2019-E05","Gandhi2019","Gandhi2019","ES3658","RCT (survey experiment telefônico aleatorizado, 3 grupos) com DiD pré/pós dentro do sujeito","ATE","Support PH (dummy: 1 = muito/algo provável votar na Pakatan Harapan; medida pré e pós-vinheta)","apoio_ao_lider","aumentar","Tabela 3 (braço DAP: vinheta diz que o DAP terá mais cadeiras na PH e o líder do DAP será PM; controle placebo), Modelo 2 (controles: Alternation important, Coalition chances, DAP/BERSATU/PKR likely winner): coeficiente DAP Treatment × Time (efeito DiD do braço DAP na categoria de referência, apoiadores não-BERSATU da PH); Vinheta mostra a coalizão PH à frente do BN (capaz de formar o próximo governo); desfecho contado = apoio à PH, a coalizão mostrada à frente; LPM por MQO, EP agrupados no estado (tamanho médio do cluster não informado); efeito_pp convertido de proporção (x100); p ajustado Bonferroni = .201","nao","apoiadores dos demais partidos da PH (não BERSATU; categoria de referência)","dif_prop","","","","","","","","","","","","","","","","","0.017","1277","","","DAP Treatment × Time –0.096 0.034 .017 .117 –0.096 0.034 .017 .201","10","",,,,"sem_calculo",,"","d via log OR (Chinn 2000): pressupõe distribuição logística latente; dif_prop exige p0 (proporção no controle) em (0, 1); percentual vira proporção","","","","","","","","-9.6","3.4","pesquisa_pre_eleitoral","outro_resultado","lider","survey_experiment","outro","candidato_partido","real","nao","pluralidade","algumas_preocupacoes"
"Gandhi2019-E06","Gandhi2019","Gandhi2019","ES3658","RCT (survey experiment telefônico aleatorizado, 3 grupos) com DiD pré/pós dentro do sujeito","ATE","Support PH (dummy: 1 = muito/algo provável votar na Pakatan Harapan; medida pré e pós-vinheta)","apoio_ao_lider","aumentar","Tabela 3 (braço DAP: vinheta diz que o DAP terá mais cadeiras na PH e o líder do DAP será PM; controle placebo), Modelo 1 (sem controles): coeficiente DAP Treatment × Time (efeito DiD do braço DAP na categoria de referência, apoiadores não-BERSATU da PH); Vinheta mostra a coalizão PH à frente do BN (capaz de formar o próximo governo); desfecho contado = apoio à PH, a coalizão mostrada à frente; LPM por MQO, EP agrupados no estado (tamanho médio do cluster não informado); efeito_pp convertido de proporção (x100); p ajustado Bonferroni = .117","nao","apoiadores dos demais partidos da PH (não BERSATU; categoria de referência)","dif_prop","","","","","","","","","","","","","","","","","0.017","1277","","","DAP Treatment × Time –0.096 0.034 .017 .117 –0.096 0.034 .017 .201","10","",,,,"sem_calculo",,"","d via log OR (Chinn 2000): pressupõe distribuição logística latente; dif_prop exige p0 (proporção no controle) em (0, 1); percentual vira proporção","","","","","","","","-9.6","3.4","pesquisa_pre_eleitoral","outro_resultado","lider","survey_experiment","outro","candidato_partido","real","nao","pluralidade","algumas_preocupacoes"
"Gandhi2019-E07","Gandhi2019","Gandhi2019","ES3658","RCT (survey experiment telefônico aleatorizado, 3 grupos) com DiD pré/pós dentro do sujeito","ATE","Support PH (dummy: 1 = muito/algo provável votar na Pakatan Harapan; medida pré e pós-vinheta)","apoio_ao_lider","aumentar","Tabela 4 (braço BERSATU: vinheta diz que o BERSATU terá mais cadeiras na PH e o líder do BERSATU será PM; controle placebo), Modelo 2 (controles: Alternation important, Coalition chances, DAP/BERSATU/PKR likely winner): coeficiente BERSATU Treatment × Time (efeito DiD do braço BERSATU na categoria de referência, apoiadores não-DAP da PH); Vinheta mostra a coalizão PH à frente do BN (capaz de formar o próximo governo); desfecho contado = apoio à PH, a coalizão mostrada à frente; LPM por MQO, EP agrupados no estado (tamanho médio do cluster não informado); efeito_pp convertido de proporção (x100); p ajustado Bonferroni = 0.167","nao","apoiadores dos demais partidos da PH (não DAP; categoria de referência)","dif_prop","","","","","","","","","","","","","","","","","0.014","1277","","","BERSATU Treatment × Time 0.085 0.029 0.014 0.097 0.085 0.029 0.014 0.167","11","",,,,"sem_calculo",,"","d via log OR (Chinn 2000): pressupõe distribuição logística latente; dif_prop exige p0 (proporção no controle) em (0, 1); percentual vira proporção","","","","","","","","8.5","2.9","pesquisa_pre_eleitoral","outro_resultado","lider","survey_experiment","outro","candidato_partido","real","nao","pluralidade","algumas_preocupacoes"
"Gandhi2019-E08","Gandhi2019","Gandhi2019","ES3658","RCT (survey experiment telefônico aleatorizado, 3 grupos) com DiD pré/pós dentro do sujeito","ATE","Support PH (dummy: 1 = muito/algo provável votar na Pakatan Harapan; medida pré e pós-vinheta)","apoio_ao_lider","aumentar","Tabela 4 (braço BERSATU: vinheta diz que o BERSATU terá mais cadeiras na PH e o líder do BERSATU será PM; controle placebo), Modelo 1 (sem controles): coeficiente BERSATU Treatment × Time (efeito DiD do braço BERSATU na categoria de referência, apoiadores não-DAP da PH); Vinheta mostra a coalizão PH à frente do BN (capaz de formar o próximo governo); desfecho contado = apoio à PH, a coalizão mostrada à frente; LPM por MQO, EP agrupados no estado (tamanho médio do cluster não informado); efeito_pp convertido de proporção (x100); p ajustado Bonferroni = 0.097","nao","apoiadores dos demais partidos da PH (não DAP; categoria de referência)","dif_prop","","","","","","","","","","","","","","","","","0.014","1277","","","BERSATU Treatment × Time 0.085 0.029 0.014 0.097 0.085 0.029 0.014 0.167","11","",,,,"sem_calculo",,"","d via log OR (Chinn 2000): pressupõe distribuição logística latente; dif_prop exige p0 (proporção no controle) em (0, 1); percentual vira proporção","","","","","","","","8.5","2.9","pesquisa_pre_eleitoral","outro_resultado","lider","survey_experiment","outro","candidato_partido","real","nao","pluralidade","algumas_preocupacoes"
"Gandhi2019-E09","Gandhi2019","Gandhi2019","ES3658","RCT (survey experiment telefônico aleatorizado, 3 grupos) com DiD pré/pós dentro do sujeito","associacao","Support PH (dummy: 1 = muito/algo provável votar na Pakatan Harapan; medida pré e pós-vinheta)","apoio_ao_lider","aumentar","Tabela 5 (mecanismo, braço DAP, amostra com apoiadores do PAS), modelo único com controles Alternation important e Coalition chances: coeficiente da interação tripla DAP Treatment × Time × PAS Supporter; Vinheta mostra a coalizão PH à frente do BN (capaz de formar o próximo governo); desfecho contado = apoio à PH, a coalizão mostrada à frente; LPM por MQO, EP agrupados no estado (tamanho médio do cluster não informado); efeito_pp convertido de proporção (x100); p ajustado Bonferroni = .022","nao","apoiadores do PAS (fora da PH) vs. apoiadores dos demais partidos (interação tripla)","dif_prop","","","","","","","","","","","","","","","","","0.002","1934","","","DAP Treatment × Time × PAS Supporter –0.141 0.036 .002 .022","12","",,,,"sem_calculo",,"","d via log OR (Chinn 2000): pressupõe distribuição logística latente; dif_prop exige p0 (proporção no controle) em (0, 1); percentual vira proporção","","","","","","","","-14.1","3.6","pesquisa_pre_eleitoral","outro_resultado","lider","survey_experiment","outro","candidato_partido","real","nao","pluralidade","algumas_preocupacoes"
"Gandhi2019-E10","Gandhi2019","Gandhi2019","ES3658","RCT (survey experiment telefônico aleatorizado, 3 grupos) com DiD pré/pós dentro do sujeito","ATE","Support PH (dummy: 1 = muito/algo provável votar na Pakatan Harapan; medida pré e pós-vinheta)","apoio_ao_lider","aumentar","Tabela 5 (mecanismo, braço DAP, amostra com apoiadores do PAS), modelo único: coeficiente DAP Treatment × Time (efeito DiD do braço DAP na categoria de referência, apoiadores de outros partidos que não o PAS); Vinheta mostra a coalizão PH à frente do BN (capaz de formar o próximo governo); desfecho contado = apoio à PH, a coalizão mostrada à frente; LPM por MQO, EP agrupados no estado (tamanho médio do cluster não informado); efeito_pp convertido de proporção (x100); p ajustado Bonferroni = .150","nao","apoiadores dos demais partidos (não PAS; categoria de referência da Tabela 5)","dif_prop","","","","","","","","","","","","","","","","","0.017","1934","","","DAP Treatment × Time –0.096 0.034 .017 .150","12","",,,,"sem_calculo",,"","d via log OR (Chinn 2000): pressupõe distribuição logística latente; dif_prop exige p0 (proporção no controle) em (0, 1); percentual vira proporção","","","","","","","","-9.6","3.4","pesquisa_pre_eleitoral","outro_resultado","lider","survey_experiment","outro","candidato_partido","real","nao","pluralidade","algumas_preocupacoes"
"Gandhi2019-E11","Gandhi2019","Gandhi2019","ES3658","RCT (survey experiment telefônico aleatorizado, 3 grupos) com DiD pré/pós dentro do sujeito","associacao","Support PH (dummy: 1 = muito/algo provável votar na Pakatan Harapan; medida pré e pós-vinheta)","apoio_ao_lider","aumentar","Tabela 6 (mecanismo, braço DAP, apoiadores do AMANAH), modelo único com controles Alternation important e Coalition chances: coeficiente da interação tripla DAP Treatment × Time × AMANAH Supporter; Vinheta mostra a coalizão PH à frente do BN (capaz de formar o próximo governo); desfecho contado = apoio à PH, a coalizão mostrada à frente; LPM por MQO, EP agrupados no estado (tamanho médio do cluster não informado); efeito_pp convertido de proporção (x100); p ajustado Bonferroni = .085","nao","apoiadores do AMANAH vs. apoiadores dos demais partidos da PH (interação tripla)","dif_prop","","","","","","","","","","","","","","","","","0.009","1277","","","DAP Treatment × Time × AMANAH Supporter 0.137 0.044 .009 .085","13","",,,,"sem_calculo",,"","d via log OR (Chinn 2000): pressupõe distribuição logística latente; dif_prop exige p0 (proporção no controle) em (0, 1); percentual vira proporção","","","","","","","","13.7","4.4","pesquisa_pre_eleitoral","outro_resultado","lider","survey_experiment","outro","candidato_partido","real","nao","pluralidade","algumas_preocupacoes"
"Gandhi2019-E12","Gandhi2019","Gandhi2019","ES3658","RCT (survey experiment telefônico aleatorizado, 3 grupos) com DiD pré/pós dentro do sujeito","ATE","Support PH (dummy: 1 = muito/algo provável votar na Pakatan Harapan; medida pré e pós-vinheta)","apoio_ao_lider","aumentar","Tabela 6 (mecanismo, braço DAP, apoiadores do AMANAH), modelo único: coeficiente DAP Treatment × Time (efeito DiD do braço DAP na categoria de referência, apoiadores não-AMANAH da PH); Vinheta mostra a coalizão PH à frente do BN (capaz de formar o próximo governo); desfecho contado = apoio à PH, a coalizão mostrada à frente; LPM por MQO, EP agrupados no estado (tamanho médio do cluster não informado); efeito_pp convertido de proporção (x100); p ajustado Bonferroni = .001","nao","apoiadores dos demais partidos da PH (não AMANAH; categoria de referência)","dif_prop","","","","","","","","","","","","","","","","","0.000","1277","","","DAP Treatment × Time –0.174 0.029 .000 .001","13","",,,,"sem_calculo",,"","d via log OR (Chinn 2000): pressupõe distribuição logística latente; dif_prop exige p0 (proporção no controle) em (0, 1); percentual vira proporção","","","","","","","","-17.4","2.9","pesquisa_pre_eleitoral","outro_resultado","lider","survey_experiment","outro","candidato_partido","real","nao","pluralidade","algumas_preocupacoes"
"Gandhi2019-E13","Gandhi2019","Gandhi2019","ES3658","RCT (survey experiment telefônico aleatorizado, 3 grupos) com DiD pré/pós dentro do sujeito","ATE","Support PH (dummy: 1 = muito/algo provável votar na Pakatan Harapan; medida pré e pós-vinheta)","apoio_ao_lider","aumentar","Texto (Results), DiD simples sem controles (detalhe na SI Tabela A.6, não anexada): braço DAP vs. controle entre apoiadores do BERSATU; Vinheta mostra a coalizão PH à frente do BN (capaz de formar o próximo governo); desfecho contado = apoio à PH, a coalizão mostrada à frente; efeito_pp convertido de proporção (x100); sinal negativo porque o texto diz 'declines'; EP não informado","nao","apoiadores do BERSATU","dif_prop","","","","","","","","","","","","","","","","","","","","","Support for the coalition declines by 0.32 among BERSATU supporters who receive the DAP treatment in comparison to BERSATU supporters in the control group.","9","",,,,"sem_calculo",,"","d via log OR (Chinn 2000): pressupõe distribuição logística latente; dif_prop exige p0 (proporção no controle) em (0, 1); percentual vira proporção","","","","","","","","-32","","pesquisa_pre_eleitoral","outro_resultado","lider","survey_experiment","outro","candidato_partido","real","nao","pluralidade","algumas_preocupacoes"
"Gasperoni2015a-E01","Gasperoni2015a","Gasperoni2015a","ES1534","antes-depois intrassujeito dentro de experimento aleatorizado (não randomizado quanto ao contraste)","associacao","Incidence of Voters Who Transferred Their Vote from the Most Preferred to the Second Preferred Candidate","apoio_ao_lider","aumentar","Seção 4, texto (folha 20: 19 de 188 votaram no segundo preferido) e Tabela 5, linha Total (folha 37: 10 (188)); Grupos 1 e 2 agrupados; mudança pré-pós no voto no segundo preferido, cujo apoio no pré (preferência declarada aos 9 minutos, antes das pesquisas) é 0 por construção; sem controles, sem grupo de controle, sem teste de significância","sim","","dif_prop","","","188","","","","","","","","","","","","","","","188","","","The remaining 19 voters (10% of the total) voted for the second preferred candidate; their behaviour may be plausibly attributed to knowledge of the pre-election poll findings","20","",,,,"sem_calculo",,"","d via log OR (Chinn 2000): pressupõe distribuição logística latente; dif_prop exige p0 (proporção no controle) em (0, 1); percentual vira proporção","","","","","","","0.1011","10.11","2.20","pesquisa_pre_eleitoral","sem_pesquisa","lider + segundo_viavel","outro","outro","candidato_partido","hipotetico","nao","regra_do_experimento","critico"
"Gasperoni2015a-E02","Gasperoni2015a","Gasperoni2015a","ES1534","antes-depois intrassujeito dentro de experimento aleatorizado (não randomizado quanto ao contraste)","associacao","Incidence of Voters Who Transferred Their Vote from the Most Preferred to the Second Preferred Candidate","apoio_ao_lider","aumentar","Texto da Seção 4 (folha 21): Grupo 1, pesquisas mostram o segundo preferido à frente do mais preferido por 4-5 p.p. e os outros dois fora da disputa; destino da troca = líder da pesquisa (8 de 90)","nao","Grupo 1 (potencial efeito bandwagon; destino da troca é o líder da pesquisa)","dif_prop","","","90","","","","","","","","","","","","","","","90","","","90 belonged to Group 1 (potential bandwagon effect) and 98 to Group 2 (potential strategic effect); 8 and 11 voters, respectively (i.e. 9 and 11%) voted for the initially second preferred candidate","21","",,,,"sem_calculo",,"","d via log OR (Chinn 2000): pressupõe distribuição logística latente; dif_prop exige p0 (proporção no controle) em (0, 1); percentual vira proporção","","","","","","","0.09","","","pesquisa_pre_eleitoral","sem_pesquisa","lider","outro","outro","candidato_partido","hipotetico","nao","regra_do_experimento","critico"
"Gasperoni2015a-E03","Gasperoni2015a","Gasperoni2015a","ES1534","antes-depois intrassujeito dentro de experimento aleatorizado (não randomizado quanto ao contraste)","associacao","Incidence of Voters Who Transferred Their Vote from the Most Preferred to the Second Preferred Candidate","apoio_ao_lider","aumentar","Texto da Seção 4 (folha 21): Grupo 2, pesquisas mostram o menos preferido na liderança, o segundo preferido em segundo e o mais preferido em terceiro; destino da troca = segundo colocado da pesquisa (11 de 98)","nao","Grupo 2 (potencial efeito estratégico; destino da troca é o segundo colocado da pesquisa, atrás do líder)","dif_prop","","","98","","","","","","","","","","","","","","","98","","","90 belonged to Group 1 (potential bandwagon effect) and 98 to Group 2 (potential strategic effect); 8 and 11 voters, respectively (i.e. 9 and 11%) voted for the initially second preferred candidate","21","",,,,"sem_calculo",,"","d via log OR (Chinn 2000): pressupõe distribuição logística latente; dif_prop exige p0 (proporção no controle) em (0, 1); percentual vira proporção","","","","","","","0.11","","","pesquisa_pre_eleitoral","sem_pesquisa","segundo_viavel","outro","outro","candidato_partido","hipotetico","nao","regra_do_experimento","critico"
"Gasperoni2015a-E04","Gasperoni2015a","Gasperoni2015a","ES1534","antes-depois intrassujeito dentro de experimento aleatorizado (não randomizado quanto ao contraste)","associacao","Incidence of Voters Who Transferred Their Vote from the Most Preferred to the Second Preferred Candidate","apoio_ao_lider","aumentar","Tabela 5, linha ""Men"" (Grupos 1 e 2 agrupados; estratificação descritiva por moderador, sem teste; nenhuma diferença significativa segundo os autores)","nao","Homens (Tabela 5; Grupos 1 e 2 agrupados)","dif_prop","","","97","","","","","","","","","","","","","","","97","","","Men 9 (97)","37","",,,,"sem_calculo",,"","d via log OR (Chinn 2000): pressupõe distribuição logística latente; dif_prop exige p0 (proporção no controle) em (0, 1); percentual vira proporção","","","","","","","0.09","","","pesquisa_pre_eleitoral","sem_pesquisa","lider + segundo_viavel","outro","outro","candidato_partido","hipotetico","nao","regra_do_experimento","critico"
"Gasperoni2015a-E05","Gasperoni2015a","Gasperoni2015a","ES1534","antes-depois intrassujeito dentro de experimento aleatorizado (não randomizado quanto ao contraste)","associacao","Incidence of Voters Who Transferred Their Vote from the Most Preferred to the Second Preferred Candidate","apoio_ao_lider","aumentar","Tabela 5, linha ""Women"" (Grupos 1 e 2 agrupados; estratificação descritiva por moderador, sem teste; nenhuma diferença significativa segundo os autores)","nao","Mulheres (Tabela 5; Grupos 1 e 2 agrupados)","dif_prop","","","91","","","","","","","","","","","","","","","91","","","Women 11 (91)","37","",,,,"sem_calculo",,"","d via log OR (Chinn 2000): pressupõe distribuição logística latente; dif_prop exige p0 (proporção no controle) em (0, 1); percentual vira proporção","","","","","","","0.11","","","pesquisa_pre_eleitoral","sem_pesquisa","lider + segundo_viavel","outro","outro","candidato_partido","hipotetico","nao","regra_do_experimento","critico"
"Gasperoni2015a-E06","Gasperoni2015a","Gasperoni2015a","ES1534","antes-depois intrassujeito dentro de experimento aleatorizado (não randomizado quanto ao contraste)","associacao","Incidence of Voters Who Transferred Their Vote from the Most Preferred to the Second Preferred Candidate","apoio_ao_lider","aumentar","Tabela 5, linha ""18–30-Year-Olds"" (Grupos 1 e 2 agrupados; estratificação descritiva por moderador, sem teste; nenhuma diferença significativa segundo os autores)","nao","18-30 anos (Tabela 5; Grupos 1 e 2 agrupados)","dif_prop","","","45","","","","","","","","","","","","","","","45","","","18–30-Year-Olds 11 (45)","37","",,,,"sem_calculo",,"","d via log OR (Chinn 2000): pressupõe distribuição logística latente; dif_prop exige p0 (proporção no controle) em (0, 1); percentual vira proporção","","","","","","","0.11","","","pesquisa_pre_eleitoral","sem_pesquisa","lider + segundo_viavel","outro","outro","candidato_partido","hipotetico","nao","regra_do_experimento","critico"
"Gasperoni2015a-E07","Gasperoni2015a","Gasperoni2015a","ES1534","antes-depois intrassujeito dentro de experimento aleatorizado (não randomizado quanto ao contraste)","associacao","Incidence of Voters Who Transferred Their Vote from the Most Preferred to the Second Preferred Candidate","apoio_ao_lider","aumentar","Tabela 5, linha ""31–45-Year-Olds"" (Grupos 1 e 2 agrupados; estratificação descritiva por moderador, sem teste; nenhuma diferença significativa segundo os autores)","nao","31-45 anos (Tabela 5; Grupos 1 e 2 agrupados)","dif_prop","","","51","","","","","","","","","","","","","","","51","","","31–45-Year-Olds 12 (51)","37","",,,,"sem_calculo",,"","d via log OR (Chinn 2000): pressupõe distribuição logística latente; dif_prop exige p0 (proporção no controle) em (0, 1); percentual vira proporção","","","","","","","0.12","","","pesquisa_pre_eleitoral","sem_pesquisa","lider + segundo_viavel","outro","outro","candidato_partido","hipotetico","nao","regra_do_experimento","critico"
"Gasperoni2015a-E08","Gasperoni2015a","Gasperoni2015a","ES1534","antes-depois intrassujeito dentro de experimento aleatorizado (não randomizado quanto ao contraste)","associacao","Incidence of Voters Who Transferred Their Vote from the Most Preferred to the Second Preferred Candidate","apoio_ao_lider","aumentar","Tabela 5, linha ""46–55-Year-Olds"" (Grupos 1 e 2 agrupados; estratificação descritiva por moderador, sem teste; nenhuma diferença significativa segundo os autores)","nao","46-55 anos (Tabela 5; Grupos 1 e 2 agrupados)","dif_prop","","","42","","","","","","","","","","","","","","","42","","","46–55-Year-Olds 7 (42)","37","",,,,"sem_calculo",,"","d via log OR (Chinn 2000): pressupõe distribuição logística latente; dif_prop exige p0 (proporção no controle) em (0, 1); percentual vira proporção","","","","","","","0.07","","","pesquisa_pre_eleitoral","sem_pesquisa","lider + segundo_viavel","outro","outro","candidato_partido","hipotetico","nao","regra_do_experimento","critico"
"Gasperoni2015a-E09","Gasperoni2015a","Gasperoni2015a","ES1534","antes-depois intrassujeito dentro de experimento aleatorizado (não randomizado quanto ao contraste)","associacao","Incidence of Voters Who Transferred Their Vote from the Most Preferred to the Second Preferred Candidate","apoio_ao_lider","aumentar","Tabela 5, linha ""56+-Year-Olds"" (Grupos 1 e 2 agrupados; estratificação descritiva por moderador, sem teste; nenhuma diferença significativa segundo os autores)","nao","56+ anos (Tabela 5; Grupos 1 e 2 agrupados)","dif_prop","","","48","","","","","","","","","","","","","","","48","","","56+-Year-Olds 8 (48)","37","",,,,"sem_calculo",,"","d via log OR (Chinn 2000): pressupõe distribuição logística latente; dif_prop exige p0 (proporção no controle) em (0, 1); percentual vira proporção","","","","","","","0.08","","","pesquisa_pre_eleitoral","sem_pesquisa","lider + segundo_viavel","outro","outro","candidato_partido","hipotetico","nao","regra_do_experimento","critico"
"Gasperoni2015a-E10","Gasperoni2015a","Gasperoni2015a","ES1534","antes-depois intrassujeito dentro de experimento aleatorizado (não randomizado quanto ao contraste)","associacao","Incidence of Voters Who Transferred Their Vote from the Most Preferred to the Second Preferred Candidate","apoio_ao_lider","aumentar","Tabela 5, linha ""Did Not Complete Upper Secondary"" (Grupos 1 e 2 agrupados; estratificação descritiva por moderador, sem teste; nenhuma diferença significativa segundo os autores)","nao","Sem ensino médio completo (Tabela 5; Grupos 1 e 2 agrupados)","dif_prop","","","60","","","","","","","","","","","","","","","60","","","Did Not Complete Upper Secondary 7 (60)","37","",,,,"sem_calculo",,"","d via log OR (Chinn 2000): pressupõe distribuição logística latente; dif_prop exige p0 (proporção no controle) em (0, 1); percentual vira proporção","","","","","","","0.07","","","pesquisa_pre_eleitoral","sem_pesquisa","lider + segundo_viavel","outro","outro","candidato_partido","hipotetico","nao","regra_do_experimento","critico"
"Gasperoni2015a-E11","Gasperoni2015a","Gasperoni2015a","ES1534","antes-depois intrassujeito dentro de experimento aleatorizado (não randomizado quanto ao contraste)","associacao","Incidence of Voters Who Transferred Their Vote from the Most Preferred to the Second Preferred Candidate","apoio_ao_lider","aumentar","Tabela 5, linha ""Upper Secondary School Diploma"" (Grupos 1 e 2 agrupados; estratificação descritiva por moderador, sem teste; nenhuma diferença significativa segundo os autores)","nao","Ensino médio completo (Tabela 5; Grupos 1 e 2 agrupados)","dif_prop","","","66","","","","","","","","","","","","","","","66","","","Upper Secondary School Diploma 11 (66)","37","",,,,"sem_calculo",,"","d via log OR (Chinn 2000): pressupõe distribuição logística latente; dif_prop exige p0 (proporção no controle) em (0, 1); percentual vira proporção","","","","","","","0.11","","","pesquisa_pre_eleitoral","sem_pesquisa","lider + segundo_viavel","outro","outro","candidato_partido","hipotetico","nao","regra_do_experimento","critico"
"Gasperoni2015a-E12","Gasperoni2015a","Gasperoni2015a","ES1534","antes-depois intrassujeito dentro de experimento aleatorizado (não randomizado quanto ao contraste)","associacao","Incidence of Voters Who Transferred Their Vote from the Most Preferred to the Second Preferred Candidate","apoio_ao_lider","aumentar","Tabela 5, linha ""University Degree"" (Grupos 1 e 2 agrupados; estratificação descritiva por moderador, sem teste; nenhuma diferença significativa segundo os autores)","nao","Diploma universitário (Tabela 5; Grupos 1 e 2 agrupados)","dif_prop","","","62","","","","","","","","","","","","","","","62","","","University Degree 13 (62)","37","",,,,"sem_calculo",,"","d via log OR (Chinn 2000): pressupõe distribuição logística latente; dif_prop exige p0 (proporção no controle) em (0, 1); percentual vira proporção","","","","","","","0.13","","","pesquisa_pre_eleitoral","sem_pesquisa","lider + segundo_viavel","outro","outro","candidato_partido","hipotetico","nao","regra_do_experimento","critico"
"Gasperoni2015a-E13","Gasperoni2015a","Gasperoni2015a","ES1534","antes-depois intrassujeito dentro de experimento aleatorizado (não randomizado quanto ao contraste)","associacao","Incidence of Voters Who Transferred Their Vote from the Most Preferred to the Second Preferred Candidate","apoio_ao_lider","aumentar","Tabela 5, linha ""Left (0–2)"" (Grupos 1 e 2 agrupados; estratificação descritiva por moderador, sem teste; nenhuma diferença significativa segundo os autores)","nao","Esquerda (0-2) (Tabela 5; Grupos 1 e 2 agrupados)","dif_prop","","","93","","","","","","","","","","","","","","","93","","","Left (0–2) 12 (93)","37","",,,,"sem_calculo",,"","d via log OR (Chinn 2000): pressupõe distribuição logística latente; dif_prop exige p0 (proporção no controle) em (0, 1); percentual vira proporção","","","","","","","0.12","","","pesquisa_pre_eleitoral","sem_pesquisa","lider + segundo_viavel","outro","outro","candidato_partido","hipotetico","nao","regra_do_experimento","critico"
"Gasperoni2015a-E14","Gasperoni2015a","Gasperoni2015a","ES1534","antes-depois intrassujeito dentro de experimento aleatorizado (não randomizado quanto ao contraste)","associacao","Incidence of Voters Who Transferred Their Vote from the Most Preferred to the Second Preferred Candidate","apoio_ao_lider","aumentar","Tabela 5, linha ""Centre-left (3–4)"" (Grupos 1 e 2 agrupados; estratificação descritiva por moderador, sem teste; nenhuma diferença significativa segundo os autores)","nao","Centro-esquerda (3-4) (Tabela 5; Grupos 1 e 2 agrupados)","dif_prop","","","42","","","","","","","","","","","","","","","42","","","Centre-left (3–4) 7 (42)","37","",,,,"sem_calculo",,"","d via log OR (Chinn 2000): pressupõe distribuição logística latente; dif_prop exige p0 (proporção no controle) em (0, 1); percentual vira proporção","","","","","","","0.07","","","pesquisa_pre_eleitoral","sem_pesquisa","lider + segundo_viavel","outro","outro","candidato_partido","hipotetico","nao","regra_do_experimento","critico"
"Gasperoni2015a-E15","Gasperoni2015a","Gasperoni2015a","ES1534","antes-depois intrassujeito dentro de experimento aleatorizado (não randomizado quanto ao contraste)","associacao","Incidence of Voters Who Transferred Their Vote from the Most Preferred to the Second Preferred Candidate","apoio_ao_lider","aumentar","Tabela 5, linha ""Centre (5–6)"" (Grupos 1 e 2 agrupados; estratificação descritiva por moderador, sem teste; nenhuma diferença significativa segundo os autores)","nao","Centro (5-6) (Tabela 5; Grupos 1 e 2 agrupados)","dif_prop","","","26","","","","","","","","","","","","","","","26","","","Centre (5–6) 8 (26)","37","",,,,"sem_calculo",,"","d via log OR (Chinn 2000): pressupõe distribuição logística latente; dif_prop exige p0 (proporção no controle) em (0, 1); percentual vira proporção","","","","","","","0.08","","","pesquisa_pre_eleitoral","sem_pesquisa","lider + segundo_viavel","outro","outro","candidato_partido","hipotetico","nao","regra_do_experimento","critico"
"Gasperoni2015a-E16","Gasperoni2015a","Gasperoni2015a","ES1534","antes-depois intrassujeito dentro de experimento aleatorizado (não randomizado quanto ao contraste)","associacao","Incidence of Voters Who Transferred Their Vote from the Most Preferred to the Second Preferred Candidate","apoio_ao_lider","aumentar","Tabela 5, linha ""Right (7–10)"" (Grupos 1 e 2 agrupados; estratificação descritiva por moderador, sem teste; nenhuma diferença significativa segundo os autores)","nao","Direita (7-10) (Tabela 5; Grupos 1 e 2 agrupados)","dif_prop","","","22","","","","","","","","","","","","","","","22","","","Right (7–10) 14 (22)","37","",,,,"sem_calculo",,"","d via log OR (Chinn 2000): pressupõe distribuição logística latente; dif_prop exige p0 (proporção no controle) em (0, 1); percentual vira proporção","","","","","","","0.14","","","pesquisa_pre_eleitoral","sem_pesquisa","lider + segundo_viavel","outro","outro","candidato_partido","hipotetico","nao","regra_do_experimento","critico"
"Gasperoni2015a-E17","Gasperoni2015a","Gasperoni2015a","ES1534","antes-depois intrassujeito dentro de experimento aleatorizado (não randomizado quanto ao contraste)","associacao","Incidence of Voters Who Transferred Their Vote from the Most Preferred to the Second Preferred Candidate","apoio_ao_lider","aumentar","Tabela 5, linha ""No placement"" (Grupos 1 e 2 agrupados; estratificação descritiva por moderador, sem teste; nenhuma diferença significativa segundo os autores) [coordenador: proporção impressa = 0 (nenhum eleitor trocou); p1=0 impede a conversão, por isso ficou vazio]","nao","Sem autoposicionamento (Tabela 5; Grupos 1 e 2 agrupados)","dif_prop","","","5","","","","","","","","","","","","","","","5","","","No placement 0 (5)","37","",,,,"sem_calculo",,"","d via log OR (Chinn 2000): pressupõe distribuição logística latente; dif_prop exige p0 (proporção no controle) em (0, 1); percentual vira proporção","","","","","","","","","","pesquisa_pre_eleitoral","sem_pesquisa","lider + segundo_viavel","outro","outro","candidato_partido","hipotetico","nao","regra_do_experimento","critico"
"Gasperoni2015a-E18","Gasperoni2015a","Gasperoni2015a","ES1534","antes-depois intrassujeito dentro de experimento aleatorizado (não randomizado quanto ao contraste)","associacao","Incidence of Voters Who Transferred Their Vote from the Most Preferred to the Second Preferred Candidate","apoio_ao_lider","aumentar","Tabela 5, linha ""Low Political Knowledge"" (Grupos 1 e 2 agrupados; estratificação descritiva por moderador, sem teste; nenhuma diferença significativa segundo os autores)","nao","Conhecimento político baixo (Tabela 5; Grupos 1 e 2 agrupados)","dif_prop","","","58","","","","","","","","","","","","","","","58","","","Low Political Knowledge 12 (58)","37","",,,,"sem_calculo",,"","d via log OR (Chinn 2000): pressupõe distribuição logística latente; dif_prop exige p0 (proporção no controle) em (0, 1); percentual vira proporção","","","","","","","0.12","","","pesquisa_pre_eleitoral","sem_pesquisa","lider + segundo_viavel","outro","outro","candidato_partido","hipotetico","nao","regra_do_experimento","critico"
"Gasperoni2015a-E19","Gasperoni2015a","Gasperoni2015a","ES1534","antes-depois intrassujeito dentro de experimento aleatorizado (não randomizado quanto ao contraste)","associacao","Incidence of Voters Who Transferred Their Vote from the Most Preferred to the Second Preferred Candidate","apoio_ao_lider","aumentar","Tabela 5, linha ""Medium-Low"" (Grupos 1 e 2 agrupados; estratificação descritiva por moderador, sem teste; nenhuma diferença significativa segundo os autores)","nao","Conhecimento político médio-baixo (Tabela 5; Grupos 1 e 2 agrupados)","dif_prop","","","42","","","","","","","","","","","","","","","42","","","Medium-Low 14 (42)","37","",,,,"sem_calculo",,"","d via log OR (Chinn 2000): pressupõe distribuição logística latente; dif_prop exige p0 (proporção no controle) em (0, 1); percentual vira proporção","","","","","","","0.14","","","pesquisa_pre_eleitoral","sem_pesquisa","lider + segundo_viavel","outro","outro","candidato_partido","hipotetico","nao","regra_do_experimento","critico"
"Gasperoni2015a-E20","Gasperoni2015a","Gasperoni2015a","ES1534","antes-depois intrassujeito dentro de experimento aleatorizado (não randomizado quanto ao contraste)","associacao","Incidence of Voters Who Transferred Their Vote from the Most Preferred to the Second Preferred Candidate","apoio_ao_lider","aumentar","Tabela 5, linha ""Medium-High"" (Grupos 1 e 2 agrupados; estratificação descritiva por moderador, sem teste; nenhuma diferença significativa segundo os autores)","nao","Conhecimento político médio-alto (Tabela 5; Grupos 1 e 2 agrupados)","dif_prop","","","49","","","","","","","","","","","","","","","49","","","Medium-High 8 (49)","37","",,,,"sem_calculo",,"","d via log OR (Chinn 2000): pressupõe distribuição logística latente; dif_prop exige p0 (proporção no controle) em (0, 1); percentual vira proporção","","","","","","","0.08","","","pesquisa_pre_eleitoral","sem_pesquisa","lider + segundo_viavel","outro","outro","candidato_partido","hipotetico","nao","regra_do_experimento","critico"
"Gasperoni2015a-E21","Gasperoni2015a","Gasperoni2015a","ES1534","antes-depois intrassujeito dentro de experimento aleatorizado (não randomizado quanto ao contraste)","associacao","Incidence of Voters Who Transferred Their Vote from the Most Preferred to the Second Preferred Candidate","apoio_ao_lider","aumentar","Tabela 5, linha ""High"" (Grupos 1 e 2 agrupados; estratificação descritiva por moderador, sem teste; nenhuma diferença significativa segundo os autores)","nao","Conhecimento político alto (Tabela 5; Grupos 1 e 2 agrupados)","dif_prop","","","39","","","","","","","","","","","","","","","39","","","High 5 (39)","37","",,,,"sem_calculo",,"","d via log OR (Chinn 2000): pressupõe distribuição logística latente; dif_prop exige p0 (proporção no controle) em (0, 1); percentual vira proporção","","","","","","","0.05","","","pesquisa_pre_eleitoral","sem_pesquisa","lider + segundo_viavel","outro","outro","candidato_partido","hipotetico","nao","regra_do_experimento","critico"
"Gasperoni2015a-E22","Gasperoni2015a","Gasperoni2015a","ES1534","antes-depois intrassujeito dentro de experimento aleatorizado (não randomizado quanto ao contraste)","associacao","Incidence of Voters Who Transferred Their Vote from the Most Preferred to the Second Preferred Candidate","apoio_ao_lider","aumentar","Tabela 5, linha ""Low Interest in Politics"" (Grupos 1 e 2 agrupados; estratificação descritiva por moderador, sem teste; nenhuma diferença significativa segundo os autores)","nao","Interesse baixo por política (Tabela 5; Grupos 1 e 2 agrupados)","dif_prop","","","70","","","","","","","","","","","","","","","70","","","Low Interest in Politics 6 (70)","37","",,,,"sem_calculo",,"","d via log OR (Chinn 2000): pressupõe distribuição logística latente; dif_prop exige p0 (proporção no controle) em (0, 1); percentual vira proporção","","","","","","","0.06","","","pesquisa_pre_eleitoral","sem_pesquisa","lider + segundo_viavel","outro","outro","candidato_partido","hipotetico","nao","regra_do_experimento","critico"
"Gasperoni2015a-E23","Gasperoni2015a","Gasperoni2015a","ES1534","antes-depois intrassujeito dentro de experimento aleatorizado (não randomizado quanto ao contraste)","associacao","Incidence of Voters Who Transferred Their Vote from the Most Preferred to the Second Preferred Candidate","apoio_ao_lider","aumentar","Tabela 5, linha ""Intermediate Interest"" (Grupos 1 e 2 agrupados; estratificação descritiva por moderador, sem teste; nenhuma diferença significativa segundo os autores)","nao","Interesse intermediário por política (Tabela 5; Grupos 1 e 2 agrupados)","dif_prop","","","93","","","","","","","","","","","","","","","93","","","Intermediate Interest 12 (93)","37","",,,,"sem_calculo",,"","d via log OR (Chinn 2000): pressupõe distribuição logística latente; dif_prop exige p0 (proporção no controle) em (0, 1); percentual vira proporção","","","","","","","0.12","","","pesquisa_pre_eleitoral","sem_pesquisa","lider + segundo_viavel","outro","outro","candidato_partido","hipotetico","nao","regra_do_experimento","critico"
"Gasperoni2015a-E24","Gasperoni2015a","Gasperoni2015a","ES1534","antes-depois intrassujeito dentro de experimento aleatorizado (não randomizado quanto ao contraste)","associacao","Incidence of Voters Who Transferred Their Vote from the Most Preferred to the Second Preferred Candidate","apoio_ao_lider","aumentar","Tabela 5, linha ""High Interest"" (Grupos 1 e 2 agrupados; estratificação descritiva por moderador, sem teste; nenhuma diferença significativa segundo os autores)","nao","Interesse alto por política (Tabela 5; Grupos 1 e 2 agrupados)","dif_prop","","","25","","","","","","","","","","","","","","","25","","","High Interest 16 (25)","37","",,,,"sem_calculo",,"","d via log OR (Chinn 2000): pressupõe distribuição logística latente; dif_prop exige p0 (proporção no controle) em (0, 1); percentual vira proporção","","","","","","","0.16","","","pesquisa_pre_eleitoral","sem_pesquisa","lider + segundo_viavel","outro","outro","candidato_partido","hipotetico","nao","regra_do_experimento","critico"
"Gasperoni2015a-E25","Gasperoni2015a","Gasperoni2015a","ES1534","antes-depois intrassujeito dentro de experimento aleatorizado (não randomizado quanto ao contraste)","associacao","Incidence of Voters Who Transferred Their Vote from the Most Preferred to the Second Preferred Candidate","apoio_ao_lider","aumentar","Tabela 5, linha ""Does Not Identify with a Coalition"" (Grupos 1 e 2 agrupados; estratificação descritiva por moderador, sem teste; nenhuma diferença significativa segundo os autores)","nao","Não se identifica com coalizão (Tabela 5; Grupos 1 e 2 agrupados)","dif_prop","","","34","","","","","","","","","","","","","","","34","","","Does Not Identify with a Coalition 6 (34)","37","",,,,"sem_calculo",,"","d via log OR (Chinn 2000): pressupõe distribuição logística latente; dif_prop exige p0 (proporção no controle) em (0, 1); percentual vira proporção","","","","","","","0.06","","","pesquisa_pre_eleitoral","sem_pesquisa","lider + segundo_viavel","outro","outro","candidato_partido","hipotetico","nao","regra_do_experimento","critico"
"Gasperoni2015a-E26","Gasperoni2015a","Gasperoni2015a","ES1534","antes-depois intrassujeito dentro de experimento aleatorizado (não randomizado quanto ao contraste)","associacao","Incidence of Voters Who Transferred Their Vote from the Most Preferred to the Second Preferred Candidate","apoio_ao_lider","aumentar","Tabela 5, linha ""Identifies, but Weakly"" (Grupos 1 e 2 agrupados; estratificação descritiva por moderador, sem teste; nenhuma diferença significativa segundo os autores)","nao","Identifica-se fracamente com coalizão (Tabela 5; Grupos 1 e 2 agrupados)","dif_prop","","","23","","","","","","","","","","","","","","","23","","","Identifies, but Weakly 9 (23)","37","",,,,"sem_calculo",,"","d via log OR (Chinn 2000): pressupõe distribuição logística latente; dif_prop exige p0 (proporção no controle) em (0, 1); percentual vira proporção","","","","","","","0.09","","","pesquisa_pre_eleitoral","sem_pesquisa","lider + segundo_viavel","outro","outro","candidato_partido","hipotetico","nao","regra_do_experimento","critico"
"Gasperoni2015a-E27","Gasperoni2015a","Gasperoni2015a","ES1534","antes-depois intrassujeito dentro de experimento aleatorizado (não randomizado quanto ao contraste)","associacao","Incidence of Voters Who Transferred Their Vote from the Most Preferred to the Second Preferred Candidate","apoio_ao_lider","aumentar","Tabela 5, linha ""Identifies Somewhat"" (Grupos 1 e 2 agrupados; estratificação descritiva por moderador, sem teste; nenhuma diferença significativa segundo os autores)","nao","Identifica-se um pouco com coalizão (Tabela 5; Grupos 1 e 2 agrupados)","dif_prop","","","108","","","","","","","","","","","","","","","108","","","Identifies Somewhat 11 (108)","37","",,,,"sem_calculo",,"","d via log OR (Chinn 2000): pressupõe distribuição logística latente; dif_prop exige p0 (proporção no controle) em (0, 1); percentual vira proporção","","","","","","","0.11","","","pesquisa_pre_eleitoral","sem_pesquisa","lider + segundo_viavel","outro","outro","candidato_partido","hipotetico","nao","regra_do_experimento","critico"
"Gasperoni2015a-E28","Gasperoni2015a","Gasperoni2015a","ES1534","antes-depois intrassujeito dentro de experimento aleatorizado (não randomizado quanto ao contraste)","associacao","Incidence of Voters Who Transferred Their Vote from the Most Preferred to the Second Preferred Candidate","apoio_ao_lider","aumentar","Tabela 5, linha ""Identifies Strongly"" (Grupos 1 e 2 agrupados; estratificação descritiva por moderador, sem teste; nenhuma diferença significativa segundo os autores)","nao","Identifica-se fortemente com coalizão (Tabela 5; Grupos 1 e 2 agrupados)","dif_prop","","","23","","","","","","","","","","","","","","","23","","","Identifies Strongly 13 (23)","37","",,,,"sem_calculo",,"","d via log OR (Chinn 2000): pressupõe distribuição logística latente; dif_prop exige p0 (proporção no controle) em (0, 1); percentual vira proporção","","","","","","","0.13","","","pesquisa_pre_eleitoral","sem_pesquisa","lider + segundo_viavel","outro","outro","candidato_partido","hipotetico","nao","regra_do_experimento","critico"
"Gasperoni2015a-E29","Gasperoni2015a","Gasperoni2015a","ES1534","antes-depois intrassujeito dentro de experimento aleatorizado (não randomizado quanto ao contraste)","associacao","Incidence of Voters Who Transferred Their Vote from the Most Preferred to the Second Preferred Candidate","apoio_ao_lider","aumentar","Tabela 5, linha ""“Hostile” to Polls"" (Grupos 1 e 2 agrupados; estratificação descritiva por moderador, sem teste; nenhuma diferença significativa segundo os autores)","nao","Hostis às pesquisas (Tabela 5; Grupos 1 e 2 agrupados)","dif_prop","","","43","","","","","","","","","","","","","","","43","","","“Hostile” to Polls 12 (43)","37","",,,,"sem_calculo",,"","d via log OR (Chinn 2000): pressupõe distribuição logística latente; dif_prop exige p0 (proporção no controle) em (0, 1); percentual vira proporção","","","","","","","0.12","","","pesquisa_pre_eleitoral","sem_pesquisa","lider + segundo_viavel","outro","outro","candidato_partido","hipotetico","nao","regra_do_experimento","critico"
"Gasperoni2015a-E30","Gasperoni2015a","Gasperoni2015a","ES1534","antes-depois intrassujeito dentro de experimento aleatorizado (não randomizado quanto ao contraste)","associacao","Incidence of Voters Who Transferred Their Vote from the Most Preferred to the Second Preferred Candidate","apoio_ao_lider","aumentar","Tabela 5, linha ""Favourable towards Polls"" (Grupos 1 e 2 agrupados; estratificação descritiva por moderador, sem teste; nenhuma diferença significativa segundo os autores)","nao","Favoráveis às pesquisas (Tabela 5; Grupos 1 e 2 agrupados)","dif_prop","","","29","","","","","","","","","","","","","","","29","","","Favourable towards Polls 10 (29)","37","",,,,"sem_calculo",,"","d via log OR (Chinn 2000): pressupõe distribuição logística latente; dif_prop exige p0 (proporção no controle) em (0, 1); percentual vira proporção","","","","","","","0.10","","","pesquisa_pre_eleitoral","sem_pesquisa","lider + segundo_viavel","outro","outro","candidato_partido","hipotetico","nao","regra_do_experimento","critico"
"Gasperoni2015a-E31","Gasperoni2015a","Gasperoni2015a","ES1534","antes-depois intrassujeito dentro de experimento aleatorizado (não randomizado quanto ao contraste)","associacao","Incidence of Voters Who Transferred Their Vote from the Most Preferred to the Second Preferred Candidate","apoio_ao_lider","aumentar","Tabela 5, linha ""Supporters of “Sincere” Voting"" (Grupos 1 e 2 agrupados; estratificação descritiva por moderador, sem teste; nenhuma diferença significativa segundo os autores)","nao","Adeptos do voto sincero (Tabela 5; Grupos 1 e 2 agrupados)","dif_prop","","","17","","","","","","","","","","","","","","","17","","","Supporters of “Sincere” Voting 6 (17)","37","",,,,"sem_calculo",,"","d via log OR (Chinn 2000): pressupõe distribuição logística latente; dif_prop exige p0 (proporção no controle) em (0, 1); percentual vira proporção","","","","","","","0.06","","","pesquisa_pre_eleitoral","sem_pesquisa","lider + segundo_viavel","outro","outro","candidato_partido","hipotetico","nao","regra_do_experimento","critico"
"Gasperoni2015a-E32","Gasperoni2015a","Gasperoni2015a","ES1534","antes-depois intrassujeito dentro de experimento aleatorizado (não randomizado quanto ao contraste)","associacao","Incidence of Voters Who Transferred Their Vote from the Most Preferred to the Second Preferred Candidate","apoio_ao_lider","aumentar","Tabela 5, linha ""“Shrewd” Voters"" (Grupos 1 e 2 agrupados; estratificação descritiva por moderador, sem teste; nenhuma diferença significativa segundo os autores) [coordenador: proporção impressa = 0 (nenhum eleitor trocou); p1=0 impede a conversão, por isso ficou vazio]","nao","Eleitores astutos (shrewd) (Tabela 5; Grupos 1 e 2 agrupados)","dif_prop","","","10","","","","","","","","","","","","","","","10","","","“Shrewd” Voters 0 (10)","37","",,,,"sem_calculo",,"","d via log OR (Chinn 2000): pressupõe distribuição logística latente; dif_prop exige p0 (proporção no controle) em (0, 1); percentual vira proporção","","","","","","","","","","pesquisa_pre_eleitoral","sem_pesquisa","lider + segundo_viavel","outro","outro","candidato_partido","hipotetico","nao","regra_do_experimento","critico"
"Gasperoni2015a-E33","Gasperoni2015a","Gasperoni2015a","ES1534","antes-depois intrassujeito dentro de experimento aleatorizado (não randomizado quanto ao contraste)","associacao","Incidence of Voters Who Transferred Their Vote from the Most Preferred to the Second Preferred Candidate","apoio_ao_lider","aumentar","Tabela 5, linha ""Others"" (Grupos 1 e 2 agrupados; estratificação descritiva por moderador, sem teste; nenhuma diferença significativa segundo os autores)","nao","Outros (tipologia de atitudes) (Tabela 5; Grupos 1 e 2 agrupados)","dif_prop","","","84","","","","","","","","","","","","","","","84","","","Others 12 (84)","37","",,,,"sem_calculo",,"","d via log OR (Chinn 2000): pressupõe distribuição logística latente; dif_prop exige p0 (proporção no controle) em (0, 1); percentual vira proporção","","","","","","","0.12","","","pesquisa_pre_eleitoral","sem_pesquisa","lider + segundo_viavel","outro","outro","candidato_partido","hipotetico","nao","regra_do_experimento","critico"
"Gasperoni2015a-E34","Gasperoni2015a","Gasperoni2015a","ES1534","antes-depois intrassujeito dentro de experimento aleatorizado (não randomizado quanto ao contraste)","associacao","Incidence of Voters Who Transferred Their Vote from the Most Preferred to the Second Preferred Candidate","apoio_ao_lider","aumentar","Texto da Seção 4 (folha 24): comparação por relação entre 1º e 2º preferidos, Grupos 1 e 2 agrupados, sem teste","nao","Os dois candidatos preferidos na mesma metade do espectro (16 de 146); Grupos 1 e 2 agrupados","dif_prop","","","146","","","","","","","","","","","","","","","146","","","when both preferred candidates belonged to the same half of the political spectrum, 11 per cent of voters (16 out of 146) switched to the second preferred candidate","24","",,,,"sem_calculo",,"","d via log OR (Chinn 2000): pressupõe distribuição logística latente; dif_prop exige p0 (proporção no controle) em (0, 1); percentual vira proporção","","","","","","","0.11","","","pesquisa_pre_eleitoral","sem_pesquisa","lider + segundo_viavel","outro","outro","candidato_partido","hipotetico","nao","regra_do_experimento","critico"
"Gasperoni2015a-E35","Gasperoni2015a","Gasperoni2015a","ES1534","antes-depois intrassujeito dentro de experimento aleatorizado (não randomizado quanto ao contraste)","associacao","Incidence of Voters Who Transferred Their Vote from the Most Preferred to the Second Preferred Candidate","apoio_ao_lider","aumentar","Texto da Seção 4 (folha 24): comparação por relação entre 1º e 2º preferidos, Grupos 1 e 2 agrupados, sem teste","nao","Os dois candidatos preferidos em metades diferentes do espectro (3 de 42); Grupos 1 e 2 agrupados","dif_prop","","","42","","","","","","","","","","","","","","","42","","","when the two preferred candidates belong to different sides, only 7 per cent of voters (3 out of 42) did so","24","",,,,"sem_calculo",,"","d via log OR (Chinn 2000): pressupõe distribuição logística latente; dif_prop exige p0 (proporção no controle) em (0, 1); percentual vira proporção","","","","","","","0.07","","","pesquisa_pre_eleitoral","sem_pesquisa","lider + segundo_viavel","outro","outro","candidato_partido","hipotetico","nao","regra_do_experimento","critico"
"Gasperoni2015a-E36","Gasperoni2015a","Gasperoni2015a","ES1534","antes-depois intrassujeito dentro de experimento aleatorizado (não randomizado quanto ao contraste)","associacao","Incidence of Voters Who Transferred Their Vote from the Most Preferred to the Second Preferred Candidate","apoio_ao_lider","aumentar","Texto da Seção 4 (folha 24): comparação por relação entre 1º e 2º preferidos, Grupos 1 e 2 agrupados, sem teste","nao","Preferência inicial por candidato extremo (13 de 80); Grupos 1 e 2 agrupados","dif_prop","","","80","","","","","","","","","","","","","","","80","","","16 per cent of voters (13 out of 80) initially preferring extreme candidates switched to the second preferred candidate","24","",,,,"sem_calculo",,"","d via log OR (Chinn 2000): pressupõe distribuição logística latente; dif_prop exige p0 (proporção no controle) em (0, 1); percentual vira proporção","","","","","","","0.16","","","pesquisa_pre_eleitoral","sem_pesquisa","lider + segundo_viavel","outro","outro","candidato_partido","hipotetico","nao","regra_do_experimento","critico"
"Gasperoni2015a-E37","Gasperoni2015a","Gasperoni2015a","ES1534","antes-depois intrassujeito dentro de experimento aleatorizado (não randomizado quanto ao contraste)","associacao","Incidence of Voters Who Transferred Their Vote from the Most Preferred to the Second Preferred Candidate","apoio_ao_lider","aumentar","Texto da Seção 4 (folha 24): comparação por relação entre 1º e 2º preferidos, Grupos 1 e 2 agrupados, sem teste","nao","Preferência inicial por candidato moderado (5 de 87); Grupos 1 e 2 agrupados","dif_prop","","","87","","","","","","","","","","","","","","","87","","","versus 6 per cent of voters (5 out of 87) initially preferring moderate candidates","24","",,,,"sem_calculo",,"","d via log OR (Chinn 2000): pressupõe distribuição logística latente; dif_prop exige p0 (proporção no controle) em (0, 1); percentual vira proporção","","","","","","","0.06","","","pesquisa_pre_eleitoral","sem_pesquisa","lider + segundo_viavel","outro","outro","candidato_partido","hipotetico","nao","regra_do_experimento","critico"
"Geers2018-E01","Geers2018","Geers2018","ES1577","painel individual com controles (observacional, nao randomizado)","associacao","Crystallization (vs abstention)","mobilizacao","aumentar","Tabela 2 (p. 533 impressa; folha 13 do PDF), regressao logistica multinomial, coluna “Crystallization (vs abstention)”, linha Poll news / In newspapers (exposicao continua a noticias sobre pesquisas em jornais); controles: sex, education, age, ideology, ideological extremity, political interest, issue news em jornais, issue news na televisao, poll news no outro meio","sim","","or","","","","","","","","","","-30.835","15.597","","","","","","<0.05","765","","","Crystallization (vs abstention) ... Poll news In newspapers − 30.835 (15.597)*","13","",,,,"sem_calculo",,"","or_ ausente ou <= 0","","","","","","","","","","pesquisa_pre_eleitoral","outro","nao_se_aplica","painel_individual","outro","candidato_partido","real","nao","999","grave"
"Geers2018-E02","Geers2018","Geers2018","ES1577","painel individual com controles (observacional, nao randomizado)","associacao","Crystallization (vs abstention)","mobilizacao","aumentar","Tabela 2 (p. 533 impressa; folha 13 do PDF), regressao logistica multinomial, coluna “Crystallization (vs abstention)”, linha Poll news / On television (exposicao continua a noticias sobre pesquisas na televisao); controles: sex, education, age, ideology, ideological extremity, political interest, issue news em jornais, issue news na televisao, poll news no outro meio","sim","","or","","","","","","","","","","-5.675","4.125","","","","","","","765","","","Crystallization (vs abstention) ... Poll news ... On television − 5.675 (4.125)","13","",,,,"sem_calculo",,"","or_ ausente ou <= 0","","","","","","","","","","pesquisa_pre_eleitoral","outro","nao_se_aplica","painel_individual","outro","candidato_partido","real","nao","999","grave"
"Gerber2020a-E01","Gerber2020a","Gerber2020a","ES1587","RCT (aleatorizado no indivíduo) com IV","LATE","comparecimento (turnout 0-1) em registros administrativos","mobilizacao","aumentar","Tabela 6, coluna 1 (rodada 2010): MQ2E do comparecimento sobre a margem de vitória prevista pós-tratamento, instrumentada pelo dummy de pesquisa apertada; EF de estado e 5 dummies de voto passado; F do instrumento excluído = 57.52; coeficiente em p.p. de comparecimento por 1 p.p. da crença; sinal invertido em relação ao impresso para orientar como aumento da proximidade percebida","nao","","dif_prop","","","","","","","","","","","","","","","","","","6650","","","Pred vote margin, post-treat ... -0.12 ... (0.29)","53","",0.00329289405776441,6.34950770150978e-05,0.00796837982372187,"dif_prop_lpm",1,"mantido","d via log OR (Chinn 2000): pressupõe distribuição logística latente; p1 reconstruído como p0 + efeito_pp/100; Var(ln OR) pelo EP do efeito em pp (método delta, p0 fixo)","","","","","","0.721","","0.12","0.29","pesquisa_pre_eleitoral","outro_resultado","nao_se_aplica","experimento_campo","outro","candidato_partido","real","nao","999","algumas_preocupacoes"
"Gerber2020a-E02","Gerber2020a","Gerber2020a","ES1587","RCT (aleatorizado no indivíduo) com IV","LATE","comparecimento (turnout 0-1) em registros administrativos","mobilizacao","aumentar","Tabela 6, coluna 2 (rodada 2010): MQ2E do comparecimento sobre a margem de vitória prevista pós-tratamento, instrumentada pelo dummy de pesquisa apertada; EF de estado e 5 dummies de voto passado; controle da crença pré-tratamento; F do instrumento excluído = 86.45; coeficiente em p.p. de comparecimento por 1 p.p. da crença; sinal invertido em relação ao impresso para orientar como aumento da proximidade percebida","nao","","dif_prop","","","","","","","","","","","","","","","","","","6612","","","Pred vote margin, post-treat ... -0.15 ... (0.30)","53","",0.00411748067116051,6.80399173998582e-05,0.00824863124402214,"dif_prop_lpm",1,"mantido","d via log OR (Chinn 2000): pressupõe distribuição logística latente; p1 reconstruído como p0 + efeito_pp/100; Var(ln OR) pelo EP do efeito em pp (método delta, p0 fixo)","","","","","","0.721","","0.15","0.30","pesquisa_pre_eleitoral","outro_resultado","nao_se_aplica","experimento_campo","outro","candidato_partido","real","nao","999","algumas_preocupacoes"
"Gerber2020a-E03","Gerber2020a","Gerber2020a","ES1587","RCT (aleatorizado no indivíduo) com IV","LATE","comparecimento (turnout 0-1) em registros administrativos","mobilizacao","aumentar","Tabela 6, coluna 3 (rodada 2010): MQ2E do comparecimento sobre a margem de vitória prevista pós-tratamento, instrumentada pelo dummy de pesquisa apertada; EF de estado e 5 dummies de voto passado; crença pré-tratamento e controles demográficos; F do instrumento excluído = 85.96; coeficiente em p.p. de comparecimento por 1 p.p. da crença; sinal invertido em relação ao impresso para orientar como aumento da proximidade percebida","nao","","dif_prop","","","","","","","","","","","","","","","","","","6612","","","Pred vote margin, post-treat ... -0.16 ... (0.30)","53","",0.00439246556839438,6.80701374491808e-05,0.00825046286272357,"dif_prop_lpm",1,"mantido","d via log OR (Chinn 2000): pressupõe distribuição logística latente; p1 reconstruído como p0 + efeito_pp/100; Var(ln OR) pelo EP do efeito em pp (método delta, p0 fixo)","","","","","","0.721","","0.16","0.30","pesquisa_pre_eleitoral","outro_resultado","nao_se_aplica","experimento_campo","outro","candidato_partido","real","nao","999","algumas_preocupacoes"
"Gerber2020a-E04","Gerber2020a","Gerber2020a","ES1587","RCT (aleatorizado no indivíduo) com IV","LATE","comparecimento (turnout 0-1) em registros administrativos","mobilizacao","aumentar","Tabela 6, coluna 4 (rodada 2010): MQ2E do comparecimento sobre Pr(margem < 100 votos) pós-tratamento, instrumentada pelo dummy de pesquisa apertada; EF de estado e 5 dummies de voto passado; F do instrumento excluído = 0.717; coeficiente em p.p. de comparecimento por 1 p.p. da crença","nao","","dif_prop","","","","","","","","","","","","","","","","","","3286","","","Pr(Marg <100 votes), post ... -0.52 ... (1.47)","53","",-0.0141685471931669,0.0015864494461228,0.0398302579218715,"dif_prop_lpm",1,"mantido","d via log OR (Chinn 2000): pressupõe distribuição logística latente; p1 reconstruído como p0 + efeito_pp/100; Var(ln OR) pelo EP do efeito em pp (método delta, p0 fixo)","","","","","","0.721","","-0.52","1.47","pesquisa_pre_eleitoral","outro_resultado","nao_se_aplica","experimento_campo","outro","candidato_partido","real","nao","999","algumas_preocupacoes"
"Gerber2020a-E05","Gerber2020a","Gerber2020a","ES1587","RCT (aleatorizado no indivíduo) com IV","LATE","comparecimento (turnout 0-1) em registros administrativos","mobilizacao","aumentar","Tabela 6, coluna 5 (rodada 2010): MQ2E do comparecimento sobre Pr(margem < 100 votos) pós-tratamento, instrumentada pelo dummy de pesquisa apertada; EF de estado e 5 dummies de voto passado; controle da crença pré-tratamento; F do instrumento excluído = 23.17; coeficiente em p.p. de comparecimento por 1 p.p. da crença","nao","","dif_prop","","","","","","","","","","","","","","","","","","3282","","","Pr(Marg <100 votes), post ... -0.23 ... (0.46)","53","",-0.00628649378195558,0.000157290962690415,0.012541569387059,"dif_prop_lpm",1,"mantido","d via log OR (Chinn 2000): pressupõe distribuição logística latente; p1 reconstruído como p0 + efeito_pp/100; Var(ln OR) pelo EP do efeito em pp (método delta, p0 fixo)","","","","","","0.721","","-0.23","0.46","pesquisa_pre_eleitoral","outro_resultado","nao_se_aplica","experimento_campo","outro","candidato_partido","real","nao","999","algumas_preocupacoes"
"Gerber2020a-E06","Gerber2020a","Gerber2020a","ES1587","RCT (aleatorizado no indivíduo) com IV","LATE","comparecimento (turnout 0-1) em registros administrativos","mobilizacao","aumentar","Tabela 6, coluna 6 (rodada 2010): MQ2E do comparecimento sobre Pr(margem < 100 votos) pós-tratamento, instrumentada pelo dummy de pesquisa apertada; EF de estado e 5 dummies de voto passado; crença pré-tratamento e controles demográficos; F do instrumento excluído = 23.68; coeficiente em p.p. de comparecimento por 1 p.p. da crença","nao","","dif_prop","","","","","","","","","","","","","","","","","","3282","","","Pr(Marg <100 votes), post ... -0.19 ... (0.45)","53","",-0.00519545007533218,0.000150787670825541,0.0122795631365917,"dif_prop_lpm",1,"mantido","d via log OR (Chinn 2000): pressupõe distribuição logística latente; p1 reconstruído como p0 + efeito_pp/100; Var(ln OR) pelo EP do efeito em pp (método delta, p0 fixo)","","","","","","0.721","","-0.19","0.45","pesquisa_pre_eleitoral","outro_resultado","nao_se_aplica","experimento_campo","outro","candidato_partido","real","nao","999","algumas_preocupacoes"
"Gerber2020a-E07","Gerber2020a","Gerber2020a","ES1587","RCT (aleatorizado no indivíduo) com IV","LATE","comparecimento (turnout 0-1) em registros administrativos","mobilizacao","aumentar","Tabela 6, coluna 7 (rodada 2010): MQ2E do comparecimento sobre Pr(margem < 1.000 votos) pós-tratamento, instrumentada pelo dummy de pesquisa apertada; EF de estado e 5 dummies de voto passado; F do instrumento excluído = 6.914; coeficiente em p.p. de comparecimento por 1 p.p. da crença","nao","","dif_prop","","","","","","","","","","","","","","","","","","3407","","","Pr(Marg<1,000 votes), post ... 0.27 ... (0.43)","53","",0.0074205500621965,0.000140503826205504,0.0118534309887688,"dif_prop_lpm",1,"mantido","d via log OR (Chinn 2000): pressupõe distribuição logística latente; p1 reconstruído como p0 + efeito_pp/100; Var(ln OR) pelo EP do efeito em pp (método delta, p0 fixo)","","","","","","0.721","","0.27","0.43","pesquisa_pre_eleitoral","outro_resultado","nao_se_aplica","experimento_campo","outro","candidato_partido","real","nao","999","algumas_preocupacoes"
"Gerber2020a-E08","Gerber2020a","Gerber2020a","ES1587","RCT (aleatorizado no indivíduo) com IV","LATE","comparecimento (turnout 0-1) em registros administrativos","mobilizacao","aumentar","Tabela 6, coluna 8 (rodada 2010): MQ2E do comparecimento sobre Pr(margem < 1.000 votos) pós-tratamento, instrumentada pelo dummy de pesquisa apertada; EF de estado e 5 dummies de voto passado; controle da crença pré-tratamento; F do instrumento excluído = 21.63; coeficiente em p.p. de comparecimento por 1 p.p. da crença","nao","","dif_prop","","","","","","","","","","","","","","","","","","3406","","","Pr(Marg<1,000 votes), post ... 0.30 ... (0.47)","53","",0.0082478108863133,0.000168085603647528,0.0129647832086591,"dif_prop_lpm",1,"mantido","d via log OR (Chinn 2000): pressupõe distribuição logística latente; p1 reconstruído como p0 + efeito_pp/100; Var(ln OR) pelo EP do efeito em pp (método delta, p0 fixo)","","","","","","0.721","","0.30","0.47","pesquisa_pre_eleitoral","outro_resultado","nao_se_aplica","experimento_campo","outro","candidato_partido","real","nao","999","algumas_preocupacoes"
"Gerber2020a-E09","Gerber2020a","Gerber2020a","ES1587","RCT (aleatorizado no indivíduo) com IV","LATE","comparecimento (turnout 0-1) em registros administrativos","mobilizacao","aumentar","Tabela 6, coluna 9 (rodada 2010): MQ2E do comparecimento sobre Pr(margem < 1.000 votos) pós-tratamento, instrumentada pelo dummy de pesquisa apertada; EF de estado e 5 dummies de voto passado; crença pré-tratamento e controles demográficos; F do instrumento excluído = 20.04; coeficiente em p.p. de comparecimento por 1 p.p. da crença","nao","","dif_prop","","","","","","","","","","","","","","","","","","3406","","","Pr(Marg<1,000 votes), post ... 0.38 ... (0.49)","53","",0.0104565662370338,0.000183353426488486,0.0135408059763253,"dif_prop_lpm",1,"mantido","d via log OR (Chinn 2000): pressupõe distribuição logística latente; p1 reconstruído como p0 + efeito_pp/100; Var(ln OR) pelo EP do efeito em pp (método delta, p0 fixo)","","","","","","0.721","","0.38","0.49","pesquisa_pre_eleitoral","outro_resultado","nao_se_aplica","experimento_campo","outro","candidato_partido","real","nao","999","algumas_preocupacoes"
"Gerber2020a-E10","Gerber2020a","Gerber2020a","ES1587","RCT (aleatorizado no indivíduo) com IV","LATE","comparecimento (turnout 0-1) em registros administrativos","mobilizacao","aumentar","Tabela 6, coluna 10 (rodada 2010): MQ2E do comparecimento sobre Pr(margem < 100 ou 1.000 votos) pós-tratamento, instrumentada pelo dummy de pesquisa apertada; EF de estado e 5 dummies de voto passado; F do instrumento excluído = 4.888; coeficiente em p.p. de comparecimento por 1 p.p. da crença","nao","","dif_prop","","","","","","","","","","","","","","","","","","6693","","","<100 or 1,000 votes, post ... 0.09 ... (0.51)","53","",0.00246885433485975,0.000196113924321196,0.0140040681346956,"dif_prop_lpm",1,"mantido","d via log OR (Chinn 2000): pressupõe distribuição logística latente; p1 reconstruído como p0 + efeito_pp/100; Var(ln OR) pelo EP do efeito em pp (método delta, p0 fixo)","","","","","","0.721","","0.09","0.51","pesquisa_pre_eleitoral","outro_resultado","nao_se_aplica","experimento_campo","outro","candidato_partido","real","nao","999","algumas_preocupacoes"
"Gerber2020a-E11","Gerber2020a","Gerber2020a","ES1587","RCT (aleatorizado no indivíduo) com IV","LATE","comparecimento (turnout 0-1) em registros administrativos","mobilizacao","aumentar","Tabela 6, coluna 11 (rodada 2010): MQ2E do comparecimento sobre Pr(margem < 100 ou 1.000 votos) pós-tratamento, instrumentada pelo dummy de pesquisa apertada; EF de estado e 5 dummies de voto passado; controle da crença pré-tratamento; F do instrumento excluído = 43.09; coeficiente em p.p. de comparecimento por 1 p.p. da crença","nao","","dif_prop","","","","","","","","","","","","","","","","","","6688","","","<100 or 1,000 votes, post ... 0.05 ... (0.33)","53","",0.00137098096253137,8.19650817552815e-05,0.0090534568953125,"dif_prop_lpm",1,"mantido","d via log OR (Chinn 2000): pressupõe distribuição logística latente; p1 reconstruído como p0 + efeito_pp/100; Var(ln OR) pelo EP do efeito em pp (método delta, p0 fixo)","","","","","","0.721","","0.05","0.33","pesquisa_pre_eleitoral","outro_resultado","nao_se_aplica","experimento_campo","outro","candidato_partido","real","nao","999","algumas_preocupacoes"
"Gerber2020a-E12","Gerber2020a","Gerber2020a","ES1587","RCT (aleatorizado no indivíduo) com IV","LATE","comparecimento (turnout 0-1) em registros administrativos","mobilizacao","aumentar","Tabela 6, coluna 12 (rodada 2010): MQ2E do comparecimento sobre Pr(margem < 100 ou 1.000 votos) pós-tratamento, instrumentada pelo dummy de pesquisa apertada; EF de estado e 5 dummies de voto passado; crença pré-tratamento e controles demográficos; F do instrumento excluído = 42.93; coeficiente em p.p. de comparecimento por 1 p.p. da crença","sim","","dif_prop","","","","","","","","","","","","","","","","","","6688","","","<100 or 1,000 votes, post ... 0.08 ... (0.33)","53","",0.00219429492091282,8.20736862112115e-05,0.00905945286489264,"dif_prop_lpm",1,"mantido","d via log OR (Chinn 2000): pressupõe distribuição logística latente; p1 reconstruído como p0 + efeito_pp/100; Var(ln OR) pelo EP do efeito em pp (método delta, p0 fixo)","","","","","","0.721","","0.08","0.33","pesquisa_pre_eleitoral","outro_resultado","nao_se_aplica","experimento_campo","outro","candidato_partido","real","nao","999","algumas_preocupacoes"
"Gerber2020a-E13","Gerber2020a","Gerber2020a","ES1587","transversal","associacao","comparecimento (turnout 0-1) em registros administrativos","mobilizacao","aumentar","Tabela 5, coluna 1 (rodada 2010): MQO do comparecimento sobre a margem de vitória prevista pós-tratamento, sem usar a aleatorização; EF de estado e 5 dummies de voto passado; coeficiente em p.p. de comparecimento por 1 p.p. da crença; sinal invertido em relação ao impresso para orientar como aumento da proximidade percebida","nao","","dif_prop","","","","","","","","","","","","","","","","","","6650","","","Pred vote margin, post-treat ... -0.03 ... (0.03)","52","",0.000822406974496797,6.76799792870461e-07,0.00082267842616083,"dif_prop_lpm",1,"mantido","d via log OR (Chinn 2000): pressupõe distribuição logística latente; p1 reconstruído como p0 + efeito_pp/100; Var(ln OR) pelo EP do efeito em pp (método delta, p0 fixo)","","","","","","0.721","","0.03","0.03","pesquisa_pre_eleitoral","outro","nao_se_aplica","experimento_campo","outro","candidato_partido","real","nao","999","algumas_preocupacoes"
"Gerber2020a-E14","Gerber2020a","Gerber2020a","ES1587","transversal","associacao","comparecimento (turnout 0-1) em registros administrativos","mobilizacao","aumentar","Tabela 5, coluna 2 (rodada 2010): MQO do comparecimento sobre a margem de vitória prevista pós-tratamento, sem usar a aleatorização; EF de estado e 5 dummies de voto passado; controle da crença pré-tratamento; coeficiente em p.p. de comparecimento por 1 p.p. da crença; sinal invertido em relação ao impresso para orientar como aumento da proximidade percebida","nao","","dif_prop","","","","","","","","","","","","","","","","","","6612","","","Pred vote margin, post-treat ... 0.01 ... (0.04)","52","",-0.000274014978632247,1.20108351058455e-06,0.0010959395560817,"dif_prop_lpm",1,"mantido","d via log OR (Chinn 2000): pressupõe distribuição logística latente; p1 reconstruído como p0 + efeito_pp/100; Var(ln OR) pelo EP do efeito em pp (método delta, p0 fixo)","","","","","","0.721","","-0.01","0.04","pesquisa_pre_eleitoral","outro","nao_se_aplica","experimento_campo","outro","candidato_partido","real","nao","999","algumas_preocupacoes"
"Gerber2020a-E15","Gerber2020a","Gerber2020a","ES1587","transversal","associacao","comparecimento (turnout 0-1) em registros administrativos","mobilizacao","aumentar","Tabela 5, coluna 3 (rodada 2010): MQO do comparecimento sobre a margem de vitória prevista pós-tratamento, sem usar a aleatorização; EF de estado e 5 dummies de voto passado; crença pré-tratamento e controles demográficos; coeficiente em p.p. de comparecimento por 1 p.p. da crença; sinal invertido em relação ao impresso para orientar como aumento da proximidade percebida","nao","","dif_prop","","","","","","","","","","","","","","","","","","6612","","","Pred vote margin, post-treat ... 0.02 ... (0.04)","52","",-0.000547969795925777,1.20055633808677e-06,0.00109569901801853,"dif_prop_lpm",1,"mantido","d via log OR (Chinn 2000): pressupõe distribuição logística latente; p1 reconstruído como p0 + efeito_pp/100; Var(ln OR) pelo EP do efeito em pp (método delta, p0 fixo)","","","","","","0.721","","-0.02","0.04","pesquisa_pre_eleitoral","outro","nao_se_aplica","experimento_campo","outro","candidato_partido","real","nao","999","algumas_preocupacoes"
"Gerber2020a-E16","Gerber2020a","Gerber2020a","ES1587","transversal","associacao","comparecimento (turnout 0-1) em registros administrativos","mobilizacao","aumentar","Tabela 5, coluna 4 (rodada 2010): MQO do comparecimento sobre Pr(margem < 100 votos) pós-tratamento, sem usar a aleatorização; EF de estado e 5 dummies de voto passado; coeficiente em p.p. de comparecimento por 1 p.p. da crença","nao","","dif_prop","","","","","","","","","","","","","","","","","<0.05","3286","","","Pr(Marg <100 votes), post ... -0.05** ... (0.02)","52","",-0.00136931640612247,2.99675680218926e-07,0.000547426415346324,"dif_prop_lpm",1,"mantido","d via log OR (Chinn 2000): pressupõe distribuição logística latente; p1 reconstruído como p0 + efeito_pp/100; Var(ln OR) pelo EP do efeito em pp (método delta, p0 fixo)","","","","","","0.721","","-0.05","0.02","pesquisa_pre_eleitoral","outro","nao_se_aplica","experimento_campo","outro","candidato_partido","real","nao","999","algumas_preocupacoes"
"Gerber2020a-E17","Gerber2020a","Gerber2020a","ES1587","transversal","associacao","comparecimento (turnout 0-1) em registros administrativos","mobilizacao","aumentar","Tabela 5, coluna 5 (rodada 2010): MQO do comparecimento sobre Pr(margem < 100 votos) pós-tratamento, sem usar a aleatorização; EF de estado e 5 dummies de voto passado; controle da crença pré-tratamento; coeficiente em p.p. de comparecimento por 1 p.p. da crença","nao","","dif_prop","","","","","","","","","","","","","","","","","","3282","","","Pr(Marg <100 votes), post ... 0.01 ... (0.04)","52","",0.00027404361462662,1.20186260926546e-06,0.00109629494629204,"dif_prop_lpm",1,"mantido","d via log OR (Chinn 2000): pressupõe distribuição logística latente; p1 reconstruído como p0 + efeito_pp/100; Var(ln OR) pelo EP do efeito em pp (método delta, p0 fixo)","","","","","","0.721","","0.01","0.04","pesquisa_pre_eleitoral","outro","nao_se_aplica","experimento_campo","outro","candidato_partido","real","nao","999","algumas_preocupacoes"
"Gerber2020a-E18","Gerber2020a","Gerber2020a","ES1587","transversal","associacao","comparecimento (turnout 0-1) em registros administrativos","mobilizacao","aumentar","Tabela 5, coluna 6 (rodada 2010): MQO do comparecimento sobre Pr(margem < 100 votos) pós-tratamento, sem usar a aleatorização; EF de estado e 5 dummies de voto passado; crença pré-tratamento e controles demográficos; coeficiente em p.p. de comparecimento por 1 p.p. da crença","nao","","dif_prop","","","","","","","","","","","","","","","","","","3282","","","Pr(Marg <100 votes), post ... 0.03 ... (0.04)","52","",0.000822311683095942,1.20292082106035e-06,0.00109677747107622,"dif_prop_lpm",1,"mantido","d via log OR (Chinn 2000): pressupõe distribuição logística latente; p1 reconstruído como p0 + efeito_pp/100; Var(ln OR) pelo EP do efeito em pp (método delta, p0 fixo)","","","","","","0.721","","0.03","0.04","pesquisa_pre_eleitoral","outro","nao_se_aplica","experimento_campo","outro","candidato_partido","real","nao","999","algumas_preocupacoes"
"Gerber2020a-E19","Gerber2020a","Gerber2020a","ES1587","transversal","associacao","comparecimento (turnout 0-1) em registros administrativos","mobilizacao","aumentar","Tabela 5, coluna 7 (rodada 2010): MQO do comparecimento sobre Pr(margem < 1.000 votos) pós-tratamento, sem usar a aleatorização; EF de estado e 5 dummies de voto passado; coeficiente em p.p. de comparecimento por 1 p.p. da crença","nao","","dif_prop","","","","","","","","","","","","","","","","","","3407","","","Pr(Marg <1,000 votes), post ... 0.00 ... (0.02)","52","",0,3.00338640374537e-07,0.000548031605269748,"dif_prop_lpm",1,"mantido","d via log OR (Chinn 2000): pressupõe distribuição logística latente; p1 reconstruído como p0 + efeito_pp/100; Var(ln OR) pelo EP do efeito em pp (método delta, p0 fixo)","","","","","","0.721","","0.00","0.02","pesquisa_pre_eleitoral","outro","nao_se_aplica","experimento_campo","outro","candidato_partido","real","nao","999","algumas_preocupacoes"
"Gerber2020a-E20","Gerber2020a","Gerber2020a","ES1587","transversal","associacao","comparecimento (turnout 0-1) em registros administrativos","mobilizacao","aumentar","Tabela 5, coluna 8 (rodada 2010): MQO do comparecimento sobre Pr(margem < 1.000 votos) pós-tratamento, sem usar a aleatorização; EF de estado e 5 dummies de voto passado; controle da crença pré-tratamento; coeficiente em p.p. de comparecimento por 1 p.p. da crença","nao","","dif_prop","","","","","","","","","","","","","","","","","","3406","","","Pr(Marg <1,000 votes), post ... 0.01 ... (0.04)","52","",0.000274045898140022,1.20188263878386e-06,0.00109630408134963,"dif_prop_lpm",1,"mantido","d via log OR (Chinn 2000): pressupõe distribuição logística latente; p1 reconstruído como p0 + efeito_pp/100; Var(ln OR) pelo EP do efeito em pp (método delta, p0 fixo)","","","","","","0.721","","0.01","0.04","pesquisa_pre_eleitoral","outro","nao_se_aplica","experimento_campo","outro","candidato_partido","real","nao","999","algumas_preocupacoes"
"Gerber2020a-E21","Gerber2020a","Gerber2020a","ES1587","transversal","associacao","comparecimento (turnout 0-1) em registros administrativos","mobilizacao","aumentar","Tabela 5, coluna 9 (rodada 2010): MQO do comparecimento sobre Pr(margem < 1.000 votos) pós-tratamento, sem usar a aleatorização; EF de estado e 5 dummies de voto passado; crença pré-tratamento e controles demográficos; coeficiente em p.p. de comparecimento por 1 p.p. da crença","nao","","dif_prop","","","","","","","","","","","","","","","","","","3406","","","Pr(Marg <1,000 votes), post ... 0.03 ... (0.04)","52","",0.000822318535143019,1.20294086821426e-06,0.00109678661015453,"dif_prop_lpm",1,"mantido","d via log OR (Chinn 2000): pressupõe distribuição logística latente; p1 reconstruído como p0 + efeito_pp/100; Var(ln OR) pelo EP do efeito em pp (método delta, p0 fixo)","","","","","","0.721","","0.03","0.04","pesquisa_pre_eleitoral","outro","nao_se_aplica","experimento_campo","outro","candidato_partido","real","nao","999","algumas_preocupacoes"
"Gerber2020a-E22","Gerber2020a","Gerber2020a","ES1587","transversal","associacao","comparecimento (turnout 0-1) em registros administrativos","mobilizacao","aumentar","Tabela 5, coluna 10 (rodada 2010): MQO do comparecimento sobre Pr(margem < 100 ou 1.000 votos) pós-tratamento, sem usar a aleatorização; EF de estado e 5 dummies de voto passado; coeficiente em p.p. de comparecimento por 1 p.p. da crença","nao","","dif_prop","","","","","","","","","","","","","","","","","","6693","","","<100 or 1,000 votes, post ... -0.02 ... (0.01)","52","",-0.000547970548747857,7.50349773019011e-08,0.000273925130833046,"dif_prop_lpm",1,"mantido","d via log OR (Chinn 2000): pressupõe distribuição logística latente; p1 reconstruído como p0 + efeito_pp/100; Var(ln OR) pelo EP do efeito em pp (método delta, p0 fixo)","","","","","","0.721","","-0.02","0.01","pesquisa_pre_eleitoral","outro","nao_se_aplica","experimento_campo","outro","candidato_partido","real","nao","999","algumas_preocupacoes"
"Gerber2020a-E23","Gerber2020a","Gerber2020a","ES1587","transversal","associacao","comparecimento (turnout 0-1) em registros administrativos","mobilizacao","aumentar","Tabela 5, coluna 11 (rodada 2010): MQO do comparecimento sobre Pr(margem < 100 ou 1.000 votos) pós-tratamento, sem usar a aleatorização; EF de estado e 5 dummies de voto passado; controle da crença pré-tratamento; coeficiente em p.p. de comparecimento por 1 p.p. da crença","nao","","dif_prop","","","","","","","","","","","","","","","","","","6688","","","<100 or 1,000 votes, post ... 0.01 ... (0.03)","52","",0.000274075547209244,6.76205278086927e-07,0.000822317017996665,"dif_prop_lpm",1,"mantido","d via log OR (Chinn 2000): pressupõe distribuição logística latente; p1 reconstruído como p0 + efeito_pp/100; Var(ln OR) pelo EP do efeito em pp (método delta, p0 fixo)","","","","","","0.721","","0.01","0.03","pesquisa_pre_eleitoral","outro","nao_se_aplica","experimento_campo","outro","candidato_partido","real","nao","999","algumas_preocupacoes"
"Gerber2020a-E24","Gerber2020a","Gerber2020a","ES1587","transversal","associacao","comparecimento (turnout 0-1) em registros administrativos","mobilizacao","aumentar","Tabela 5, coluna 12 (rodada 2010): MQO do comparecimento sobre Pr(margem < 100 ou 1.000 votos) pós-tratamento, sem usar a aleatorização; EF de estado e 5 dummies de voto passado; crença pré-tratamento e controles demográficos; coeficiente em p.p. de comparecimento por 1 p.p. da crença","nao","","dif_prop","","","","","","","","","","","","","","","","","","6688","","","<100 or 1,000 votes, post ... 0.03 ... (0.03)","52","",0.000822407501915872,6.76800660949761e-07,0.000822678953753991,"dif_prop_lpm",1,"mantido","d via log OR (Chinn 2000): pressupõe distribuição logística latente; p1 reconstruído como p0 + efeito_pp/100; Var(ln OR) pelo EP do efeito em pp (método delta, p0 fixo)","","","","","","0.721","","0.03","0.03","pesquisa_pre_eleitoral","outro","nao_se_aplica","experimento_campo","outro","candidato_partido","real","nao","999","algumas_preocupacoes"
"Gerber2020a-E25","Gerber2020a","Gerber2020a","ES1587","RCT (aleatorizado no indivíduo)","ATE","probabilidade declarada de votar pós-tratamento (0-100)","mobilizacao","aumentar","Seção 6.1 do texto (rodada 2010): média da probabilidade declarada de votar imediatamente após o tratamento, braço de pesquisa apertada vs. braço de pesquisa folgada, sem controles","nao","","md_sd","87.8","","3347","88.0","","3350","","","","","","","","","","","","","","","The average post-treatment intended probability of voting is 87.8% for the close poll group and 88.0% for the not close poll group.","31","",,,,"sem_calculo",,"","md_sd exige m1, sd1, n1, m2, sd2, n2","","","","","","","","","","pesquisa_pre_eleitoral","outro_resultado","nao_se_aplica","experimento_campo","outro","candidato_partido","real","nao","999","algumas_preocupacoes"
"Gerber2020a-E26","Gerber2020a","Gerber2020a","ES1587","RCT (aleatorizado no indivíduo)","ITT","comparecimento (turnout 0-1) em registros administrativos","mobilizacao","aumentar","Seção 3 do texto e notas das Tabelas 5 e 6 (rodada 2010): taxa bruta de comparecimento validado, braço de pesquisa apertada vs. braço de pesquisa folgada, sem controles","nao","","dif_prop","","","3348","","","3357","","","","","","","","","","","","6705","","","The voting rate based on administrative data is 72% (71.9% for close poll, 72.1% for not close poll)","18","",-0.00546893840910624,0.000899287854968284,0.0299881285672895,"dif_prop_contagens",0,"mantido","d via log OR (Chinn 2000): pressupõe distribuição logística latente","","","","","","0.721","0.719","","","pesquisa_pre_eleitoral","outro_resultado","nao_se_aplica","experimento_campo","outro","candidato_partido","real","nao","999","algumas_preocupacoes"
"Gerber2020a-E27","Gerber2020a","Gerber2020a","ES1587","RCT por cluster (aleatorizado no domicílio)","ITT","comparecimento (turnout 0-1) em registros administrativos","mobilizacao","aumentar","Tabela 7, coluna 1 (rodada 2014): postal com pesquisa apertada vs. postal com pesquisa folgada; dummies dos 8 estratos de aleatorização, de voto em 2008, 2010 e 2012 e de estado; EP agrupados por domicílio; sem controles adicionais","nao","","dif_prop","","","","","","","","","","","","","","","","","","126126","","","Close poll (vs. not close poll) ... 0.29 ... (0.25)","54","",0.00775937621203611,3.07501939344051e-05,0.00554528573965355,"dif_prop_lpm",1,"mantido","d via log OR (Chinn 2000): pressupõe distribuição logística latente; Var(ln OR) pelo EP do efeito em pp (método delta, p0 fixo)","","","","","","0.5345","0.538","0.29","0.25","pesquisa_pre_eleitoral","outro_resultado","nao_se_aplica","experimento_campo","outro","candidato_partido","real","nao","999","algumas_preocupacoes"
"Gerber2020a-E28","Gerber2020a","Gerber2020a","ES1587","RCT por cluster (aleatorizado no domicílio)","ITT","comparecimento (turnout 0-1) em registros administrativos","mobilizacao","aumentar","Tabela 7, coluna 2 (rodada 2014): postal com pesquisa apertada vs. postal com pesquisa folgada; dummies dos 8 estratos de aleatorização, de voto em 2008, 2010 e 2012 e de estado; EP agrupados por domicílio; com controles adicionais de sexo, raça, idade e registro partidário","nao","","dif_prop","","","","","","","","","","","","","","","","","","126126","","","Close poll (vs. not close poll) ... 0.29 ... (0.25)","54","",0.00775937621203611,3.07501939344051e-05,0.00554528573965355,"dif_prop_lpm",1,"mantido","d via log OR (Chinn 2000): pressupõe distribuição logística latente; Var(ln OR) pelo EP do efeito em pp (método delta, p0 fixo)","","","","","","0.5345","0.538","0.29","0.25","pesquisa_pre_eleitoral","outro_resultado","nao_se_aplica","experimento_campo","outro","candidato_partido","real","nao","999","algumas_preocupacoes"
"Gerber2020a-E29","Gerber2020a","Gerber2020a","ES1587","RCT por cluster (aleatorizado no domicílio)","ITT","comparecimento (turnout 0-1) em registros administrativos","mobilizacao","aumentar","Tabela 7, coluna 3 (rodada 2014): postal com pesquisa apertada vs. domicílios de controle sem postal; dummies dos 8 estratos de aleatorização, de voto em 2008, 2010 e 2012 e de estado; EP agrupados por domicílio; com controles adicionais","nao","","dif_prop","","","","","","","","","","","","","","","","","<0.1","1385318","","","Close poll (vs. control) ... 0.34* ... (0.18)","54","",0.00820257871034003,1.59410728629324e-05,0.0039926273133029,"dif_prop_lpm",1,"mantido","d via log OR (Chinn 2000): pressupõe distribuição logística latente; Var(ln OR) pelo EP do efeito em pp (método delta, p0 fixo)","","","","","","0.5343","0.538","0.34","0.18","pesquisa_pre_eleitoral","sem_pesquisa","nao_se_aplica","experimento_campo","outro","candidato_partido","real","nao","999","algumas_preocupacoes"
"Gerber2020a-E30","Gerber2020a","Gerber2020a","ES1587","RCT por cluster (aleatorizado no domicílio)","ITT","comparecimento (turnout 0-1) em registros administrativos","mobilizacao","aumentar","Tabela 7, coluna 3 (rodada 2014): postal com pesquisa folgada vs. domicílios de controle sem postal; dummies dos 8 estratos de aleatorização, de voto em 2008, 2010 e 2012 e de estado; EP agrupados por domicílio; com controles adicionais [coordenador: p1 (média bruta 0.5345) retirado; a linha é o coeficiente de regressão 0.05 p.p. (EP 0.18), que não é igual à diferença bruta de médias]","nao","","dif_prop","","","","","","","","","","","","","","","","","","1385318","","","Not close poll (vs. control) ... 0.05 ... (0.18)","54","",0.00110794752690424,1.59112331654141e-05,0.00398888871308967,"dif_prop_lpm",1,"mantido","d via log OR (Chinn 2000): pressupõe distribuição logística latente; p1 reconstruído como p0 + efeito_pp/100; Var(ln OR) pelo EP do efeito em pp (método delta, p0 fixo)","","","","","","0.5343","","0.05","0.18","pesquisa_pre_eleitoral","sem_pesquisa","nao_se_aplica","experimento_campo","outro","candidato_partido","real","nao","999","algumas_preocupacoes"
"Gerber2020a-E31","Gerber2020a","Gerber2020a","ES1587","RCT por cluster (aleatorizado no domicílio)","ITT","comparecimento (turnout 0-1) em registros administrativos","mobilizacao","aumentar","Tabela 7, coluna 4 (rodada 2014): postal com pesquisa apertada vs. postal com pesquisa folgada, no modelo que acrescenta o tratamento cruzado de tamanho do eleitorado; dummies dos 8 estratos de aleatorização, de voto em 2008, 2010 e 2012 e de estado; EP agrupados por domicílio; com controles adicionais","sim","","dif_prop","","","","","","","","","","","","","","","","","","126126","","","Close poll (vs. not close poll) ... 0.29 ... (0.25)","54","",0.00775937621203611,3.07501939344051e-05,0.00554528573965355,"dif_prop_lpm",1,"mantido","d via log OR (Chinn 2000): pressupõe distribuição logística latente; Var(ln OR) pelo EP do efeito em pp (método delta, p0 fixo)","","","","","","0.5345","0.538","0.29","0.25","pesquisa_pre_eleitoral","outro_resultado","nao_se_aplica","experimento_campo","outro","candidato_partido","real","nao","999","algumas_preocupacoes"
"Gerber2020a-E32","Gerber2020a","Gerber2020a","ES1587","RCT por cluster (aleatorizado no domicílio)","ITT","comparecimento (turnout 0-1) em registros administrativos","mobilizacao","aumentar","Tabela 7, coluna 4 (rodada 2014): tratamento cruzado de previsão de eleitorado pequeno vs. eleitorado grande (outro braço informacional, não é a pesquisa eleitoral); dummies dos 8 estratos de aleatorização, de voto em 2008, 2010 e 2012 e de estado; EP agrupados por domicílio; com controles adicionais","nao","","dif_prop","","","","","","","","","","","","","","","","","","126126","","","Small electorate likely ... -0.17 ... (0.25)","54","",-0.00443359472511737,3.06960781403966e-05,0.00554040414955413,"dif_prop_lpm",1,"mantido","d via log OR (Chinn 2000): pressupõe distribuição logística latente; Var(ln OR) pelo EP do efeito em pp (método delta, p0 fixo)","","","","","","0.537","0.535","-0.17","0.25","pesquisa_pre_eleitoral","outro","nao_se_aplica","experimento_campo","outro","candidato_partido","real","nao","999","algumas_preocupacoes"
"Gerber2020a-E33","Gerber2020a","Gerber2020a","ES1587","RCT (aleatorizado no indivíduo em 2010 e por cluster de domicílio em 2014)","ITT","comparecimento (turnout 0-1) em registros administrativos","mobilizacao","aumentar","Tabela 8, Painel C (rodadas 2010 e 2014 agrupadas): regressão de forma reduzida do comparecimento sobre o dummy de pesquisa apertada, com share de voto passado, raça, sexo, faixas etárias de 10 anos, dummy de ano e EF de estado; EP agrupados por domicílio","nao","","dif_prop","","","","","","","","","","","","","","","","","","132831","","","Reduced form regression ... coef on close poll treatment: 0.25 (se=0.24) ... N=132,831","55","",,,,"sem_calculo",,"","d via log OR (Chinn 2000): pressupõe distribuição logística latente; dif_prop exige p0 (proporção no controle) em (0, 1); percentual vira proporção","","","","","","","","0.25","0.24","pesquisa_pre_eleitoral","outro_resultado","nao_se_aplica","experimento_campo","outro","candidato_partido","real","nao","999","algumas_preocupacoes"
"Grillo2024c-E01","Grillo2024c","Grillo2024c","ES1596","DiD","ATT","Voter turnout at 17:00","mobilizacao","aumentar","Tabela 1, coluna 1 (baseline DiD ponderado por eleitores registrados, sem controles de clima); coeficiente 17h X 2nd Round","nao","","dif_prop","","","","","","","","","","","","","","","","","0.000","576","","","17h X 2nd Round -3.821∗∗∗ ... (0.000)","13","",,,,"sem_calculo",,"","d via log OR (Chinn 2000): pressupõe distribuição logística latente; dif_prop exige p0 (proporção no controle) em (0, 1); percentual vira proporção","","","","","","","","-3.821","","boca_de_urna","outro_resultado","nao_se_aplica","experimento_natural","outro","candidato_partido","real","nao","maioria_dois_turnos","alto"
"Grillo2024c-E02","Grillo2024c","Grillo2024c","ES1596","DiD","ATT","Voter turnout at closure (end of the day)","mobilizacao","aumentar","Tabela 1, coluna 1 (baseline DiD ponderado por eleitores registrados, sem controles de clima); coeficiente Closure X 2nd Round","sim","","dif_prop","","","","","","","","","","","","2.648","","","","","0.000","576","","","Closure X 2nd Round -3.440∗∗∗ ... (0.000)","13","",-0.111857858773376,0.0124754577540336,0.111693588688132,"dif_prop_lpm",1,"mantido","d via log OR (Chinn 2000): pressupõe distribuição logística latente; p1 reconstruído como p0 + efeito_pp/100; grupos assumidos iguais (n_total/2); efeito de LPM/DiD/RDD: conversão aproximada (sensibilidade sem aproximados)","","","","","","0.80072","","-3.440","","boca_de_urna","outro_resultado","nao_se_aplica","experimento_natural","outro","candidato_partido","real","nao","maioria_dois_turnos","alto"
"Grillo2024c-E03","Grillo2024c","Grillo2024c","ES1596","DiD","ATT","Voter turnout at 17:00","mobilizacao","aumentar","Tabela 1, coluna 2 (DiD nao ponderado); coeficiente 17h X 2nd Round","nao","","dif_prop","","","","","","","","","","","","","","","","","0.000","576","","","17h X 2nd Round ... -3.368∗∗∗ ... (0.000)","13","",,,,"sem_calculo",,"","d via log OR (Chinn 2000): pressupõe distribuição logística latente; dif_prop exige p0 (proporção no controle) em (0, 1); percentual vira proporção","","","","","","","","-3.368","","boca_de_urna","outro_resultado","nao_se_aplica","experimento_natural","outro","candidato_partido","real","nao","maioria_dois_turnos","alto"
"Grillo2024c-E04","Grillo2024c","Grillo2024c","ES1596","DiD","ATT","Voter turnout at closure (end of the day)","mobilizacao","aumentar","Tabela 1, coluna 2 (DiD nao ponderado); coeficiente Closure X 2nd Round","nao","","dif_prop","","","","","","","","","","","","2.648","","","","","0.000","576","","","Closure X 2nd Round ... -3.071∗∗∗ ... (0.000)","13","",-0.100448985300204,0.012541150028997,0.111987276192418,"dif_prop_lpm",1,"mantido","d via log OR (Chinn 2000): pressupõe distribuição logística latente; p1 reconstruído como p0 + efeito_pp/100; grupos assumidos iguais (n_total/2); efeito de LPM/DiD/RDD: conversão aproximada (sensibilidade sem aproximados)","","","","","","0.80072","","-3.071","","boca_de_urna","outro_resultado","nao_se_aplica","experimento_natural","outro","candidato_partido","real","nao","maioria_dois_turnos","alto"
"Grillo2024c-E05","Grillo2024c","Grillo2024c","ES1596","DiD","ATT","Voter turnout at 17:00","mobilizacao","aumentar","Tabela 1, coluna 3 (DiD ponderado com tendencias de clima (chuva e temperatura maxima)); coeficiente 17h X 2nd Round","nao","","dif_prop","","","","","","","","","","","","","","","","","0.000","576","","","17h X 2nd Round ... -3.747∗∗∗ ... (0.000)","13","",,,,"sem_calculo",,"","d via log OR (Chinn 2000): pressupõe distribuição logística latente; dif_prop exige p0 (proporção no controle) em (0, 1); percentual vira proporção","","","","","","","","-3.747","","boca_de_urna","outro_resultado","nao_se_aplica","experimento_natural","outro","candidato_partido","real","nao","maioria_dois_turnos","alto"
"Grillo2024c-E06","Grillo2024c","Grillo2024c","ES1596","DiD","ATT","Voter turnout at closure (end of the day)","mobilizacao","aumentar","Tabela 1, coluna 3 (DiD ponderado com tendencias de clima (chuva e temperatura maxima)); coeficiente Closure X 2nd Round","nao","","dif_prop","","","","","","","","","","","","2.648","","","","","0.000","576","","","Closure X 2nd Round ... -3.618∗∗∗ ... (0.000)","13","",-0.117316522912156,0.0124446014562331,0.111555373946006,"dif_prop_lpm",1,"mantido","d via log OR (Chinn 2000): pressupõe distribuição logística latente; p1 reconstruído como p0 + efeito_pp/100; grupos assumidos iguais (n_total/2); efeito de LPM/DiD/RDD: conversão aproximada (sensibilidade sem aproximados)","","","","","","0.80072","","-3.618","","boca_de_urna","outro_resultado","nao_se_aplica","experimento_natural","outro","candidato_partido","real","nao","maioria_dois_turnos","alto"
"Grillo2024c-E07","Grillo2024c","Grillo2024c","ES1596","DiD","ATT","Voter turnout at 17:00","mobilizacao","aumentar","Tabela 1, coluna 4 (DiD ponderado, subamostra No rain); coeficiente 17h X 2nd Round","nao","Departamentos onde nao choveu em nenhum dos dois turnos (43 departamentos)","dif_prop","","","","","","","","","","","","","","","","","0.000","258","","","17h X 2nd Round ... -4.137∗∗∗ ... (0.000)","13","",,,,"sem_calculo",,"","d via log OR (Chinn 2000): pressupõe distribuição logística latente; dif_prop exige p0 (proporção no controle) em (0, 1); percentual vira proporção","","","","","","","","-4.137","","boca_de_urna","outro_resultado","nao_se_aplica","experimento_natural","outro","candidato_partido","real","nao","maioria_dois_turnos","alto"
"Grillo2024c-E08","Grillo2024c","Grillo2024c","ES1596","DiD","ATT","Voter turnout at closure (end of the day)","mobilizacao","aumentar","Tabela 1, coluna 4 (DiD ponderado, subamostra No rain); coeficiente Closure X 2nd Round","nao","Departamentos onde nao choveu em nenhum dos dois turnos (43 departamentos)","dif_prop","","","","","","","","","","","","","","","","","0.000","258","","","Closure X 2nd Round ... -3.741∗∗∗ ... (0.000)","13","",,,,"sem_calculo",,"","d via log OR (Chinn 2000): pressupõe distribuição logística latente; dif_prop exige p0 (proporção no controle) em (0, 1); percentual vira proporção","","","","","","","","-3.741","","boca_de_urna","outro_resultado","nao_se_aplica","experimento_natural","outro","candidato_partido","real","nao","maioria_dois_turnos","alto"
"Grillo2024c-E09","Grillo2024c","Grillo2024c","ES1596","DiD","ATT","Voter turnout at 17:00","mobilizacao","aumentar","Tabela 2, coluna 1 (tripla diferenca 2017 vs. 2012); coeficiente 17h X 2nd Round X 2017","nao","","dif_prop","","","","","","","","","","","","","","","","","0.000","1152","","","17h X 2nd Round X 2017 -2.835∗∗∗ ... (0.000)","14","",,,,"sem_calculo",,"","d via log OR (Chinn 2000): pressupõe distribuição logística latente; dif_prop exige p0 (proporção no controle) em (0, 1); percentual vira proporção","","","","","","","","-2.835","","boca_de_urna","outro_resultado","nao_se_aplica","experimento_natural","outro","candidato_partido","real","nao","maioria_dois_turnos","alto"
"Grillo2024c-E10","Grillo2024c","Grillo2024c","ES1596","DiD","ATT","Voter turnout at closure (end of the day)","mobilizacao","aumentar","Tabela 2, coluna 1 (tripla diferenca 2017 vs. 2012); coeficiente Closure X 2nd Round X 2017","nao","","dif_prop","","","","","","","","","","","","","","","","","0.000","1152","","","Closure X 2nd Round X 2017 -1.659∗∗∗ ... (0.000)","14","",,,,"sem_calculo",,"","d via log OR (Chinn 2000): pressupõe distribuição logística latente; dif_prop exige p0 (proporção no controle) em (0, 1); percentual vira proporção","","","","","","","","-1.659","","boca_de_urna","outro_resultado","nao_se_aplica","experimento_natural","outro","candidato_partido","real","nao","maioria_dois_turnos","alto"
"Grillo2024c-E11","Grillo2024c","Grillo2024c","ES1596","DiD","ATT","Voter turnout at 17:00","mobilizacao","aumentar","Tabela 2, coluna 2 (tripla diferenca 2017 vs. 2007); coeficiente 17h X 2nd Round X 2017","nao","","dif_prop","","","","","","","","","","","","","","","","","0.000","1152","","","17h X 2nd Round X 2017 ... -2.086∗∗∗ ... (0.000)","14","",,,,"sem_calculo",,"","d via log OR (Chinn 2000): pressupõe distribuição logística latente; dif_prop exige p0 (proporção no controle) em (0, 1); percentual vira proporção","","","","","","","","-2.086","","boca_de_urna","outro_resultado","nao_se_aplica","experimento_natural","outro","candidato_partido","real","nao","maioria_dois_turnos","alto"
"Grillo2024c-E12","Grillo2024c","Grillo2024c","ES1596","DiD","ATT","Voter turnout at closure (end of the day)","mobilizacao","aumentar","Tabela 2, coluna 2 (tripla diferenca 2017 vs. 2007); coeficiente Closure X 2nd Round X 2017","nao","","dif_prop","","","","","","","","","","","","","","","","","0.488","1152","","","Closure X 2nd Round X 2017 ... -0.349 ... (0.488)","14","",,,,"sem_calculo",,"","d via log OR (Chinn 2000): pressupõe distribuição logística latente; dif_prop exige p0 (proporção no controle) em (0, 1); percentual vira proporção","","","","","","","","-0.349","","boca_de_urna","outro_resultado","nao_se_aplica","experimento_natural","outro","candidato_partido","real","nao","maioria_dois_turnos","alto"
"Grillo2024c-E13","Grillo2024c","Grillo2024c","ES1596","DiD","ATT","Voter turnout at 17:00","mobilizacao","aumentar","Tabela 3, coluna 1 (DiD ponderado com clima, interacao com Very close BE); coeficiente 17h X 2nd Round","nao","Demais departamentos (referencia, nao Very close BE)","dif_prop","","","","","","","","","","","","","","","","","0.000","576","","","17h X 2nd Round -3.660∗∗∗ ... (0.000)","15","",,,,"sem_calculo",,"","d via log OR (Chinn 2000): pressupõe distribuição logística latente; dif_prop exige p0 (proporção no controle) em (0, 1); percentual vira proporção","","","","","","","","-3.660","","boca_de_urna","outro_resultado","nao_se_aplica","experimento_natural","outro","candidato_partido","real","nao","maioria_dois_turnos","alto"
"Grillo2024c-E14","Grillo2024c","Grillo2024c","ES1596","DiD","ATT","Voter turnout at closure (end of the day)","mobilizacao","aumentar","Tabela 3, coluna 1 (DiD ponderado com clima, interacao com Very close BE); coeficiente Closure X 2nd Round","nao","Demais departamentos (referencia, nao Very close BE)","dif_prop","","","","","","","","","","","","","","","","","0.000","576","","","Closure X 2nd Round -3.677∗∗∗ ... (0.000)","15","",,,,"sem_calculo",,"","d via log OR (Chinn 2000): pressupõe distribuição logística latente; dif_prop exige p0 (proporção no controle) em (0, 1); percentual vira proporção","","","","","","","","-3.677","","boca_de_urna","outro_resultado","nao_se_aplica","experimento_natural","outro","candidato_partido","real","nao","maioria_dois_turnos","alto"
"Grillo2024c-E15","Grillo2024c","Grillo2024c","ES1596","DiD","associacao","Voter turnout at 17:00","mobilizacao","aumentar","Tabela 3, coluna 1 (DiD ponderado com clima, interacao com Very close BE); coeficiente 17h X 2nd Round X Very close BE (efeito diferencial)","nao","Very close BE (efeito diferencial vs. demais departamentos)","dif_prop","","","","","","","","","","","","","","","","","0.059","576","","","17h X 2nd Round X Very close BE -1.693∗ (0.059)","15","",,,,"sem_calculo",,"","d via log OR (Chinn 2000): pressupõe distribuição logística latente; dif_prop exige p0 (proporção no controle) em (0, 1); percentual vira proporção","","","","","","","","-1.693","","boca_de_urna","outro_resultado","nao_se_aplica","experimento_natural","outro","candidato_partido","real","nao","maioria_dois_turnos","alto"
"Grillo2024c-E16","Grillo2024c","Grillo2024c","ES1596","DiD","associacao","Voter turnout at closure (end of the day)","mobilizacao","aumentar","Tabela 3, coluna 1 (DiD ponderado com clima, interacao com Very close BE); coeficiente Closure X 2nd Round X Very close BE (efeito diferencial)","nao","Very close BE (efeito diferencial vs. demais departamentos)","dif_prop","","","","","","","","","","","","","","","","","0.222","576","","","Closure X 2nd Round X Very close BE -1.337 (0.222)","15","",,,,"sem_calculo",,"","d via log OR (Chinn 2000): pressupõe distribuição logística latente; dif_prop exige p0 (proporção no controle) em (0, 1); percentual vira proporção","","","","","","","","-1.337","","boca_de_urna","outro_resultado","nao_se_aplica","experimento_natural","outro","candidato_partido","real","nao","maioria_dois_turnos","alto"
"Grillo2024c-E17","Grillo2024c","Grillo2024c","ES1596","DiD","ATT","Voter turnout at 17:00","mobilizacao","aumentar","Tabela 3, coluna 2 (DiD ponderado com clima, interacao com Close BE); coeficiente 17h X 2nd Round","nao","Demais departamentos (referencia, nao Close BE)","dif_prop","","","","","","","","","","","","","","","","","0.000","576","","","17h X 2nd Round ... -3.655∗∗∗ ... (0.000)","15","",,,,"sem_calculo",,"","d via log OR (Chinn 2000): pressupõe distribuição logística latente; dif_prop exige p0 (proporção no controle) em (0, 1); percentual vira proporção","","","","","","","","-3.655","","boca_de_urna","outro_resultado","nao_se_aplica","experimento_natural","outro","candidato_partido","real","nao","maioria_dois_turnos","alto"
"Grillo2024c-E18","Grillo2024c","Grillo2024c","ES1596","DiD","ATT","Voter turnout at closure (end of the day)","mobilizacao","aumentar","Tabela 3, coluna 2 (DiD ponderado com clima, interacao com Close BE); coeficiente Closure X 2nd Round","nao","Demais departamentos (referencia, nao Close BE)","dif_prop","","","","","","","","","","","","","","","","","0.000","576","","","Closure X 2nd Round ... -3.696∗∗∗ ... (0.000)","15","",,,,"sem_calculo",,"","d via log OR (Chinn 2000): pressupõe distribuição logística latente; dif_prop exige p0 (proporção no controle) em (0, 1); percentual vira proporção","","","","","","","","-3.696","","boca_de_urna","outro_resultado","nao_se_aplica","experimento_natural","outro","candidato_partido","real","nao","maioria_dois_turnos","alto"
"Grillo2024c-E19","Grillo2024c","Grillo2024c","ES1596","DiD","associacao","Voter turnout at 17:00","mobilizacao","aumentar","Tabela 3, coluna 2 (DiD ponderado com clima, interacao com Close BE); coeficiente 17h X 2nd Round X Close BE (efeito diferencial)","nao","Close BE (efeito diferencial vs. demais departamentos)","dif_prop","","","","","","","","","","","","","","","","","0.009","576","","","17h X 2nd Round X Close BE -2.066∗∗∗ (0.009)","15","",,,,"sem_calculo",,"","d via log OR (Chinn 2000): pressupõe distribuição logística latente; dif_prop exige p0 (proporção no controle) em (0, 1); percentual vira proporção","","","","","","","","-2.066","","boca_de_urna","outro_resultado","nao_se_aplica","experimento_natural","outro","candidato_partido","real","nao","maioria_dois_turnos","alto"
"Grillo2024c-E20","Grillo2024c","Grillo2024c","ES1596","DiD","associacao","Voter turnout at closure (end of the day)","mobilizacao","aumentar","Tabela 3, coluna 2 (DiD ponderado com clima, interacao com Close BE); coeficiente Closure X 2nd Round X Close BE (efeito diferencial)","nao","Close BE (efeito diferencial vs. demais departamentos)","dif_prop","","","","","","","","","","","","","","","","","0.119","576","","","Closure X 2nd Round X Close BE -1.471 (0.119)","15","",,,,"sem_calculo",,"","d via log OR (Chinn 2000): pressupõe distribuição logística latente; dif_prop exige p0 (proporção no controle) em (0, 1); percentual vira proporção","","","","","","","","-1.471","","boca_de_urna","outro_resultado","nao_se_aplica","experimento_natural","outro","candidato_partido","real","nao","maioria_dois_turnos","alto"
"Grillo2024c-E21","Grillo2024c","Grillo2024c","ES1596","DiD","ATT","Voter turnout at 17:00","mobilizacao","aumentar","Tabela 3, coluna 3 (DiD ponderado com clima, interacao com Very close CH); coeficiente 17h X 2nd Round","nao","Demais departamentos (referencia, nao Very close CH)","dif_prop","","","","","","","","","","","","","","","","","0.000","576","","","17h X 2nd Round ... -3.842∗∗∗ ... (0.000)","15","",,,,"sem_calculo",,"","d via log OR (Chinn 2000): pressupõe distribuição logística latente; dif_prop exige p0 (proporção no controle) em (0, 1); percentual vira proporção","","","","","","","","-3.842","","boca_de_urna","outro_resultado","nao_se_aplica","experimento_natural","outro","candidato_partido","real","nao","maioria_dois_turnos","alto"
"Grillo2024c-E22","Grillo2024c","Grillo2024c","ES1596","DiD","ATT","Voter turnout at closure (end of the day)","mobilizacao","aumentar","Tabela 3, coluna 3 (DiD ponderado com clima, interacao com Very close CH); coeficiente Closure X 2nd Round","nao","Demais departamentos (referencia, nao Very close CH)","dif_prop","","","","","","","","","","","","","","","","","0.000","576","","","Closure X 2nd Round ... -3.690∗∗∗ ... (0.000)","15","",,,,"sem_calculo",,"","d via log OR (Chinn 2000): pressupõe distribuição logística latente; dif_prop exige p0 (proporção no controle) em (0, 1); percentual vira proporção","","","","","","","","-3.690","","boca_de_urna","outro_resultado","nao_se_aplica","experimento_natural","outro","candidato_partido","real","nao","maioria_dois_turnos","alto"
"Grillo2024c-E23","Grillo2024c","Grillo2024c","ES1596","DiD","associacao","Voter turnout at 17:00","mobilizacao","aumentar","Tabela 3, coluna 3 (DiD ponderado com clima, interacao com Very close CH); coeficiente 17h X 2nd Round X Very close CH (efeito diferencial)","nao","Very close CH (efeito diferencial vs. demais departamentos)","dif_prop","","","","","","","","","","","","","","","","","0.142","576","","","17h X 2nd Round X Very close CH 2.126 (0.142)","15","",,,,"sem_calculo",,"","d via log OR (Chinn 2000): pressupõe distribuição logística latente; dif_prop exige p0 (proporção no controle) em (0, 1); percentual vira proporção","","","","","","","","2.126","","boca_de_urna","outro_resultado","nao_se_aplica","experimento_natural","outro","candidato_partido","real","nao","maioria_dois_turnos","alto"
"Grillo2024c-E24","Grillo2024c","Grillo2024c","ES1596","DiD","associacao","Voter turnout at closure (end of the day)","mobilizacao","aumentar","Tabela 3, coluna 3 (DiD ponderado com clima, interacao com Very close CH); coeficiente Closure X 2nd Round X Very close CH (efeito diferencial)","nao","Very close CH (efeito diferencial vs. demais departamentos)","dif_prop","","","","","","","","","","","","","","","","","0.411","576","","","Closure X 2nd Round X Very close CH 1.144 (0.411)","15","",,,,"sem_calculo",,"","d via log OR (Chinn 2000): pressupõe distribuição logística latente; dif_prop exige p0 (proporção no controle) em (0, 1); percentual vira proporção","","","","","","","","1.144","","boca_de_urna","outro_resultado","nao_se_aplica","experimento_natural","outro","candidato_partido","real","nao","maioria_dois_turnos","alto"
"Grillo2024c-E25","Grillo2024c","Grillo2024c","ES1596","DiD","ATT","Voter turnout at 17:00","mobilizacao","aumentar","Tabela 3, coluna 4 (DiD ponderado com clima, interacao com Close CH); coeficiente 17h X 2nd Round","nao","Demais departamentos (referencia, nao Close CH)","dif_prop","","","","","","","","","","","","","","","","","0.000","576","","","17h X 2nd Round ... -3.863∗∗∗ ... (0.000)","15","",,,,"sem_calculo",,"","d via log OR (Chinn 2000): pressupõe distribuição logística latente; dif_prop exige p0 (proporção no controle) em (0, 1); percentual vira proporção","","","","","","","","-3.863","","boca_de_urna","outro_resultado","nao_se_aplica","experimento_natural","outro","candidato_partido","real","nao","maioria_dois_turnos","alto"
"Grillo2024c-E26","Grillo2024c","Grillo2024c","ES1596","DiD","ATT","Voter turnout at closure (end of the day)","mobilizacao","aumentar","Tabela 3, coluna 4 (DiD ponderado com clima, interacao com Close CH); coeficiente Closure X 2nd Round","nao","Demais departamentos (referencia, nao Close CH)","dif_prop","","","","","","","","","","","","","","","","","0.000","576","","","Closure X 2nd Round ... -3.750∗∗∗ ... (0.000)","15","",,,,"sem_calculo",,"","d via log OR (Chinn 2000): pressupõe distribuição logística latente; dif_prop exige p0 (proporção no controle) em (0, 1); percentual vira proporção","","","","","","","","-3.750","","boca_de_urna","outro_resultado","nao_se_aplica","experimento_natural","outro","candidato_partido","real","nao","maioria_dois_turnos","alto"
"Grillo2024c-E27","Grillo2024c","Grillo2024c","ES1596","DiD","associacao","Voter turnout at 17:00","mobilizacao","aumentar","Tabela 3, coluna 4 (DiD ponderado com clima, interacao com Close CH); coeficiente 17h X 2nd Round X Close CH (efeito diferencial)","nao","Close CH (efeito diferencial vs. demais departamentos)","dif_prop","","","","","","","","","","","","","","","","","0.188","576","","","17h X 2nd Round X Close CH 1.439 (0.188)","15","",,,,"sem_calculo",,"","d via log OR (Chinn 2000): pressupõe distribuição logística latente; dif_prop exige p0 (proporção no controle) em (0, 1); percentual vira proporção","","","","","","","","1.439","","boca_de_urna","outro_resultado","nao_se_aplica","experimento_natural","outro","candidato_partido","real","nao","maioria_dois_turnos","alto"
"Grillo2024c-E28","Grillo2024c","Grillo2024c","ES1596","DiD","associacao","Voter turnout at closure (end of the day)","mobilizacao","aumentar","Tabela 3, coluna 4 (DiD ponderado com clima, interacao com Close CH); coeficiente Closure X 2nd Round X Close CH (efeito diferencial)","nao","Close CH (efeito diferencial vs. demais departamentos)","dif_prop","","","","","","","","","","","","","","","","","0.139","576","","","Closure X 2nd Round X Close CH 1.659 (0.139)","15","",,,,"sem_calculo",,"","d via log OR (Chinn 2000): pressupõe distribuição logística latente; dif_prop exige p0 (proporção no controle) em (0, 1); percentual vira proporção","","","","","","","","1.659","","boca_de_urna","outro_resultado","nao_se_aplica","experimento_natural","outro","candidato_partido","real","nao","maioria_dois_turnos","alto"
"Grillo2024c-E29","Grillo2024c","Grillo2024c","ES1596","DiD","ATT","Voter turnout at 17:00","mobilizacao","aumentar","Tabela 4, coluna 1 (DiD ponderado com clima, interacao com Macron first); coeficiente 17h X 2nd Round","nao","Demais departamentos (referencia, nao Macron first)","dif_prop","","","","","","","","","","","","","","","","","0.000","576","","","17h X 2nd Round -3.629∗∗∗ ... (0.000)","16","",,,,"sem_calculo",,"","d via log OR (Chinn 2000): pressupõe distribuição logística latente; dif_prop exige p0 (proporção no controle) em (0, 1); percentual vira proporção","","","","","","","","-3.629","","boca_de_urna","outro_resultado","nao_se_aplica","experimento_natural","outro","candidato_partido","real","nao","maioria_dois_turnos","alto"
"Grillo2024c-E30","Grillo2024c","Grillo2024c","ES1596","DiD","ATT","Voter turnout at closure (end of the day)","mobilizacao","aumentar","Tabela 4, coluna 1 (DiD ponderado com clima, interacao com Macron first); coeficiente Closure X 2nd Round","nao","Demais departamentos (referencia, nao Macron first)","dif_prop","","","","","","","","","","","","","","","","","0.000","576","","","Closure X 2nd Round -3.189∗∗∗ ... (0.000)","16","",,,,"sem_calculo",,"","d via log OR (Chinn 2000): pressupõe distribuição logística latente; dif_prop exige p0 (proporção no controle) em (0, 1); percentual vira proporção","","","","","","","","-3.189","","boca_de_urna","outro_resultado","nao_se_aplica","experimento_natural","outro","candidato_partido","real","nao","maioria_dois_turnos","alto"
"Grillo2024c-E31","Grillo2024c","Grillo2024c","ES1596","DiD","associacao","Voter turnout at 17:00","mobilizacao","aumentar","Tabela 4, coluna 1 (DiD ponderado com clima, interacao com Macron first); coeficiente 17h X 2nd Round X Macron first (efeito diferencial)","nao","Macron first (efeito diferencial vs. demais departamentos)","dif_prop","","","","","","","","","","","","","","","","","0.599","576","","","17h X 2nd Round X Macron ﬁrst -0.371 (0.599)","16","",,,,"sem_calculo",,"","d via log OR (Chinn 2000): pressupõe distribuição logística latente; dif_prop exige p0 (proporção no controle) em (0, 1); percentual vira proporção","","","","","","","","-0.371","","boca_de_urna","outro_resultado","nao_se_aplica","experimento_natural","outro","candidato_partido","real","nao","maioria_dois_turnos","alto"
"Grillo2024c-E32","Grillo2024c","Grillo2024c","ES1596","DiD","associacao","Voter turnout at closure (end of the day)","mobilizacao","aumentar","Tabela 4, coluna 1 (DiD ponderado com clima, interacao com Macron first); coeficiente Closure X 2nd Round X Macron first (efeito diferencial)","nao","Macron first (efeito diferencial vs. demais departamentos)","dif_prop","","","","","","","","","","","","","","","","","0.099","576","","","Closure X 2nd Round X Macron ﬁrst -1.134∗ (0.099)","16","",,,,"sem_calculo",,"","d via log OR (Chinn 2000): pressupõe distribuição logística latente; dif_prop exige p0 (proporção no controle) em (0, 1); percentual vira proporção","","","","","","","","-1.134","","boca_de_urna","outro_resultado","nao_se_aplica","experimento_natural","outro","candidato_partido","real","nao","maioria_dois_turnos","alto"
"Grillo2024c-E33","Grillo2024c","Grillo2024c","ES1596","DiD","ATT","Voter turnout at 17:00","mobilizacao","aumentar","Tabela 4, coluna 2 (DiD ponderado com clima, interacao com Le Pen first); coeficiente 17h X 2nd Round","nao","Demais departamentos (referencia, nao Le Pen first)","dif_prop","","","","","","","","","","","","","","","","","0.000","576","","","17h X 2nd Round ... -3.793∗∗∗ ... (0.000)","16","",,,,"sem_calculo",,"","d via log OR (Chinn 2000): pressupõe distribuição logística latente; dif_prop exige p0 (proporção no controle) em (0, 1); percentual vira proporção","","","","","","","","-3.793","","boca_de_urna","outro_resultado","nao_se_aplica","experimento_natural","outro","candidato_partido","real","nao","maioria_dois_turnos","alto"
"Grillo2024c-E34","Grillo2024c","Grillo2024c","ES1596","DiD","ATT","Voter turnout at closure (end of the day)","mobilizacao","aumentar","Tabela 4, coluna 2 (DiD ponderado com clima, interacao com Le Pen first); coeficiente Closure X 2nd Round","nao","Demais departamentos (referencia, nao Le Pen first)","dif_prop","","","","","","","","","","","","","","","","","0.000","576","","","Closure X 2nd Round ... -4.112∗∗∗ ... (0.000)","16","",,,,"sem_calculo",,"","d via log OR (Chinn 2000): pressupõe distribuição logística latente; dif_prop exige p0 (proporção no controle) em (0, 1); percentual vira proporção","","","","","","","","-4.112","","boca_de_urna","outro_resultado","nao_se_aplica","experimento_natural","outro","candidato_partido","real","nao","maioria_dois_turnos","alto"
"Grillo2024c-E35","Grillo2024c","Grillo2024c","ES1596","DiD","associacao","Voter turnout at 17:00","mobilizacao","aumentar","Tabela 4, coluna 2 (DiD ponderado com clima, interacao com Le Pen first); coeficiente 17h X 2nd Round X Le Pen first (efeito diferencial)","nao","Le Pen first (efeito diferencial vs. demais departamentos)","dif_prop","","","","","","","","","","","","","","","","","0.967","576","","","17h X 2nd Round X Le Pen ﬁrst -0.0303 (0.967)","16","",,,,"sem_calculo",,"","d via log OR (Chinn 2000): pressupõe distribuição logística latente; dif_prop exige p0 (proporção no controle) em (0, 1); percentual vira proporção","","","","","","","","-0.0303","","boca_de_urna","outro_resultado","nao_se_aplica","experimento_natural","outro","candidato_partido","real","nao","maioria_dois_turnos","alto"
"Grillo2024c-E36","Grillo2024c","Grillo2024c","ES1596","DiD","associacao","Voter turnout at closure (end of the day)","mobilizacao","aumentar","Tabela 4, coluna 2 (DiD ponderado com clima, interacao com Le Pen first); coeficiente Closure X 2nd Round X Le Pen first (efeito diferencial)","nao","Le Pen first (efeito diferencial vs. demais departamentos)","dif_prop","","","","","","","","","","","","","","","","","0.254","576","","","Closure X 2nd Round X Le Pen ﬁrst 0.849 (0.254)","16","",,,,"sem_calculo",,"","d via log OR (Chinn 2000): pressupõe distribuição logística latente; dif_prop exige p0 (proporção no controle) em (0, 1); percentual vira proporção","","","","","","","","0.849","","boca_de_urna","outro_resultado","nao_se_aplica","experimento_natural","outro","candidato_partido","real","nao","maioria_dois_turnos","alto"
"Grillo2024c-E37","Grillo2024c","Grillo2024c","ES1596","DiD","ATT","Voter turnout at 17:00","mobilizacao","aumentar","Tabela 4, coluna 3 (DiD ponderado com clima, interacao com Left Top 50%); coeficiente 17h X 2nd Round","nao","Demais departamentos (referencia, nao Left Top 50%)","dif_prop","","","","","","","","","","","","","","","","","0.000","576","","","17h X 2nd Round ... -3.048∗∗∗ ... (0.000)","16","",,,,"sem_calculo",,"","d via log OR (Chinn 2000): pressupõe distribuição logística latente; dif_prop exige p0 (proporção no controle) em (0, 1); percentual vira proporção","","","","","","","","-3.048","","boca_de_urna","outro_resultado","nao_se_aplica","experimento_natural","outro","candidato_partido","real","nao","maioria_dois_turnos","alto"
"Grillo2024c-E38","Grillo2024c","Grillo2024c","ES1596","DiD","ATT","Voter turnout at closure (end of the day)","mobilizacao","aumentar","Tabela 4, coluna 3 (DiD ponderado com clima, interacao com Left Top 50%); coeficiente Closure X 2nd Round","nao","Demais departamentos (referencia, nao Left Top 50%)","dif_prop","","","","","","","","","","","","","","","","","0.000","576","","","Closure X 2nd Round ... -3.161∗∗∗ ... (0.000)","16","",,,,"sem_calculo",,"","d via log OR (Chinn 2000): pressupõe distribuição logística latente; dif_prop exige p0 (proporção no controle) em (0, 1); percentual vira proporção","","","","","","","","-3.161","","boca_de_urna","outro_resultado","nao_se_aplica","experimento_natural","outro","candidato_partido","real","nao","maioria_dois_turnos","alto"
"Grillo2024c-E39","Grillo2024c","Grillo2024c","ES1596","DiD","associacao","Voter turnout at 17:00","mobilizacao","aumentar","Tabela 4, coluna 3 (DiD ponderado com clima, interacao com Left Top 50%); coeficiente 17h X 2nd Round X Left Top 50% (efeito diferencial)","nao","Left Top 50% (efeito diferencial vs. demais departamentos)","dif_prop","","","","","","","","","","","","","","","","","0.113","576","","","17h X 2nd Round X Left Top 50% -1.121 (0.113)","16","",,,,"sem_calculo",,"","d via log OR (Chinn 2000): pressupõe distribuição logística latente; dif_prop exige p0 (proporção no controle) em (0, 1); percentual vira proporção","","","","","","","","-1.121","","boca_de_urna","outro_resultado","nao_se_aplica","experimento_natural","outro","candidato_partido","real","nao","maioria_dois_turnos","alto"
"Grillo2024c-E40","Grillo2024c","Grillo2024c","ES1596","DiD","associacao","Voter turnout at closure (end of the day)","mobilizacao","aumentar","Tabela 4, coluna 3 (DiD ponderado com clima, interacao com Left Top 50%); coeficiente Closure X 2nd Round X Left Top 50% (efeito diferencial)","nao","Left Top 50% (efeito diferencial vs. demais departamentos)","dif_prop","","","","","","","","","","","","","","","","","0.293","576","","","Closure X 2nd Round X Left Top 50% -0.702 (0.293)","16","",,,,"sem_calculo",,"","d via log OR (Chinn 2000): pressupõe distribuição logística latente; dif_prop exige p0 (proporção no controle) em (0, 1); percentual vira proporção","","","","","","","","-0.702","","boca_de_urna","outro_resultado","nao_se_aplica","experimento_natural","outro","candidato_partido","real","nao","maioria_dois_turnos","alto"
"Grillo2024c-E41","Grillo2024c","Grillo2024c","ES1596","DiD","ATT","Voter turnout at 17:00","mobilizacao","aumentar","Tabela 4, coluna 4 (DiD ponderado com clima, interacao com Fillon Top 50%); coeficiente 17h X 2nd Round","nao","Demais departamentos (referencia, nao Fillon Top 50%)","dif_prop","","","","","","","","","","","","","","","","","0.000","576","","","17h X 2nd Round ... -4.082∗∗∗ ... (0.000)","16","",,,,"sem_calculo",,"","d via log OR (Chinn 2000): pressupõe distribuição logística latente; dif_prop exige p0 (proporção no controle) em (0, 1); percentual vira proporção","","","","","","","","-4.082","","boca_de_urna","outro_resultado","nao_se_aplica","experimento_natural","outro","candidato_partido","real","nao","maioria_dois_turnos","alto"
"Grillo2024c-E42","Grillo2024c","Grillo2024c","ES1596","DiD","ATT","Voter turnout at closure (end of the day)","mobilizacao","aumentar","Tabela 4, coluna 4 (DiD ponderado com clima, interacao com Fillon Top 50%); coeficiente Closure X 2nd Round","nao","Demais departamentos (referencia, nao Fillon Top 50%)","dif_prop","","","","","","","","","","","","","","","","","0.000","576","","","Closure X 2nd Round ... -3.949∗∗∗ ... (0.000)","16","",,,,"sem_calculo",,"","d via log OR (Chinn 2000): pressupõe distribuição logística latente; dif_prop exige p0 (proporção no controle) em (0, 1); percentual vira proporção","","","","","","","","-3.949","","boca_de_urna","outro_resultado","nao_se_aplica","experimento_natural","outro","candidato_partido","real","nao","maioria_dois_turnos","alto"
"Grillo2024c-E43","Grillo2024c","Grillo2024c","ES1596","DiD","associacao","Voter turnout at 17:00","mobilizacao","aumentar","Tabela 4, coluna 4 (DiD ponderado com clima, interacao com Fillon Top 50%); coeficiente 17h X 2nd Round X Fillon Top 50% (efeito diferencial)","nao","Fillon Top 50% (efeito diferencial vs. demais departamentos)","dif_prop","","","","","","","","","","","","","","","","","0.391","576","","","17h X 2nd Round X Fillon Top 50% 0.616 (0.391)","16","",,,,"sem_calculo",,"","d via log OR (Chinn 2000): pressupõe distribuição logística latente; dif_prop exige p0 (proporção no controle) em (0, 1); percentual vira proporção","","","","","","","","0.616","","boca_de_urna","outro_resultado","nao_se_aplica","experimento_natural","outro","candidato_partido","real","nao","maioria_dois_turnos","alto"
"Grillo2024c-E44","Grillo2024c","Grillo2024c","ES1596","DiD","associacao","Voter turnout at closure (end of the day)","mobilizacao","aumentar","Tabela 4, coluna 4 (DiD ponderado com clima, interacao com Fillon Top 50%); coeficiente Closure X 2nd Round X Fillon Top 50% (efeito diferencial)","nao","Fillon Top 50% (efeito diferencial vs. demais departamentos)","dif_prop","","","","","","","","","","","","","","","","","0.591","576","","","Closure X 2nd Round X Fillon Top 50% 0.366 (0.591)","16","",,,,"sem_calculo",,"","d via log OR (Chinn 2000): pressupõe distribuição logística latente; dif_prop exige p0 (proporção no controle) em (0, 1); percentual vira proporção","","","","","","","","0.366","","boca_de_urna","outro_resultado","nao_se_aplica","experimento_natural","outro","candidato_partido","real","nao","maioria_dois_turnos","alto"
"Grillo2024c-E45","Grillo2024c","Grillo2024c","ES1596","DiD","ATT","Voter turnout at 17:00","mobilizacao","aumentar","Tabela 6, coluna 2 (apendice online; DiD ponderado com clima, interacao com Never rained); coeficiente 17h X 2nd Round","nao","Departamentos onde choveu em algum dos turnos (referencia, nao Never rained)","dif_prop","","","","","","","","","","","","","","","","","0.000","576","","","17h X 2nd Round ... -3.908∗∗∗ ... (0.000)","18","",,,,"sem_calculo",,"","d via log OR (Chinn 2000): pressupõe distribuição logística latente; dif_prop exige p0 (proporção no controle) em (0, 1); percentual vira proporção","","","","","","","","-3.908","","boca_de_urna","outro_resultado","nao_se_aplica","experimento_natural","outro","candidato_partido","real","nao","maioria_dois_turnos","alto"
"Grillo2024c-E46","Grillo2024c","Grillo2024c","ES1596","DiD","ATT","Voter turnout at closure (end of the day)","mobilizacao","aumentar","Tabela 6, coluna 2 (apendice online; DiD ponderado com clima, interacao com Never rained); coeficiente Closure X 2nd Round","nao","Departamentos onde choveu em algum dos turnos (referencia, nao Never rained)","dif_prop","","","","","","","","","","","","","","","","","0.000","576","","","Closure X 2nd Round ... -3.547∗∗∗ ... (0.000)","18","",,,,"sem_calculo",,"","d via log OR (Chinn 2000): pressupõe distribuição logística latente; dif_prop exige p0 (proporção no controle) em (0, 1); percentual vira proporção","","","","","","","","-3.547","","boca_de_urna","outro_resultado","nao_se_aplica","experimento_natural","outro","candidato_partido","real","nao","maioria_dois_turnos","alto"
"Grillo2024c-E47","Grillo2024c","Grillo2024c","ES1596","DiD","associacao","Voter turnout at 17:00","mobilizacao","aumentar","Tabela 6, coluna 2 (apendice online; DiD ponderado com clima, interacao com Never rained); coeficiente 17h X 2nd Round X Never rained (efeito diferencial)","nao","Never rained (efeito diferencial vs. departamentos onde choveu)","dif_prop","","","","","","","","","","","","","","","","","0.534","576","","","17h X 2nd Round X Never rained -0.459 (0.534)","18","",,,,"sem_calculo",,"","d via log OR (Chinn 2000): pressupõe distribuição logística latente; dif_prop exige p0 (proporção no controle) em (0, 1); percentual vira proporção","","","","","","","","-0.459","","boca_de_urna","outro_resultado","nao_se_aplica","experimento_natural","outro","candidato_partido","real","nao","maioria_dois_turnos","alto"
"Grillo2024c-E48","Grillo2024c","Grillo2024c","ES1596","DiD","associacao","Voter turnout at closure (end of the day)","mobilizacao","aumentar","Tabela 6, coluna 2 (apendice online; DiD ponderado com clima, interacao com Never rained); coeficiente Closure X 2nd Round X Never rained (efeito diferencial)","nao","Never rained (efeito diferencial vs. departamentos onde choveu)","dif_prop","","","","","","","","","","","","","","","","","0.546","576","","","Closure X 2nd Round X Never rained -0.430 (0.546)","18","",,,,"sem_calculo",,"","d via log OR (Chinn 2000): pressupõe distribuição logística latente; dif_prop exige p0 (proporção no controle) em (0, 1); percentual vira proporção","","","","","","","","-0.430","","boca_de_urna","outro_resultado","nao_se_aplica","experimento_natural","outro","candidato_partido","real","nao","maioria_dois_turnos","alto"
"Groer2010a-E01","Groer2010a","Groer2010a","ES1589","RCT por cluster (experimento de laboratorio, entre sujeitos)","ATE","aggregate turnout rate (taxa de comparecimento por eleitorado)","mobilizacao","aumentar","ER1, teste de Wilcoxon-Mann-Whitney no nivel do eleitorado, comparacao IF-UF (eleitorados so de flutuantes; Figura 2)","sim","","mann_whitney","0.40","","6","0.31","","6","","","","","","","","","","","<0.05","12","12","0.05","at the 5% significance level for the IF-UF comparison ... The increase in turnout is approximately 28% when all voters float ... the 31% (37%) observed ... the observed 40% and 45%, respectively","16","",,,,"sem_calculo",,"","Mann-Whitney via z (normal), não via t: r = z/√N, depois r → d com p1 = n1/N; exige z (coluna t) ou p","","","","","","0.31","0.40","","","pesquisa_pre_eleitoral","sem_pesquisa","nao_se_aplica","lab_preferencias_induzidas","999","simulada_abstrata","induzido","nao","regra_do_experimento","algumas_preocupacoes"
"Groer2010a-E02","Groer2010a","Groer2010a","ES1589","RCT por cluster (experimento de laboratorio, entre sujeitos)","ATE","aggregate turnout rate (taxa de comparecimento por eleitorado)","mobilizacao","aumentar","ER1, teste de Wilcoxon-Mann-Whitney no nivel do eleitorado, comparacao IM-UM (eleitorados mistos; Figura 2)","sim","","mann_whitney","0.45","","6","0.37","","6","","","","","","","","","","","<0.10","12","12","0.05","and at the 10% level for IM-UM ... 22% when there are allied voters ... the 31% (37%) observed ... the observed 40% and 45%, respectively","16","",,,,"sem_calculo",,"","Mann-Whitney via z (normal), não via t: r = z/√N, depois r → d com p1 = n1/N; exige z (coluna t) ou p","","","","","","0.37","0.45","","","pesquisa_pre_eleitoral","sem_pesquisa","nao_se_aplica","lab_preferencias_induzidas","999","simulada_abstrata","induzido","nao","regra_do_experimento","algumas_preocupacoes"
"Groer2010a-E03","Groer2010a","Groer2010a","ES1589","RCT por cluster (experimento de laboratorio, entre sujeitos)","ATE","turnout rates for floating voters","mobilizacao","aumentar","ER4, teste de Wilcoxon-Mann-Whitney no nivel do eleitorado, comparacao IM-UM entre eleitores flutuantes (Figura 4)","nao","eleitores flutuantes (eleitorados mistos)","mann_whitney","0.40","","6","0.30","","6","","","","","","","","","","","<0.05","12","12","0.05","rejects it between floating voters in favor of higher rates in IM than UM at the 5% level ... turnout is around 40% for allied voters ... as well as for informed floating voters ... at a lower rate of approximately 30%","21","",,,,"sem_calculo",,"","Mann-Whitney via z (normal), não via t: r = z/√N, depois r → d com p1 = n1/N; exige z (coluna t) ou p","","","","","","0.30","0.40","","","pesquisa_pre_eleitoral","sem_pesquisa","nao_se_aplica","lab_preferencias_induzidas","999","simulada_abstrata","induzido","nao","regra_do_experimento","algumas_preocupacoes"
"Groer2010a-E04","Groer2010a","Groer2010a","ES1589","RCT por cluster (experimento de laboratorio, entre sujeitos)","ATE","turnout rates for allied voters","mobilizacao","aumentar","ER4, teste de Wilcoxon-Mann-Whitney no nivel do eleitorado, comparacao IM-UM entre eleitores aliados (Figura 4)","nao","eleitores aliados (eleitorados mistos)","mann_whitney","0.40","","6","0.40","","6","","","","","","","","","","","","12","12","0.05","A Wilcoxon-Mann-Whitney test cannot reject the null hypothesis of no difference in ... turnout rates between allied voters in the IM-UM comparison ... turnout is around 40% for allied voters (independent of polls)","21","",,,,"sem_calculo",,"","Mann-Whitney via z (normal), não via t: r = z/√N, depois r → d com p1 = n1/N; exige z (coluna t) ou p","","","","","","0.40","0.40","","","pesquisa_pre_eleitoral","sem_pesquisa","nao_se_aplica","lab_preferencias_induzidas","999","simulada_abstrata","induzido","nao","regra_do_experimento","algumas_preocupacoes"
"Kaplan2019a-E01","Kaplan2019a","Kaplan2019a","ES1622","antes-depois intrassujeito (nao randomizado quanto ao contraste; survey com prognóstico, sem braço sem prognóstico)","associacao","intenção de ir votar no candidato preferido, antes × depois de ver o prognóstico (mudança líquida na proporção que votaria, derivada das trocas 'yes to no' e 'no to yes'; percentual global de troca de 14,5% relatado pelo autor)","mobilizacao","aumentar","Seção 5 Results (p. 24-25 impressas; folhas 25-26 do PDF), texto e gráfico: amostra inteira (N = 186), quatro braços somados; mudança líquida pré-pós derivada: 163 votariam antes; 21 trocas sim→não (13% de 163; os 33/19/24/24% do gráfico da folha 26 fecham com 21, não com o 'n = 27' impresso, que é o total de trocas, 14,5% de 186) e 6 trocas não→sim (26% de 23; 'n = 6' na folha 26); p1 = 148/186; EP de McNemar pareado; o artigo não traz tabela, modelo numerado nem teste do pré-pós","sim","","dif_prop","","","186","","","","","","","","","","","","","","","186","","","For those that decided against voting for their preferred candidate initially (n = 23), 26% changed their decision to vote after being exposed to an election forecast. For those that decided to vote for their preferred candidate initially (n = 163), 13% opted not to vote for them after being exposed to an election forecast.","25","",-0.328467856970155,0.0085027388001569,0.092210296605948,"dif_prop_lpm",1,"mantido","d via log OR (Chinn 2000): pressupõe distribuição logística latente; Var(ln OR) pelo EP do efeito em pp (método delta, p0 fixo)","","","","","","0.8763","0.7957","-8.06","2.73","agregador_projecao","sem_pesquisa","nao_se_aplica","survey_experiment","outro","candidato_partido","hipotetico","nao","regra_do_experimento","critico"
"Kaplan2019a-E02","Kaplan2019a","Kaplan2019a","ES1622","antes-depois intrassujeito no subgrupo que inicialmente votaria (nao randomizado quanto ao contraste; survey com prognóstico, sem braço sem prognóstico)","associacao","opted not to vote for their preferred candidate after being exposed to an election forecast (troca “yes to no”)","mobilizacao","reduzir","Seção 5 Results (p. 24 impressa; folha 25 do PDF), texto: taxa de troca entre quem havia decidido votar antes do prognóstico","nao","quem inicialmente decidiu votar no candidato preferido (n = 163)","dif_prop","","","163","","","","","","","","","","","","","","","163","","","For those that decided to vote for their preferred candidate initially (n = 163), 13% opted not to vote for them after being exposed to an election forecast.","25","",,,,"sem_calculo",,"","d via log OR (Chinn 2000): pressupõe distribuição logística latente; dif_prop exige p0 (proporção no controle) em (0, 1); percentual vira proporção","","","","","","","0.13","","","agregador_projecao","sem_pesquisa","nao_se_aplica","survey_experiment","outro","candidato_partido","hipotetico","nao","regra_do_experimento","critico"
"Kaplan2019a-E03","Kaplan2019a","Kaplan2019a","ES1622","antes-depois intrassujeito no subgrupo que inicialmente não votaria (nao randomizado quanto ao contraste; survey com prognóstico, sem braço sem prognóstico)","associacao","changed their decision to vote after being exposed to an election forecast (troca “no to yes”)","mobilizacao","aumentar","Seção 5 Results (p. 24 impressa; folha 25 do PDF), texto: taxa de troca entre quem havia decidido não votar antes do prognóstico","nao","quem inicialmente decidiu não votar no candidato preferido (n = 23)","dif_prop","","","23","","","","","","","","","","","","","","","23","","","For those that decided against voting for their preferred candidate initially (n = 23), 26% changed their decision to vote after being exposed to an election forecast.","25","",,,,"sem_calculo",,"","d via log OR (Chinn 2000): pressupõe distribuição logística latente; dif_prop exige p0 (proporção no controle) em (0, 1); percentual vira proporção","","","","","","","0.26","","","agregador_projecao","sem_pesquisa","nao_se_aplica","survey_experiment","outro","candidato_partido","hipotetico","nao","regra_do_experimento","critico"
"Kaplan2019a-E04","Kaplan2019a","Kaplan2019a","ES1622","transversal (comparação observacional entre subgrupos dentro do experimento)","associacao","switched their turnout decision","mobilizacao","aumentar","Seção 6 Discussion (p. 29 impressa; folha 30 do PDF), texto: taxa de troca por ter votado nas eleições de meio de mandato de 2018; teste qui-quadrado (χ² = 4.874) do par E04/E05","nao","votou nas eleições de meio de mandato de 2018","dif_prop","","","","","","","","","","","","","","","","","0.0273","","","","Subjects that voted in the 2018 midterm elections switched their turnout decision only 10.3% of the time","30","",,,,"sem_calculo",,"","d via log OR (Chinn 2000): pressupõe distribuição logística latente; dif_prop exige p0 (proporção no controle) em (0, 1); percentual vira proporção","","","","","","","0.103","","","agregador_projecao","sem_pesquisa","nao_se_aplica","survey_experiment","outro","candidato_partido","hipotetico","nao","regra_do_experimento","critico"
"Kaplan2019a-E05","Kaplan2019a","Kaplan2019a","ES1622","transversal (comparação observacional entre subgrupos dentro do experimento)","associacao","switched their turnout decision","mobilizacao","aumentar","Seção 6 Discussion (p. 29 impressa; folha 30 do PDF), texto: taxa de troca por NÃO ter votado nas eleições de meio de mandato de 2018; teste qui-quadrado (χ² = 4.874) do par E04/E05","nao","não votou nas eleições de meio de mandato de 2018","dif_prop","","","","","","","","","","","","","","","","","0.0273","","","","while subjects that did not vote in the 2018 midterm elections switched their turnout decision 25.9% of the time","30","",,,,"sem_calculo",,"","d via log OR (Chinn 2000): pressupõe distribuição logística latente; dif_prop exige p0 (proporção no controle) em (0, 1); percentual vira proporção","","","","","","","0.259","","","agregador_projecao","sem_pesquisa","nao_se_aplica","survey_experiment","outro","candidato_partido","hipotetico","nao","regra_do_experimento","critico"
"Klor2017a-E01","Klor2017a","Klor2017a","ES1563","RCT (experimento de laboratório; sorteio individual da preferência e do eleitorado a cada rodada)","ATE","decisão de votar na segunda fase (Vote_Inf): coeficiente de Majority (pertencer ao time maior)","apoio_ao_lider","aumentar","Tabela 2, coluna (1), distribuição 3 vs. 4 (probit de efeitos aleatórios)","sim","eleitorado dividido 3 vs. 4","beta_sd","","","","","","","","","","0.305","0.108","","","","","","","854","","","Distribution of Preferences 3 vs. 4 2 vs. 5 1 vs. 6 ... Majority 0.305*** (0.108) 0.175 (0.184) -0.339 (0.332) ... Observations 854 378 203","46","",,,,"sem_calculo",,"","beta_sd exige sdy > 0 (DP de Y no grupo de controle)","","","","","","","","","","pesquisa_pre_eleitoral","mesmo_candidato_atras","lider","lab_preferencias_induzidas","outro","simulada_abstrata","induzido","sim","regra_do_experimento","algumas_preocupacoes"
"Klor2017a-E02","Klor2017a","Klor2017a","ES1563","RCT (experimento de laboratório; sorteio individual da preferência e do eleitorado a cada rodada)","ATE","decisão de votar na segunda fase (Vote_Inf): coeficiente de Majority (pertencer ao time maior)","apoio_ao_lider","aumentar","Tabela 2, coluna (1), distribuição 2 vs. 5 (probit de efeitos aleatórios)","nao","eleitorado dividido 2 vs. 5","beta_sd","","","","","","","","","","0.175","0.184","","","","","","","378","","","Distribution of Preferences 3 vs. 4 2 vs. 5 1 vs. 6 ... Majority 0.305*** (0.108) 0.175 (0.184) -0.339 (0.332) ... Observations 854 378 203","46","",,,,"sem_calculo",,"","beta_sd exige sdy > 0 (DP de Y no grupo de controle)","","","","","","","","","","pesquisa_pre_eleitoral","mesmo_candidato_atras","lider","lab_preferencias_induzidas","outro","simulada_abstrata","induzido","sim","regra_do_experimento","algumas_preocupacoes"
"Klor2017a-E03","Klor2017a","Klor2017a","ES1563","RCT (experimento de laboratório; sorteio individual da preferência e do eleitorado a cada rodada)","ATE","decisão de votar na segunda fase (Vote_Inf): coeficiente de Majority (pertencer ao time maior)","apoio_ao_lider","aumentar","Tabela 2, coluna (1), distribuição 1 vs. 6 (probit de efeitos aleatórios)","nao","eleitorado dividido 1 vs. 6","beta_sd","","","","","","","","","","-0.339","0.332","","","","","","","203","","","Distribution of Preferences 3 vs. 4 2 vs. 5 1 vs. 6 ... Majority 0.305*** (0.108) 0.175 (0.184) -0.339 (0.332) ... Observations 854 378 203","46","",,,,"sem_calculo",,"","beta_sd exige sdy > 0 (DP de Y no grupo de controle)","","","","","","","","","","pesquisa_pre_eleitoral","mesmo_candidato_atras","lider","lab_preferencias_induzidas","outro","simulada_abstrata","induzido","sim","regra_do_experimento","algumas_preocupacoes"
"Klor2017a-E04","Klor2017a","Klor2017a","ES1563","transversal (143 eleições para governador nos EUA; previsão das pesquisas vs. resultado eleitoral)","associacao","diferença na fração de votos entre líder e perseguidor: eleição (DE) vs. previsão das pesquisas (DP)","apoio_ao_lider","aumentar","Tabela 3, coluna (1), eleições para governador nos EUA, 1990-2005","nao","eleições esperadas como próximas (DP < 0.10)","md_sd","0.0645","0.0714","78","0.0491","0.0258","78","","","","","","","","","","","","","","","according to Polls (DP) 0.0491 (0.0258) 0.2663 (0.1147) ... according to Elections (DE) 0.0645 (0.0714) 0.2592 (0.1235) ... Number of Observations 78 65","47","",0.285473045807674,0.0256526809047248,0.160164543219543,"md_sd",0,"mantido","","","","","","","","","","","pesquisa_pre_eleitoral","outro","lider","outro","outro","candidato_partido","real","sim","pluralidade","algumas_preocupacoes"
"Klor2017a-E05","Klor2017a","Klor2017a","ES1563","transversal (143 eleições para governador nos EUA; previsão das pesquisas vs. resultado eleitoral)","associacao","diferença na fração de votos entre líder e perseguidor: eleição (DE) vs. previsão das pesquisas (DP)","apoio_ao_lider","aumentar","Tabela 3, coluna (2), eleições para governador nos EUA, 1990-2005","nao","eleições não esperadas como próximas (DP >= 0.10)","md_sd","0.2592","0.1235","65","0.2663","0.1147","65","","","","","","","","","","","","","","","according to Polls (DP) 0.0491 (0.0258) 0.2663 (0.1147) ... according to Elections (DE) 0.0645 (0.0714) 0.2592 (0.1235) ... Number of Observations 78 65","47","",-0.0592233854972094,0.0304224987685824,0.174420465452258,"md_sd",0,"mantido","","","","","","","","","","","pesquisa_pre_eleitoral","outro","lider","outro","outro","candidato_partido","real","sim","pluralidade","algumas_preocupacoes"
"Klor2017a-E06","Klor2017a","Klor2017a","ES1563","antes-depois intrassujeito (nao randomizado quanto ao contraste; experimento de laboratório, revelação da distribuição)","associacao","taxa média de comparecimento antes e depois da revelação da distribuição de preferências","mobilizacao","aumentar","Figura 1 e teste de sinais bilateral relatado no texto","sim","eleitorado dividido 3 vs. 4","p_n","0.4","","","","","","3.125","","","","","","","","","","<0.001","84","","","the average turnout rate before the provision of information is slightly below 25 percent, the average turnout rate for a distribution of teams of sizes three and four is 40 percent ... z = 3:125; p < 0:001;","14","",,,,"sem_calculo",,"","p ausente ou fora de (0, 1]","","","","","","","","","","pesquisa_pre_eleitoral","sem_pesquisa","nao_se_aplica","lab_preferencias_induzidas","outro","simulada_abstrata","induzido","sim","regra_do_experimento","moderado"
"Klor2017a-E07","Klor2017a","Klor2017a","ES1563","antes-depois intrassujeito (nao randomizado quanto ao contraste; experimento de laboratório, revelação da distribuição)","associacao","taxa média de comparecimento antes e depois da revelação da distribuição de preferências","mobilizacao","aumentar","Teste de sinais bilateral relatado no texto","nao","eleitorado dividido 5 vs. 2","p_n","","","","","","","","","","","","","","","","",">0.8","","","","p > 0:8 when the division of teams is …ve versus two ... all according to a two-sided sign test","15","",,,,"sem_calculo",,"","p ausente ou fora de (0, 1]","","","","","","","","","","pesquisa_pre_eleitoral","sem_pesquisa","nao_se_aplica","lab_preferencias_induzidas","outro","simulada_abstrata","induzido","sim","regra_do_experimento","moderado"
"Klor2017a-E08","Klor2017a","Klor2017a","ES1563","antes-depois intrassujeito (nao randomizado quanto ao contraste; experimento de laboratório, revelação da distribuição)","associacao","taxa média de comparecimento antes e depois da revelação da distribuição de preferências","mobilizacao","aumentar","Teste de sinais bilateral relatado no texto","nao","eleitorado dividido 6 vs. 1","p_n","","","","","","","","","","","","","","","","",">0.65","","","","p > 0:65 when the division is six versus one ... all according to a two-sided sign test","15","",,,,"sem_calculo",,"","p ausente ou fora de (0, 1]","","","","","","","","","","pesquisa_pre_eleitoral","sem_pesquisa","nao_se_aplica","lab_preferencias_induzidas","outro","simulada_abstrata","induzido","sim","regra_do_experimento","moderado"
"Klor2017a-E09","Klor2017a","Klor2017a","ES1563","antes-depois intrassujeito (nao randomizado quanto ao contraste; experimento de laboratório, revelação da distribuição)","associacao","taxa média de comparecimento antes e depois da revelação da distribuição de preferências","mobilizacao","aumentar","Teste de sinais bilateral relatado no texto","nao","eleitorado dividido 7 vs. 0","p_n","","","","","","","","","","","","","","","","",">0.8","","","","p > 0:8 when the division is seven versus zero, all according to a two-sided sign test","15","",,,,"sem_calculo",,"","p ausente ou fora de (0, 1]","","","","","","","","","","pesquisa_pre_eleitoral","sem_pesquisa","nao_se_aplica","lab_preferencias_induzidas","outro","simulada_abstrata","induzido","sim","regra_do_experimento","moderado"
"Lago2015-E01","Lago2015","Lago2015","ES4157","transversal (regressão MQO entre 46 países, EP robustos)","associacao","percentage of wasted votes (votos em partidos sem representação parlamentar, nível nacional, última eleição para a Câmara Baixa; em proporção 0-1)","apoio_ao_lider","reduzir","Tabela 2, Modelo 3 (interativo; MQO, EP robustos): termo de interação ENEP × nº de dias de embargo de pesquisas antes do dia da eleição, com sinal trocado para orientar como exposição a pesquisas (−dias de embargo); coeficiente impresso da interação ENEP*#Days of Poll Embargo = .002 (EP .001); unidade: proporção de votos desperdiçados por dia × unidade de ENEP; controles: ENEP, cláusula legal nacional, % assentos no tier superior, (inverso) idade da democracia","sim","","beta_sd","","","","","","","","","","-0.002","0.001","0.062","","","","","<0.01","46","","","Model 3 ... ENEP*#Days of Poll Embargo ... .002** (.001)","34","",0.031705069124424,0.000251302852046125,0.015852534562212,"beta_sd",0,"invertido","","","","","","","","","","","pesquisa_pre_eleitoral","unidades_nao_expostas","terceiro_inviavel","outro","america_latina + brasil + outro","candidato_partido","real","nao","outro","grave"
"Lago2015-E02","Lago2015","Lago2015","ES4157","transversal (regressão MQO entre 46 países, EP robustos)","associacao","percentage of wasted votes (votos em partidos sem representação parlamentar, nível nacional, última eleição para a Câmara Baixa; em proporção 0-1)","apoio_ao_lider","reduzir","Tabela 2, Modelo 3 (interativo; MQO, EP robustos): efeito principal (termo constitutivo) do nº de dias de embargo, isto é, efeito condicional do embargo com ENEP = 0, com sinal trocado para orientar como exposição a pesquisas (−dias de embargo); coeficiente impresso do embargo = -.008; unidade: proporção de votos desperdiçados por dia de embargo","nao","","beta_sd","","","","","","","","","","0.008","0.002","0.062","","","","","<0.01","46","","","Model 3 ... # Days of Poll Embargo ... -.008** (.002)","34","",-0.126820276497696,0.0010052114081845,0.031705069124424,"beta_sd",0,"invertido","","","","","","","","","","","pesquisa_pre_eleitoral","unidades_nao_expostas","terceiro_inviavel","outro","america_latina + brasil + outro","candidato_partido","real","nao","outro","grave"
"Lago2015-E03","Lago2015","Lago2015","ES4157","transversal (regressão MQO entre 46 países, EP robustos)","associacao","percentage of wasted votes (votos em partidos sem representação parlamentar, nível nacional, última eleição para a Câmara Baixa; em proporção 0-1)","apoio_ao_lider","reduzir","Tabela 2, Modelo 2 (aditivo, sem interação; MQO, EP robustos): coeficiente médio do nº de dias de embargo, com sinal trocado para orientar como exposição a pesquisas (−dias de embargo); coeficiente impresso do embargo = .000 (positivo segundo o texto); unidade: proporção de votos desperdiçados por dia de embargo; controles: ENEP, cláusula legal nacional, % assentos no tier superior, (inverso) idade da democracia","nao","","beta_sd","","","","","","","","","","-0.000","0.002","0.062","","","","","","46","","","Model 2 ... # Days of Poll Embargo ... .000 (.002)","34","",0,0.0010052114081845,0.031705069124424,"beta_sd",0,"invertido","","","","","","","","","","","pesquisa_pre_eleitoral","unidades_nao_expostas","terceiro_inviavel","outro","america_latina + brasil + outro","candidato_partido","real","nao","outro","grave"
"Lammers2022a-E01","Lammers2022a","Lammers2022a","ES1621","RCT (vinheta; atribuicao aleatoria individual a uma de quatro celulas de um desenho fatorial 2x2 entre participantes)","ATE","self-reported likelihood (1-7) of switching voting intentions: switch to the leading candidate (bandwagon effect)","apoio_ao_lider","aumentar","Estudo 2a (EUA, N = 202), Tabela 3 e texto da p. 685 impressa (folha 10 do PDF): ANOVA 2x2 (posicao inicial x fator) e teste t do efeito simples do fator entre os participantes cujo candidato preferido foi mostrado ATRAS na pesquisa (10%); grupo 1 = processamento heuristico, grupo 2 = consideracao moral de igualdade; desfecho = probabilidade declarada de migrar para o candidato lider (efeito bandwagon), diretamente na polaridade de apoio_ao_lider. Sem controles. d de Cohen informado pelos autores com IC95","nao","","d","4.02","1.41","","2.92","1.60","","3.67","99","","0.73","","","","0.33","1.13","","<0.001","202","","","... switch to the leading candidate (show a bandwagon effect) ... heuristic processing (M = 4.02, SD = 1.41) than ... moral considerations for equality (M = 2.92, SD = 1.60), t(99) = 3.67, p < .001, d = .73, 95% CId [0.33, 1.13]","10","",0.727259073842303,0.0413386583510281,0.203319104736933,"d_informado",0,"mantido","d e EP informados pelo estudo","","","","","","","","","","pesquisa_pre_eleitoral","outro","lider","survey_experiment","outro","simulada_abstrata","hipotetico","nao","regra_do_experimento","alto"
"Lammers2022a-E02","Lammers2022a","Lammers2022a","ES1621","RCT (vinheta; atribuicao aleatoria individual a uma de quatro celulas de um desenho fatorial 2x2 entre participantes)","ATE","self-reported likelihood (1-7) of switching voting intentions: switch to the trailing candidate (underdog effect); reorientado como apoio ao lider (polaridade inversa da impressa)","apoio_ao_lider","aumentar","Estudo 2a (EUA, N = 202), Tabela 3 e texto da p. 685 impressa (folha 10 do PDF): teste t do efeito simples do fator entre os participantes cujo candidato preferido foi mostrado A FRENTE na pesquisa (90%); grupo 1 = processamento heuristico, grupo 2 = consideracao moral de igualdade. O desfecho impresso e a probabilidade de migrar para o candidato ATRAS, de polaridade inversa a apoio_ao_lider: os autores imprimem d = .80, IC95 [0.40, 1.21] e t(99) = 4.04 para moral > heuristico nessa migracao, o que equivale, na orientacao apoio ao lider e com o heuristico como grupo 1, a +0.80 e t = +4.04 (menos fuga do lider sob processamento heuristico). m1/m2 deixados vazios para nao contradizer o sinal reorientado; as medias impressas sao heuristico M = 2.36, SD = 1.23 e moral M = 3.57, SD = 1.74","nao","","d","","","","","","","4.04","99","","0.80","","","","0.40","1.21","","<0.001","202","","","... more likely to switch to the trailing candidate (show an underdog effect) if they based their decision on moral considerations for equality ... t(99) = 4.04, p < .001, d = .80, 95% CId [0.40, 1.21]","10","",0.796996245306633,0.0423785839751712,0.205860593546145,"d_informado",0,"mantido","d e EP informados pelo estudo","","","","","","","","","","pesquisa_pre_eleitoral","outro","lider","survey_experiment","outro","simulada_abstrata","hipotetico","nao","regra_do_experimento","alto"
"Lammers2022a-E03","Lammers2022a","Lammers2022a","ES1621","RCT (vinheta; atribuicao aleatoria individual a uma de quatro celulas de um desenho fatorial 2x2 entre participantes)","ATE","self-reported likelihood (1-7) of switching voting intentions: switch to the leading candidate (bandwagon effect)","apoio_ao_lider","aumentar","Estudo 2b (replicacao pre-registrada na UE/Reino Unido, N = 200), Tabela 4 e texto da p. 685 impressa (folha 10 do PDF): ANOVA 2x2 (posicao inicial x fator) e teste t do efeito simples do fator entre os participantes cujo candidato preferido foi mostrado ATRAS na pesquisa (10%); grupo 1 = processamento heuristico, grupo 2 = consideracao moral de igualdade; desfecho = probabilidade declarada de migrar para o candidato lider (efeito bandwagon), diretamente na polaridade de apoio_ao_lider. Sem controles. d de Cohen informado pelos autores com IC95","nao","","d","3.74","1.46","","2.91","1.42","","2.88","98","","0.58","","","","0.17","0.97","","0.005","200","","","... switch to the leading candidate (show a bandwagon effect) ... heuristic processing (M = 3.74, SD = 1.46) than ... moral considerations for equality (M = 2.91, SD = 1.42), t(98) = 2.88, p = .005, d = .58, 95% CId [.17, 0.97]","10","",0.5778002528445,0.0413355069781974,0.20331135476947,"d_informado",0,"mantido","d e EP informados pelo estudo","","","","","","","","","","pesquisa_pre_eleitoral","outro","lider","survey_experiment","outro","simulada_abstrata","hipotetico","nao","regra_do_experimento","alto"
"Lammers2022a-E04","Lammers2022a","Lammers2022a","ES1621","RCT (vinheta; atribuicao aleatoria individual a uma de quatro celulas de um desenho fatorial 2x2 entre participantes)","ATE","self-reported likelihood (1-7) of switching voting intentions: switch to the trailing candidate (underdog effect); reorientado como apoio ao lider (polaridade inversa da impressa)","apoio_ao_lider","aumentar","Estudo 2b (replicacao pre-registrada na UE/Reino Unido, N = 200), Tabela 4 e texto da p. 685 impressa (folha 10 do PDF): teste t do efeito simples do fator entre os participantes cujo candidato preferido foi mostrado A FRENTE na pesquisa (90%); grupo 1 = processamento heuristico, grupo 2 = consideracao moral de igualdade. O desfecho impresso e a probabilidade de migrar para o candidato ATRAS, de polaridade inversa a apoio_ao_lider: os autores imprimem d = .37, IC95 [-0.03, 0.76] e t(98) = 1.83 para moral > heuristico nessa migracao, o que equivale, na orientacao apoio ao lider e com o heuristico como grupo 1, a +0.37 e t = +1.83. m1/m2 deixados vazios para nao contradizer o sinal reorientado; as medias impressas sao heuristico M = 2.40, SD = 1.11 e moral M = 2.83, SD = 1.21","nao","","d","","","","","","","1.83","98","","0.37","","","","-0.03","0.76","","0.071","200","","","... marginally more likely to switch to the trailing candidate (show an underdog effect) if they based their decision on moral considerations for equality ... t(98) = 1.83, p = .071, d = .37, 95% CId [-0.03, 0.76]","10","",0.368596713021492,0.0403085779767078,0.200769962834852,"d_informado",0,"mantido","d e EP informados pelo estudo","","","","","","","","","","pesquisa_pre_eleitoral","outro","lider","survey_experiment","outro","simulada_abstrata","hipotetico","nao","regra_do_experimento","alto"
"Lammers2022a-E05","Lammers2022a","Lammers2022a","ES1621","painel observacional de duas ondas (Estudo 1: eleicoes parlamentares polonesas de 2019; sem exposicao manipulada nem medida a pesquisa)","associacao","share intending to vote / voting for a leading party (Civic Coalition or Law and Justice): intention one month before vs. reported vote after the election","apoio_ao_lider","aumentar","Estudo 1 (N = 1.007 validos), analise descritiva da p. 682 impressa (folha 7 do PDF): proporcao da amostra com intencao de voto num partido lider um mes antes (p0 = 0,641) e com voto declarado num partido lider um ou dois dias depois da eleicao (p1 = 0,628); mudanca liquida = -1,3 p.p. (derivada: 62,8 - 64,1), isto e, fluxo liquido para os partidos atras. Taxas de troca impressas: 14,4% dos que pretendiam votar num lider migraram para um partido atras; 22,1% dos que pretendiam votar num partido atras migraram para um lider (0,641 x 0,144 = 0,092 saem dos lideres; 0,359 x 0,221 = 0,079 entram). Mesma amostra antes e depois (nao sao grupos independentes); sem teste, sem EP, sem medida de exposicao a pesquisas nem grupo nao exposto (os autores admitem, folha 12). Sem controles. Nao entra na agregacao.","nao","","dif_prop","","","","","","","","","","","","","","","","","","1007","","","One month before the elections, 64.1% of participants intended to vote for a leading (Civic Coalition or Law and Justice) and 35.9% for a trailing (all others) party ... In the end, 62.8% voted for a leading and 37.2% for a trailing party.","7","",-0.0308848434656321,0.00519981920554604,0.0721097719143948,"dif_prop_lpm",1,"mantido","d via log OR (Chinn 2000): pressupõe distribuição logística latente; grupos assumidos iguais (n_total/2)","","","","","","0.641","0.628","-1.3","","pesquisa_pre_eleitoral","outro","lider","painel_individual","outro","candidato_partido","real","nao","proporcional","alto"
"Lammers2022a-E06","Lammers2022a","Lammers2022a","ES1621","RCT (vinheta; atribuicao aleatoria individual a uma de quatro celulas de um desenho fatorial 2x2 entre participantes; contraste da posicao mostrada, 90% x 10%, dentro de um nivel do fator)","ATE","self-reported likelihood (1-7) of switching voting intentions, recoded as support for the initially favored candidate (8 - printed mean); same candidate shown leading (90%) vs. trailing (10%)","apoio_ao_lider","aumentar","Estudo 2a (EUA, MTurk, N = 202), Tabela 3 (folha 10 do PDF): ANOVA 2 (posicao inicial: leading x trailing) x 2 (fator: heuristico x moral) declarada pelos autores; contraste derivado da posicao mostrada dentro da coluna Heuristic: grupo 1 = candidato favorecido mostrado a frente (Leading, 90%), grupo 2 = o mesmo candidato mostrado atras (Trailing, 10%). Medias impressas de troca: Leading 2.36 (1.23), Trailing 4.02 (1.41). Sem controles. n por celula nao impresso: n1 = n2 = 50 derivado da atribuicao aleatoria a quatro celulas (N = 202; t(99) dos efeitos simples indica 101 por posicao), arredondado para baixo; aproximado, conferir nos dados do OSF. Desfecho impresso = indice de probabilidade de TROCAR de candidato (1-7); registrado como apoio ao candidato favorecido = 8 - media impressa (DP inalterado), para que positivo = mais apoio quando mostrado a frente (bandwagon). Contraste condicional ao modo de raciocinio induzido pela vinheta; nao ha condicao neutra, e o efeito principal da posicao (media sobre o fator) nao e impresso. Os autores nao testam este contraste: testam a interacao (F(1, 198) = 29.71)) e os efeitos simples do fator.","sim","condicao de vinheta: processamento heuristico (Estudo 2a)","md_sd","5.64","1.23","50","3.98","1.41","50","","","","","","","","","","","","100","","","Trailing 4.02 (1.41) 2.92 (1.60) p < .001, d = .73 Leading 2.36 (1.23) 3.57 (1.74) p < .001, d = .80","10","",1.24503625665025,0.0471391204328467,0.217115454154804,"md_sd",0,"mantido","","","","","","","","","","","pesquisa_pre_eleitoral","mesmo_candidato_atras","lider","survey_experiment","outro","simulada_abstrata","hipotetico","nao","regra_do_experimento","alto"
"Lammers2022a-E07","Lammers2022a","Lammers2022a","ES1621","RCT (vinheta; atribuicao aleatoria individual a uma de quatro celulas de um desenho fatorial 2x2 entre participantes; contraste da posicao mostrada, 90% x 10%, dentro de um nivel do fator)","ATE","self-reported likelihood (1-7) of switching voting intentions, recoded as support for the initially favored candidate (8 - printed mean); same candidate shown leading (90%) vs. trailing (10%)","apoio_ao_lider","aumentar","Estudo 2a (EUA, MTurk, N = 202), Tabela 3 (folha 10 do PDF): ANOVA 2 (posicao inicial: leading x trailing) x 2 (fator: heuristico x moral) declarada pelos autores; contraste derivado da posicao mostrada dentro da coluna Moral: Equality: grupo 1 = candidato favorecido mostrado a frente (Leading, 90%), grupo 2 = o mesmo candidato mostrado atras (Trailing, 10%). Medias impressas de troca: Leading 3.57 (1.74), Trailing 2.92 (1.60). Sem controles. n por celula nao impresso: n1 = n2 = 50 derivado da atribuicao aleatoria a quatro celulas (N = 202; t(99) dos efeitos simples indica 101 por posicao), arredondado para baixo; aproximado, conferir nos dados do OSF. Desfecho impresso = indice de probabilidade de TROCAR de candidato (1-7); registrado como apoio ao candidato favorecido = 8 - media impressa (DP inalterado), para que positivo = mais apoio quando mostrado a frente (bandwagon). Contraste condicional ao modo de raciocinio induzido pela vinheta; nao ha condicao neutra, e o efeito principal da posicao (media sobre o fator) nao e impresso. Os autores nao testam este contraste: testam a interacao (F(1, 198) = 29.71)) e os efeitos simples do fator.","sim","condicao de vinheta: motivo moral de igualdade (Estudo 2a)","md_sd","4.43","1.74","50","5.08","1.60","50","","","","","","","","","","","","100","","","Trailing 4.02 (1.41) 2.92 (1.60) p < .001, d = .73 Leading 2.36 (1.23) 3.57 (1.74) p < .001, d = .80","10","",-0.385896347793447,0.04013312398718,0.200332533521592,"md_sd",0,"mantido","","","","","","","","","","","pesquisa_pre_eleitoral","mesmo_candidato_atras","lider","survey_experiment","outro","simulada_abstrata","hipotetico","nao","regra_do_experimento","alto"
"Lammers2022a-E08","Lammers2022a","Lammers2022a","ES1621","RCT (vinheta; atribuicao aleatoria individual a uma de quatro celulas de um desenho fatorial 2x2 entre participantes; contraste da posicao mostrada, 90% x 10%, dentro de um nivel do fator)","ATE","self-reported likelihood (1-7) of switching voting intentions, recoded as support for the initially favored candidate (8 - printed mean); same candidate shown leading (90%) vs. trailing (10%)","apoio_ao_lider","aumentar","Estudo 2b (UE/Reino Unido, Prolific, N = 200, replicacao), Tabela 4 (folha 10 do PDF): ANOVA 2 (posicao inicial: leading x trailing) x 2 (fator: heuristico x moral) declarada pelos autores; contraste derivado da posicao mostrada dentro da coluna Heuristic: grupo 1 = candidato favorecido mostrado a frente (Leading, 90%), grupo 2 = o mesmo candidato mostrado atras (Trailing, 10%). Medias impressas de troca: Leading 2.40 (1.11), Trailing 3.74 (1.46). Sem controles. n por celula nao impresso: n1 = n2 = 50 derivado da atribuicao aleatoria a quatro celulas (N = 200; t(98) dos efeitos simples indica 100 por posicao), arredondado para baixo; aproximado, conferir nos dados do OSF. Desfecho impresso = indice de probabilidade de TROCAR de candidato (1-7); registrado como apoio ao candidato favorecido = 8 - media impressa (DP inalterado), para que positivo = mais apoio quando mostrado a frente (bandwagon). Contraste condicional ao modo de raciocinio induzido pela vinheta; nao ha condicao neutra, e o efeito principal da posicao (media sobre o fator) nao e impresso. Os autores nao testam este contraste: testam a interacao (F(1, 196) = 11.46)) e os efeitos simples do fator.","sim","condicao de vinheta: processamento heuristico (Estudo 2b)","md_sd","5.60","1.11","50","4.26","1.46","50","","","","","","","","","","","","100","","","Trailing 3.74 (1.46) 2.91 (1.42) p = .005, d = .58 Leading 2.40 (1.11) 2.83 (1.21) p = .071, d = .37","10","",1.02533583680308,0.0446451119221417,0.211293899396413,"md_sd",0,"mantido","","","","","","","","","","","pesquisa_pre_eleitoral","mesmo_candidato_atras","lider","survey_experiment","outro","simulada_abstrata","hipotetico","nao","regra_do_experimento","alto"
"Lammers2022a-E09","Lammers2022a","Lammers2022a","ES1621","RCT (vinheta; atribuicao aleatoria individual a uma de quatro celulas de um desenho fatorial 2x2 entre participantes; contraste da posicao mostrada, 90% x 10%, dentro de um nivel do fator)","ATE","self-reported likelihood (1-7) of switching voting intentions, recoded as support for the initially favored candidate (8 - printed mean); same candidate shown leading (90%) vs. trailing (10%)","apoio_ao_lider","aumentar","Estudo 2b (UE/Reino Unido, Prolific, N = 200, replicacao), Tabela 4 (folha 10 do PDF): ANOVA 2 (posicao inicial: leading x trailing) x 2 (fator: heuristico x moral) declarada pelos autores; contraste derivado da posicao mostrada dentro da coluna Moral: Equality: grupo 1 = candidato favorecido mostrado a frente (Leading, 90%), grupo 2 = o mesmo candidato mostrado atras (Trailing, 10%). Medias impressas de troca: Leading 2.83 (1.21), Trailing 2.91 (1.42). Sem controles. n por celula nao impresso: n1 = n2 = 50 derivado da atribuicao aleatoria a quatro celulas (N = 200; t(98) dos efeitos simples indica 100 por posicao), arredondado para baixo; aproximado, conferir nos dados do OSF. Desfecho impresso = indice de probabilidade de TROCAR de candidato (1-7); registrado como apoio ao candidato favorecido = 8 - media impressa (DP inalterado), para que positivo = mais apoio quando mostrado a frente (bandwagon). Contraste condicional ao modo de raciocinio induzido pela vinheta; nao ha condicao neutra, e o efeito principal da posicao (media sobre o fator) nao e impresso. Os autores nao testam este contraste: testam a interacao (F(1, 196) = 11.46)) e os efeitos simples do fator.","sim","condicao de vinheta: motivo moral de igualdade (Estudo 2b)","md_sd","5.17","1.21","50","5.09","1.42","50","","","","","","","","","","","","100","","","Trailing 3.74 (1.46) 2.91 (1.42) p = .005, d = .58 Leading 2.40 (1.11) 2.83 (1.21) p = .071, d = .37","10","",0.0601781917732245,0.0394066511048038,0.198511085596759,"md_sd",0,"mantido","","","","","","","","","","","pesquisa_pre_eleitoral","mesmo_candidato_atras","lider","survey_experiment","outro","simulada_abstrata","hipotetico","nao","regra_do_experimento","alto"
"Meer2015a-E01","Meer2015a","Meer2015a","ES1536","RCT (experimento de survey, aleatorizacao individual)","ITT","intention to vote for the PvdA","apoio_ao_lider","aumentar","Tabela 2 (p. 29), Modelo 1: ponto de referencia crescimento vs. resultado seco da pesquisa","sim","","or","","","","","","","","","","0.23","0.13","","1.2586","","","","0.045","10643","","","* Reference point: growth 0.23 (0.13) *","29","",0.126796703859827,0.00513625988835743,0.0716677046399382,"or_logit",0,"mantido","assume distribuição logística latente (d = ln(OR)·√3/π); se interpretado como EP de ln(OR)","","","","","","","","","","pesquisa_pre_eleitoral","outro","nao_se_aplica","survey_experiment","outro","candidato_partido","real","nao","proporcional","algumas_preocupacoes"
"Meer2015a-E02","Meer2015a","Meer2015a","ES1536","RCT (experimento de survey, aleatorizacao individual)","ITT","intention to vote for the PvdA","apoio_ao_lider","aumentar","Tabela 2 (p. 29), Modelo 1: ponto de referencia declinio vs. resultado seco da pesquisa","nao","","or","","","","","","","","","","0.06","0.13","","1.061837","","","","","10643","","","* Reference point: decline 0.06 (0.13)","29","",0.03307763756849,0.00513625988835743,0.0716677046399382,"or_logit",0,"mantido","assume distribuição logística latente (d = ln(OR)·√3/π); se interpretado como EP de ln(OR)","","","","","","","","","","pesquisa_pre_eleitoral","outro","nao_se_aplica","survey_experiment","outro","candidato_partido","real","nao","proporcional","algumas_preocupacoes"
"Meer2015a-E03","Meer2015a","Meer2015a","ES1536","RCT (experimento de survey, aleatorizacao individual)","ITT","intention to vote for the PvdA","apoio_ao_lider","aumentar","Tabela 2 (p. 29), Modelo 1: enquadramento negativo vs. resultado seco da pesquisa","nao","","or","","","","","","","","","","0.17","0.14","","1.185305","","","","","10643","","","* Frame: negative 0.17 (0.14)","29","",0.093719375219101,0.0059568457876808,0.0771806049968566,"or_logit",0,"mantido","assume distribuição logística latente (d = ln(OR)·√3/π); se interpretado como EP de ln(OR)","","","","","","","","","","pesquisa_pre_eleitoral","outro","nao_se_aplica","survey_experiment","outro","candidato_partido","real","nao","proporcional","algumas_preocupacoes"
"Meer2015a-E04","Meer2015a","Meer2015a","ES1536","RCT (experimento de survey, aleatorizacao individual)","ITT","intention to vote for the PvdA","apoio_ao_lider","aumentar","Tabela 2 (p. 29), Modelo 1: enquadramento positivo vs. resultado seco da pesquisa","nao","","or","","","","","","","","","","0.22","0.14","","1.246077","","","","","10643","","","* Frame: positive 0.22 (0.14)","29","",0.121283927045887,0.0059568457876808,0.0771806049968566,"or_logit",0,"mantido","assume distribuição logística latente (d = ln(OR)·√3/π); se interpretado como EP de ln(OR)","","","","","","","","","","pesquisa_pre_eleitoral","outro","nao_se_aplica","survey_experiment","outro","candidato_partido","real","nao","proporcional","algumas_preocupacoes"
"Meer2015a-E05","Meer2015a","Meer2015a","ES1536","RCT (experimento de survey, aleatorizacao individual)","ITT","intention to vote VVD","apoio_ao_lider","aumentar","Tabela 3 (p. 30), Modelo 1 (checagem de robustez, VVD): ponto de referencia sucesso vs. resultado seco da pesquisa (TNS NIPO)","nao","","or","","","","","","","","","","0.19","0.15","","1.20925","","","","","6554","","","* Reference point: success 0.19 (0.15)","30","",0.104740682191677,0.00683761417942074,0.0826898674531574,"or_logit",0,"mantido","assume distribuição logística latente (d = ln(OR)·√3/π); se interpretado como EP de ln(OR)","","","","","","","","","","pesquisa_pre_eleitoral","outro","lider","survey_experiment","outro","candidato_partido","real","nao","proporcional","algumas_preocupacoes"
"Meer2015a-E06","Meer2015a","Meer2015a","ES1536","RCT (experimento de survey, aleatorizacao individual)","ITT","intention to vote VVD","apoio_ao_lider","aumentar","Tabela 3 (p. 30), Modelo 1 (checagem de robustez, VVD): ponto de referencia fracasso vs. resultado seco da pesquisa (TNS NIPO)","nao","","or","","","","","","","","","","0.16","0.15","","1.173511","","","","","6554","","","* Reference point: failure 0.16 (0.15)","30","",0.0882025858859567,0.00683761417942074,0.0826898674531574,"or_logit",0,"mantido","assume distribuição logística latente (d = ln(OR)·√3/π); se interpretado como EP de ln(OR)","","","","","","","","","","pesquisa_pre_eleitoral","outro","lider","survey_experiment","outro","candidato_partido","real","nao","proporcional","algumas_preocupacoes"
"Meer2015a-E07","Meer2015a","Meer2015a","ES1536","RCT (experimento de survey, aleatorizacao individual)","ITT","intention to vote PvdA","apoio_ao_lider","aumentar","Figura 1 e texto (p. 15), bivariado: resultado seco da pesquisa vs. grupos de controle sem pesquisa","nao","","dif_prop","","","2306","","","4697","","","","","","","","","","","","","","","Being exposed to dry poll results did not affect intention to vote PvdA compared to having no information about the polls at all (difference in point estimate: 0.1%)","15","",0.00399154470522624,0.00142151821800508,0.0377030266425002,"dif_prop_lpm",1,"mantido","d via log OR (Chinn 2000): pressupõe distribuição logística latente; p1 reconstruído como p0 + efeito_pp/100; variância pelas contagens ignora o ajuste do modelo (sem se_pp)","","","","","","0.165","","0.1","","pesquisa_pre_eleitoral","sem_pesquisa","nao_se_aplica","survey_experiment","outro","candidato_partido","real","nao","proporcional","algumas_preocupacoes"
"Meer2015a-E08","Meer2015a","Meer2015a","ES1536","RCT (experimento de survey, aleatorizacao individual)","ITT","intention to vote PvdA","apoio_ao_lider","aumentar","Figura 1 e texto (p. 15), bivariado: vinheta de crescimento vs. resultado seco da pesquisa (16,5%; o texto diz 'control groups', mas na Figura 1 esse valor é o do grupo 'Poll')","nao","","dif_prop","","","2353","","","2306","","","","","","","","","","","","","","","Support ranges from 16.5% in the control groups to 18.5% in the group that was triggered to consider that the PvdA had grown in the polls","15","",0.0764316243544571,0.00181293298893361,0.0425785508082839,"dif_prop_contagens",0,"mantido","d via log OR (Chinn 2000): pressupõe distribuição logística latente","","","","","","0.165","0.185","","","pesquisa_pre_eleitoral","outro","nao_se_aplica","survey_experiment","outro","candidato_partido","real","nao","proporcional","algumas_preocupacoes"
"Meer2015a-E09","Meer2015a","Meer2015a","ES1536","RCT (experimento de survey, aleatorizacao individual)","ITT","intention to vote PvdA","apoio_ao_lider","aumentar","Figura 1 e texto (p. 15), bivariado: vinheta de declinio vs. resultado seco da pesquisa (16,5%, grupo 'Poll' na Figura 1)","nao","","dif_prop","","","2379","","","2306","","","","","","","","","","","","","","","PvdA-support in that group is 16.8%, statistically indistinguishable from the control group","15","",0.0119166031280456,0.00187023762701878,0.0432462440799058,"dif_prop_contagens",0,"mantido","d via log OR (Chinn 2000): pressupõe distribuição logística latente","","","","","","0.165","0.168","","","pesquisa_pre_eleitoral","outro","nao_se_aplica","survey_experiment","outro","candidato_partido","real","nao","proporcional","algumas_preocupacoes"
"Meer2015a-E10","Meer2015a","Meer2015a","ES1536","RCT (experimento de survey, aleatorizacao individual)","ITT","intention to vote PvdA","apoio_ao_lider","aumentar","Figura 1 e texto (p. 15), bivariado: vinhetas de enquadramento negativo e positivo em conjunto vs. resultado seco da pesquisa (16,5%, grupo 'Poll' na Figura 1)","nao","","dif_prop","","","4571","","","2306","","","","","","","","","","","","","","","The other two treatments groups ... score somewhat in between (18.2%), though not significantly different from the control groups","15","",0.0653973431530173,0.00140309786099601,0.0374579479015604,"dif_prop_contagens",0,"mantido","d via log OR (Chinn 2000): pressupõe distribuição logística latente","","","","","","0.165","0.182","","","pesquisa_pre_eleitoral","outro","nao_se_aplica","survey_experiment","outro","candidato_partido","real","nao","proporcional","algumas_preocupacoes"
"Meffert2011-E01","Meffert2011","Meffert2011","ES1527","RCT (experimento de laboratorio com atribuicao aleatoria individual)","ATE","Insincere vote (voto em partido diferente do mais preferido)","apoio_ao_lider","reduzir","Tabela 4, coluna 'With perceptions', logit, coeficiente de 'Close poll (manipulation)'; controles: percepcoes (distancia percebida da clausula, percepcao do sinal), 'Party no chance', sinal de coalizao, ideologia, PID, preferencia, voto habitual, conhecimento, pequeno partido, sexo; tratamento = pesquisas agrupadas pelos autores como 'close' (inclui a condicao close/failure: pequeno partido preferido a '5 per cent' para apoiadores de partido grande ou '4 per cent' para apoiadores de partido pequeno; provavelmente inclui tambem a condicao competition, tres pequenos a cerca de '7 per cent', para apoiadores de partido grande, que segundo os autores cria incentivo estrategico para eles); comparacao = pesquisas 'safe' (controle: partido grande '41 per cent' e pequeno '10 per cent'; e, provavelmente, competition para apoiadores de partido pequeno); a composicao exata da dicotomia nao e declarada: inferida de n_close = 135 (10 votantes estrategicos = 7,4%), acima dos 50% de probabilidade da close/failure","sim","","or","","","","","","","","","","-0.51","0.52","","0.6005","","","","","200","","","Close poll (manipulation) -0.18 (0.48) -0.51 (0.52)","26","",0.280107279214106,0.0815694745282485,0.285603701881205,"or_logit",0,"invertido","assume distribuição logística latente (d = ln(OR)·√3/π); se interpretado como EP de ln(OR)","","","","","12","0.246","","","","pesquisa_pre_eleitoral","outro_resultado","nao_se_aplica","lab_candidatos_reais","outro","candidato_partido","real","sim","proporcional","alto"
"Meffert2011-E02","Meffert2011","Meffert2011","ES1527","RCT (experimento de laboratorio com atribuicao aleatoria individual)","ATE","Insincere vote (voto em partido diferente do mais preferido)","apoio_ao_lider","reduzir","Tabela 4, coluna 'Without perceptions', logit, coeficiente de 'Close poll (manipulation)'; controles: 'Party no chance', sinal de coalizao, ideologia, PID, preferencia, voto habitual, conhecimento, pequeno partido, sexo; tratamento = pesquisas agrupadas pelos autores como 'close' (inclui a condicao close/failure: pequeno partido preferido a '5 per cent' para apoiadores de partido grande ou '4 per cent' para apoiadores de partido pequeno; provavelmente inclui tambem a condicao competition, tres pequenos a cerca de '7 per cent', para apoiadores de partido grande, que segundo os autores cria incentivo estrategico para eles); comparacao = pesquisas 'safe' (controle: partido grande '41 per cent' e pequeno '10 per cent'; e, provavelmente, competition para apoiadores de partido pequeno); a composicao exata da dicotomia nao e declarada: inferida de n_close = 135 (10 votantes estrategicos = 7,4%), acima dos 50% de probabilidade da close/failure","nao","","or","","","","","","","","","","-0.18","0.48","","0.8353","","","","","200","","","Close poll (manipulation) -0.18 (0.48) -0.51 (0.52)","26","",0.0988432325321318,0.0695029842134188,0.263634186351882,"or_logit",0,"invertido","assume distribuição logística latente (d = ln(OR)·√3/π); se interpretado como EP de ln(OR)","","","","","10","0.246","","","","pesquisa_pre_eleitoral","outro_resultado","nao_se_aplica","lab_candidatos_reais","outro","candidato_partido","real","sim","proporcional","alto"
"Meffert2011-E03","Meffert2011","Meffert2011","ES1527","RCT (experimento de laboratorio com atribuicao aleatoria individual)","ATE","Insincere vote (proporcao por condicao de pesquisa)","apoio_ao_lider","reduzir","Comparacao descritiva de proporcoes no texto (sem modelo): tratamento = pesquisas agrupadas pelos autores como 'close' (inclui a condicao close/failure: pequeno partido preferido a '5 per cent' para apoiadores de partido grande ou '4 per cent' para apoiadores de partido pequeno; provavelmente inclui tambem a condicao competition, tres pequenos a cerca de '7 per cent', para apoiadores de partido grande, que segundo os autores cria incentivo estrategico para eles); comparacao = pesquisas 'safe' (controle: partido grande '41 per cent' e pequeno '10 per cent'; e, provavelmente, competition para apoiadores de partido pequeno); a composicao exata da dicotomia nao e declarada: inferida de n_close = 135 (10 votantes estrategicos = 7,4%), acima dos 50% de probabilidade da close/failure","nao","","dif_prop","","","135","","","65","","","","","","","","","","","","200","","","They were equally likely to cast an insincere vote under close and safe ... with 23.7 and 24.6 per cent in each case","25","",0.0269879340104035,0.0373778349998056,0.19333348132128,"dif_prop_contagens",0,"invertido","d via log OR (Chinn 2000): pressupõe distribuição logística latente","","","","","","0.246","0.237","-0.9","","pesquisa_pre_eleitoral","outro_resultado","nao_se_aplica","lab_candidatos_reais","outro","candidato_partido","real","sim","proporcional","alto"
"Meffert2011-E04","Meffert2011","Meffert2011","ES1527","RCT (experimento de laboratorio com atribuicao aleatoria individual)","ATE","Explicit strategic vote (voto insincero com razao estrategica espontanea)","apoio_ao_lider","reduzir","Comparacao descritiva de proporcoes no texto (sem modelo): tratamento = pesquisas agrupadas pelos autores como 'close' (inclui a condicao close/failure: pequeno partido preferido a '5 per cent' para apoiadores de partido grande ou '4 per cent' para apoiadores de partido pequeno; provavelmente inclui tambem a condicao competition, tres pequenos a cerca de '7 per cent', para apoiadores de partido grande, que segundo os autores cria incentivo estrategico para eles); comparacao = pesquisas 'safe' (controle: partido grande '41 per cent' e pequeno '10 per cent'; e, provavelmente, competition para apoiadores de partido pequeno); a composicao exata da dicotomia nao e declarada: inferida de n_close = 135 (10 votantes estrategicos = 7,4%), acima dos 50% de probabilidade da close/failure [coordenador: p0 impresso = 0 (nenhum voto estratégico sem eleição apertada); p0=0 impede a conversão, por isso ficou vazio]","nao","","dif_prop","","","135","","","65","","","","","","","","","","","","200","","","voted this way only when the polls suggested a close election (7.4 per cent). Without the incentive of a close election, and consistent with our expectation, not a single strategic voter was found.","25","",,,,"sem_calculo",,"","d via log OR (Chinn 2000): pressupõe distribuição logística latente; dif_prop exige p0 (proporção no controle) em (0, 1); percentual vira proporção","","","","","","","0.074","7.4","","pesquisa_pre_eleitoral","outro_resultado","nao_se_aplica","lab_candidatos_reais","outro","candidato_partido","real","sim","proporcional","alto"
"Meffert2012a-E01","Meffert2012a","Meffert2012a","ES3527","RCT (experimento economico de laboratorio; disponibilidade da pesquisa aleatorizada por cenario de decisao com probabilidade 0,8, dentro do participante)","ATE","Share of optimal decisions (proporcao de decisoes otimas: escolha partidaria que maximiza o pagamento monetario)","apoio_ao_lider","reduzir","Tabela 2, experimento economico (jogo abstrato, partidos A-D, preferencias induzidas), proporcoes por celula com EP bootstrap; sem controles. Decisao otima = escolha de partido que maximiza o pagamento (governo mais proximo da posicao do eleitor); NAO corresponde por definicao a votar no partido a frente na pesquisa: pode ser o partido grande, o pequeno ou outro, conforme o cenario. A pesquisa mostra a distribuicao real das preferencias do cenario. Tratamento = coluna 'Poll Only' (64.2, N=1097); comparacao = coluna 'No Info' (51.7, N=269).","nao","Eleicoes faceis (sinal de coalizao otimo)","dif_prop","","","1097","","","269","","","","","","","","","","","","","","","Easy Elections 51.7 (3.1) 64.2 (1.5) 64.8 (2.8) 67.7 (1.4) 269 1097 301 1123","24","",-0.284345288817253,0.0057244158283905,0.0756598693389732,"dif_prop_contagens",0,"invertido","d via log OR (Chinn 2000): pressupõe distribuição logística latente","","","","","","0.517","0.642","","","pesquisa_pre_eleitoral","sem_pesquisa","partido_abaixo_clausula","outro","outro","candidato_partido","real","sim","proporcional",""
"Meffert2012a-E02","Meffert2012a","Meffert2012a","ES3527","RCT (experimento economico de laboratorio; disponibilidade da pesquisa aleatorizada por cenario de decisao com probabilidade 0,8, dentro do participante)","ATE","Share of optimal decisions (proporcao de decisoes otimas: escolha partidaria que maximiza o pagamento monetario)","apoio_ao_lider","reduzir","Tabela 2, experimento economico (jogo abstrato, partidos A-D, preferencias induzidas), proporcoes por celula com EP bootstrap; sem controles. Decisao otima = escolha de partido que maximiza o pagamento (governo mais proximo da posicao do eleitor); NAO corresponde por definicao a votar no partido a frente na pesquisa: pode ser o partido grande, o pequeno ou outro, conforme o cenario. A pesquisa mostra a distribuicao real das preferencias do cenario. Tratamento = coluna 'Poll Only' (40.8, N=1651); comparacao = coluna 'No Info' (30.9, N=408).","nao","Eleicoes dificeis (sinal de coalizao subotimo)","dif_prop","","","1651","","","408","","","","","","","","","","","","","","","Difficult Elections 30.9 (2.3) 40.8 (1.2) 21.8 (2.1) 37.6 (1.2) 408 1651 427 1699","24","",-0.238395360016159,0.00424833303747615,0.0651792377791897,"dif_prop_contagens",0,"invertido","d via log OR (Chinn 2000): pressupõe distribuição logística latente","","","","","","0.309","0.408","","","pesquisa_pre_eleitoral","sem_pesquisa","partido_abaixo_clausula","outro","outro","candidato_partido","real","sim","proporcional",""
"Meffert2012a-E03","Meffert2012a","Meffert2012a","ES3527","RCT (experimento economico de laboratorio; disponibilidade da pesquisa aleatorizada por cenario de decisao com probabilidade 0,8, dentro do participante)","ATE","Share of optimal decisions (proporcao de decisoes otimas: escolha partidaria que maximiza o pagamento monetario)","apoio_ao_lider","reduzir","Tabela 2, experimento economico (jogo abstrato, partidos A-D, preferencias induzidas), proporcoes por celula com EP bootstrap; sem controles. Decisao otima = escolha de partido que maximiza o pagamento (governo mais proximo da posicao do eleitor); NAO corresponde por definicao a votar no partido a frente na pesquisa: pode ser o partido grande, o pequeno ou outro, conforme o cenario. A pesquisa mostra a distribuicao real das preferencias do cenario. Tratamento = coluna 'Poll & Signal' (67.7, N=1123); comparacao = coluna 'Signal Only' (64.8, N=301): efeito da pesquisa com sinal visivel.","nao","Eleicoes faceis (sinal de coalizao otimo)","dif_prop","","","1123","","","301","","","","","","","","","","","","","","","Easy Elections 51.7 (3.1) 64.2 (1.5) 64.8 (2.8) 67.7 (1.4) 269 1097 301 1123","24","",-0.0715023838585485,0.00565910855541642,0.075227046701412,"dif_prop_contagens",0,"invertido","d via log OR (Chinn 2000): pressupõe distribuição logística latente","","","","","","0.648","0.677","","","pesquisa_pre_eleitoral","sem_pesquisa","partido_abaixo_clausula","outro","outro","candidato_partido","real","sim","proporcional",""
"Meffert2012a-E04","Meffert2012a","Meffert2012a","ES3527","RCT (experimento economico de laboratorio; disponibilidade da pesquisa aleatorizada por cenario de decisao com probabilidade 0,8, dentro do participante)","ATE","Share of optimal decisions (proporcao de decisoes otimas: escolha partidaria que maximiza o pagamento monetario)","apoio_ao_lider","reduzir","Tabela 2, experimento economico (jogo abstrato, partidos A-D, preferencias induzidas), proporcoes por celula com EP bootstrap; sem controles. Decisao otima = escolha de partido que maximiza o pagamento (governo mais proximo da posicao do eleitor); NAO corresponde por definicao a votar no partido a frente na pesquisa: pode ser o partido grande, o pequeno ou outro, conforme o cenario. A pesquisa mostra a distribuicao real das preferencias do cenario. Tratamento = coluna 'Poll & Signal' (37.6, N=1699); comparacao = coluna 'Signal Only' (21.8, N=427): efeito da pesquisa com sinal visivel.","nao","Eleicoes dificeis (sinal de coalizao subotimo)","dif_prop","","","1699","","","427","","","","","","","","","","","","","","","Difficult Elections 30.9 (2.3) 40.8 (1.2) 21.8 (2.1) 37.6 (1.2) 408 1651 427 1699","24","",-0.424813384179186,0.00493475113172898,0.0702477838207653,"dif_prop_contagens",0,"invertido","d via log OR (Chinn 2000): pressupõe distribuição logística latente","","","","","","0.218","0.376","","","pesquisa_pre_eleitoral","sem_pesquisa","partido_abaixo_clausula","outro","outro","candidato_partido","real","sim","proporcional",""
"Morton2015a-E01","Morton2015a","Morton2015a","ES1522","DiD (experimento natural: reforma eleitoral francesa de 2005)","ATT","turnout (comparecimento por departamento e turno)","mobilizacao","aumentar","Tabela 3, coluna (1) (DID nao parametrico, 2002 e 2007, controle = OST orientais, sem dummy de turno, EP block bootstrap)","nao","","dif_prop","","","","","","","","","","","","","","","","","","36","","","Treatment Eﬀect 0.11∗∗∗ 0.11∗∗∗ 0.11∗ 0.11∗∗ (0.04) (0.04) (0.06) (0.05)","23","",-0.245398606675091,0.00749332143079388,0.0865639730534238,"dif_prop_lpm",1,"mantido","d via log OR (Chinn 2000): pressupõe distribuição logística latente; p1 reconstruído como p0 + efeito_pp/100; Var(ln OR) pelo EP do efeito em pp (método delta, p0 fixo); efeito de LPM/DiD/RDD: conversão aproximada (sensibilidade sem aproximados)","","","","","","0.64","","-11","4","boca_de_urna","antes_depois_proibicao","nao_se_aplica","experimento_natural","outro","candidato_partido","real","sim","maioria_dois_turnos","alto"
"Morton2015a-E02","Morton2015a","Morton2015a","ES1522","DiD (experimento natural: reforma eleitoral francesa de 2005)","ATT","turnout (comparecimento por departamento e turno)","mobilizacao","aumentar","Tabela 3, coluna (2) (idem com dummy de turno, EP block bootstrap)","nao","","dif_prop","","","","","","","","","","","","","","","","","","36","","","Treatment Eﬀect 0.11∗∗∗ 0.11∗∗∗ 0.11∗ 0.11∗∗ (0.04) (0.04) (0.06) (0.05)","23","",-0.245398606675091,0.00749332143079388,0.0865639730534238,"dif_prop_lpm",1,"mantido","d via log OR (Chinn 2000): pressupõe distribuição logística latente; p1 reconstruído como p0 + efeito_pp/100; Var(ln OR) pelo EP do efeito em pp (método delta, p0 fixo); efeito de LPM/DiD/RDD: conversão aproximada (sensibilidade sem aproximados)","","","","","","0.64","","-11","4","boca_de_urna","antes_depois_proibicao","nao_se_aplica","experimento_natural","outro","candidato_partido","real","sim","maioria_dois_turnos","alto"
"Morton2015a-E03","Morton2015a","Morton2015a","ES1522","DiD (experimento natural: reforma eleitoral francesa de 2005)","ATT","turnout (comparecimento por departamento e turno)","mobilizacao","aumentar","Tabela 3, coluna (3) (regressao ponderada pelo eleitorado, sem dummy de turno, EP MQO)","nao","","dif_prop","","","","","","","","","","","","","","","","","","36","","","Treatment Eﬀect 0.11∗∗∗ 0.11∗∗∗ 0.11∗ 0.11∗∗ (0.04) (0.04) (0.06) (0.05)","23","",-0.245398606675091,0.0168599732192862,0.129845959580136,"dif_prop_lpm",1,"mantido","d via log OR (Chinn 2000): pressupõe distribuição logística latente; p1 reconstruído como p0 + efeito_pp/100; Var(ln OR) pelo EP do efeito em pp (método delta, p0 fixo); efeito de LPM/DiD/RDD: conversão aproximada (sensibilidade sem aproximados)","","","","","","0.64","","-11","6","boca_de_urna","antes_depois_proibicao","nao_se_aplica","experimento_natural","outro","candidato_partido","real","sim","maioria_dois_turnos","alto"
"Morton2015a-E04","Morton2015a","Morton2015a","ES1522","DiD (experimento natural: reforma eleitoral francesa de 2005)","ATT","turnout (comparecimento por departamento e turno)","mobilizacao","aumentar","Tabela 3, coluna (4) (regressao ponderada com dummy de turno, EP MQO)","nao","","dif_prop","","","","","","","","","","","","","","","","","","36","","","Treatment Eﬀect 0.11∗∗∗ 0.11∗∗∗ 0.11∗ 0.11∗∗ (0.04) (0.04) (0.06) (0.05)","23","",-0.245398606675091,0.0117083147356154,0.10820496631678,"dif_prop_lpm",1,"mantido","d via log OR (Chinn 2000): pressupõe distribuição logística latente; p1 reconstruído como p0 + efeito_pp/100; Var(ln OR) pelo EP do efeito em pp (método delta, p0 fixo); efeito de LPM/DiD/RDD: conversão aproximada (sensibilidade sem aproximados)","","","","","","0.64","","-11","5","boca_de_urna","antes_depois_proibicao","nao_se_aplica","experimento_natural","outro","candidato_partido","real","sim","maioria_dois_turnos","alto"
"Morton2015a-E05","Morton2015a","Morton2015a","ES1522","DiD (experimento natural: reforma eleitoral francesa de 2005)","ATT","turnout (comparecimento por departamento e turno)","mobilizacao","aumentar","Tabela 4, coluna (1) (seis eleicoes e 105 departamentos, sem controles, EP MQO)","nao","","dif_prop","","","","","","","","","","","","","","","","","","1260","","","Treatment Eﬀect 0.06∗∗∗ 0.06∗∗∗ 0.06∗∗ 0.06∗∗ 0.06∗∗ 0.11∗∗∗ 0.14∗∗∗ (0.02) (0.02) (0.02) (0.02) (0.02) (0.02) (0.02)","25","",-0.139177539155909,0.00204648627391526,0.0452381064360043,"dif_prop_lpm",1,"mantido","d via log OR (Chinn 2000): pressupõe distribuição logística latente; p1 reconstruído como p0 + efeito_pp/100; Var(ln OR) pelo EP do efeito em pp (método delta, p0 fixo); efeito de LPM/DiD/RDD: conversão aproximada (sensibilidade sem aproximados)","","","","","","0.64","","-6","2","boca_de_urna","antes_depois_proibicao","nao_se_aplica","experimento_natural","outro","candidato_partido","real","sim","maioria_dois_turnos","alto"
"Morton2015a-E06","Morton2015a","Morton2015a","ES1522","DiD (experimento natural: reforma eleitoral francesa de 2005)","ATT","turnout (comparecimento por departamento e turno)","mobilizacao","aumentar","Tabela 4, coluna (2) (tendencia comum linear e quadratica, dummy de turno, EP MQO)","nao","","dif_prop","","","","","","","","","","","","","","","","","","1260","","","Treatment Eﬀect 0.06∗∗∗ 0.06∗∗∗ 0.06∗∗ 0.06∗∗ 0.06∗∗ 0.11∗∗∗ 0.14∗∗∗ (0.02) (0.02) (0.02) (0.02) (0.02) (0.02) (0.02)","25","",-0.139177539155909,0.00204648627391526,0.0452381064360043,"dif_prop_lpm",1,"mantido","d via log OR (Chinn 2000): pressupõe distribuição logística latente; p1 reconstruído como p0 + efeito_pp/100; Var(ln OR) pelo EP do efeito em pp (método delta, p0 fixo); efeito de LPM/DiD/RDD: conversão aproximada (sensibilidade sem aproximados)","","","","","","0.64","","-6","2","boca_de_urna","antes_depois_proibicao","nao_se_aplica","experimento_natural","outro","candidato_partido","real","sim","maioria_dois_turnos","alto"
"Morton2015a-E07","Morton2015a","Morton2015a","ES1522","DiD (experimento natural: reforma eleitoral francesa de 2005)","ATT","turnout (comparecimento por departamento e turno)","mobilizacao","aumentar","Tabela 4, coluna (3) (sem controles, EP agrupado por departamento)","nao","","dif_prop","","","","","","","","","","","","","","","","","","1260","","","Treatment Eﬀect 0.06∗∗∗ 0.06∗∗∗ 0.06∗∗ 0.06∗∗ 0.06∗∗ 0.11∗∗∗ 0.14∗∗∗ (0.02) (0.02) (0.02) (0.02) (0.02) (0.02) (0.02)","25","",-0.139177539155909,0.00204648627391526,0.0452381064360043,"dif_prop_lpm",1,"mantido","d via log OR (Chinn 2000): pressupõe distribuição logística latente; p1 reconstruído como p0 + efeito_pp/100; Var(ln OR) pelo EP do efeito em pp (método delta, p0 fixo); efeito de LPM/DiD/RDD: conversão aproximada (sensibilidade sem aproximados)","","","","","","0.64","","-6","2","boca_de_urna","antes_depois_proibicao","nao_se_aplica","experimento_natural","outro","candidato_partido","real","sim","maioria_dois_turnos","alto"
"Morton2015a-E08","Morton2015a","Morton2015a","ES1522","DiD (experimento natural: reforma eleitoral francesa de 2005)","ATT","turnout (comparecimento por departamento e turno)","mobilizacao","aumentar","Tabela 4, coluna (4) (dummies de OST e de turno, EP agrupado por departamento)","nao","","dif_prop","","","","","","","","","","","","","","","","","","1260","","","Treatment Eﬀect 0.06∗∗∗ 0.06∗∗∗ 0.06∗∗ 0.06∗∗ 0.06∗∗ 0.11∗∗∗ 0.14∗∗∗ (0.02) (0.02) (0.02) (0.02) (0.02) (0.02) (0.02)","25","",-0.139177539155909,0.00204648627391526,0.0452381064360043,"dif_prop_lpm",1,"mantido","d via log OR (Chinn 2000): pressupõe distribuição logística latente; p1 reconstruído como p0 + efeito_pp/100; Var(ln OR) pelo EP do efeito em pp (método delta, p0 fixo); efeito de LPM/DiD/RDD: conversão aproximada (sensibilidade sem aproximados)","","","","","","0.64","","-6","2","boca_de_urna","antes_depois_proibicao","nao_se_aplica","experimento_natural","outro","candidato_partido","real","sim","maioria_dois_turnos","alto"
"Morton2015a-E09","Morton2015a","Morton2015a","ES1522","DiD (experimento natural: reforma eleitoral francesa de 2005)","ATT","turnout (comparecimento por departamento e turno)","mobilizacao","aumentar","Tabela 4, coluna (5) (dummies de OST e de turno, tendencia comum linear e quadratica, EP agrupado)","nao","","dif_prop","","","","","","","","","","","","","","","","","","1260","","","Treatment Eﬀect 0.06∗∗∗ 0.06∗∗∗ 0.06∗∗ 0.06∗∗ 0.06∗∗ 0.11∗∗∗ 0.14∗∗∗ (0.02) (0.02) (0.02) (0.02) (0.02) (0.02) (0.02)","25","",-0.139177539155909,0.00204648627391526,0.0452381064360043,"dif_prop_lpm",1,"mantido","d via log OR (Chinn 2000): pressupõe distribuição logística latente; p1 reconstruído como p0 + efeito_pp/100; Var(ln OR) pelo EP do efeito em pp (método delta, p0 fixo); efeito de LPM/DiD/RDD: conversão aproximada (sensibilidade sem aproximados)","","","","","","0.64","","-6","2","boca_de_urna","antes_depois_proibicao","nao_se_aplica","experimento_natural","outro","candidato_partido","real","sim","maioria_dois_turnos","alto"
"Morton2015a-E10","Morton2015a","Morton2015a","ES1522","DiD (experimento natural: reforma eleitoral francesa de 2005)","ATT","turnout (comparecimento por departamento e turno)","mobilizacao","aumentar","Tabela 4, coluna (6) (tendencia temporal especifica por territorio, dummy de turno, EP agrupado)","nao","","dif_prop","","","","","","","","","","","","","","","","","","1260","","","Treatment Eﬀect 0.06∗∗∗ 0.06∗∗∗ 0.06∗∗ 0.06∗∗ 0.06∗∗ 0.11∗∗∗ 0.14∗∗∗ (0.02) (0.02) (0.02) (0.02) (0.02) (0.02) (0.02)","25","",-0.250826190104561,0.00195711321288077,0.044239272291492,"dif_prop_lpm",1,"mantido","d via log OR (Chinn 2000): pressupõe distribuição logística latente; p1 reconstruído como p0 + efeito_pp/100; Var(ln OR) pelo EP do efeito em pp (método delta, p0 fixo); efeito de LPM/DiD/RDD: conversão aproximada (sensibilidade sem aproximados)","","","","","","0.64","","-11","2","boca_de_urna","antes_depois_proibicao","nao_se_aplica","experimento_natural","outro","candidato_partido","real","sim","maioria_dois_turnos","alto"
"Morton2015a-E11","Morton2015a","Morton2015a","ES1522","DiD (experimento natural: reforma eleitoral francesa de 2005)","ATT","turnout (comparecimento por departamento e turno)","mobilizacao","aumentar","Tabela 4, coluna (7) (tendencia por territorio, regressao ponderada, EP agrupado)","nao","","dif_prop","","","","","","","","","","","","","","","","","","1260","","","Treatment Eﬀect 0.06∗∗∗ 0.06∗∗∗ 0.06∗∗ 0.06∗∗ 0.06∗∗ 0.11∗∗∗ 0.14∗∗∗ (0.02) (0.02) (0.02) (0.02) (0.02) (0.02) (0.02)","25","",-0.317025722316085,0.00194304736193527,0.0440800109112426,"dif_prop_lpm",1,"mantido","d via log OR (Chinn 2000): pressupõe distribuição logística latente; p1 reconstruído como p0 + efeito_pp/100; Var(ln OR) pelo EP do efeito em pp (método delta, p0 fixo); efeito de LPM/DiD/RDD: conversão aproximada (sensibilidade sem aproximados)","","","","","","0.64","","-14","2","boca_de_urna","antes_depois_proibicao","nao_se_aplica","experimento_natural","outro","candidato_partido","real","sim","maioria_dois_turnos","alto"
"Morton2015a-E12","Morton2015a","Morton2015a","ES1522","DiD (experimento natural: reforma eleitoral francesa de 2005)","ATT","turnout (comparecimento por departamento e turno)","mobilizacao","aumentar","Tabela 5, coluna (1) (tendencia linear por departamento (105), dummies de OST e de turno, EP agrupado)","sim","","dif_prop","","","","","","","","","","","","","","","","","","1260","","","Treatment Eﬀect 0.11∗∗∗ 0.09∗∗∗ 0.14∗∗∗ 0.18∗∗∗ (0.02) (0.02) (0.02) (0.01)","27","",-0.250826190104561,0.00195711321288077,0.044239272291492,"dif_prop_lpm",1,"mantido","d via log OR (Chinn 2000): pressupõe distribuição logística latente; p1 reconstruído como p0 + efeito_pp/100; Var(ln OR) pelo EP do efeito em pp (método delta, p0 fixo); efeito de LPM/DiD/RDD: conversão aproximada (sensibilidade sem aproximados)","","","","","","0.64","","-11","2","boca_de_urna","antes_depois_proibicao","nao_se_aplica","experimento_natural","outro","candidato_partido","real","sim","maioria_dois_turnos","alto"
"Morton2015a-E13","Morton2015a","Morton2015a","ES1522","DiD (experimento natural: reforma eleitoral francesa de 2005)","ATT","turnout (comparecimento por departamento e turno)","mobilizacao","aumentar","Tabela 5, coluna (2) (tendencias linear e quadratica por departamento, dummies de OST e de turno, EP agrupado)","nao","","dif_prop","","","","","","","","","","","","","","","","","","1260","","","Treatment Eﬀect 0.11∗∗∗ 0.09∗∗∗ 0.14∗∗∗ 0.18∗∗∗ (0.02) (0.02) (0.02) (0.01)","27","",-0.206456141746856,0.00198249909390396,0.0445252635467097,"dif_prop_lpm",1,"mantido","d via log OR (Chinn 2000): pressupõe distribuição logística latente; p1 reconstruído como p0 + efeito_pp/100; Var(ln OR) pelo EP do efeito em pp (método delta, p0 fixo); efeito de LPM/DiD/RDD: conversão aproximada (sensibilidade sem aproximados)","","","","","","0.64","","-9","2","boca_de_urna","antes_depois_proibicao","nao_se_aplica","experimento_natural","outro","candidato_partido","real","sim","maioria_dois_turnos","alto"
"Morton2015a-E14","Morton2015a","Morton2015a","ES1522","DiD (experimento natural: reforma eleitoral francesa de 2005)","ATT","turnout (comparecimento por departamento e turno)","mobilizacao","aumentar","Tabela 5, coluna (3) (regressao ponderada, tendencia linear por departamento, EP agrupado)","nao","","dif_prop","","","","","","","","","","","","","","","","","","1260","","","Treatment Eﬀect 0.11∗∗∗ 0.09∗∗∗ 0.14∗∗∗ 0.18∗∗∗ (0.02) (0.02) (0.02) (0.01)","27","",-0.317025722316085,0.00194304736193527,0.0440800109112426,"dif_prop_lpm",1,"mantido","d via log OR (Chinn 2000): pressupõe distribuição logística latente; p1 reconstruído como p0 + efeito_pp/100; Var(ln OR) pelo EP do efeito em pp (método delta, p0 fixo); efeito de LPM/DiD/RDD: conversão aproximada (sensibilidade sem aproximados)","","","","","","0.64","","-14","2","boca_de_urna","antes_depois_proibicao","nao_se_aplica","experimento_natural","outro","candidato_partido","real","sim","maioria_dois_turnos","alto"
"Morton2015a-E15","Morton2015a","Morton2015a","ES1522","DiD (experimento natural: reforma eleitoral francesa de 2005)","ATT","turnout (comparecimento por departamento e turno)","mobilizacao","aumentar","Tabela 5, coluna (4) (regressao ponderada, tendencias linear e quadratica por departamento, EP agrupado)","nao","","dif_prop","","","","","","","","","","","","","","","","","","1260","","","Treatment Eﬀect 0.11∗∗∗ 0.09∗∗∗ 0.14∗∗∗ 0.18∗∗∗ (0.02) (0.02) (0.02) (0.01)","27","",-0.405374544376728,0.000492039795921572,0.0221819700640311,"dif_prop_lpm",1,"mantido","d via log OR (Chinn 2000): pressupõe distribuição logística latente; p1 reconstruído como p0 + efeito_pp/100; Var(ln OR) pelo EP do efeito em pp (método delta, p0 fixo); efeito de LPM/DiD/RDD: conversão aproximada (sensibilidade sem aproximados)","","","","","","0.64","","-18","1","boca_de_urna","antes_depois_proibicao","nao_se_aplica","experimento_natural","outro","candidato_partido","real","sim","maioria_dois_turnos","alto"
"Morton2015a-E16","Morton2015a","Morton2015a","ES1522","DiD (experimento natural: reforma eleitoral francesa de 2005)","ATT","turnout (comparecimento por departamento e turno)","mobilizacao","aumentar","Tabela 6, coluna (1) (exclui o 1o turno de 2002 ('Le Pen'), controle = OST orientais, EP block bootstrap)","nao","","dif_prop","","","","","","","","","","","","","","","","","","27","","","Treatment Eﬀect 0.09∗ 0.09∗ 0.14∗ 0.14∗ (0.05) (0.05) (0.07) (0.07)","29","",-0.200319346038607,0.0116649582391805,0.108004436201392,"dif_prop_lpm",1,"mantido","d via log OR (Chinn 2000): pressupõe distribuição logística latente; p1 reconstruído como p0 + efeito_pp/100; Var(ln OR) pelo EP do efeito em pp (método delta, p0 fixo); efeito de LPM/DiD/RDD: conversão aproximada (sensibilidade sem aproximados)","","","","","","0.64","","-9","5","boca_de_urna","antes_depois_proibicao","nao_se_aplica","experimento_natural","outro","candidato_partido","real","sim","maioria_dois_turnos","alto"
"Morton2015a-E17","Morton2015a","Morton2015a","ES1522","DiD (experimento natural: reforma eleitoral francesa de 2005)","ATT","turnout (comparecimento por departamento e turno)","mobilizacao","aumentar","Tabela 6, coluna (2) (exclui o 1o turno de 2002, dummy de turno, EP block bootstrap)","nao","","dif_prop","","","","","","","","","","","","","","","","","","27","","","Treatment Eﬀect 0.09∗ 0.09∗ 0.14∗ 0.14∗ (0.05) (0.05) (0.07) (0.07)","29","",-0.200319346038607,0.0116649582391805,0.108004436201392,"dif_prop_lpm",1,"mantido","d via log OR (Chinn 2000): pressupõe distribuição logística latente; p1 reconstruído como p0 + efeito_pp/100; Var(ln OR) pelo EP do efeito em pp (método delta, p0 fixo); efeito de LPM/DiD/RDD: conversão aproximada (sensibilidade sem aproximados)","","","","","","0.64","","-9","5","boca_de_urna","antes_depois_proibicao","nao_se_aplica","experimento_natural","outro","candidato_partido","real","sim","maioria_dois_turnos","alto"
"Morton2015a-E18","Morton2015a","Morton2015a","ES1522","DiD (experimento natural: reforma eleitoral francesa de 2005)","ATT","turnout (comparecimento por departamento e turno)","mobilizacao","aumentar","Tabela 6, coluna (3) (exclui o 1o turno de 2002, regressao ponderada, EP MQO)","nao","","dif_prop","","","","","","","","","","","","","","","","","","27","","","Treatment Eﬀect 0.09∗ 0.09∗ 0.14∗ 0.14∗ (0.05) (0.05) (0.07) (0.07)","29","",-0.307602306399985,0.0224083381176328,0.149694148575129,"dif_prop_lpm",1,"mantido","d via log OR (Chinn 2000): pressupõe distribuição logística latente; p1 reconstruído como p0 + efeito_pp/100; Var(ln OR) pelo EP do efeito em pp (método delta, p0 fixo); efeito de LPM/DiD/RDD: conversão aproximada (sensibilidade sem aproximados)","","","","","","0.64","","-14","7","boca_de_urna","antes_depois_proibicao","nao_se_aplica","experimento_natural","outro","candidato_partido","real","sim","maioria_dois_turnos","alto"
"Morton2015a-E19","Morton2015a","Morton2015a","ES1522","DiD (experimento natural: reforma eleitoral francesa de 2005)","ATT","turnout (comparecimento por departamento e turno)","mobilizacao","aumentar","Tabela 6, coluna (4) (exclui o 1o turno de 2002, ponderada com dummy de turno, EP MQO)","nao","","dif_prop","","","","","","","","","","","","","","","","","","27","","","Treatment Eﬀect 0.09∗ 0.09∗ 0.14∗ 0.14∗ (0.05) (0.05) (0.07) (0.07)","29","",-0.307602306399985,0.0224083381176328,0.149694148575129,"dif_prop_lpm",1,"mantido","d via log OR (Chinn 2000): pressupõe distribuição logística latente; p1 reconstruído como p0 + efeito_pp/100; Var(ln OR) pelo EP do efeito em pp (método delta, p0 fixo); efeito de LPM/DiD/RDD: conversão aproximada (sensibilidade sem aproximados)","","","","","","0.64","","-14","7","boca_de_urna","antes_depois_proibicao","nao_se_aplica","experimento_natural","outro","candidato_partido","real","sim","maioria_dois_turnos","alto"
"Morton2015a-E20","Morton2015a","Morton2015a","ES1522","DiD (experimento natural: reforma eleitoral francesa de 2005)","ATT","turnout (comparecimento por departamento e turno)","mobilizacao","aumentar","Tabela 9, coluna (1) (apendice; continente e OST orientais como controle, 2002 e 2007, EP agrupado)","nao","","dif_prop","","","","","","","","","","","","","","","","","","420","","","Treatment Eﬀect 0.11∗∗∗ 0.11∗∗∗ 0.11∗∗∗ 0.11∗∗∗ 0.14∗∗∗ 0.14∗∗∗ (0.02) (0.02) (0.02) (0.02) (0.02) (0.02)","37","",-0.250525262730977,0.001952419957806,0.0441861964623116,"dif_prop_lpm",1,"mantido","d via log OR (Chinn 2000): pressupõe distribuição logística latente; p1 reconstruído como p0 + efeito_pp/100; Var(ln OR) pelo EP do efeito em pp (método delta, p0 fixo); efeito de LPM/DiD/RDD: conversão aproximada (sensibilidade sem aproximados)","","","","","","0.64","","-11","2","boca_de_urna","antes_depois_proibicao","nao_se_aplica","experimento_natural","outro","candidato_partido","real","sim","maioria_dois_turnos","alto"
"Morton2015a-E21","Morton2015a","Morton2015a","ES1522","DiD (experimento natural: reforma eleitoral francesa de 2005)","ATT","turnout (comparecimento por departamento e turno)","mobilizacao","aumentar","Tabela 9, coluna (2) (apendice; dummies de OST e de turno, EP agrupado)","nao","","dif_prop","","","","","","","","","","","","","","","","","","420","","","Treatment Eﬀect 0.11∗∗∗ 0.11∗∗∗ 0.11∗∗∗ 0.11∗∗∗ 0.14∗∗∗ 0.14∗∗∗ (0.02) (0.02) (0.02) (0.02) (0.02) (0.02)","37","",-0.250525262730977,0.001952419957806,0.0441861964623116,"dif_prop_lpm",1,"mantido","d via log OR (Chinn 2000): pressupõe distribuição logística latente; p1 reconstruído como p0 + efeito_pp/100; Var(ln OR) pelo EP do efeito em pp (método delta, p0 fixo); efeito de LPM/DiD/RDD: conversão aproximada (sensibilidade sem aproximados)","","","","","","0.64","","-11","2","boca_de_urna","antes_depois_proibicao","nao_se_aplica","experimento_natural","outro","candidato_partido","real","sim","maioria_dois_turnos","alto"
"Morton2015a-E22","Morton2015a","Morton2015a","ES1522","DiD (experimento natural: reforma eleitoral francesa de 2005)","ATT","turnout (comparecimento por departamento e turno)","mobilizacao","aumentar","Tabela 9, coluna (3) (apendice; sem dummies, EP block bootstrap)","nao","","dif_prop","","","","","","","","","","","","","","","","","","420","","","Treatment Eﬀect 0.11∗∗∗ 0.11∗∗∗ 0.11∗∗∗ 0.11∗∗∗ 0.14∗∗∗ 0.14∗∗∗ (0.02) (0.02) (0.02) (0.02) (0.02) (0.02)","37","",-0.250525262730977,0.001952419957806,0.0441861964623116,"dif_prop_lpm",1,"mantido","d via log OR (Chinn 2000): pressupõe distribuição logística latente; p1 reconstruído como p0 + efeito_pp/100; Var(ln OR) pelo EP do efeito em pp (método delta, p0 fixo); efeito de LPM/DiD/RDD: conversão aproximada (sensibilidade sem aproximados)","","","","","","0.64","","-11","2","boca_de_urna","antes_depois_proibicao","nao_se_aplica","experimento_natural","outro","candidato_partido","real","sim","maioria_dois_turnos","alto"
"Morton2015a-E23","Morton2015a","Morton2015a","ES1522","DiD (experimento natural: reforma eleitoral francesa de 2005)","ATT","turnout (comparecimento por departamento e turno)","mobilizacao","aumentar","Tabela 9, coluna (4) (apendice; dummies de OST e de turno, EP block bootstrap)","nao","","dif_prop","","","","","","","","","","","","","","","","","","420","","","Treatment Eﬀect 0.11∗∗∗ 0.11∗∗∗ 0.11∗∗∗ 0.11∗∗∗ 0.14∗∗∗ 0.14∗∗∗ (0.02) (0.02) (0.02) (0.02) (0.02) (0.02)","37","",-0.250525262730977,0.001952419957806,0.0441861964623116,"dif_prop_lpm",1,"mantido","d via log OR (Chinn 2000): pressupõe distribuição logística latente; p1 reconstruído como p0 + efeito_pp/100; Var(ln OR) pelo EP do efeito em pp (método delta, p0 fixo); efeito de LPM/DiD/RDD: conversão aproximada (sensibilidade sem aproximados)","","","","","","0.64","","-11","2","boca_de_urna","antes_depois_proibicao","nao_se_aplica","experimento_natural","outro","candidato_partido","real","sim","maioria_dois_turnos","alto"
"Morton2015a-E24","Morton2015a","Morton2015a","ES1522","DiD (experimento natural: reforma eleitoral francesa de 2005)","ATT","turnout (comparecimento por departamento e turno)","mobilizacao","aumentar","Tabela 9, coluna (5) (apendice; regressao ponderada, EP agrupado)","nao","","dif_prop","","","","","","","","","","","","","","","","","","420","","","Treatment Eﬀect 0.11∗∗∗ 0.11∗∗∗ 0.11∗∗∗ 0.11∗∗∗ 0.14∗∗∗ 0.14∗∗∗ (0.02) (0.02) (0.02) (0.02) (0.02) (0.02)","37","",-0.3166453724095,0.00193838783747244,0.0440271261550472,"dif_prop_lpm",1,"mantido","d via log OR (Chinn 2000): pressupõe distribuição logística latente; p1 reconstruído como p0 + efeito_pp/100; Var(ln OR) pelo EP do efeito em pp (método delta, p0 fixo); efeito de LPM/DiD/RDD: conversão aproximada (sensibilidade sem aproximados)","","","","","","0.64","","-14","2","boca_de_urna","antes_depois_proibicao","nao_se_aplica","experimento_natural","outro","candidato_partido","real","sim","maioria_dois_turnos","alto"
"Morton2015a-E25","Morton2015a","Morton2015a","ES1522","DiD (experimento natural: reforma eleitoral francesa de 2005)","ATT","turnout (comparecimento por departamento e turno)","mobilizacao","aumentar","Tabela 9, coluna (6) (apendice; ponderada com dummies de OST e de turno, EP agrupado)","nao","","dif_prop","","","","","","","","","","","","","","","","","","420","","","Treatment Eﬀect 0.11∗∗∗ 0.11∗∗∗ 0.11∗∗∗ 0.11∗∗∗ 0.14∗∗∗ 0.14∗∗∗ (0.02) (0.02) (0.02) (0.02) (0.02) (0.02)","37","",-0.3166453724095,0.00193838783747244,0.0440271261550472,"dif_prop_lpm",1,"mantido","d via log OR (Chinn 2000): pressupõe distribuição logística latente; p1 reconstruído como p0 + efeito_pp/100; Var(ln OR) pelo EP do efeito em pp (método delta, p0 fixo); efeito de LPM/DiD/RDD: conversão aproximada (sensibilidade sem aproximados)","","","","","","0.64","","-14","2","boca_de_urna","antes_depois_proibicao","nao_se_aplica","experimento_natural","outro","candidato_partido","real","sim","maioria_dois_turnos","alto"
"Morton2015a-E26","Morton2015a","Morton2015a","ES1522","DiD (experimento natural: reforma eleitoral francesa de 2005)","ATT","turnout (comparecimento por departamento e turno)","mobilizacao","aumentar","Tabela 10, coluna (1) (apendice; todas as eleicoes 1981-2012, so OST orientais como controle, EP block bootstrap)","nao","","dif_prop","","","","","","","","","","","","","","","","","","108","","","Treatment Eﬀect 0.10∗∗∗ 0.10∗∗∗ 0.11∗∗∗ 0.11∗∗∗ (0.03) (0.03) (0.03) (0.03)","38","",-0.227190552658189,0.004370978615976,0.0661133769820904,"dif_prop_lpm",1,"mantido","d via log OR (Chinn 2000): pressupõe distribuição logística latente; p1 reconstruído como p0 + efeito_pp/100; Var(ln OR) pelo EP do efeito em pp (método delta, p0 fixo); efeito de LPM/DiD/RDD: conversão aproximada (sensibilidade sem aproximados)","","","","","","0.64","","-10","3","boca_de_urna","antes_depois_proibicao","nao_se_aplica","experimento_natural","outro","candidato_partido","real","sim","maioria_dois_turnos","alto"
"Morton2015a-E27","Morton2015a","Morton2015a","ES1522","DiD (experimento natural: reforma eleitoral francesa de 2005)","ATT","turnout (comparecimento por departamento e turno)","mobilizacao","aumentar","Tabela 10, coluna (2) (apendice; dummy de turno e tendencia linear, EP block bootstrap)","nao","","dif_prop","","","","","","","","","","","","","","","","","","108","","","Treatment Eﬀect 0.10∗∗∗ 0.10∗∗∗ 0.11∗∗∗ 0.11∗∗∗ (0.03) (0.03) (0.03) (0.03)","38","",-0.227190552658189,0.004370978615976,0.0661133769820904,"dif_prop_lpm",1,"mantido","d via log OR (Chinn 2000): pressupõe distribuição logística latente; p1 reconstruído como p0 + efeito_pp/100; Var(ln OR) pelo EP do efeito em pp (método delta, p0 fixo); efeito de LPM/DiD/RDD: conversão aproximada (sensibilidade sem aproximados)","","","","","","0.64","","-10","3","boca_de_urna","antes_depois_proibicao","nao_se_aplica","experimento_natural","outro","candidato_partido","real","sim","maioria_dois_turnos","alto"
"Morton2015a-E28","Morton2015a","Morton2015a","ES1522","DiD (experimento natural: reforma eleitoral francesa de 2005)","ATT","turnout (comparecimento por departamento e turno)","mobilizacao","aumentar","Tabela 10, coluna (3) (apendice; regressao ponderada, EP MQO)","nao","","dif_prop","","","","","","","","","","","","","","","","","","108","","","Treatment Eﬀect 0.10∗∗∗ 0.10∗∗∗ 0.11∗∗∗ 0.11∗∗∗ (0.03) (0.03) (0.03) (0.03)","38","",-0.24919587718457,0.00434644721496748,0.0659275906959103,"dif_prop_lpm",1,"mantido","d via log OR (Chinn 2000): pressupõe distribuição logística latente; p1 reconstruído como p0 + efeito_pp/100; Var(ln OR) pelo EP do efeito em pp (método delta, p0 fixo); efeito de LPM/DiD/RDD: conversão aproximada (sensibilidade sem aproximados)","","","","","","0.64","","-11","3","boca_de_urna","antes_depois_proibicao","nao_se_aplica","experimento_natural","outro","candidato_partido","real","sim","maioria_dois_turnos","alto"
"Morton2015a-E29","Morton2015a","Morton2015a","ES1522","DiD (experimento natural: reforma eleitoral francesa de 2005)","ATT","turnout (comparecimento por departamento e turno)","mobilizacao","aumentar","Tabela 10, coluna (4) (apendice; ponderada, dummy de turno, tendencias linear e quadratica, EP MQO)","nao","","dif_prop","","","","","","","","","","","","","","","","","","108","","","Treatment Eﬀect 0.10∗∗∗ 0.10∗∗∗ 0.11∗∗∗ 0.11∗∗∗ (0.03) (0.03) (0.03) (0.03)","38","",-0.24919587718457,0.00434644721496748,0.0659275906959103,"dif_prop_lpm",1,"mantido","d via log OR (Chinn 2000): pressupõe distribuição logística latente; p1 reconstruído como p0 + efeito_pp/100; Var(ln OR) pelo EP do efeito em pp (método delta, p0 fixo); efeito de LPM/DiD/RDD: conversão aproximada (sensibilidade sem aproximados)","","","","","","0.64","","-11","3","boca_de_urna","antes_depois_proibicao","nao_se_aplica","experimento_natural","outro","candidato_partido","real","sim","maioria_dois_turnos","alto"
"Morton2015a-E30","Morton2015a","Morton2015a","ES1522","DiD (experimento natural: reforma eleitoral francesa de 2005)","ATT","turnout (comparecimento por departamento e turno)","mobilizacao","aumentar","Tabela 11, coluna (1) (apendice; amostra colapsada em pre e pos-tratamento, sem ponderacao, EP MQO)","nao","","dif_prop","","","","","","","","","","","","","","","","","","211","","","Treatment Eﬀect 0.07∗∗∗ 0.07∗∗∗ 0.10∗∗∗ 0.10∗∗∗ (0.02) (0.03) (0.03) (0.03)","38","",-0.161240796987213,0.00200941009502173,0.0448264441487582,"dif_prop_lpm",1,"mantido","d via log OR (Chinn 2000): pressupõe distribuição logística latente; p1 reconstruído como p0 + efeito_pp/100; Var(ln OR) pelo EP do efeito em pp (método delta, p0 fixo); efeito de LPM/DiD/RDD: conversão aproximada (sensibilidade sem aproximados)","","","","","","0.64","","-7","2","boca_de_urna","antes_depois_proibicao","nao_se_aplica","experimento_natural","outro","candidato_partido","real","sim","maioria_dois_turnos","alto"
"Morton2015a-E31","Morton2015a","Morton2015a","ES1522","DiD (experimento natural: reforma eleitoral francesa de 2005)","ATT","turnout (comparecimento por departamento e turno)","mobilizacao","aumentar","Tabela 11, coluna (2) (apendice; amostra colapsada, sem ponderacao, EP agrupado)","nao","","dif_prop","","","","","","","","","","","","","","","","","","211","","","Treatment Eﬀect 0.07∗∗∗ 0.07∗∗∗ 0.10∗∗∗ 0.10∗∗∗ (0.02) (0.03) (0.03) (0.03)","38","",-0.161240796987213,0.0045211727137989,0.0672396662231372,"dif_prop_lpm",1,"mantido","d via log OR (Chinn 2000): pressupõe distribuição logística latente; p1 reconstruído como p0 + efeito_pp/100; Var(ln OR) pelo EP do efeito em pp (método delta, p0 fixo); efeito de LPM/DiD/RDD: conversão aproximada (sensibilidade sem aproximados)","","","","","","0.64","","-7","3","boca_de_urna","antes_depois_proibicao","nao_se_aplica","experimento_natural","outro","candidato_partido","real","sim","maioria_dois_turnos","alto"
"Morton2015a-E32","Morton2015a","Morton2015a","ES1522","DiD (experimento natural: reforma eleitoral francesa de 2005)","ATT","turnout (comparecimento por departamento e turno)","mobilizacao","aumentar","Tabela 11, coluna (3) (apendice; amostra colapsada, ponderada, EP MQO)","nao","","dif_prop","","","","","","","","","","","","","","","","","","211","","","Treatment Eﬀect 0.07∗∗∗ 0.07∗∗∗ 0.10∗∗∗ 0.10∗∗∗ (0.02) (0.03) (0.03) (0.03)","38","",-0.22799125845541,0.00440184288659145,0.0663463856332163,"dif_prop_lpm",1,"mantido","d via log OR (Chinn 2000): pressupõe distribuição logística latente; p1 reconstruído como p0 + efeito_pp/100; Var(ln OR) pelo EP do efeito em pp (método delta, p0 fixo); efeito de LPM/DiD/RDD: conversão aproximada (sensibilidade sem aproximados)","","","","","","0.64","","-10","3","boca_de_urna","antes_depois_proibicao","nao_se_aplica","experimento_natural","outro","candidato_partido","real","sim","maioria_dois_turnos","alto"
"Morton2015a-E33","Morton2015a","Morton2015a","ES1522","DiD (experimento natural: reforma eleitoral francesa de 2005)","ATT","turnout (comparecimento por departamento e turno)","mobilizacao","aumentar","Tabela 11, coluna (4) (apendice; amostra colapsada, ponderada, EP agrupado)","nao","","dif_prop","","","","","","","","","","","","","","","","","","211","","","Treatment Eﬀect 0.07∗∗∗ 0.07∗∗∗ 0.10∗∗∗ 0.10∗∗∗ (0.02) (0.03) (0.03) (0.03)","38","",-0.22799125845541,0.00440184288659145,0.0663463856332163,"dif_prop_lpm",1,"mantido","d via log OR (Chinn 2000): pressupõe distribuição logística latente; p1 reconstruído como p0 + efeito_pp/100; Var(ln OR) pelo EP do efeito em pp (método delta, p0 fixo); efeito de LPM/DiD/RDD: conversão aproximada (sensibilidade sem aproximados)","","","","","","0.64","","-10","3","boca_de_urna","antes_depois_proibicao","nao_se_aplica","experimento_natural","outro","candidato_partido","real","sim","maioria_dois_turnos","alto"
"Morton2015a-E34","Morton2015a","Morton2015a","ES1522","DiD (experimento natural: reforma eleitoral francesa de 2005)","ATT","turnout (comparecimento por departamento e turno)","mobilizacao","aumentar","Tabela 12, coluna (1) (apendice; exclui o 1o turno de 2002, sem controles, EP MQO)","nao","","dif_prop","","","","","","","","","","","","","","","","","","1155","","","Treatment Eﬀect 0.06∗∗∗ 0.06∗∗∗ 0.06∗∗ 0.06∗∗ 0.06∗∗ 0.12∗∗∗ 0.15∗∗∗ (0.02) (0.02) (0.03) (0.03) (0.03) (0.02) (0.01)","39","",-0.139169975194451,0.0020462638368359,0.0452356478547163,"dif_prop_lpm",1,"mantido","d via log OR (Chinn 2000): pressupõe distribuição logística latente; p1 reconstruído como p0 + efeito_pp/100; Var(ln OR) pelo EP do efeito em pp (método delta, p0 fixo); efeito de LPM/DiD/RDD: conversão aproximada (sensibilidade sem aproximados)","","","","","","0.64","","-6","2","boca_de_urna","antes_depois_proibicao","nao_se_aplica","experimento_natural","outro","candidato_partido","real","sim","maioria_dois_turnos","alto"
"Morton2015a-E35","Morton2015a","Morton2015a","ES1522","DiD (experimento natural: reforma eleitoral francesa de 2005)","ATT","turnout (comparecimento por departamento e turno)","mobilizacao","aumentar","Tabela 12, coluna (2) (apendice; exclui 2002-T1, tendencia comum linear e quadratica, dummy de turno, EP MQO)","nao","","dif_prop","","","","","","","","","","","","","","","","","","1155","","","Treatment Eﬀect 0.06∗∗∗ 0.06∗∗∗ 0.06∗∗ 0.06∗∗ 0.06∗∗ 0.12∗∗∗ 0.15∗∗∗ (0.02) (0.02) (0.03) (0.03) (0.03) (0.02) (0.01)","39","",-0.139169975194451,0.0020462638368359,0.0452356478547163,"dif_prop_lpm",1,"mantido","d via log OR (Chinn 2000): pressupõe distribuição logística latente; p1 reconstruído como p0 + efeito_pp/100; Var(ln OR) pelo EP do efeito em pp (método delta, p0 fixo); efeito de LPM/DiD/RDD: conversão aproximada (sensibilidade sem aproximados)","","","","","","0.64","","-6","2","boca_de_urna","antes_depois_proibicao","nao_se_aplica","experimento_natural","outro","candidato_partido","real","sim","maioria_dois_turnos","alto"
"Morton2015a-E36","Morton2015a","Morton2015a","ES1522","DiD (experimento natural: reforma eleitoral francesa de 2005)","ATT","turnout (comparecimento por departamento e turno)","mobilizacao","aumentar","Tabela 12, coluna (3) (apendice; exclui 2002-T1, sem controles, EP agrupado)","nao","","dif_prop","","","","","","","","","","","","","","","","","","1155","","","Treatment Eﬀect 0.06∗∗∗ 0.06∗∗∗ 0.06∗∗ 0.06∗∗ 0.06∗∗ 0.12∗∗∗ 0.15∗∗∗ (0.02) (0.02) (0.03) (0.03) (0.03) (0.02) (0.01)","39","",-0.139169975194451,0.00460409363288077,0.0678534717820744,"dif_prop_lpm",1,"mantido","d via log OR (Chinn 2000): pressupõe distribuição logística latente; p1 reconstruído como p0 + efeito_pp/100; Var(ln OR) pelo EP do efeito em pp (método delta, p0 fixo); efeito de LPM/DiD/RDD: conversão aproximada (sensibilidade sem aproximados)","","","","","","0.64","","-6","3","boca_de_urna","antes_depois_proibicao","nao_se_aplica","experimento_natural","outro","candidato_partido","real","sim","maioria_dois_turnos","alto"
"Morton2015a-E37","Morton2015a","Morton2015a","ES1522","DiD (experimento natural: reforma eleitoral francesa de 2005)","ATT","turnout (comparecimento por departamento e turno)","mobilizacao","aumentar","Tabela 12, coluna (4) (apendice; exclui 2002-T1, dummies de OST e de turno, EP agrupado)","nao","","dif_prop","","","","","","","","","","","","","","","","","","1155","","","Treatment Eﬀect 0.06∗∗∗ 0.06∗∗∗ 0.06∗∗ 0.06∗∗ 0.06∗∗ 0.12∗∗∗ 0.15∗∗∗ (0.02) (0.02) (0.03) (0.03) (0.03) (0.02) (0.01)","39","",-0.139169975194451,0.00460409363288077,0.0678534717820744,"dif_prop_lpm",1,"mantido","d via log OR (Chinn 2000): pressupõe distribuição logística latente; p1 reconstruído como p0 + efeito_pp/100; Var(ln OR) pelo EP do efeito em pp (método delta, p0 fixo); efeito de LPM/DiD/RDD: conversão aproximada (sensibilidade sem aproximados)","","","","","","0.64","","-6","3","boca_de_urna","antes_depois_proibicao","nao_se_aplica","experimento_natural","outro","candidato_partido","real","sim","maioria_dois_turnos","alto"
"Morton2015a-E38","Morton2015a","Morton2015a","ES1522","DiD (experimento natural: reforma eleitoral francesa de 2005)","ATT","turnout (comparecimento por departamento e turno)","mobilizacao","aumentar","Tabela 12, coluna (5) (apendice; exclui 2002-T1, dummies de OST e de turno, tendencia comum linear e quadratica, EP agrupado)","nao","","dif_prop","","","","","","","","","","","","","","","","","","1155","","","Treatment Eﬀect 0.06∗∗∗ 0.06∗∗∗ 0.06∗∗ 0.06∗∗ 0.06∗∗ 0.12∗∗∗ 0.15∗∗∗ (0.02) (0.02) (0.03) (0.03) (0.03) (0.02) (0.01)","39","",-0.139169975194451,0.00460409363288077,0.0678534717820744,"dif_prop_lpm",1,"mantido","d via log OR (Chinn 2000): pressupõe distribuição logística latente; p1 reconstruído como p0 + efeito_pp/100; Var(ln OR) pelo EP do efeito em pp (método delta, p0 fixo); efeito de LPM/DiD/RDD: conversão aproximada (sensibilidade sem aproximados)","","","","","","0.64","","-6","3","boca_de_urna","antes_depois_proibicao","nao_se_aplica","experimento_natural","outro","candidato_partido","real","sim","maioria_dois_turnos","alto"
"Morton2015a-E39","Morton2015a","Morton2015a","ES1522","DiD (experimento natural: reforma eleitoral francesa de 2005)","ATT","turnout (comparecimento por departamento e turno)","mobilizacao","aumentar","Tabela 12, coluna (6) (apendice; exclui 2002-T1, tendencia especifica por territorio, dummy de turno, EP agrupado)","nao","","dif_prop","","","","","","","","","","","","","","","","","","1155","","","Treatment Eﬀect 0.06∗∗∗ 0.06∗∗∗ 0.06∗∗ 0.06∗∗ 0.06∗∗ 0.12∗∗∗ 0.15∗∗∗ (0.02) (0.02) (0.03) (0.03) (0.03) (0.02) (0.01)","39","",-0.27290734681285,0.00194906819647214,0.0441482524735933,"dif_prop_lpm",1,"mantido","d via log OR (Chinn 2000): pressupõe distribuição logística latente; p1 reconstruído como p0 + efeito_pp/100; Var(ln OR) pelo EP do efeito em pp (método delta, p0 fixo); efeito de LPM/DiD/RDD: conversão aproximada (sensibilidade sem aproximados)","","","","","","0.64","","-12","2","boca_de_urna","antes_depois_proibicao","nao_se_aplica","experimento_natural","outro","candidato_partido","real","sim","maioria_dois_turnos","alto"
"Morton2015a-E40","Morton2015a","Morton2015a","ES1522","DiD (experimento natural: reforma eleitoral francesa de 2005)","ATT","turnout (comparecimento por departamento e turno)","mobilizacao","aumentar","Tabela 12, coluna (7) (apendice; exclui 2002-T1, tendencia por territorio, ponderada, EP agrupado)","nao","","dif_prop","","","","","","","","","","","","","","","","","","1155","","","Treatment Eﬀect 0.06∗∗∗ 0.06∗∗∗ 0.06∗∗ 0.06∗∗ 0.06∗∗ 0.12∗∗∗ 0.15∗∗∗ (0.02) (0.02) (0.03) (0.03) (0.03) (0.02) (0.01)","39","",-0.339050239585471,0.000486097842462817,0.022047626685492,"dif_prop_lpm",1,"mantido","d via log OR (Chinn 2000): pressupõe distribuição logística latente; p1 reconstruído como p0 + efeito_pp/100; Var(ln OR) pelo EP do efeito em pp (método delta, p0 fixo); efeito de LPM/DiD/RDD: conversão aproximada (sensibilidade sem aproximados)","","","","","","0.64","","-15","1","boca_de_urna","antes_depois_proibicao","nao_se_aplica","experimento_natural","outro","candidato_partido","real","sim","maioria_dois_turnos","alto"
"Morton2015a-E41","Morton2015a","Morton2015a","ES1522","antes e depois da reforma eleitoral francesa de 2005 (experimento natural; diferença das inclinações pré e pós-2005, eq. 2, só nas unidades tratadas)","associacao","vote difference in the western OST (∆treated,st)","apoio_ao_lider","aumentar","Tabela 8, coluna 'Full Sample' (amostra completa; diferenca delta das inclinacoes pre e pos-2005 da equacao (2), MQO, EP agrupado por departamento)","sim","","beta_sd","","","","","","","","","","5.22","2.04","","","","","","","60","","","Diﬀerence δ −5.22 -11.49 Standard errors: OLS (2.91)∗ (5.62)∗∗ Clustered by department (2.04)∗ (3.78)∗∗ Bootstrapped (1.23)∗∗∗ (5.76)∗∗ Block bootstrapped by department (1.73)∗∗∗ (3.31)∗∗∗ N 60 50","34","",,,,"sem_calculo",,"","beta_sd exige sdy > 0 (DP de Y no grupo de controle)","","","","","","","","","","boca_de_urna","antes_depois_proibicao","lider","experimento_natural","outro","candidato_partido","real","sim","maioria_dois_turnos","alto"
"Morton2015a-E42","Morton2015a","Morton2015a","ES1522","antes e depois da reforma eleitoral francesa de 2005 (experimento natural; diferença das inclinações pré e pós-2005, eq. 2, só nas unidades tratadas)","associacao","vote difference in the western OST (∆treated,st)","apoio_ao_lider","aumentar","Tabela 8, coluna 'Excluding Outliers' (exclui observacoes com vantagem no continente acima de 20 p.p. (1o turno de 1988 e 2o turno de 2002); EP agrupado por departamento)","nao","","beta_sd","","","","","","","","","","11.49","3.78","","","","","","","50","","","Diﬀerence δ −5.22 -11.49 Standard errors: OLS (2.91)∗ (5.62)∗∗ Clustered by department (2.04)∗ (3.78)∗∗ Bootstrapped (1.23)∗∗∗ (5.76)∗∗ Block bootstrapped by department (1.73)∗∗∗ (3.31)∗∗∗ N 60 50","34","",,,,"sem_calculo",,"","beta_sd exige sdy > 0 (DP de Y no grupo de controle)","","","","","","","","","","boca_de_urna","antes_depois_proibicao","lider","experimento_natural","outro","candidato_partido","real","sim","maioria_dois_turnos","alto"
"Schlegel2023-E01","Schlegel2023","Schlegel2023","ES3994","RCT (fatorial 2x2x2 entre sujeitos, survey experiment online no Prolific)","ATE","voto estratégico (strategic voting) na eleição simulada","apoio_ao_lider","aumentar","Fig. 2, painel High Incentive, linha Information & Cognitive Resources: alta informação (pesquisas com menor variação entre institutos) + sem carga cognitiva vs. baixa informação + carga cognitiva (condição de controle), efeito na probabilidade de votar estrategicamente; desfecho contado = voto no Candidato B (empatado na liderança com C nas pesquisas) em vez do preferido A (menor chance); amostra: estudo principal pré-registrado (N recrutado 2500)","sim","estudo principal pré-registrado; alto incentivo","dif_prop","","","","","","","","","","","","","","4.51","18.41","","","","","","is increased by 11 percentage points in the high information/cognitive resources condition (17 percentage points in the pilot study)","5","",,,,"sem_calculo",,"","d via log OR (Chinn 2000): pressupõe distribuição logística latente; dif_prop exige p0 (proporção no controle) em (0, 1); percentual vira proporção","","","","","","","","11","3.55","pesquisa_pre_eleitoral","outro_resultado","segundo_viavel","survey_experiment","outro","candidato_partido","hipotetico","nao","pluralidade","algumas_preocupacoes"
"Schlegel2023-E02","Schlegel2023","Schlegel2023","ES3994","RCT (fatorial 2x2x2 entre sujeitos, survey experiment online no Prolific)","ATE","voto estratégico (strategic voting) na eleição simulada","apoio_ao_lider","aumentar","Fig. 2, painel High Incentive, linha Information & Cognitive Resources: alta informação (pesquisas com menor variação entre institutos) + sem carga cognitiva vs. baixa informação + carga cognitiva (condição de controle), efeito na probabilidade de votar estrategicamente; desfecho contado = voto no Candidato B (empatado na liderança com C nas pesquisas) em vez do preferido A (menor chance); amostra: estudo piloto (N recrutado 1000)","sim","estudo piloto; alto incentivo","dif_prop","","","","","","","","","","","","","","6.62","26.56","","","","","","the high information/cognitive resources condition (17 percentage points in the pilot study)","5","",,,,"sem_calculo",,"","d via log OR (Chinn 2000): pressupõe distribuição logística latente; dif_prop exige p0 (proporção no controle) em (0, 1); percentual vira proporção","","","","","","","","17","5.09","pesquisa_pre_eleitoral","outro_resultado","segundo_viavel","survey_experiment","outro","candidato_partido","hipotetico","nao","pluralidade","algumas_preocupacoes"
"Stolwijk2016a-E01","Stolwijk2016a","Stolwijk2016a","ES1548","painel de duas ondas com controles (observacional, não randomizado)","associacao","vote choice (Zweitstimme, onda 2)","apoio_ao_lider","aumentar","Tabela 1 (p. 567), regressão logística da escolha de voto: linha Poll exposure index (índice contínuo de exposição a reportagens de pesquisas sobre o partido); controles: vote choice (wave 1), poll valence, amount of polls, change in vote share, party rating (w1), anxiety (w1), enthusiasm (w1), age, gender, education; EP robusto agrupado por respondente","sim","","or","","","","","","","","","","0.01","","","1.01","","","","","6384","6","0.05","Poll exposure index 0.01 ... (0.00) 1.01","14","",,,,"sem_calculo",,"","assume distribuição logística latente (d = ln(OR)·√3/π); OR exige EP de ln(OR) ou IC95","","","","","","","","","","pesquisa_pre_eleitoral","outro_resultado","nao_se_aplica","painel_individual","outro","candidato_partido","real","nao","misto","grave"
"Stolwijk2016a-E02","Stolwijk2016a","Stolwijk2016a","ES1548","painel de duas ondas com controles (observacional, não randomizado)","associacao","vote choice (Zweitstimme, onda 2)","apoio_ao_lider","aumentar","Tabela 1 (p. 566-567), mesma regressão logística: probabilidades preditas, uma reportagem positiva adicional sobre o partido em cada veículo (índice sobe para 15.72) contra todos os preditores na média (índice -0.13)","nao","","dif_prop","","","","","","","","","","","","","","","","","","6384","6","0.05","the probability of voting for that party is 4.19%. ... the probability of voting for this party to 5.12%","13","",0.115880032543446,0.00541418421276851,0.073581140333434,"dif_prop_lpm+de_cluster",1,"mantido","d via log OR (Chinn 2000): pressupõe distribuição logística latente; grupos assumidos iguais (n_total/2); variância multiplicada pelo efeito de desenho 1 + (6 − 1)·0.05","","","","","","0.0419","0.0512","","","pesquisa_pre_eleitoral","outro_resultado","nao_se_aplica","painel_individual","outro","candidato_partido","real","nao","misto","grave"
"Stolwijk2016a-E03","Stolwijk2016a","Stolwijk2016a","ES1548","painel de duas ondas com controles (observacional, não randomizado)","associacao","vote choice (Zweitstimme, onda 2)","apoio_ao_lider","aumentar","Tabela 1 (p. 566-567), mesma regressão logística: probabilidades preditas, todos os preditores na média (índice -0.13) contra uma reportagem negativa adicional sobre o partido; grupo 1 é a média, por ser a exposição relativamente mais positiva","nao","","dif_prop","","","","","","","","","","","","","","","","","","6384","6","0.05","the probability of voting for that party is 4.19%. ... the probability of voting for that party decreases to 3.43%","13","",0.114685834379598,0.00655720987468097,0.0809766007849241,"dif_prop_lpm+de_cluster",1,"mantido","d via log OR (Chinn 2000): pressupõe distribuição logística latente; grupos assumidos iguais (n_total/2); variância multiplicada pelo efeito de desenho 1 + (6 − 1)·0.05","","","","","","0.0343","0.0419","","","pesquisa_pre_eleitoral","outro_resultado","nao_se_aplica","painel_individual","outro","candidato_partido","real","nao","misto","grave"
"Stolwijk2016a-E04","Stolwijk2016a","Stolwijk2016a","ES1548","painel de duas ondas com controles (observacional, não randomizado)","associacao","vote choice (Zweitstimme, onda 2)","apoio_ao_lider","aumentar","Tabela 1 (p. 567), mesma regressão logística: probabilidades preditas no escore máximo do índice de exposição (248.5) contra o escore mínimo (-200.7)","nao","","dif_prop","","","","","","","","","","","","","","","","","","6384","6","0.05","amounts to a predicted probability of voting for that party of 0.31% compared with 53.58%","14","",3.2616609020194,0.0389866785025317,0.197450445688359,"dif_prop_lpm+de_cluster",1,"mantido","d via log OR (Chinn 2000): pressupõe distribuição logística latente; grupos assumidos iguais (n_total/2); variância multiplicada pelo efeito de desenho 1 + (6 − 1)·0.05; |g| > 2: conferir extração (EP lido como DP, unidades, sinal)","","","","","","0.0031","0.5358","","","pesquisa_pre_eleitoral","outro_resultado","nao_se_aplica","painel_individual","outro","candidato_partido","real","nao","misto","grave"
"Stolwijk2016a-E05","Stolwijk2016a","Stolwijk2016a","ES1548","painel de duas ondas com controles (observacional, não randomizado)","associacao","vote choice (Zweitstimme, onda 2)","apoio_ao_lider","aumentar","Figura 2 (p. 568), SEM de mediação: coeficiente padronizado do caminho direto polls -> vote, controlando ansiedade, entusiasmo, avaliação do partido e as medidas correspondentes da onda 1; IC bootstrap corrigido de viés com 5.000 reamostras","nao","","beta_sd","","","","","","","","","","0.02","","","","","","","<0.01","6384","6","0.05","SEM results of the effects of exposure to poll reports about a party via feelings of anxiety and enthusiasm about that party and/or party ratings on voting for that party. All effects reported are significant at p < .01 level","15","",,,,"sem_calculo",,"","beta_sd exige sdy > 0 (DP de Y no grupo de controle)","","","","","","","","","","pesquisa_pre_eleitoral","outro_resultado","nao_se_aplica","painel_individual","outro","candidato_partido","real","nao","misto","grave"
"Stolwijk2016a-E06","Stolwijk2016a","Stolwijk2016a","ES1548","painel de duas ondas com controles (observacional, não randomizado)","associacao","vote choice (Zweitstimme, onda 2)","apoio_ao_lider","aumentar","Tabela 2 (p. 569), decomposição do SEM: efeito INDIRETO do índice de exposição log-transformado sobre a escolha de voto pelo caminho ansiedade (Anxiety)","nao","","beta_sd","","","","","","","","","","0.0002","","","","","","","0.057","6384","6","0.05","Log transformed poll index via Anxiety .0002 (p ... .057)","16","",,,,"sem_calculo",,"","beta_sd exige sdy > 0 (DP de Y no grupo de controle)","","","","","","","","","","pesquisa_pre_eleitoral","outro_resultado","nao_se_aplica","painel_individual","outro","candidato_partido","real","nao","misto","grave"
"Stolwijk2016a-E07","Stolwijk2016a","Stolwijk2016a","ES1548","painel de duas ondas com controles (observacional, não randomizado)","associacao","vote choice (Zweitstimme, onda 2)","apoio_ao_lider","aumentar","Tabela 2 (p. 569), decomposição do SEM: efeito INDIRETO do índice de exposição log-transformado sobre a escolha de voto pelo caminho ansiedade e avaliação do partido (Anxiety and party ratings)","nao","","beta_sd","","","","","","","","","","0.0003","","","","","","","0.011","6384","6","0.05","Anxiety and party ratings .0003 (p ... .011)","16","",,,,"sem_calculo",,"","beta_sd exige sdy > 0 (DP de Y no grupo de controle)","","","","","","","","","","pesquisa_pre_eleitoral","outro_resultado","nao_se_aplica","painel_individual","outro","candidato_partido","real","nao","misto","grave"
"Stolwijk2016a-E08","Stolwijk2016a","Stolwijk2016a","ES1548","painel de duas ondas com controles (observacional, não randomizado)","associacao","vote choice (Zweitstimme, onda 2)","apoio_ao_lider","aumentar","Tabela 2 (p. 569), decomposição do SEM: efeito INDIRETO do índice de exposição log-transformado sobre a escolha de voto pelo caminho entusiasmo (Enthusiasm)","nao","","beta_sd","","","","","","","","","","0.0033","","","","","","","<0.001","6384","6","0.05","Enthusiasm .0033 (p < .001)","16","",,,,"sem_calculo",,"","beta_sd exige sdy > 0 (DP de Y no grupo de controle)","","","","","","","","","","pesquisa_pre_eleitoral","outro_resultado","nao_se_aplica","painel_individual","outro","candidato_partido","real","nao","misto","grave"
"Stolwijk2016a-E09","Stolwijk2016a","Stolwijk2016a","ES1548","painel de duas ondas com controles (observacional, não randomizado)","associacao","vote choice (Zweitstimme, onda 2)","apoio_ao_lider","aumentar","Tabela 2 (p. 569), decomposição do SEM: efeito INDIRETO do índice de exposição log-transformado sobre a escolha de voto pelo caminho entusiasmo e avaliação do partido (Enthusiasm and party ratings)","nao","","beta_sd","","","","","","","","","","0.0022","","","","","","","<0.001","6384","6","0.05","Enthusiasm and party ratings .0022 (p < .001)","16","",,,,"sem_calculo",,"","beta_sd exige sdy > 0 (DP de Y no grupo de controle)","","","","","","","","","","pesquisa_pre_eleitoral","outro_resultado","nao_se_aplica","painel_individual","outro","candidato_partido","real","nao","misto","grave"
"Stolwijk2016a-E10","Stolwijk2016a","Stolwijk2016a","ES1548","painel de duas ondas com controles (observacional, não randomizado)","associacao","vote choice (Zweitstimme, onda 2)","apoio_ao_lider","aumentar","Tabela 2 (p. 569), decomposição do SEM: efeito INDIRETO do índice de exposição log-transformado sobre a escolha de voto pelo caminho avaliação do partido (Party ratings)","nao","","beta_sd","","","","","","","","","","0.0042","","","","","","","<0.001","6384","6","0.05","Party ratings .0042 (p < .001)","16","",,,,"sem_calculo",,"","beta_sd exige sdy > 0 (DP de Y no grupo de controle)","","","","","","","","","","pesquisa_pre_eleitoral","outro_resultado","nao_se_aplica","painel_individual","outro","candidato_partido","real","nao","misto","grave"
"Stolwijk2019b-E01","Stolwijk2019b","Stolwijk2019b","ES1611","transversal (logit bivariado, sem ajuste)","associacao","turnout","mobilizacao","aumentar","Tabela 1 (p. 351 impressa; folha 12 do PDF), coluna 1 (Logit), linha Poll exposure; sem covariaveis (Covariates included = NO)","nao","","or","","","","","","","","","","","","","3.50","","","","<0.001","747","","","Poll exposure 1.25*** (3.50) 0.67** (1.99) 0.57** (1.77) ... N 747 728 747","12","",,,,"sem_calculo",,"","assume distribuição logística latente (d = ln(OR)·√3/π); OR exige EP de ln(OR) ou IC95","","","","","","","","","","pesquisa_pre_eleitoral","unidades_nao_expostas","nao_se_aplica","painel_individual","outro","candidato_partido","real","nao","proporcional","grave"
"Stolwijk2019b-E02","Stolwijk2019b","Stolwijk2019b","ES1611","transversal (logit multivariado com controles defasados do painel)","associacao","turnout","mobilizacao","aumentar","Tabela 1 (p. 351 impressa; folha 12 do PDF), coluna 2 (Multivariate logit), linha Poll exposure; covariaveis: idade, escolaridade, genero, renda, interesse em pesquisas (onda 3), exposicao a TV/jornal/internet (ondas 1-4), interesse na campanha, eficacia politica, cinismo politico (ondas 1-3), ter visto pesquisas (onda 3), intencao de comparecer (ondas 1-3), autoposicionamento esquerda-direita (onda 1), atencao as noticias da campanha (onda 3)","nao","","or","","","","","","","","","","","","","1.99","","","","<0.01","728","","","Poll exposure 1.25*** (3.50) 0.67** (1.99) 0.57** (1.77) ... N 747 728 747","12","",,,,"sem_calculo",,"","assume distribuição logística latente (d = ln(OR)·√3/π); OR exige EP de ln(OR) ou IC95","","","","","","","","","","pesquisa_pre_eleitoral","unidades_nao_expostas","nao_se_aplica","painel_individual","outro","candidato_partido","real","nao","proporcional","grave"
"Stolwijk2019b-E03","Stolwijk2019b","Stolwijk2019b","ES1611","observacional em painel (logit com o escore de propensao CBPS como unica covariavel, sem pareamento)","associacao","turnout","mobilizacao","aumentar","Tabela 1 (p. 351 impressa; folha 12 do PDF), coluna 3 (CBPS logit), linha Poll exposure; unica covariavel = Propensity to see polls (CBPS)","sim","","or","","","","","","","","","","","","","1.77","","","","<0.01","747","","","Poll exposure 1.25*** (3.50) 0.67** (1.99) 0.57** (1.77) ... N 747 728 747 ... increases the predicted probability of turnout from 36.5% (not seen polls) to 50.4% (did see polls)","12","",,,,"sem_calculo",,"","assume distribuição logística latente (d = ln(OR)·√3/π); OR exige EP de ln(OR) ou IC95","","","","","","0.365","0.504","","","pesquisa_pre_eleitoral","unidades_nao_expostas","nao_se_aplica","painel_individual","outro","candidato_partido","real","nao","proporcional","grave"
"Stolwijk2019b-E04","Stolwijk2019b","Stolwijk2019b","ES1611","transversal (logit com termo de interacao, controlando variaveis constitutivas, CBPS, intencao de comparecer e interesse na campanha da onda 3)","associacao","turnout","mobilizacao","aumentar","Tabela 2 (p. 352 impressa; folha 13 do PDF), coluna Turnout (odds ratio), linha Party rating VVD wave 3#Poll performance VVD: interacao entre avaliacao do partido e desempenho percebido do partido nas pesquisas (teste de H3a/H3b)","nao","quem declarou ter visto pesquisas na onda 4 (mediu-se desempenho percebido do VVD)","or","","","","","","","","","","","","","1.02","","","","","238","","","Party rating VVD wave 3#Poll performance VVD 0.00 (0.03) 0.02 (1.02) ... N ¼ 238","13","",,,,"sem_calculo",,"","assume distribuição logística latente (d = ln(OR)·√3/π); OR exige EP de ln(OR) ou IC95","","","","","","","","","","pesquisa_pre_eleitoral","outro_resultado","nao_se_aplica","painel_individual","outro","candidato_partido","real","nao","proporcional","grave"
"Stolwijk2019b-E05","Stolwijk2019b","Stolwijk2019b","ES1611","transversal (logit com termo de interacao, controlando variaveis constitutivas, CBPS, intencao de comparecer e interesse na campanha da onda 3)","associacao","turnout","mobilizacao","aumentar","Tabela 2 (p. 352 impressa; folha 13 do PDF), coluna Turnout (odds ratio), linha Party rating PvdA wave 3#Poll performance PvdA: interacao entre avaliacao do partido e desempenho percebido do partido nas pesquisas (teste de H3a/H3b)","nao","quem declarou ter visto pesquisas na onda 4 (mediu-se desempenho percebido do PvdA)","or","","","","","","","","","","","","","0.99","","","","","238","","","Party rating PvdA wave 3#Poll performance PvdA ... 0.02 (0.03) ... 0.01 (0.99) ... N ¼ 238","13","",,,,"sem_calculo",,"","assume distribuição logística latente (d = ln(OR)·√3/π); OR exige EP de ln(OR) ou IC95","","","","","","","","","","pesquisa_pre_eleitoral","outro_resultado","nao_se_aplica","painel_individual","outro","candidato_partido","real","nao","proporcional","grave"
"Stolwijk2019b-E06","Stolwijk2019b","Stolwijk2019b","ES1611","transversal (logit com termo de interacao, controlando variaveis constitutivas, CBPS, intencao de comparecer e interesse na campanha da onda 3)","associacao","turnout","mobilizacao","aumentar","Tabela 2 (p. 352 impressa; folha 13 do PDF), coluna Turnout (odds ratio), linha Party rating PVV wave 3#Poll performance PVV: interacao entre avaliacao do partido e desempenho percebido do partido nas pesquisas (teste de H3a/H3b)","nao","quem declarou ter visto pesquisas na onda 4 (mediu-se desempenho percebido do PVV)","or","","","","","","","","","","","","","0.99","","","","","238","","","Party rating PVV wave 3#Poll performance PVV 0.00 (0.02) ... 0.01 (0.99) ... N ¼ 238","13","",,,,"sem_calculo",,"","assume distribuição logística latente (d = ln(OR)·√3/π); OR exige EP de ln(OR) ou IC95","","","","","","","","","","pesquisa_pre_eleitoral","outro_resultado","nao_se_aplica","painel_individual","outro","candidato_partido","real","nao","proporcional","grave"
"Stolwijk2019b-E07","Stolwijk2019b","Stolwijk2019b","ES1611","transversal (logit com termo de interacao, controlando variaveis constitutivas, CBPS, intencao de comparecer e interesse na campanha da onda 3)","associacao","turnout","mobilizacao","aumentar","Tabela 2 (p. 352 impressa; folha 13 do PDF), coluna Turnout (odds ratio), linha Party rating SP wave 3#Poll performance SP: interacao entre avaliacao do partido e desempenho percebido do partido nas pesquisas (teste de H3a/H3b)","nao","quem declarou ter visto pesquisas na onda 4 (mediu-se desempenho percebido do SP)","or","","","","","","","","","","","","","1.06","","","","","238","","","Party rating SP wave 3#Poll performance SP ... 0.02 (0.02) ... 0.06 (1.06) ... N ¼ 238","13","",,,,"sem_calculo",,"","assume distribuição logística latente (d = ln(OR)·√3/π); OR exige EP de ln(OR) ou IC95","","","","","","","","","","pesquisa_pre_eleitoral","outro_resultado","nao_se_aplica","painel_individual","outro","candidato_partido","real","nao","proporcional","grave"
"Stolwijk2019b-E08","Stolwijk2019b","Stolwijk2019b","ES1611","transversal (logit com termo de interacao, controlando variaveis constitutivas, CBPS, intencao de comparecer e interesse na campanha da onda 3)","associacao","turnout","mobilizacao","aumentar","Tabela 2 (p. 352 impressa; folha 13 do PDF), coluna Turnout (odds ratio), linha Party rating D66 wave 3#Poll performance D66: interacao entre avaliacao do partido e desempenho percebido do partido nas pesquisas (teste de H3a/H3b)","nao","quem declarou ter visto pesquisas na onda 4 (mediu-se desempenho percebido do D66)","or","","","","","","","","","","","","","0.96","","","","","238","","","Party rating D66 wave 3#Poll performance D66 ... 0.01 (0.02) ... 0.04 (0.96) ... N ¼ 238","13","",,,,"sem_calculo",,"","assume distribuição logística latente (d = ln(OR)·√3/π); OR exige EP de ln(OR) ou IC95","","","","","","","","","","pesquisa_pre_eleitoral","outro_resultado","nao_se_aplica","painel_individual","outro","candidato_partido","real","nao","proporcional","grave"
"Tal2015a-E01","Tal2015a","Tal2015a","ES1544","RCT (sorteio da configuração da pesquisa e da ordem de preferências a cada instância de jogo)","ATE","voting ratio for qi (proporção de votos no candidato mais preferido)","apoio_ao_lider","aumentar","Figura 5 (condição n = 1.009 eleitores, grupo C): qi coincide com o líder da pesquisa vs. qi é o segundo colocado","sim","","dif_prop","","","","","","","","","","","","","","","","","","","","","subjects overwhelmingly voted for their most-preferred candidate when it coincided with the leader of the poll (92%) and most subjects also voted for the most-preferred candidate when it was the runner-up in the poll (70%)","6","",,,,"sem_calculo",,"","d via log OR (Chinn 2000): pressupõe distribuição logística latente; dif_prop exige se_pp (ou IC do efeito em pp) ou n1 e n2","","","","","","0.70","0.92","","","pesquisa_pre_eleitoral","mesmo_candidato_atras","lider","lab_preferencias_induzidas","outro","simulada_abstrata","induzido","nao","regra_do_experimento","alto"
"Tal2015a-E02","Tal2015a","Tal2015a","ES1544","RCT (sorteio da configuração da pesquisa e da ordem de preferências a cada instância de jogo)","ATE","compromise ratio (proporção de votos no segundo preferido, q'i, quando qi é o último da pesquisa)","apoio_ao_lider","aumentar","Figura 6 (condição n = 1.009 eleitores, grupo C, qi em último na pesquisa): q'i lidera a pesquisa vs. q'i é o segundo colocado","sim","","dif_prop","","","","","","","","","","","","","","","","","","","","","compromises are slightly more common (73%) when q′i is leading the poll (bottom bar), than when it is the runner-up (64% top bar)","6","",,,,"sem_calculo",,"","d via log OR (Chinn 2000): pressupõe distribuição logística latente; dif_prop exige se_pp (ou IC do efeito em pp) ou n1 e n2","","","","","","0.64","0.73","","","pesquisa_pre_eleitoral","mesmo_candidato_atras","lider","lab_preferencias_induzidas","outro","simulada_abstrata","induzido","nao","regra_do_experimento","alto"
"Timotei2013a-E01","Timotei2013a","Timotei2013a","ES1876","RCT (experimento de survey)","ATE","% de respondentes em favor do candidato A (candidato anunciado como vencedor esperado nesse braço)","apoio_ao_lider","aumentar","Experimento ""Fake Poll"": Figura 8 (grupo A: informado que o candidato A é o vencedor esperado) vs. Figura 7 (grupo de controle); comparação descrita no texto corrido da p. 1842 (p. 8 do PDF); sem tabela de regressão no artigo","sim","","dif_prop","","","40","","","40","","","","","","","","","","","","80","20","0.05","the number of respondents who are in favour of candidate A has increase from 40% to 46%","8","",0.133839462898274,0.119066505151055,0.345060147149819,"dif_prop_contagens+de_cluster",0,"mantido","d via log OR (Chinn 2000): pressupõe distribuição logística latente; variância multiplicada pelo efeito de desenho 1 + (20 − 1)·0.05","","","","","","0.40","0.46","","","pesquisa_pre_eleitoral","sem_pesquisa","lider","survey_experiment","outro","candidato_partido","hipotetico","nao","999","algumas_preocupacoes"
"Timotei2013a-E02","Timotei2013a","Timotei2013a","ES1876","RCT (experimento de survey)","ATE","% de respondentes em favor do candidato B (candidato anunciado como vencedor esperado nesse braço)","apoio_ao_lider","aumentar","Experimento ""Fake Poll"": Figura 9 (grupo B: informado que o candidato B é o vencedor esperado) vs. Figura 7 (grupo de controle); comparação descrita no texto corrido da p. 1842 (p. 8 do PDF); sem tabela de regressão no artigo","nao","","dif_prop","","","40","","","40","","","","","","","","","","","","80","","","the respondents who would are in favour of candidate B has increase from 59% to 62% compared with the results from the control group","8","",0.0685695675383299,0.062445966882177,0.24989191039763,"dif_prop_contagens",0,"mantido","d via log OR (Chinn 2000): pressupõe distribuição logística latente","","","","","","0.59","0.62","","","pesquisa_pre_eleitoral","sem_pesquisa","lider","survey_experiment","outro","candidato_partido","hipotetico","nao","999","algumas_preocupacoes"
"Tyszler2013-E01","Tyszler2013","Tyszler2013","ES4203","RCT por cluster (experimento de laboratório entre sujeitos; informação variada entre sessões/eleitorados; sorteio das sessões não declarado)","ATE","Fração de votos estratégicos (voto na segunda opção preferida), eleitorados heterogêneos","apoio_ao_lider","aumentar","Seção 4.2, Figuras 6 e 7 e teste Mann-Whitney no texto (p. 638 impressa): eleitorados heterogêneos informados (aggregate + full information, 6+6) vs. heterogêneos desinformados (5), um=3; desfecho contado = fração de votos na segunda opção preferida (voto estratégico, todos os Rank-Types juntos), não a vitória do líder; unidade = eleitorado (média por eleitorado, 12 votantes, 40 rodadas), n1/n2/n_total em eleitorados; dados heterogêneos próprios (CREED 2009), sem dados de TS11","nao","um=3 (valor baixo da opção intermediária)","mann_whitney","","","12","","","5","2.485","","","","","","","","","","0.013","17","","","The differences are statistically significant (for low intermediate values: MW, Z = −2.485, p = 0.013, N = 17;","15","",1.57335333708366,0.328059402227077,0.572764700577014,"mann_whitney_z",1,"mantido","Mann-Whitney via z (normal), não via t: r = z/√N, depois r → d com p1 = n1/N; coluna t interpretada como z padronizado do teste","","","","","","","","","","pesquisa_pre_eleitoral","sem_pesquisa","lider","lab_preferencias_induzidas","outro","simulada_abstrata","induzido","sim","regra_do_experimento",""
"Tyszler2013-E02","Tyszler2013","Tyszler2013","ES4203","RCT por cluster (experimento de laboratório entre sujeitos; informação variada entre sessões/eleitorados; sorteio das sessões não declarado)","ATE","Fração de votos estratégicos (voto na segunda opção preferida), eleitorados heterogêneos","apoio_ao_lider","aumentar","Seção 4.2, Figuras 6 e 7 e teste Mann-Whitney no texto (p. 638 impressa): eleitorados heterogêneos informados (aggregate + full information, 6+6) vs. heterogêneos desinformados (5), um=8; desfecho contado = fração de votos na segunda opção preferida (voto estratégico, todos os Rank-Types juntos), não a vitória do líder; unidade = eleitorado (média por eleitorado, 12 votantes, 40 rodadas), n1/n2/n_total em eleitorados; dados heterogêneos próprios (CREED 2009), sem dados de TS11","nao","um=8 (valor alto da opção intermediária)","mann_whitney","","","12","","","5","1.899","","","","","","","","","","0.058","17","","","this average is higher with information ... for high intermediate values: MW, Z = −1.899, p = 0.058, N = 17)","15","",1.08089221196716,0.289614909597046,0.538158814474915,"mann_whitney_z",1,"mantido","Mann-Whitney via z (normal), não via t: r = z/√N, depois r → d com p1 = n1/N; coluna t interpretada como z padronizado do teste","","","","","","","","","","pesquisa_pre_eleitoral","sem_pesquisa","lider","lab_preferencias_induzidas","outro","simulada_abstrata","induzido","sim","regra_do_experimento",""
"Tyszler2015-E01","Tyszler2015","Tyszler2015","ES2996","RCT por cluster presumido (experimento de laboratório; informação variada entre eleitorados/sessões; atribuição aleatória dos eleitorados aos tratamentos não declarada no texto)","ATE","Fração de eleições cujo vencedor está no Majoritarian Set (opção ou opções com mais apoio sincero)","apoio_ao_lider","aumentar","Figura 4 (p. 27 impressa), barras Majoritarian Set, informado (pesquisa sem ruído com a distribuição de preferências) vs. desinformado, um=3; candidato à frente = Majoritarian Set/Majoritarian Candidate da distribuição sincera revelada; desfecho contado = vitória de opção do Majoritarian Set; N = eleitorados (6 por braço, 12 eleitores e 40 eleições cada)","sim","um=3 (valor baixo da opção intermediária)","dif_prop","","","6","","","6","","","","","","","","","","","","12","","","In our experiment, we observe this 72-88% of the time with uninformed voters and 93-96% of the time when voters know each others’ preferences (cf. figure 4).","22","",0.302429775671195,1.071851600493,1.0353026612991,"dif_prop_contagens",0,"mantido","d via log OR (Chinn 2000): pressupõe distribuição logística latente","","","","","","0.88","0.93","","","pesquisa_pre_eleitoral","sem_pesquisa","lider","lab_preferencias_induzidas","outro","simulada_abstrata","induzido","sim","regra_do_experimento","algumas_preocupacoes"
"Tyszler2015-E02","Tyszler2015","Tyszler2015","ES2996","RCT por cluster presumido (experimento de laboratório; informação variada entre eleitorados/sessões; atribuição aleatória dos eleitorados aos tratamentos não declarada no texto)","ATE","Fração de eleições cujo vencedor está no Majoritarian Set (opção ou opções com mais apoio sincero)","apoio_ao_lider","aumentar","Figura 4 (p. 27 impressa), barras Majoritarian Set, informado (pesquisa sem ruído com a distribuição de preferências) vs. desinformado, um=8; candidato à frente = Majoritarian Set/Majoritarian Candidate da distribuição sincera revelada; desfecho contado = vitória de opção do Majoritarian Set; N = eleitorados (6 por braço, 12 eleitores e 40 eleições cada)","sim","um=8 (valor alto da opção intermediária)","dif_prop","","","6","","","6","","","","","","","","","","","","12","","","In our experiment, we observe this 72-88% of the time with uninformed voters and 93-96% of the time when voters know each others’ preferences (cf. figure 4).","22","",1.13671747597497,1.33824471209766,1.1568252729335,"dif_prop_contagens",0,"mantido","d via log OR (Chinn 2000): pressupõe distribuição logística latente","","","","","","0.72","0.96","","","pesquisa_pre_eleitoral","sem_pesquisa","lider","lab_preferencias_induzidas","outro","simulada_abstrata","induzido","sim","regra_do_experimento","algumas_preocupacoes"
"Unkelbach2022a-E01","Unkelbach2022a","Unkelbach2022a","ES1652","transversal (rolling cross-section; regressao logistica multinivel, observacional, nao randomizado)","associacao","voting intention for the CDU/CSU","apoio_ao_lider","aumentar","Tabela 2 (p. 69 impressa; folha 19 do PDF), coluna CDU/CSU: regressao logistica multinivel (lme4), CMVI como preditor de nivel 2, SES objetiva no nivel 1 e interacao entre niveis CMVI x SES, defasagem de 1 dia, preditores centrados e z-padronizados","sim","","or","","","","","","","","","","0.037","0.039","","1.0377","","","","","5291","","0.000","CMVI 0.037 0.039 0.102 ** 0.041 0.021 0.071 0.038 0.039 0.094 0.065 –0.067 0.069","19","",0.020399983823142,0.000462197444218002,0.0214987777377692,"or_logit",0,"mantido","assume distribuição logística latente (d = ln(OR)·√3/π); se interpretado como EP de ln(OR)","","","","","","","","","","pesquisa_pre_eleitoral","outro_resultado","nao_se_aplica","outro","outro","candidato_partido","real","nao","proporcional","critico"
"Unkelbach2022a-E02","Unkelbach2022a","Unkelbach2022a","ES1652","transversal (rolling cross-section; regressao logistica multinivel, observacional, nao randomizado)","associacao","voting intention for the SPD","apoio_ao_lider","aumentar","Tabela 2 (p. 69 impressa; folha 19 do PDF), coluna SPD: regressao logistica multinivel (lme4), CMVI como preditor de nivel 2, SES objetiva no nivel 1 e interacao entre niveis CMVI x SES, defasagem de 1 dia; mesma estimativa relatada no texto (p. 67 impressa) e interpretada no resumo e na conclusao","sim","","or","","","","","","","","","","0.102","0.041","","1.107","1.022","1.201","","0.006","5291","","0.005","For the SPD, CMVI was positively associated with voting intention14: β= 0.102, SE= 0.041, OR= 1.107, 95% CI [1.022, 1.201], p= 0.006","17","",0.0560366489153379,0.000510817819678147,0.0226012791602189,"or_logit",0,"mantido","assume distribuição logística latente (d = ln(OR)·√3/π); se interpretado como EP de ln(OR)","","","","","","","","","","pesquisa_pre_eleitoral","outro_resultado","nao_se_aplica","outro","outro","candidato_partido","real","nao","proporcional","critico"
"Unkelbach2022a-E03","Unkelbach2022a","Unkelbach2022a","ES1652","transversal (rolling cross-section; regressao logistica multinivel, observacional, nao randomizado)","associacao","voting intention for the FDP","apoio_ao_lider","aumentar","Tabela 2 (p. 69 impressa; folha 19 do PDF), coluna FDP: regressao logistica multinivel (lme4), CMVI como preditor de nivel 2, SES objetiva no nivel 1 e interacao entre niveis CMVI x SES, defasagem de 1 dia, preditores centrados e z-padronizados","sim","","or","","","","","","","","","","0.021","0.071","","1.0212","","","","","5291","","0.024","CMVI 0.037 0.039 0.102 ** 0.041 0.021 0.071 0.038 0.039 0.094 0.065 –0.067 0.069","19","",0.011564361440201,0.00153184570434119,0.0391388004969645,"or_logit",0,"mantido","assume distribuição logística latente (d = ln(OR)·√3/π); se interpretado como EP de ln(OR)","","","","","","","","","","pesquisa_pre_eleitoral","outro_resultado","nao_se_aplica","outro","outro","candidato_partido","real","nao","proporcional","critico"
"Unkelbach2022a-E04","Unkelbach2022a","Unkelbach2022a","ES1652","transversal (rolling cross-section; regressao logistica multinivel, observacional, nao randomizado)","associacao","voting intention for Alliance 90/the Greens","apoio_ao_lider","aumentar","Tabela 2 (p. 69 impressa; folha 19 do PDF), coluna Alliance 90/the Greens: regressao logistica multinivel (lme4), CMVI como preditor de nivel 2, SES objetiva no nivel 1 e interacao entre niveis CMVI x SES, defasagem de 1 dia, preditores centrados e z-padronizados","sim","","or","","","","","","","","","","0.038","0.039","","1.0387","","","","","5291","","0.002","CMVI 0.037 0.039 0.102 ** 0.041 0.021 0.071 0.038 0.039 0.094 0.065 –0.067 0.069","19","",0.020930951607619,0.000462197444218002,0.0214987777377692,"or_logit",0,"mantido","assume distribuição logística latente (d = ln(OR)·√3/π); se interpretado como EP de ln(OR)","","","","","","","","","","pesquisa_pre_eleitoral","outro_resultado","nao_se_aplica","outro","outro","candidato_partido","real","nao","proporcional","critico"
"Unkelbach2022a-E05","Unkelbach2022a","Unkelbach2022a","ES1652","transversal (rolling cross-section; regressao logistica multinivel, observacional, nao randomizado)","associacao","voting intention for the Left","apoio_ao_lider","aumentar","Tabela 2 (p. 69 impressa; folha 19 do PDF), coluna The Left: regressao logistica multinivel (lme4), CMVI como preditor de nivel 2, SES objetiva no nivel 1 e interacao entre niveis CMVI x SES, defasagem de 1 dia, preditores centrados e z-padronizados","sim","","or","","","","","","","","","","0.094","0.065","","1.0986","","","","","5291","","0.000","CMVI 0.037 0.039 0.102 ** 0.041 0.021 0.071 0.038 0.039 0.094 0.065 –0.067 0.069","19","",0.0518377657431154,0.00128388178949445,0.0358312962296154,"or_logit",0,"mantido","assume distribuição logística latente (d = ln(OR)·√3/π); se interpretado como EP de ln(OR)","","","","","","","","","","pesquisa_pre_eleitoral","outro_resultado","nao_se_aplica","outro","outro","candidato_partido","real","nao","proporcional","critico"
"Unkelbach2022a-E06","Unkelbach2022a","Unkelbach2022a","ES1652","transversal (rolling cross-section; regressao logistica multinivel, observacional, nao randomizado)","associacao","voting intention for the AfD","apoio_ao_lider","aumentar","Tabela 2 (p. 69 impressa; folha 19 do PDF), coluna AfD: regressao logistica multinivel (lme4), CMVI como preditor de nivel 2, SES objetiva no nivel 1 e interacao entre niveis CMVI x SES, defasagem de 1 dia, preditores centrados e z-padronizados","sim","","or","","","","","","","","","","-0.067","0.069","","0.9352","","","","","5291","","0.000","CMVI 0.037 0.039 0.102 ** 0.041 0.021 0.071 0.038 0.039 0.094 0.065 –0.067 0.069","19","",-0.0369309690877991,0.00144676004728594,0.0380362990745148,"or_logit",0,"mantido","assume distribuição logística latente (d = ln(OR)·√3/π); se interpretado como EP de ln(OR)","","","","","","","","","","pesquisa_pre_eleitoral","outro_resultado","nao_se_aplica","outro","outro","candidato_partido","real","nao","proporcional","critico"
"Unkelbach2022a-E07","Unkelbach2022a","Unkelbach2022a","ES1652","transversal (rolling cross-section; regressao logistica multinivel, observacional, nao randomizado)","associacao","voting intention for the SPD","apoio_ao_lider","aumentar","Nota de rodape 14 (p. 67 impressa; folha 17 do PDF): modelo multinivel com CMVI como unico preditor (sem SES nem interacao), defasagem de 1 dia","nao","","or","","","","","","","","","","0.096","0.039","","1.100","1.019","1.188","","0.007","","","0.005","A model including CMVI as single predictor showed a similar result for this main effect: β= 0.096, SE= 0.039, OR= 1.100, 95% CI [1.019, 1.188], p= 0.007.","17","",0.0525472561539709,0.000462328560959987,0.0215018269214499,"or_logit",0,"mantido","assume distribuição logística latente (d = ln(OR)·√3/π); se interpretado como EP de ln(OR); gl indisponível: sem correção J (valor é d, não g)","","","","","","","","","","pesquisa_pre_eleitoral","outro_resultado","nao_se_aplica","outro","outro","candidato_partido","real","nao","proporcional","critico"
"Unkelbach2022a-E08","Unkelbach2022a","Unkelbach2022a","ES1652","transversal (rolling cross-section; regressao logistica multinivel, observacional, nao randomizado)","associacao","voting intention for the SPD","apoio_ao_lider","aumentar","Analises exploratorias, secao 5.3 (p. 70 impressa; folha 20 do PDF): mesma especificacao das analises principais com defasagem de zero dia (pesquisa publicada no mesmo dia de campo)","nao","","or","","","","","","","","","","0.109","0.041","","1.115","1.029","1.209","","0.004","","","0.005","Paralleling the results for a time lag of 1 day, the relationship of poll results and voting intention remained significant for the SPD: β= 0.109, SE= 0.041, OR= 1.115, 95% CI [1.029, 1.209], p= 0.004.","20","",0.0600145788219747,0.000510962729108309,0.0226044847122935,"or_logit",0,"mantido","assume distribuição logística latente (d = ln(OR)·√3/π); se interpretado como EP de ln(OR); gl indisponível: sem correção J (valor é d, não g)","","","","","","","","","","pesquisa_pre_eleitoral","outro_resultado","nao_se_aplica","outro","outro","candidato_partido","real","nao","proporcional","critico"
"Unkelbach2022a-E09","Unkelbach2022a","Unkelbach2022a","ES1652","transversal (rolling cross-section; regressao logistica multinivel, observacional, nao randomizado)","associacao","voting intention for the SPD","apoio_ao_lider","aumentar","Analises exploratorias, secao 5.3 (p. 70-71 impressas; folhas 20-21 do PDF): mesma especificacao das analises principais com defasagem de dois dias","nao","","or","","","","","","","","","","0.105","0.040","","1.111","1.025","1.203","","0.005","","","0.005","Again, CMVI was significantly associated with voting intention for the SPD—β= 0.105, SE= 0.040, OR= 1.111, 95% CI [1.025, 1.203],","20","",0.0580331610723294,0.000486341681483221,0.0220531558168717,"or_logit",0,"mantido","assume distribuição logística latente (d = ln(OR)·√3/π); se interpretado como EP de ln(OR); gl indisponível: sem correção J (valor é d, não g)","","","","","","","","","","pesquisa_pre_eleitoral","outro_resultado","nao_se_aplica","outro","outro","candidato_partido","real","nao","proporcional","critico"
"Unkelbach2022a-E10","Unkelbach2022a","Unkelbach2022a","ES1652","transversal (rolling cross-section; regressao logistica multinivel, observacional, nao randomizado)","associacao","voting intention for the SPD","apoio_ao_lider","aumentar","Analises exploratorias, secao 5.3 (p. 71 impressa; folha 21 do PDF): status social subjetivo (SSS) no lugar da SES objetiva, defasagem de 1 dia; subamostra pos-eleitoral, N nao reexposto","nao","","or","","","","","","","","","","0.082","0.046","","1.085","0.992","1.189","","0.038","","","","The CMVI and voting intention remained significantly associated for the SPD—β= 0.082, SE= 0.046, OR= 1.085, 95% CI [0.992, 1.189], p= 0.038","21","",0.0449774041170567,0.00064318687376156,0.0253611291894024,"or_logit",0,"mantido","assume distribuição logística latente (d = ln(OR)·√3/π); se interpretado como EP de ln(OR); gl indisponível: sem correção J (valor é d, não g)","","","","","","","","","","pesquisa_pre_eleitoral","outro_resultado","nao_se_aplica","outro","outro","candidato_partido","real","nao","proporcional","critico"
"Urminsky2019-E01","Urminsky2019","Urminsky2019","ES3802","RCT presumido (survey experiment entre sujeitos, atribuição individual; atribuição aleatória não declarada no texto do Estudo 1; RoB 2 D1 = algumas preocupações)","ATE","self-reported likelihood of voting","mobilizacao","aumentar","Estudo 1: comparação de médias chance vs. margem (teste t), sem controles; General Discussion","sim","","t","4.20","","","4.46","","","-1.47","223","","","","","","","","","0.143","225","","","non-significant difference in the self-reported likelihood of voting (Study 1: Mchance-forecast-displayed = 4.20 vs. Mmargin-forecast-displayed = 4.46, t(223) = 1.47, d = - 0.20, p = .143)","49","",-0.195340067340067,0.0177430586260661,0.133203072885223,"t_ind_n_total",1,"mantido","assume t de dois grupos independentes sem covariáveis; grupos assumidos iguais (n_total/2)","","","","","","","","","","agregador_projecao","outro","nao_se_aplica","survey_experiment","outro","candidato_partido","real","nao","outro","algumas_preocupacoes"
"Urminsky2019-E02","Urminsky2019","Urminsky2019","ES3802","RCT (survey experiment, atribuição individual)","ATE","Likely to vote","mobilizacao","aumentar","Estudo 2, onda d (20/set/2016): Online Appendix Tabela A1, linha Likely to vote S2d","nao","","d","3.92","","","4.21","","","","","","-0.207","","","","","","","0.146","198","","","Likely to vote S2d 3.92 4.21 -.207 .146","57","",-0.206206896551724,0.0201548889906093,0.141967915356285,"d_informado",1,"mantido","d informado; variância por n","","","","","","","","","","agregador_projecao","outro","nao_se_aplica","survey_experiment","outro","candidato_partido","real","nao","outro","algumas_preocupacoes"
"Urminsky2019-E03","Urminsky2019","Urminsky2019","ES3802","RCT (survey experiment, atribuição individual)","ATE","Likely to vote","mobilizacao","aumentar","Estudo 2, onda e (24/out/2016): Online Appendix Tabela A1, linha Likely to vote S2e","nao","","d","4.16","","","4.20","","","","","","-0.033","","","","","","","0.799","233","","","S2e 4.16 4.20 -.033 .799","57","",-0.0328927410617551,0.0170582877957193,0.130607380326378,"d_informado",1,"mantido","d informado; variância por n","","","","","","","","","","agregador_projecao","outro","nao_se_aplica","survey_experiment","outro","candidato_partido","real","nao","outro","algumas_preocupacoes"
"Urminsky2019-E04","Urminsky2019","Urminsky2019","ES3802","RCT presumido (survey experiment entre sujeitos, atribuição individual; atribuição aleatória não declarada no texto do Estudo A1)","ATE","self-reported likelihood of voting","mobilizacao","aumentar","Estudo A1 (Online Appendix 1; mudança na previsão em chance vs. margem): comparação de médias","nao","","d","4.44","","","4.39","","","0.70","196","","0.044","","","","","","","0.758","198","","","did not yield a significant difference in self-reported likelihood of voting (Mchance-forecast-displayed = 4.44 vs. Mmargin-forecast-displayed = 4.39, t(196) = 0.70, d = 0.044, p = .758)","56","",0.0438314176245211,0.0200523635082494,0.141606368176892,"d_informado",1,"mantido","d informado; variância por n","","","","","","","","","","agregador_projecao","outro","nao_se_aplica","survey_experiment","outro","candidato_partido","real","nao","outro","algumas_preocupacoes"
"Westwood2020a-E01","Westwood2020a","Westwood2020a","ES1523","RCT (experimento comportamental online, sorteio dos valores exibidos a cada rodada)","ITT","decision to vote ($1 cost)","mobilizacao","aumentar","Estudo 2 (jogo comportamental, Qualtrics Panels): modelo multinivel de probabilidade linear com interceptos aleatorios por participante e gl de Satterthwaite (nota 15); inclinacao da distancia da probabilidade de vitoria exibida em relacao a 50:50 (fig. 8A), b = -0.17 por ponto; contraste de +20 pontos acima de 50:50","sim","","dif_prop","","","","","","","-4.1","","","","","","","-5.1","-1.8","","0.000042","5845","5","0.05","an increase of 20% over even odds in this study lowered voting by 3.4% (95% CI: 1.8%, 5.1%)","11","",-0.0954132660571214,0.000516479660243951,0.0227261888631585,"dif_prop_lpm",1,"mantido","d via log OR (Chinn 2000): pressupõe distribuição logística latente; p1 reconstruído como p0 + efeito_pp/100; Var(ln OR) pelo EP do efeito em pp (método delta, p0 fixo); efeito de LPM/DiD/RDD: conversão aproximada (sensibilidade sem aproximados); cluster: EP informado presumido já ajustado ao delineamento","","","","","","0.748","","-3.4","","agregador_projecao","outro_resultado","nao_se_aplica","lab_preferencias_induzidas","outro","simulada_abstrata","induzido","nao","regra_do_experimento","algumas_preocupacoes"
"Westwood2020a-E02","Westwood2020a","Westwood2020a","ES1523","RCT (experimento comportamental online, sorteio dos valores exibidos a cada rodada)","ITT","decision to vote ($1 cost)","mobilizacao","aumentar","Estudo 2 (jogo comportamental, Qualtrics Panels): mesmo modelo multinivel de probabilidade linear (nota 15, fig. 8A), b = -0.17 por ponto; contraste de +40 pontos acima de 50:50","nao","","dif_prop","","","","","","","-4.1","","","","","","","-10.2","-3.6","","0.000042","5845","5","0.05","an advantage of 40% lowered the voting by 6.9% (95% CI: 3.6%, 10.2%)","11","",,,,"sem_calculo",,"","d via log OR (Chinn 2000): pressupõe distribuição logística latente; dif_prop exige p0 (proporção no controle) em (0, 1); percentual vira proporção","","","","","","","","-6.9","","agregador_projecao","outro_resultado","nao_se_aplica","lab_preferencias_induzidas","outro","simulada_abstrata","induzido","nao","regra_do_experimento","algumas_preocupacoes"
"Westwood2020a-E03","Westwood2020a","Westwood2020a","ES1523","RCT (experimento comportamental online, sorteio dos valores exibidos a cada rodada)","ITT","decision to vote ($1 cost)","mobilizacao","aumentar","Estudo 2 (jogo comportamental, Qualtrics Panels): mesmo modelo multinivel; inclinacao da distancia da projecao de percentual de votos exibida em relacao a 50% (fig. 8B)","nao","","t","","","","","","","-0.7","","","-0.13","","","","","","","0.48","5845","5","0.05","However, we detected no effect of vote share extremity on voting (b p 20:13, T p 20:7, p p :48)","11","",-0.0183096493213102,0.000821038311139536,0.0286537660899843,"t_ind_n_total+de_cluster",1,"mantido","assume t de dois grupos independentes sem covariáveis; grupos assumidos iguais (n_total/2); variância multiplicada pelo efeito de desenho 1 + (5 − 1)·0.05","","","","","","","","","","agregador_projecao","outro_resultado","nao_se_aplica","lab_preferencias_induzidas","outro","simulada_abstrata","induzido","nao","regra_do_experimento","algumas_preocupacoes"
"Westwood2020a-E04","Westwood2020a","Westwood2020a","ES1523","RCT (experimento comportamental online, replica em MTurk, sorteio por rodada)","ATE","decision to vote ($1 cost)","mobilizacao","aumentar","Replica do teste de robustez do estudo 2 em Amazon Mechanical Turk, grupos de 4 a 21 jogadores (nota 17, tabela A22): efeito principal da probabilidade de vitoria exibida","nao","","t","","","","","","","-2.85","","","-0.34","","","","","","","0.02","662","","","We recover a main effect of probabilities (b p 20:34, T p 22:85, p p :02) consistent with all our replications","13","",-0.221284949437673,0.0060655503469886,0.0778816431965107,"t_ind_n_total",1,"mantido","assume t de dois grupos independentes sem covariáveis; grupos assumidos iguais (n_total/2)","","","","","","","","","","agregador_projecao","outro_resultado","nao_se_aplica","lab_preferencias_induzidas","outro","simulada_abstrata","induzido","nao","regra_do_experimento","algumas_preocupacoes"
"Westwood2020a-E05","Westwood2020a","Westwood2020a","ES1523","RCT (experimento comportamental online, replica em MTurk, sorteio por rodada)","ATE","decision to vote ($1 cost)","mobilizacao","aumentar","Replica do teste de robustez do estudo 2 em Amazon Mechanical Turk, grupos de 4 a 21 jogadores (nota 17, tabela A22): efeito principal da projecao de percentual de votos exibida","nao","","t","","","","","","","0.55","","","0.37","","","","","","","0.37","662","","","Predicted vote share is not signiﬁcant (b p 0:37, T p 0:55, p p :37)","13","",0.0427041130493754,0.00602994355878898,0.0776527112133825,"t_ind_n_total",1,"mantido","assume t de dois grupos independentes sem covariáveis; grupos assumidos iguais (n_total/2)","","","","","","","","","","agregador_projecao","outro_resultado","nao_se_aplica","lab_preferencias_induzidas","outro","simulada_abstrata","induzido","nao","regra_do_experimento","algumas_preocupacoes"
"Witsman2016a-E01","Witsman2016a","Witsman2016a","ES1901","RCT (survey experiment online, atribuição aleatória individual entre 15 versões do cenário 1)","ATE","Voted for Independent Candidate (voto no candidato independente preferido, binário)","apoio_ao_lider","aumentar","Tabela 6 (cenário 1), tabulação cruzada Percent in Polls x Voted for Independent Candidate; qui-quadrado de independência sem controles; contraste tratamento = independente a 45% na pesquisa (à frente; R e D com cerca da metade do restante) vs comparação = independente a 5% (atrás); proporções = contagens Yes/Total","sim","","dif_prop","","","58","","","84","","","","","","","","","","","","","","","No Yes Total Count 38 46 84 5% ... Count 8 50 58 Percent in Polls 45%","33","",0.900164106815191,0.0580535012011318,0.240942941795629,"dif_prop_contagens",0,"mantido","d via log OR (Chinn 2000): pressupõe distribuição logística latente","","","","","","0.547619","0.862069","","","pesquisa_pre_eleitoral","mesmo_candidato_atras","lider","survey_experiment","outro","candidato_partido","hipotetico","nao","pluralidade","alto"
"Witsman2016a-E02","Witsman2016a","Witsman2016a","ES1901","RCT (survey experiment online, atribuição aleatória individual entre 15 versões do cenário 1)","ATE","Voted for Independent Candidate (voto no candidato independente preferido, binário)","apoio_ao_lider","aumentar","Tabela 6 (cenário 1), tabulação cruzada Percent in Polls x Voted for Independent Candidate; qui-quadrado de independência sem controles; contraste tratamento = independente a 35% (à frente; R e D com cerca da metade do restante) vs comparação = 5% (atrás); proporções = contagens Yes/Total","nao","","dif_prop","","","77","","","84","","","","","","","","","","","","","","","No Yes Total Count 38 46 84 5% ... Count 18 59 77 35%","33","",0.546590722992078,0.0363003065765422,0.190526393385647,"dif_prop_contagens",0,"mantido","d via log OR (Chinn 2000): pressupõe distribuição logística latente","","","","","","0.547619","0.766234","","","pesquisa_pre_eleitoral","mesmo_candidato_atras","lider","survey_experiment","outro","candidato_partido","hipotetico","nao","pluralidade","alto"
"Witsman2016a-E03","Witsman2016a","Witsman2016a","ES1901","RCT (survey experiment online, atribuição aleatória individual entre 15 versões do cenário 1)","ATE","Voted for Independent Candidate (voto no candidato independente preferido, binário)","apoio_ao_lider","reduzir","Tabela 6 (cenário 1), tabulação cruzada Percent in Polls x Voted for Independent Candidate; qui-quadrado de independência sem controles; contraste tratamento = independente a 5% (terceiro, muito atrás; R e D com cerca de 47,5% cada) vs comparação = independente a 25% (ainda terceiro, R e D com cerca de 37,5% cada); proporções = contagens Yes/Total","nao","","dif_prop","","","84","","","76","","","","","","","","","","","","","","","No Yes Total Count 38 46 84 5% ... Count 24 52 76 25%","33","",0.319423062691026,0.0328034027429424,0.181117096771515,"dif_prop_contagens",0,"invertido","d via log OR (Chinn 2000): pressupõe distribuição logística latente","","","","","","0.684211","0.547619","","","pesquisa_pre_eleitoral","outro_resultado","terceiro_inviavel","survey_experiment","outro","candidato_partido","hipotetico","nao","pluralidade","alto"
"Witsman2016a-E04","Witsman2016a","Witsman2016a","ES1901","RCT (survey experiment online, atribuição aleatória individual entre 15 versões do cenário 1)","ATE","Voted for Independent Candidate (voto no candidato independente preferido, binário)","apoio_ao_lider","reduzir","Tabela 6 (cenário 1), tabulação cruzada Percent in Polls x Voted for Independent Candidate; qui-quadrado de independência sem controles; contraste tratamento = independente a 5% (terceiro, muito atrás; R e D com cerca de 47,5% cada) vs comparação = independente a 15% (ainda terceiro, R e D com cerca de 42,5% cada); proporções = contagens Yes/Total","nao","","dif_prop","","","84","","","71","","","","","","","","","","","","","","","No Yes Total Count 38 46 84 5% ... Count 31 40 71 15%","33","",0.035021859180065,0.031697727660994,0.178038556669599,"dif_prop_contagens",0,"invertido","d via log OR (Chinn 2000): pressupõe distribuição logística latente","","","","","","0.563380","0.547619","","","pesquisa_pre_eleitoral","outro_resultado","terceiro_inviavel","survey_experiment","outro","candidato_partido","hipotetico","nao","pluralidade","alto"
"Witsman2016a-E05","Witsman2016a","Witsman2016a","ES1901","RCT (survey experiment online, atribuição aleatória individual entre 15 versões do cenário 1)","ATE","Voted for Independent Candidate (voto no candidato independente preferido, binário)","apoio_ao_lider","aumentar","Tabela 6 (cenário 1), qui-quadrado de independência omnibus 5x2 (4 gl) entre percentual do independente na pesquisa (5% a 45%) e voto no independente; phi não direcional, sinal positivo pela tendência crescente descrita no texto","nao","","r","","","","","","","","","","","","","","","","0.248","<0.001","366","","","The results were significant [χ2 (4, n=366) = 22.444, p < .001, φ= .248], with frequencies of Independent voting continually increasing","33","",0.510939038701294,0.0112405778969095,0.106021591654293,"r_d_n_total",1,"mantido","r→d pressupõe X dicotômico (ponto-bisserial); r entre variáveis contínuas vai para z de Fisher; sem n1 e n2: grupos assumidos iguais (p1 = 0,5)","","","","","","","","","","pesquisa_pre_eleitoral","outro_resultado","nao_se_aplica","survey_experiment","outro","candidato_partido","hipotetico","nao","pluralidade","alto"
"Witsman2016a-E06","Witsman2016a","Witsman2016a","ES1901","RCT (survey experiment online, duas versões do cenário 2 atribuídas aleatoriamente)","ATE","Voted Democrat (voto no candidato democrata)","apoio_ao_lider","aumentar","Tabela 7 e texto (cenário 2), independente preferido a 25%; tratamento = versão com democrata à frente (39% vs 36%) vs comparação = versão com republicano à frente; teste de aderência qui-quadrado omnibus não se refere a este contraste","nao","","dif_prop","","","143","","","","","","","","","","","","","","","","","","When the Democrat candidate was in the lead, more respondents voted for the Democrat (21% versus 13.8%) ... Voted Democrat 30 19.9 10.1","36","",,,,"sem_calculo",,"","d via log OR (Chinn 2000): pressupõe distribuição logística latente; dif_prop exige se_pp (ou IC do efeito em pp) ou n1 e n2","","","","","","0.138","0.21","","","pesquisa_pre_eleitoral","mesmo_candidato_atras","lider","survey_experiment","outro","candidato_partido","hipotetico","nao","pluralidade","alto"
"Witsman2016a-E07","Witsman2016a","Witsman2016a","ES1901","RCT (survey experiment online, duas versões do cenário 2 atribuídas aleatoriamente)","ATE","Voted Republican (voto no candidato republicano)","apoio_ao_lider","aumentar","Texto e Tabela 7 (cenário 2), independente preferido a 25%; tratamento = versão com republicano à frente (39% vs 36%) vs comparação = versão com democrata à frente; teste de aderência qui-quadrado omnibus não se refere a este contraste","nao","","dif_prop","","","","","","143","","","","","","","","","","","","","","","when the Republican candidate was in the lead, more respondents voted for the Republican (15% versus 12.5%) ... Voted Republican 18 21.4 -3.4","36","",,,,"sem_calculo",,"","d via log OR (Chinn 2000): pressupõe distribuição logística latente; dif_prop exige se_pp (ou IC do efeito em pp) ou n1 e n2","","","","","","0.125","0.15","","","pesquisa_pre_eleitoral","mesmo_candidato_atras","lider","survey_experiment","outro","candidato_partido","hipotetico","nao","pluralidade","alto"
"Witsman2016a-E08","Witsman2016a","Witsman2016a","ES1901","RCT (survey experiment online, três versões do cenário 3; aleatorização não declarada explicitamente para este cenário)","ATE","Voted for Independent Candidate (voto no candidato independente preferido, binário)","apoio_ao_lider","aumentar","Tabela 8 (cenário 3), Voted Independent by Time Group; qui-quadrado de independência sem controles; independente atrás na pesquisa mais recente, igual nas três versões; contraste tratamento = Up over time vs comparação = Down over time; proporções = contagens Yes/Total","nao","","dif_prop","","","134","","","115","","","","","","","","","","","","","","","Down over time Same over time Up over time Total ... Count 84 97 105 286 ... Count 115 135 134 384","38","",0.159307775215162,0.0266376130115139,0.163210333654196,"dif_prop_contagens",0,"mantido","d via log OR (Chinn 2000): pressupõe distribuição logística latente","","","","","","0.730435","0.783582","","","pesquisa_pre_eleitoral","outro_resultado","nao_se_aplica","survey_experiment","outro","candidato_partido","hipotetico","nao","pluralidade","alto"
"Witsman2016a-E09","Witsman2016a","Witsman2016a","ES1901","RCT (survey experiment online, três versões do cenário 3; aleatorização não declarada explicitamente para este cenário)","ATE","Voted for Independent Candidate (voto no candidato independente preferido, binário)","apoio_ao_lider","aumentar","Tabela 8 (cenário 3), Voted Independent by Time Group; qui-quadrado de independência sem controles; independente atrás na pesquisa mais recente, igual nas três versões; contraste tratamento = Up over time vs comparação = Same over time; proporções = contagens Yes/Total","nao","","dif_prop","","","134","","","135","","","","","","","","","","","","","","","Down over time Same over time Up over time Total ... Count 84 97 105 286 ... Count 115 135 134 384","38","",0.192167907014621,0.0243714591724695,0.156113609824607,"dif_prop_contagens",0,"mantido","d via log OR (Chinn 2000): pressupõe distribuição logística latente","","","","","","0.718519","0.783582","","","pesquisa_pre_eleitoral","outro_resultado","nao_se_aplica","survey_experiment","outro","candidato_partido","hipotetico","nao","pluralidade","alto"
"Yang2023d-E01","Yang2023d","Yang2023d","ES3978","RCT (sorteio individual do formato de visualização na primeira visita; painel de 3 ondas; regressão ordinal multivariada multinível bayesiana com pós-estratificação)","ATE","voting intention (self), escala Likert 1-7 (less likely a more likely)","mobilizacao","aumentar","Figura sem número p. 7, 'Visualization effects', item 19: tratamento = 2-Interval (dual histogram intervals); comparação = 1-Dotplot (single quantile dotplot); mesma previsão, outro formato; diferença de medianas posteriores em pontos Likert, IC95 de credibilidade, 08/11/2022","nao","candidato republicano previsto vencedor (círculo vermelho na figura); 08/11/2022 (onda 2)","beta_sd","","","","","","","","","","0.78","","","","0.31","1.30","","","1020","","","voting intention (e.g., 19 0.78 [0.31, 1.30] more than 1-Dotplot)","7","",,,,"sem_calculo",,"","beta_sd exige sdy > 0 (DP de Y no grupo de controle)","","","","","","","","","","agregador_projecao","outro","nao_se_aplica","survey_experiment","outro","candidato_partido","real","nao","999",""
"Yang2023d-E02","Yang2023d","Yang2023d","ES3978","RCT (sorteio individual do formato de visualização na primeira visita; painel de 3 ondas; regressão ordinal multivariada multinível bayesiana com pós-estratificação)","ATE","voting intention (self), escala Likert 1-7 (less likely a more likely)","mobilizacao","aumentar","Figura sem número p. 7, 'Visualization effects', item 18: tratamento = 1-Dotplot (single quantile dotplot); comparação = 2-Dotplot (dual quantile dotplots); mesma previsão, outro formato; diferença de medianas posteriores em pontos Likert, IC95 de credibilidade, 08/11/2022","nao","candidato republicano previsto vencedor (círculo vermelho na figura); 08/11/2022 (onda 2)","beta_sd","","","","","","","","","","-0.73","","","","-1.21","-0.23","","","1020","","","but is perceived as the least likely to increase voting ... (e.g., 18 -0.73 [-1.21, -0.23] less than 2-Dotplot)","7","",,,,"sem_calculo",,"","beta_sd exige sdy > 0 (DP de Y no grupo de controle)","","","","","","","","","","agregador_projecao","outro","nao_se_aplica","survey_experiment","outro","candidato_partido","real","nao","999",""
"Yang2023d-E03","Yang2023d","Yang2023d","ES3978","RCT (sorteio individual do formato de visualização na primeira visita; painel de 3 ondas; regressão ordinal multivariada multinível bayesiana com pós-estratificação)","ATE","perceived peers’ voting intention, escala Likert 1-7 (percepção da intenção dos correligionários)","mobilizacao","aumentar","Figura sem número p. 7, 'Visualization effects', item 20: tratamento = 2-Interval (dual histogram intervals); comparação = 1-Dotplot (single quantile dotplot); mesma previsão, outro formato; diferença de medianas posteriores em pontos Likert, IC95 de credibilidade, 08/11/2022","nao","candidato republicano previsto vencedor (círculo vermelho na figura); 08/11/2022 (onda 2)","beta_sd","","","","","","","","","","0.66","","","","0.14","1.07","","","1020","","","perceived peers’ voting intention (e.g., 20 0.66 [0.14, 1.07] more than 1-Dotplot)","7","",,,,"sem_calculo",,"","beta_sd exige sdy > 0 (DP de Y no grupo de controle)","","","","","","","","","","agregador_projecao","outro","nao_se_aplica","survey_experiment","outro","candidato_partido","real","nao","999",""
"Yang2023d-E04","Yang2023d","Yang2023d","ES3978","RCT (sorteio individual do formato de visualização na primeira visita; painel de 3 ondas; regressão ordinal multivariada multinível bayesiana com pós-estratificação)","ATE","intention for campaign contribution (self), escala Likert 1-7","mobilizacao","aumentar","Figura sem número p. 7, 'Visualization effects', item 22: tratamento = 2-Interval (dual histogram intervals); comparação = Plinko (Plinko quantile dotplot animado); mesma previsão, outro formato; diferença de medianas posteriores em pontos Likert, IC95 de credibilidade, 08/11/2022","nao","candidato republicano previsto vencedor (círculo vermelho na figura); 08/11/2022 (onda 2)","beta_sd","","","","","","","","","","0.35","","","","0.059","0.68","","","1020","","","(e.g., 22 0.35 [0.059, 0.68] more than Plinko), and perceived peers’","7","",,,,"sem_calculo",,"","beta_sd exige sdy > 0 (DP de Y no grupo de controle)","","","","","","","","","","agregador_projecao","outro","nao_se_aplica","survey_experiment","outro","candidato_partido","real","nao","999",""
"Yang2023d-E05","Yang2023d","Yang2023d","ES3978","RCT (sorteio individual do formato de visualização na primeira visita; painel de 3 ondas; regressão ordinal multivariada multinível bayesiana com pós-estratificação)","ATE","perceived peers’ intention for campaign contribution, escala Likert 1-7","mobilizacao","aumentar","Figura sem número p. 7, 'Visualization effects', item 23: tratamento = 2-Interval (dual histogram intervals); comparação = Plinko (Plinko quantile dotplot animado); mesma previsão, outro formato; diferença de medianas posteriores em pontos Likert, IC95 de credibilidade, 08/11/2022","nao","candidato democrata previsto vencedor (círculo azul na figura); 08/11/2022 (onda 2)","beta_sd","","","","","","","","","","0.32","","","","0.00","0.66","","","1020","","","intention for campaign contribution (e.g., 23 0.32 [0.00, 0.66] more than Plinko)","7","",,,,"sem_calculo",,"","beta_sd exige sdy > 0 (DP de Y no grupo de controle)","","","","","","","","","","agregador_projecao","outro","nao_se_aplica","survey_experiment","outro","candidato_partido","real","nao","999",""
"Yang2023d-E06","Yang2023d","Yang2023d","ES3978","painel antes/depois dentro do participante (não randomizado; ondas 2 e 3), mesmo modelo ordinal multinível bayesiano com pós-estratificação","outro","intention to contribute to campaigns (self e/ou peers), escala Likert 1-7","mobilizacao","aumentar","Figura sem número p. 7, 'The effects of election forecast visualizations over time', item 5: tratamento = previsão correta com resultado da eleição (18/11/2022, onda 3); comparação = mesma visualização antes do resultado (08/11/2022, onda 2); média dos quatro formatos; diferença de medianas posteriores em pontos Likert, IC95 de credibilidade","nao","candidato democrata previsto vencedor (círculo azul na figura); previsão correta (14 estados)","beta_sd","","","","","","","","","","0.18","","","","0.026","0.37","","","","","","their peers are slightly more likely to contribute to campaigns (e.g., 0.18 [0.026, 0.37])","7","",,,,"sem_calculo",,"","beta_sd exige sdy > 0 (DP de Y no grupo de controle)","","","","","","","","","","agregador_projecao","outro","nao_se_aplica","survey_experiment","outro","candidato_partido","real","nao","999",""
"Yang2023d-E07","Yang2023d","Yang2023d","ES3978","contraste contrafactual derivado do modelo (não randomizado): estado discordante vs. previsão hipoteticamente correta, onda 3, modelo ordinal multinível bayesiano pós-estratificado para Nevada","outro","voting intention (self) em eleições futuras, escala Likert 1-7","mobilizacao","aumentar","Quadro 'The effects of a “wrong” forecast in Nevada', p. 8: tratamento = previsão 'errada' em Nevada (18/11/2022, após o resultado); comparação = previsão hipoteticamente 'correta' para Nevada; média de formatos e inclinação partidária; diferença de medianas posteriores em pontos Likert, IC95 de credibilidade","nao","Nevada (único estado discordante); 18/11/2022 (onda 3)","beta_sd","","","","","","","","","","0.19","","","","-0.09","0.46","","","","","","making people think they are more likely to vote (0.19 [-0.09, 0.46]) in the future","8","",,,,"sem_calculo",,"","beta_sd exige sdy > 0 (DP de Y no grupo de controle)","","","","","","","","","","agregador_projecao","outro","nao_se_aplica","survey_experiment","outro","candidato_partido","real","nao","999",""
