citekey,ficha,variavel,pagina_indicada,status,pagina_encontrada_impressa,offset_pagina,citacao
Agranov2012a,fichamento_Agranov2012a.md,titulo,1,OK,,0,What Makes Voters Turn Out:
Agranov2012a,fichamento_Agranov2012a.md,ano,1,OK,,0,"December 29, 2014"
Agranov2012a,fichamento_Agranov2012a.md,tipo_publicacao,1,OK,,0,"December 29, 2014"
Agranov2012a,fichamento_Agranov2012a.md,tipo_publicacao,1,OK,,0,"Keywords: Collective Choice, Polls, Strategic Voting."
Agranov2012a,fichamento_Agranov2012a.md,idioma,1,OK,,0,We use laboratory experiments to test for one of the
Agranov2012a,fichamento_Agranov2012a.md,pais_estudo,10,OK,,0,"(CASSEL) at UCLA. Overall, 198 subjects participated."
Agranov2012a,fichamento_Agranov2012a.md,tipo_estudo,1,OK,,0,We use laboratory experiments to test for one of the
Agranov2012a,fichamento_Agranov2012a.md,tipo_estudo,10,OK,,0,Each experimental session implemented one of the information treatments
Agranov2012a,fichamento_Agranov2012a.md,problema_pesquisa,3,OK,,0,we consider the impact of information revealed through polls
Agranov2012a,fichamento_Agranov2012a.md,unidade_analise,3,OK,,0,each subject had to decide whether to cast a costly vote
Agranov2012a,fichamento_Agranov2012a.md,populacao,10,OK,,0,"Overall, 198 subjects participated."
Agranov2012a,fichamento_Agranov2012a.md,populacao,3,OK,,0,"In detail, 22 groups of 9 subjects each participated"
Agranov2012a,fichamento_Agranov2012a.md,fonte_dados,3,OK,,0,The experimental data reveal several interesting insights.
Agranov2012a,fichamento_Agranov2012a.md,intervencao_descricao,9,OK,,0,Subjects are perfectly informed of the realized jar in each period.
Agranov2012a,fichamento_Agranov2012a.md,intervencao_descricao,9,OK,,0,"subjects are asked to declare their intended actions: abstain, vote for red"
Agranov2012a,fichamento_Agranov2012a.md,familia_intervencao,11,OK,,0,"Second, we allow for pre-election polls"
Agranov2012a,fichamento_Agranov2012a.md,comparador,9,OK,,0,observe no information on the realized jar other than their private draw
Agranov2012a,fichamento_Agranov2012a.md,construto_outcome,1,OK,,0,voting propensity increases systematically with subjects
Agranov2012a,fichamento_Agranov2012a.md,construto_outcome,34,OK,,0,realized leads surpass those suggested by the poll
Agranov2012a,fichamento_Agranov2012a.md,outcome_medida,18,OK,,0,Table 3 contains the observed voting propensities
Agranov2012a,fichamento_Agranov2012a.md,outcome_medida,34,OK,,0,Figure 4 depicts the realized lead as a function
Agranov2012a,fichamento_Agranov2012a.md,mecanismo_id,17,OK,,0,We then consider information and consequent beliefs as channels
Agranov2012a,fichamento_Agranov2012a.md,mecanismo_tipo_evidencia,17,OK,,0,We then consider information and consequent beliefs as channels
Agranov2012a,fichamento_Agranov2012a.md,mecanismo_descricao,4,OK,,0,the more likely subjects thought their preferred color was to win
Agranov2012a,fichamento_Agranov2012a.md,mecanismo_descricao,27,OK,,0,but also have a desire to vote for the winner
Agranov2012a,fichamento_Agranov2012a.md,moderador_id,18,OK,,0,minorities participate less than majorities
Agranov2012a,fichamento_Agranov2012a.md,moderador_descricao,18,OK,,0,higher costs generating lower participation
Agranov2012a,fichamento_Agranov2012a.md,moderador_descricao,19,OK,,0,elections that are perceived to be close generate
Agranov2012a,fichamento_Agranov2012a.md,het_metodo,18,OK,,0,Table 3 contains the observed voting propensities
Agranov2012a,fichamento_Agranov2012a.md,het_metodo,24,OK,,0,Lead of the majority if in majority (belief)
Agranov2012a,fichamento_Agranov2012a.md,efeitos_nao_intencionais,18,OK,,0,the availability of information reduces the probability of minority participation
Agranov2012a,fichamento_Agranov2012a.md,efeitos_nao_intencionais,32,OK,,0,pre-election polls consistently overestimate voter turnout
Agranov2012a,fichamento_Agranov2012a.md,limitacoes_autores,5,OK,,0,participation in large political elections that are not tied to pivotality
Agranov2012a,fichamento_Agranov2012a.md,limitacoes_autores,36,OK,,0,which the current design is not tailored for
Agranov2012a,fichamento_Agranov2012a.md,b2_estrategia_identificacao,8,OK,,0,subjects are randomized into a group of nine subjects
Agranov2012a,fichamento_Agranov2012a.md,b2_estrategia_identificacao,10,OK,,0,Each experimental session implemented one of the information treatments
Agranov2012a,fichamento_Agranov2012a.md,b2_hipoteses_testes,10,OK,,0,we ran several sessions in each information treatment
Agranov2012a,fichamento_Agranov2012a.md,b2_hipoteses_testes,23,OK,,0,suggesting that behavior in our experiments exhibited very little learning
Agranov2012a,fichamento_Agranov2012a.md,b2_estimador,23,OK,,0,"For each treatment, we run a Probit regression predicting the dependence"
Agranov2012a,fichamento_Agranov2012a.md,b2_estimando,8,OK,,0,subjects are randomized into a group of nine subjects
Agranov2012a,fichamento_Agranov2012a.md,b2_estimando,10,OK,,0,Each experimental session implemented one of the information treatments
Agranov2012a,fichamento_Agranov2012a.md,b2_nivel_atribuicao_cluster,3,OK,,0,22 groups of 9 subjects each participated in a total of 440 elections
Agranov2012a,fichamento_Agranov2012a.md,b2_nivel_atribuicao_cluster,24,OK,,0,standard errors were clustered by individuals
Agranov2012a,fichamento_Agranov2012a.md,b2_n_total,10,OK,,0,"Overall, 198 subjects participated."
Agranov2012a,fichamento_Agranov2012a.md,b2_controles,18,OK,,0,Table 3 contains the observed voting propensities
Agranov2012a,fichamento_Agranov2012a.md,b2_controles,30,OK,,0,"with dummy variables for treatments, while clustering observations by groups"
Agranov2012a,fichamento_Agranov2012a.md,b2_dp_y_tipo,24,OK,,0,standard errors were clustered by individuals
Agranov2012a,fichamento_Agranov2012a.md,b2_teste_falsificacao,30,OK,,0,there were no persistent biases toward the blue or red alternatives
Agranov2012a,fichamento_Agranov2012a.md,b2_modelo_principal,30,OK,,0,"with dummy variables for treatments, while clustering observations by groups"
Agranov2012a,fichamento_Agranov2012a.md,b2_modelo_principal,18,OK,,0,Table 3 contains the observed voting propensities
Agranov2012a,fichamento_Agranov2012a.md,b2_criterio_modelo_principal,30,OK,,0,in the No Polls treatment than in either of the two treatments
Agranov2012a,fichamento_Agranov2012a.md,b2_criterio_modelo_principal,18,OK,,0,Table 3 contains the observed voting propensities
Agranov2012a,fichamento_Agranov2012a.md,b2_direcao_estimativa_principal,1,OK,,0,more participation by the expected majority and generate more landslide elections
Agranov2012a,fichamento_Agranov2012a.md,b2_significancia_05,30,OK,,0,a negative coeﬃcient for the corresponding Polls dummy that is signiﬁcant
Agranov2012a,fichamento_Agranov2012a.md,b2_significancia_05,18,OK,,0,Table 3 contains the observed voting propensities
Agranov2012a,fichamento_Agranov2012a.md,b2_interpretacao_autores,1,OK,,0,pre-election polls do not exhibit the detrimental welfare
Agranov2012a,fichamento_Agranov2012a.md,regiao,10,OK,,0,"(CASSEL) at UCLA. Overall, 198 subjects participated."
Agranov2012a,fichamento_Agranov2012a.md,tipo_eleicao,3,OK,,0,Subjects had to choose one of two colors: Red or Blue
Agranov2012a,fichamento_Agranov2012a.md,tipo_eleicao,8,OK,,0,a metaphor for the inclination of the decision-making group
Agranov2012a,fichamento_Agranov2012a.md,sistema_eleitoral,10,OK,,0,the alternative receiving the majority of votes is selected (ties broken randomly)
Agranov2012a,fichamento_Agranov2012a.md,desenho_fino,9,OK,,0,The individual color each subject draws corresponds to the subject
Agranov2012a,fichamento_Agranov2012a.md,desenho_fino,10,OK,,0,"receives $2 for that period, while others receive no additional payments"
Agranov2012a,fichamento_Agranov2012a.md,realismo_contexto,10,OK,,0,"receives $2 for that period, while others receive no additional payments"
Agranov2012a,fichamento_Agranov2012a.md,comparador_tipo,9,OK,,0,observe no information on the realized jar other than their private draw
Agranov2012a,fichamento_Agranov2012a.md,nivel_desfecho,3,OK,,0,each subject had to decide whether to cast a costly vote
Agranov2012a,fichamento_Agranov2012a.md,mecanismo_testado,27,OK,,0,but also have a desire to vote for the winner
Agranov2012a,fichamento_Agranov2012a.md,mecanismo_testado,1,OK,,0,that voters respond to probabilities of being pivotal
Agranov2012a,fichamento_Agranov2012a.md,moderadores_relatados,19,OK,,0,elections that are perceived to be close generate
Agranov2012a,fichamento_Agranov2012a.md,moderadores_relatados,18,OK,,0,minorities participate less than majorities
Agranov2012a,fichamento_Agranov2012a.md,alvo_efeito,1,OK,,0,more participation by the expected majority and generate more landslide elections
Agranov2012a,fichamento_Agranov2012a.md,alvo_efeito,18,OK,,0,the availability of information reduces the probability of minority participation
Agranov2012a,fichamento_Agranov2012a.md,n_competidores,3,OK,,0,Subjects had to choose one of two colors: Red or Blue
Agranov2012a,fichamento_Agranov2012a.md,ajuste_mediador,18,OK,,0,Table 3 contains the observed voting propensities
Agranov2012a,fichamento_Agranov2012a.md,ajuste_mediador,30,OK,,0,"with dummy variables for treatments, while clustering observations by groups"
Agranov2017a,fichamento_Agranov2017a.md,titulo,1,OK,,3,What makes voters turn out: The effects of polls and beliefs
Agranov2017a,fichamento_Agranov2017a.md,tipo_publicacao,0,OK,,3,does not constitute publication and should not limit publication
Agranov2017a,fichamento_Agranov2017a.md,idioma,1,OK,,3,We use laboratory experiments to test for one of the
Agranov2017a,fichamento_Agranov2017a.md,pais_estudo,10,OK,,3,"(CASSEL) at UCLA. Overall, 198 subjects participated."
Agranov2017a,fichamento_Agranov2017a.md,tipo_estudo,1,OK,,3,We use laboratory experiments to test for one of the
Agranov2017a,fichamento_Agranov2017a.md,problema_pesquisa,3,OK,,3,we consider the impact of information revealed through polls and
Agranov2017a,fichamento_Agranov2017a.md,unidade_analise,23,OK,,3,clustering standard errors by individuals.
Agranov2017a,fichamento_Agranov2017a.md,populacao,3,OK,,3,"In detail, 22 groups of 9 subjects each participated in"
Agranov2017a,fichamento_Agranov2017a.md,populacao,10,OK,,3,"(CASSEL) at UCLA. Overall, 198 subjects participated."
Agranov2017a,fichamento_Agranov2017a.md,fonte_dados,3,OK,,3,The experimental data reveal several interesting insights.
Agranov2017a,fichamento_Agranov2017a.md,intervencao_descricao,9,OK,,3,Subjects are perfectly informed of the realized jar in each
Agranov2017a,fichamento_Agranov2017a.md,intervencao_descricao,3,OK,,3,were told the results of that poll before deciding whether
Agranov2017a,fichamento_Agranov2017a.md,familia_intervencao,3,OK,,3,subjects participated in a poll reporting their voting intentions and
Agranov2017a,fichamento_Agranov2017a.md,comparador,3,OK,,3,"In our baseline No Polls treatment, subjects were provided with"
Agranov2017a,fichamento_Agranov2017a.md,construto_outcome,18,OK,,3,Table 3 contains the observed voting propensities as a function
Agranov2017a,fichamento_Agranov2017a.md,construto_outcome,34,OK,,3,Figure 4 depicts the realized lead as a function of
Agranov2017a,fichamento_Agranov2017a.md,outcome_medida,3,OK,,3,decide whether to cast a costly vote for either Red
Agranov2017a,fichamento_Agranov2017a.md,outcome_medida,34,OK,,3,the realized lead as a function of the lead predicted
Agranov2017a,fichamento_Agranov2017a.md,mecanismo_id,3,OK,,3,we study mechanisms by which voters form beliefs regarding election
Agranov2017a,fichamento_Agranov2017a.md,mecanismo_tipo_evidencia,17,OK,,3,consequent beliefs as channels explaining voting behavior.
Agranov2017a,fichamento_Agranov2017a.md,mecanismo_descricao,29,OK,,3,voting decisions almost entirely on the probability of being pivotal
Agranov2017a,fichamento_Agranov2017a.md,mecanismo_descricao,29,OK,,3,heavily influenced by the desire to vote for the winner
Agranov2017a,fichamento_Agranov2017a.md,moderador_id,18,OK,,3,minorities participate less than majorities
Agranov2017a,fichamento_Agranov2017a.md,moderador_descricao,24,OK,,3,Lead of the majority if in minority (belief)
Agranov2017a,fichamento_Agranov2017a.md,moderador_descricao,19,OK,,3,elections that are perceived to be close generate significantly greater
Agranov2017a,fichamento_Agranov2017a.md,het_metodo,18,OK,,3,Table 3 contains the observed voting propensities as a function
Agranov2017a,fichamento_Agranov2017a.md,het_metodo,24,OK,,3,Lead of the majority if in minority (belief)
Agranov2017a,fichamento_Agranov2017a.md,het_pre_especificada,17,OK,,3,the overall voting propensities of majorities and minorities across sessions.
Agranov2017a,fichamento_Agranov2017a.md,efeitos_nao_intencionais,18,OK,,3,the availability of information reduces the probability of minority
Agranov2017a,fichamento_Agranov2017a.md,efeitos_nao_intencionais,32,OK,,3,"while 82% of subjects reported they will vote, less than"
Agranov2017a,fichamento_Agranov2017a.md,limitacoes_autores,5,OK,,3,many motives that could affect participation in large political elections
Agranov2017a,fichamento_Agranov2017a.md,limitacoes_autores,17,OK,,3,beyond the scope of this paper.
Agranov2017a,fichamento_Agranov2017a.md,b2_estrategia_identificacao,10,OK,,3,Each experimental session implemented one of the information treatments
Agranov2017a,fichamento_Agranov2017a.md,b2_estrategia_identificacao,8,OK,,3,subjects are randomized into a group of nine subjects.
Agranov2017a,fichamento_Agranov2017a.md,b2_hipoteses_testes,23,OK,,3,all dummy variables that indicate a particular group of subjects
Agranov2017a,fichamento_Agranov2017a.md,b2_hipoteses_testes,23,OK,,3,"there are no time effects, suggesting that behavior in our"
Agranov2017a,fichamento_Agranov2017a.md,b2_estimador,23,OK,,3,"For each treatment, we run a Probit regression predicting the"
Agranov2017a,fichamento_Agranov2017a.md,b2_estimando,10,OK,,3,Each experimental session implemented one of the information treatments
Agranov2017a,fichamento_Agranov2017a.md,b2_nivel_atribuicao_cluster,24,OK,,3,(standard errors were clustered by individuals)
Agranov2017a,fichamento_Agranov2017a.md,b2_nivel_atribuicao_cluster,8,OK,,3,subjects are randomized into a group of nine subjects.
Agranov2017a,fichamento_Agranov2017a.md,b2_n_total,10,OK,,3,"(CASSEL) at UCLA. Overall, 198 subjects participated."
Agranov2017a,fichamento_Agranov2017a.md,b2_controles,24,OK,,3,Group 1 is the baseline in all treatments.
Agranov2017a,fichamento_Agranov2017a.md,b2_dp_y_tipo,24,OK,,3,Robust standard errors are reported in brackets
Agranov2017a,fichamento_Agranov2017a.md,b2_teste_falsificacao,30,OK,,3,behavior was not significantly different across the labels of the
Agranov2017a,fichamento_Agranov2017a.md,b2_modelo_principal,34,OK,,3,Figure 4 depicts the realized lead as a function of
Agranov2017a,fichamento_Agranov2017a.md,b2_modelo_principal,18,OK,,3,Table 3 contains the observed voting propensities as a function
Agranov2017a,fichamento_Agranov2017a.md,b2_criterio_modelo_principal,23,OK,,3,We use regression analysis to investigate individual behavior.
Agranov2017a,fichamento_Agranov2017a.md,b2_direcao_estimativa_principal,34,OK,,3,"realized leads surpass those suggested by the poll, thereby confirming"
Agranov2017a,fichamento_Agranov2017a.md,b2_direcao_estimativa_principal,35,OK,,3,lead to more participation by the expected majority and generate
Agranov2017a,fichamento_Agranov2017a.md,b2_significancia_05,34,OK,,3,"both effects gain support in our data, but which one prevails"
Agranov2017a,fichamento_Agranov2017a.md,b2_significancia_05,31,OK,,3,costs are not significantly different across treatments as the second
Agranov2017a,fichamento_Agranov2017a.md,b2_interpretacao_autores,35,OK,,3,polls do not exhibit the detrimental effects on welfare that
Agranov2017a,fichamento_Agranov2017a.md,b2_interpretacao_autores,35,OK,,3,lead to more participation by the expected majority and generate
Agranov2017a,fichamento_Agranov2017a.md,regiao,10,OK,,3,"(CASSEL) at UCLA. Overall, 198 subjects participated."
Agranov2017a,fichamento_Agranov2017a.md,tipo_eleicao,3,OK,,3,Subjects had to choose one of two colors: Red or
Agranov2017a,fichamento_Agranov2017a.md,sistema_eleitoral,12,OK,,3,The chosen alternative is determined using simple majority rule among
Agranov2017a,fichamento_Agranov2017a.md,desenho_fino,10,OK,,3,coincides with the selected alternative receives $2 for that period
Agranov2017a,fichamento_Agranov2017a.md,realismo_contexto,10,OK,,3,entails a cost of either 25 cents or 50 cents.
Agranov2017a,fichamento_Agranov2017a.md,comparador_tipo,3,OK,,3,"In our baseline No Polls treatment, subjects were provided with"
Agranov2017a,fichamento_Agranov2017a.md,nivel_desfecho,3,OK,,3,decide whether to cast a costly vote for either Red
Agranov2017a,fichamento_Agranov2017a.md,margem_mostrada,9,OK,,3,"number of subjects intending to abstain, vote for red, and"
Agranov2017a,fichamento_Agranov2017a.md,margem_mostrada,34,OK,,3,the realized lead as a function of the lead predicted
Agranov2017a,fichamento_Agranov2017a.md,mecanismo_testado,29,OK,,3,voting decisions almost entirely on the probability of being pivotal
Agranov2017a,fichamento_Agranov2017a.md,mecanismo_testado,29,OK,,3,heavily influenced by the desire to vote for the winner
Agranov2017a,fichamento_Agranov2017a.md,moderadores_relatados,19,OK,,3,elections that are perceived to be close generate significantly greater
Agranov2017a,fichamento_Agranov2017a.md,moderadores_relatados,18,OK,,3,minorities participate less than majorities
Agranov2017a,fichamento_Agranov2017a.md,alvo_efeito,18,OK,,3,minorities participate less than majorities
Agranov2017a,fichamento_Agranov2017a.md,n_competidores,3,OK,,3,Subjects had to choose one of two colors: Red or
Agranov2017a,fichamento_Agranov2017a.md,ajuste_mediador,18,OK,,3,Table 3 contains the observed voting propensities as a function
Alabrese2024a,fichamento_Alabrese2024a.md,titulo,1,OK,,1,"Opinion Polls, Turnout and"
Alabrese2024a,fichamento_Alabrese2024a.md,titulo,1,OK,,1,the Demand for Safe Seats
Alabrese2024a,fichamento_Alabrese2024a.md,ano,1,OK,,1,"March 15, 2024"
Alabrese2024a,fichamento_Alabrese2024a.md,tipo_publicacao,0,OK,,1,CAGE working paper no. 707
Alabrese2024a,fichamento_Alabrese2024a.md,idioma,1,OK,,1,Do opinion polls sway turnout and shape political competition
Alabrese2024a,fichamento_Alabrese2024a.md,pais_estudo,1,OK,,1,Analysing national opinion polls during UK general elections
Alabrese2024a,fichamento_Alabrese2024a.md,tipo_estudo,22,OK,,1,examine this relationship using the following specification:
Alabrese2024a,fichamento_Alabrese2024a.md,tipo_estudo,22,OK,,1,"that vary by specification, such as constituency, year, or region-by-year"
Alabrese2024a,fichamento_Alabrese2024a.md,problema_pesquisa,1,OK,,1,Do opinion polls sway turnout and shape political competition
Alabrese2024a,fichamento_Alabrese2024a.md,problema_pesquisa,4,OK,,1,Does the interaction between national
Alabrese2024a,fichamento_Alabrese2024a.md,unidade_analise,11,OK,,1,electoral outcomes reported at the constituency level
Alabrese2024a,fichamento_Alabrese2024a.md,populacao,17,OK,,1,The sample is restricted to those constituencies where candidates from
Alabrese2024a,fichamento_Alabrese2024a.md,populacao,17,OK,,1,both the Conservative and Labour parties competed at least once
Alabrese2024a,fichamento_Alabrese2024a.md,populacao,19,OK,,1,The last part of the analysis uses individual-level data from
Alabrese2024a,fichamento_Alabrese2024a.md,periodo_dados,11,OK,,1,all general elections between 1983 and 2017
Alabrese2024a,fichamento_Alabrese2024a.md,periodo_dados,20,OK,,1,"in either 2010, 2015 or both years"
Alabrese2024a,fichamento_Alabrese2024a.md,fonte_dados,17,OK,,1,Data come from different sources. Electoral results
Alabrese2024a,fichamento_Alabrese2024a.md,intervencao_descricao,14,OK,,1,"For the analysis, we focus on national polls produced within four weeks"
Alabrese2024a,fichamento_Alabrese2024a.md,intervencao_descricao,14,OK,,1,Predicted support for political parties during the electoral campaign
Alabrese2024a,fichamento_Alabrese2024a.md,intervencao_descricao,25,OK,,1,This specification leverages the quasi-random exposure of each
Alabrese2024a,fichamento_Alabrese2024a.md,familia_intervencao,14,OK,,1,"For the analysis, we focus on national polls produced within four weeks"
Alabrese2024a,fichamento_Alabrese2024a.md,familia_intervencao,14,OK,,1,from the day of a general election.
Alabrese2024a,fichamento_Alabrese2024a.md,comparador,15,OK,,1,The sample contains competitive and noncompetitive
Alabrese2024a,fichamento_Alabrese2024a.md,comparador,27,OK,,1,NationalPollmargin is the absolute difference between Conservative and Labour
Alabrese2024a,fichamento_Alabrese2024a.md,construto_outcome,1,OK,,1,polls significantly affect voter turnout.
Alabrese2024a,fichamento_Alabrese2024a.md,construto_outcome,35,OK,,1,how larger national poll leads affect the chances of victory for both local
Alabrese2024a,fichamento_Alabrese2024a.md,outcome_medida,27,OK,,1,Turnout is the ratio between the total number of votes
Alabrese2024a,fichamento_Alabrese2024a.md,outcome_medida,24,OK,,1,The outcome variable y represents the share of respondents interviewed
Alabrese2024a,fichamento_Alabrese2024a.md,mecanismo_id,4,OK,,1,predict higher turnout when the expected
Alabrese2024a,fichamento_Alabrese2024a.md,mecanismo_id,6,OK,,1,"Pre-election polls can facilitate voters strategic coordination,"
Alabrese2024a,fichamento_Alabrese2024a.md,mecanismo_tipo_evidencia,37,OK,,1,"This can be attributed to two factors: firstly, supporters of the"
Alabrese2024a,fichamento_Alabrese2024a.md,mecanismo_tipo_evidencia,34,OK,,1,the information inferred from national opinion polls acts as a mediator
Alabrese2024a,fichamento_Alabrese2024a.md,mecanismo_descricao,4,OK,,1,predict higher turnout when the expected
Alabrese2024a,fichamento_Alabrese2024a.md,mecanismo_descricao,6,OK,,1,"strategic voting and abstention emerge, reducing participation and"
Alabrese2024a,fichamento_Alabrese2024a.md,moderador_id,29,OK,,1,dissects the coefficient of the interaction
Alabrese2024a,fichamento_Alabrese2024a.md,moderador_id,31,OK,,1,in constituencies where the local incumbent
Alabrese2024a,fichamento_Alabrese2024a.md,moderador_descricao,29,OK,,1,in constituencies situated in the highest quintiles (safest seats) is notably
Alabrese2024a,fichamento_Alabrese2024a.md,moderador_descricao,32,OK,,1,the interaction term exhibits the opposite
Alabrese2024a,fichamento_Alabrese2024a.md,moderador_descricao,38,OK,,1,Columns 1 to 4 display the results for individuals interviewed before
Alabrese2024a,fichamento_Alabrese2024a.md,het_metodo,29,OK,,1,dissects the coefficient of the interaction
Alabrese2024a,fichamento_Alabrese2024a.md,het_metodo,31,OK,,1,in constituencies where the local incumbent
Alabrese2024a,fichamento_Alabrese2024a.md,het_pre_especificada,5,OK,,1,"in safe seats, additional information from opinion polls matters."
Alabrese2024a,fichamento_Alabrese2024a.md,het_pre_especificada,5,OK,,1,"of opinion polls exploiting within-election, cross-constituency variation in"
Alabrese2024a,fichamento_Alabrese2024a.md,efeitos_nao_intencionais,37,OK,,1,"election depresses participation, particularly in safe seats."
Alabrese2024a,fichamento_Alabrese2024a.md,efeitos_nao_intencionais,1,OK,,1,safe seats that may give rise to demands for gerrymandering.
Alabrese2024a,fichamento_Alabrese2024a.md,efeitos_nao_intencionais,3,OK,,1,ion polling may be utilized for turnout engineering whereby aligned voters
Alabrese2024a,fichamento_Alabrese2024a.md,efeitos_nao_intencionais,60,OK,,1,suggesting the presence of a systematic prediction bias by
Alabrese2024a,fichamento_Alabrese2024a.md,limitacoes_autores,23,OK,,1,rule out the possibility that aggregate results are driven by factors specific
Alabrese2024a,fichamento_Alabrese2024a.md,limitacoes_autores,26,OK,,1,"for time-invariant constituency characteristics; therefore, interpretation of"
Alabrese2024a,fichamento_Alabrese2024a.md,limitacoes_autores,38,OK,,1,implying the need for caution in interpreting the magnitudes.
Alabrese2024a,fichamento_Alabrese2024a.md,limitacoes_autores,32,OK,,1,the reduced sample impacts the precision of estimates.
Alabrese2024a,fichamento_Alabrese2024a.md,b2_estrategia_identificacao,11,OK,,1,based on a panel of constituency names over time.
Alabrese2024a,fichamento_Alabrese2024a.md,b2_estrategia_identificacao,22,OK,,1,"that vary by specification, such as constituency, year, or region-by-year"
Alabrese2024a,fichamento_Alabrese2024a.md,b2_hipoteses_testes,22,OK,,1,"both national and local margins are measured before the vote is realized,"
Alabrese2024a,fichamento_Alabrese2024a.md,b2_hipoteses_testes,23,OK,,1,rule out the possibility that aggregate results are driven by factors specific
Alabrese2024a,fichamento_Alabrese2024a.md,b2_hipoteses_testes,20,OK,,1,"a placebo test, allowing us to verify whether opinion polls influence voter"
Alabrese2024a,fichamento_Alabrese2024a.md,b2_estimador,22,OK,,1,"that vary by specification, such as constituency, year, or region-by-year"
Alabrese2024a,fichamento_Alabrese2024a.md,b2_estimador,27,OK,,1,Constituency FE
Alabrese2024a,fichamento_Alabrese2024a.md,b2_estimando,22,OK,,1,"that vary by specification, such as constituency, year, or region-by-year"
Alabrese2024a,fichamento_Alabrese2024a.md,b2_estimando,66,OK,,1,the coefficients of interest should capture a causal impact
Alabrese2024a,fichamento_Alabrese2024a.md,b2_nivel_atribuicao_cluster,26,OK,,1,Since opinion polls vary at the national level
Alabrese2024a,fichamento_Alabrese2024a.md,b2_nivel_atribuicao_cluster,29,OK,,1,Constituency-level clustered standard errors are presented in
Alabrese2024a,fichamento_Alabrese2024a.md,b2_nivel_atribuicao_cluster,21,OK,,1,"For the analysis, individual responses are aggregated at the interview"
Alabrese2024a,fichamento_Alabrese2024a.md,b2_n_total,29,OK,,1,"4,676"
Alabrese2024a,fichamento_Alabrese2024a.md,b2_controles,22,OK,,1,"that vary by specification, such as constituency, year, or region-by-year"
Alabrese2024a,fichamento_Alabrese2024a.md,b2_controles,24,OK,,1,includes previous level effects along with party-level fixed effects.
Alabrese2024a,fichamento_Alabrese2024a.md,b2_dp_y_tipo,52,OK,,1,"Table reports variable means, with standard deviations in parenthesis"
Alabrese2024a,fichamento_Alabrese2024a.md,b2_teste_falsificacao,20,OK,,1,"a placebo test, allowing us to verify whether opinion polls influence voter"
Alabrese2024a,fichamento_Alabrese2024a.md,b2_teste_falsificacao,21,OK,,1,behavior solely when the information becomes salient for the election.
Alabrese2024a,fichamento_Alabrese2024a.md,b2_modelo_principal,36,OK,,1,This is equivalent to the specification in Columns 5 to 8 of
Alabrese2024a,fichamento_Alabrese2024a.md,b2_modelo_principal,30,OK,,1,This is equivalent to the specification in Column 2 of Table
Alabrese2024a,fichamento_Alabrese2024a.md,b2_modelo_principal,29,OK,,1,"our focus to the most salient opinion poll margins, those released in the"
Alabrese2024a,fichamento_Alabrese2024a.md,b2_criterio_modelo_principal,36,OK,,1,This is equivalent to the specification in Columns 5 to 8 of
Alabrese2024a,fichamento_Alabrese2024a.md,b2_criterio_modelo_principal,30,OK,,1,This is equivalent to the specification in Column 2 of Table
Alabrese2024a,fichamento_Alabrese2024a.md,b2_direcao_estimativa_principal,35,OK,,1,a more favorable national lead proves detrimental for the local incumbent
Alabrese2024a,fichamento_Alabrese2024a.md,b2_direcao_estimativa_principal,37,OK,,1,"consistently emerges that incumbent MPs gain higher chances of victory,"
Alabrese2024a,fichamento_Alabrese2024a.md,b2_direcao_estimativa_principal,37,OK,,1,"election depresses participation, particularly in safe seats."
Alabrese2024a,fichamento_Alabrese2024a.md,b2_significancia_05,28,OK,,1,we consistently find negative and statistically significant
Alabrese2024a,fichamento_Alabrese2024a.md,b2_significancia_05,56,OK,,1,"asterisks indicate *** p<0.01, ** p<0.05, * p<0.1."
Alabrese2024a,fichamento_Alabrese2024a.md,b2_interpretacao_autores,40,OK,,1,"Our findings reveal that turnout is influenced by this interplay,"
Alabrese2024a,fichamento_Alabrese2024a.md,b2_interpretacao_autores,40,OK,,1,Larger poll margins reduce turnout that benefit the party
Alabrese2024a,fichamento_Alabrese2024a.md,regiao,1,OK,,1,Analysing national opinion polls during UK general elections
Alabrese2024a,fichamento_Alabrese2024a.md,tipo_eleicao,10,OK,,1,"General elections allow UK citizens to elect MPs, forming the House of"
Alabrese2024a,fichamento_Alabrese2024a.md,sistema_eleitoral,10,OK,,1,elects its MP via an FPTP system
Alabrese2024a,fichamento_Alabrese2024a.md,voto_obrigatorio,10,OK,,1,"General elections allow UK citizens to elect MPs, forming the House of"
Alabrese2024a,fichamento_Alabrese2024a.md,desenho_fino,11,OK,,1,based on a panel of constituency names over time.
Alabrese2024a,fichamento_Alabrese2024a.md,desenho_fino,25,OK,,1,This specification leverages the quasi-random exposure of each
Alabrese2024a,fichamento_Alabrese2024a.md,realismo_contexto,11,OK,,1,all general elections between 1983 and 2017
Alabrese2024a,fichamento_Alabrese2024a.md,ano_eleicao,11,OK,,1,all general elections between 1983 and 2017
Alabrese2024a,fichamento_Alabrese2024a.md,comparador_tipo,15,OK,,1,The sample contains competitive and noncompetitive
Alabrese2024a,fichamento_Alabrese2024a.md,nivel_desfecho,27,OK,,1,Turnout is the ratio between the total number of votes
Alabrese2024a,fichamento_Alabrese2024a.md,margem_mostrada,52,OK,,1,0.0776
Alabrese2024a,fichamento_Alabrese2024a.md,margem_mostrada,28,OK,,1,difference between Conservative and Labour (corresponding to the average
Alabrese2024a,fichamento_Alabrese2024a.md,mecanismo_testado,6,OK,,1,"strategic voting and abstention emerge, reducing participation and"
Alabrese2024a,fichamento_Alabrese2024a.md,mecanismo_testado,39,OK,,1,provided by national polls is pertinent to the voting decision.
Alabrese2024a,fichamento_Alabrese2024a.md,moderadores_relatados,29,OK,,1,in constituencies situated in the highest quintiles (safest seats) is notably
Alabrese2024a,fichamento_Alabrese2024a.md,moderadores_relatados,31,OK,,1,in constituencies where the local incumbent
Alabrese2024a,fichamento_Alabrese2024a.md,alvo_efeito,35,OK,,1,a more favorable national lead proves detrimental for the local incumbent
Alabrese2024a,fichamento_Alabrese2024a.md,alvo_efeito,37,OK,,1,"consistently emerges that incumbent MPs gain higher chances of victory,"
Alabrese2024a,fichamento_Alabrese2024a.md,n_competidores,15,OK,,1,the top competing forces during all the general elections in our sample
Alabrese2024a,fichamento_Alabrese2024a.md,dias_ate_eleicao,16,OK,,1,we focus the analysis on the predicted polls from the last week
Alabrese2024a,fichamento_Alabrese2024a.md,ajuste_mediador,22,OK,,1,"that vary by specification, such as constituency, year, or region-by-year"
Araujo2021a,fichamento_Araujo2021a.md,titulo,1,OK,,1,Casting Ballots When Knowing Results
Araujo2021a,fichamento_Araujo2021a.md,ano,1,OK,,1,"British Journal of Political Science (2021), page 1 of 19"
Araujo2021a,fichamento_Araujo2021a.md,tipo_publicacao,0,OK,,1,Journal Article
Araujo2021a,fichamento_Araujo2021a.md,tipo_publicacao,1,OK,,1,"British Journal of Political Science (2021), page 1 of 19"
Araujo2021a,fichamento_Araujo2021a.md,idioma,1,OK,,1,Keywords: voter behaviour; bandwagon effect; underdog effect
Araujo2021a,fichamento_Araujo2021a.md,pais_estudo,4,OK,,1,The 2018 Brazilian presidential elections took place during contentious times
Araujo2021a,fichamento_Araujo2021a.md,tipo_estudo,10,OK,,1,Ordinary Least Squares (OLS) models for each outcome variable
Araujo2021a,fichamento_Araujo2021a.md,problema_pesquisa,15,OK,,1,we provide the first assessment of
Araujo2021a,fichamento_Araujo2021a.md,problema_pesquisa,15,OK,,1,the impact of exposure to electoral results on the behaviour of voters
Araujo2021a,fichamento_Araujo2021a.md,unidade_analise,9,OK,,1,voting stations and machines correspond to the same level of analysis
Araujo2021a,fichamento_Araujo2021a.md,populacao,9,OK,,1,Official data are available for each round of the election for all
Araujo2021a,fichamento_Araujo2021a.md,populacao,9,OK,,1,"On average, 323 voters are registered to cast ballots on each"
Araujo2021a,fichamento_Araujo2021a.md,periodo_dados,9,OK,,1,Official data are available for each round of the election for all
Araujo2021a,fichamento_Araujo2021a.md,periodo_dados,5,OK,,1,"On 8 October 2018, the day after the first round"
Araujo2021a,fichamento_Araujo2021a.md,fonte_dados,10,OK,,1,Official data also include the time of actual closure of each
Araujo2021a,fichamento_Araujo2021a.md,intervencao_descricao,10,OK,,1,machines that remained open after preliminary results started being announced
Araujo2021a,fichamento_Araujo2021a.md,intervencao_descricao,7,OK,,1,Bolsonaro had 48.83 per cent of the counted votes
Araujo2021a,fichamento_Araujo2021a.md,familia_intervencao,16,OK,,1,our results emerge from a situation of exposure to vote tallies
Araujo2021a,fichamento_Araujo2021a.md,familia_intervencao,6,OK,,1,when the TSE officially started disseminating vote
Araujo2021a,fichamento_Araujo2021a.md,comparador,10,OK,,1,are in our control group and assigned a value of 0
Araujo2021a,fichamento_Araujo2021a.md,comparador,10,OK,,1,Treatment is a dummy that takes a value of 1 for voting
Araujo2021a,fichamento_Araujo2021a.md,construto_outcome,9,OK,,1,we code five different outcome variables: (1) share of votes
Araujo2021a,fichamento_Araujo2021a.md,construto_outcome,8,OK,,1,"in the 2018 elections, information exposure could only change turnout"
Araujo2021a,fichamento_Araujo2021a.md,outcome_medida,9,OK,,1,share of votes for Haddad (second place); (3) share of votes
Araujo2021a,fichamento_Araujo2021a.md,outcome_medida,12,OK,,1,The unit of analysis is voting machine
Araujo2021a,fichamento_Araujo2021a.md,mecanismo_id,7,OK,,1,our case and empirical strategy allow us to test five different
Araujo2021a,fichamento_Araujo2021a.md,mecanismo_tipo_evidencia,12,OK,,1,when the number of candidates is reduced to two and strategic voting
Araujo2021a,fichamento_Araujo2021a.md,mecanismo_descricao,1,OK,,1,information exposure motivates voters to abandon losing
Araujo2021a,fichamento_Araujo2021a.md,mecanismo_descricao,9,OK,,1,"In the second round, however, only two candidates compete and strategic"
Araujo2021a,fichamento_Araujo2021a.md,moderador_id,13,OK,,1,for this by producing separate models for voting machines
Araujo2021a,fichamento_Araujo2021a.md,moderador_id,13,OK,,1,Results across these models are largely consistent with the ones
Araujo2021a,fichamento_Araujo2021a.md,moderador_descricao,13,OK,,1,The only difference comes from our analyses of the first round of
Araujo2021a,fichamento_Araujo2021a.md,moderador_descricao,13,OK,,1,but it also seems to have increased voter support for Gomes
Araujo2021a,fichamento_Araujo2021a.md,het_metodo,13,OK,,1,for this by producing separate models for voting machines
Araujo2021a,fichamento_Araujo2021a.md,het_pre_especificada,13,OK,,1,It is also possible that the effect of information exposure is heterogeneous
Araujo2021a,fichamento_Araujo2021a.md,efeitos_nao_intencionais,7,OK,,1,Access to information induces a bandwagon effect by demobilizing voters who
Araujo2021a,fichamento_Araujo2021a.md,efeitos_nao_intencionais,11,OK,,1,information exposure does not benefit the frontrunner through demobilization
Araujo2021a,fichamento_Araujo2021a.md,limitacoes_autores,14,OK,,1,it is virtually impossible to know whether the release of vote tallies
Araujo2021a,fichamento_Araujo2021a.md,limitacoes_autores,12,OK,,1,we cannot fully reject H5 at this stage of the analysis
Araujo2021a,fichamento_Araujo2021a.md,b2_estrategia_identificacao,4,OK,,1,2018 Brazilian election provides a unique natural experimental setting
Araujo2021a,fichamento_Araujo2021a.md,b2_estrategia_identificacao,1,OK,,1,strategic voting; natural experiment; Brazil
Araujo2021a,fichamento_Araujo2021a.md,b2_hipoteses_testes,10,OK,,1,of technical glitches was presumably the same in all voting stations
Araujo2021a,fichamento_Araujo2021a.md,b2_hipoteses_testes,10,OK,,1,controls for characteristics of the electorate do not change our estimates
Araujo2021a,fichamento_Araujo2021a.md,b2_estimador,10,OK,,1,Ordinary Least Squares (OLS) models for each outcome variable
Araujo2021a,fichamento_Araujo2021a.md,b2_estimando,14,OK,,1,empirical strategy captures the impact of information exposure indirectly
Araujo2021a,fichamento_Araujo2021a.md,b2_estimando,14,OK,,1,it is virtually impossible to know whether the release of vote tallies
Araujo2021a,fichamento_Araujo2021a.md,b2_nivel_atribuicao_cluster,12,OK,,1,We cluster standard errors at the level of voting machine
Araujo2021a,fichamento_Araujo2021a.md,b2_nivel_atribuicao_cluster,9,OK,,1,"On average, 323 voters are registered to cast ballots on each"
Araujo2021a,fichamento_Araujo2021a.md,b2_n_total,12,NAO_ENCONTRADA,,1,"N = 452,656"
Araujo2021a,fichamento_Araujo2021a.md,b2_n_total,9,OK,,1,hence the varying number of observations
Araujo2021a,fichamento_Araujo2021a.md,b2_controles,10,OK,,1,we control for the timing of closure of voting machines
Araujo2021a,fichamento_Araujo2021a.md,b2_controles,12,OK,,1,We run all OLS estimates with controls for time zone
Araujo2021a,fichamento_Araujo2021a.md,b2_dp_y_tipo,11,OK,,1,for all variables are available in Online Appendix E
Araujo2021a,fichamento_Araujo2021a.md,b2_teste_falsificacao,15,OK,,1,our placebo tests of the two rounds of election indicate that
Araujo2021a,fichamento_Araujo2021a.md,b2_modelo_principal,11,OK,,1,"Figure 2 summarizes our findings (for the table of results, see"
Araujo2021a,fichamento_Araujo2021a.md,b2_modelo_principal,13,OK,,1,"As Figure 3 shows (for the table of results, see also Online"
Araujo2021a,fichamento_Araujo2021a.md,b2_criterio_modelo_principal,11,OK,,1,"Figure 2 summarizes our findings (for the table of results, see"
Araujo2021a,fichamento_Araujo2021a.md,b2_criterio_modelo_principal,13,OK,,1,"As Figure 3 shows (for the table of results, see also Online"
Araujo2021a,fichamento_Araujo2021a.md,b2_direcao_estimativa_principal,11,OK,,1,The positive and statistically significant treatment effect produced by Model 1
Araujo2021a,fichamento_Araujo2021a.md,b2_direcao_estimativa_principal,13,OK,,1,exposure still drives high levels of support to the frontrunner
Araujo2021a,fichamento_Araujo2021a.md,b2_significancia_05,11,OK,,1,The positive and statistically significant treatment effect produced by Model 1
Araujo2021a,fichamento_Araujo2021a.md,b2_interpretacao_autores,15,OK,,1,results indicate that information exposure encourages late voters to abandon their preferred
Araujo2021a,fichamento_Araujo2021a.md,regiao,4,OK,,1,The 2018 Brazilian presidential elections took place during contentious times
Araujo2021a,fichamento_Araujo2021a.md,tipo_eleicao,9,OK,,1,share of votes for Haddad (second place); (3) share of votes
Araujo2021a,fichamento_Araujo2021a.md,sistema_eleitoral,5,OK,,1,if none of the candidates is able to attain 50 per cent
Araujo2021a,fichamento_Araujo2021a.md,sistema_eleitoral,5,OK,,1,who secures the majority of the national votes wins
Araujo2021a,fichamento_Araujo2021a.md,voto_obrigatorio,5,OK,,1,"although voting is compulsory, the penalty for not voting is a small"
Araujo2021a,fichamento_Araujo2021a.md,desenho_fino,4,OK,,1,2018 Brazilian election provides a unique natural experimental setting
Araujo2021a,fichamento_Araujo2021a.md,realismo_contexto,4,OK,,1,The 2018 Brazilian presidential elections took place during contentious times
Araujo2021a,fichamento_Araujo2021a.md,realismo_contexto,7,OK,,1,Bolsonaro had 48.83 per cent of the counted votes
Araujo2021a,fichamento_Araujo2021a.md,ano_eleicao,5,OK,,1,"In the 2018 elections, the turnout rate was 79.95 per cent"
Araujo2021a,fichamento_Araujo2021a.md,comparador_tipo,10,OK,,1,are in our control group and assigned a value of 0
Araujo2021a,fichamento_Araujo2021a.md,nivel_desfecho,9,OK,,1,we code five different outcome variables: (1) share of votes
Araujo2021a,fichamento_Araujo2021a.md,nivel_desfecho,12,OK,,1,The unit of analysis is voting machine
Araujo2021a,fichamento_Araujo2021a.md,margem_mostrada,7,OK,,1,"came 22.75 pp behind, with 26.08 per"
Araujo2021a,fichamento_Araujo2021a.md,margem_mostrada,7,OK,,1,an 11.4 pp lead over Haddad
Araujo2021a,fichamento_Araujo2021a.md,mecanismo_testado,15,OK,,1,These results provide further indication that our treatment indeed captures
Araujo2021a,fichamento_Araujo2021a.md,mecanismo_testado,12,OK,,1,when the number of candidates is reduced to two and strategic voting
Araujo2021a,fichamento_Araujo2021a.md,moderadores_relatados,13,OK,,1,for this by producing separate models for voting machines
Araujo2021a,fichamento_Araujo2021a.md,alvo_efeito,9,OK,,1,share of votes for Haddad (second place); (3) share of votes
Araujo2021a,fichamento_Araujo2021a.md,alvo_efeito,9,OK,,1,Gomes is in the third place and has no chance of moving
Araujo2021a,fichamento_Araujo2021a.md,n_competidores,9,OK,,1,While there were 13 candidates competing in the first round of elections
Araujo2021a,fichamento_Araujo2021a.md,dias_ate_eleicao,10,OK,,1,machines that remained open after preliminary results started being announced
Araujo2021a,fichamento_Araujo2021a.md,dias_ate_eleicao,6,OK,,1,individuals still waiting in the queue at 19:00
Araujo2021a,fichamento_Araujo2021a.md,ajuste_mediador,12,OK,,1,We run all OLS estimates with controls for time zone
Araujo2021a,fichamento_Araujo2021a.md,ajuste_mediador,10,OK,,1,we control for the timing of closure of voting machines
Boukouras2020a,fichamento_Boukouras2020a.md,titulo,1,OK,,1,CAN BIASED POLLS DISTORT ELECTORAL RESULTS? EVIDENCE FROM THE LAB
Boukouras2020a,fichamento_Boukouras2020a.md,tipo_publicacao,0,OK,,1,Discussion Papers in Economics and Econometrics
Boukouras2020a,fichamento_Boukouras2020a.md,idioma,1,OK,,1,CAN BIASED POLLS DISTORT ELECTORAL RESULTS? EVIDENCE FROM THE LAB
Boukouras2020a,fichamento_Boukouras2020a.md,pais_estudo,14,OK,,1,Participants in E3 were students at the University of York
Boukouras2020a,fichamento_Boukouras2020a.md,pais_estudo,3,OK,,1,We use Twitter data from the US and the UK
Boukouras2020a,fichamento_Boukouras2020a.md,tipo_estudo,3,OK,,1,we take an experimental approach to address the question
Boukouras2020a,fichamento_Boukouras2020a.md,problema_pesquisa,2,OK,,1,would this systematic bias in exposure to poll results affect
Boukouras2020a,fichamento_Boukouras2020a.md,problema_pesquisa,11,OK,,1,"Our research question, then, focuses on whether election outcomes are"
Boukouras2020a,fichamento_Boukouras2020a.md,unidade_analise,23,OK,,1,We consider one round as the unit of observation
Boukouras2020a,fichamento_Boukouras2020a.md,populacao,14,OK,,1,Participants in E1 and E2 were students at the University of
Boukouras2020a,fichamento_Boukouras2020a.md,populacao,14,OK,,1,Participants in E3 were students at the University of York
Boukouras2020a,fichamento_Boukouras2020a.md,periodo_dados,14,OK,,1,the experiments took place between May and November 2018
Boukouras2020a,fichamento_Boukouras2020a.md,periodo_dados,15,OK,,1,place in June 2019
Boukouras2020a,fichamento_Boukouras2020a.md,fonte_dados,14,OK,,1,the experiments took place between May and November 2018
Boukouras2020a,fichamento_Boukouras2020a.md,fonte_dados,9,OK,,1,We obtained relevant tweets of poll estimates from @pollsterpolls
Boukouras2020a,fichamento_Boukouras2020a.md,intervencao_descricao,4,OK,,1,the results of only the two polls most favourable for one candidate
Boukouras2020a,fichamento_Boukouras2020a.md,intervencao_descricao,4,OK,,1,"Before each election, five voting-intention polls are generated"
Boukouras2020a,fichamento_Boukouras2020a.md,familia_intervencao,4,OK,,1,"Before each election, five voting-intention polls are generated"
Boukouras2020a,fichamento_Boukouras2020a.md,comparador,4,OK,,1,"to a natural control setting, where all five polls are revealed"
Boukouras2020a,fichamento_Boukouras2020a.md,comparador,4,OK,,1,the control setting entails revealing the results of two
Boukouras2020a,fichamento_Boukouras2020a.md,construto_outcome,4,OK,,1,increased the vote share of the favoured candidate K
Boukouras2020a,fichamento_Boukouras2020a.md,outcome_medida,4,OK,,1,the number of rounds that candidate K was elected
Boukouras2020a,fichamento_Boukouras2020a.md,outcome_medida,24,OK,,1,the vote share which K received in the election
Boukouras2020a,fichamento_Boukouras2020a.md,mecanismo_id,1,OK,,1,biased polls distort election results via two channels
Boukouras2020a,fichamento_Boukouras2020a.md,mecanismo_tipo_evidencia,19,OK,,1,we run a third experiment (E3) where the treatment condition
Boukouras2020a,fichamento_Boukouras2020a.md,mecanismo_descricao,1,OK,,1,"Thus, polls serve to communicate information to uninformed voters"
Boukouras2020a,fichamento_Boukouras2020a.md,mecanismo_descricao,5,OK,,1,voters use polls merely as judgemental anchors
Boukouras2020a,fichamento_Boukouras2020a.md,moderador_id,24,OK,,1,the coefficients of the two interaction terms
Boukouras2020a,fichamento_Boukouras2020a.md,moderador_descricao,24,OK,,1,the coefficients of the two interaction terms
Boukouras2020a,fichamento_Boukouras2020a.md,moderador_descricao,22,OK,,1,The results are broken down by different status of voters
Boukouras2020a,fichamento_Boukouras2020a.md,het_metodo,24,OK,,1,the coefficients of the two interaction terms
Boukouras2020a,fichamento_Boukouras2020a.md,het_metodo,22,OK,,1,The results are broken down by different status of voters
Boukouras2020a,fichamento_Boukouras2020a.md,het_pre_especificada,24,OK,,1,we would expect such a negative interaction to exist in E3
Boukouras2020a,fichamento_Boukouras2020a.md,efeitos_nao_intencionais,21,OK,,1,sessions in the treatment condition were generally associated with lower payoffs
Boukouras2020a,fichamento_Boukouras2020a.md,efeitos_nao_intencionais,21,OK,,1,the high-valence candidate lost in the treatment condition more often
Boukouras2020a,fichamento_Boukouras2020a.md,limitacoes_autores,27,OK,,1,our stylised environment simplifies important aspects of real elections
Boukouras2020a,fichamento_Boukouras2020a.md,limitacoes_autores,28,OK,,1,More evidence from the lab and the field is needed
Boukouras2020a,fichamento_Boukouras2020a.md,b2_estrategia_identificacao,15,OK,,1,with participants being randomly allocated between the two
Boukouras2020a,fichamento_Boukouras2020a.md,b2_estrategia_identificacao,15,OK,,1,one control and one treatment session
Boukouras2020a,fichamento_Boukouras2020a.md,b2_hipoteses_testes,15,OK,,1,with participants being randomly allocated between the two
Boukouras2020a,fichamento_Boukouras2020a.md,b2_hipoteses_testes,12,OK,,1,"To reduce noise across sessions, we drew these valences once"
Boukouras2020a,fichamento_Boukouras2020a.md,b2_hipoteses_testes,15,OK,,1,The only three exceptions in this approach were sessions
Boukouras2020a,fichamento_Boukouras2020a.md,b2_estimador,15,OK,,1,Fisher exact test with one-sided alternative
Boukouras2020a,fichamento_Boukouras2020a.md,b2_estimador,51,OK,,1,Standard errors in parentheses
Boukouras2020a,fichamento_Boukouras2020a.md,b2_estimando,15,OK,,1,with participants being randomly allocated between the two
Boukouras2020a,fichamento_Boukouras2020a.md,b2_nivel_atribuicao_cluster,14,OK,,1,each experimental interaction among 15 subjects who vote in the same election
Boukouras2020a,fichamento_Boukouras2020a.md,b2_nivel_atribuicao_cluster,14,OK,,1,A block has 30 subjects
Boukouras2020a,fichamento_Boukouras2020a.md,b2_n_total,1,OK,,1,"375 participants, we investigate the impact of such biased exposure"
Boukouras2020a,fichamento_Boukouras2020a.md,b2_controles,49,OK,,1,the number of rounds won in the treatment condition is higher
Boukouras2020a,fichamento_Boukouras2020a.md,b2_dp_y_tipo,51,OK,,1,Standard errors in parentheses
Boukouras2020a,fichamento_Boukouras2020a.md,b2_teste_falsificacao,4,OK,,1,"In addition, we conduct two robustness checks"
Boukouras2020a,fichamento_Boukouras2020a.md,b2_modelo_principal,15,OK,,1,the primary treatment effect across the three
Boukouras2020a,fichamento_Boukouras2020a.md,b2_modelo_principal,15,OK,,1,Table VI illustrates the number of rounds won
Boukouras2020a,fichamento_Boukouras2020a.md,b2_criterio_modelo_principal,15,OK,,1,the primary treatment effect across the three
Boukouras2020a,fichamento_Boukouras2020a.md,b2_criterio_modelo_principal,15,OK,,1,the rate of electoral success
Boukouras2020a,fichamento_Boukouras2020a.md,b2_direcao_estimativa_principal,4,OK,,1,candidate K performed better in the treatment than in the control condition
Boukouras2020a,fichamento_Boukouras2020a.md,b2_significancia_05,15,OK,,1,the difference is significant in E1
Boukouras2020a,fichamento_Boukouras2020a.md,b2_significancia_05,15,OK,,1,but not so in E2 and E3
Boukouras2020a,fichamento_Boukouras2020a.md,b2_interpretacao_autores,26,OK,,1,biased exposure to polls consistently skews the electoral outcome
Boukouras2020a,fichamento_Boukouras2020a.md,regiao,14,OK,,1,Participants in E3 were students at the University of York
Boukouras2020a,fichamento_Boukouras2020a.md,regiao,3,OK,,1,We use Twitter data from the US and the UK
Boukouras2020a,fichamento_Boukouras2020a.md,tipo_eleicao,11,OK,,1,"there are two political parties, party K and party J"
Boukouras2020a,fichamento_Boukouras2020a.md,sistema_eleitoral,32,OK,,1,The winner of the election is determined by simple majority
Boukouras2020a,fichamento_Boukouras2020a.md,desenho_fino,7,OK,,1,our study is conducted in a laboratory and decision-making is incentivised
Boukouras2020a,fichamento_Boukouras2020a.md,realismo_contexto,12,OK,,1,the ideological position of each voter is randomly drawn
Boukouras2020a,fichamento_Boukouras2020a.md,realismo_contexto,32,OK,,1,Each earned point will correspond to half a penny
Boukouras2020a,fichamento_Boukouras2020a.md,ano_eleicao,15,OK,,1,place in June 2019
Boukouras2020a,fichamento_Boukouras2020a.md,comparador_tipo,4,OK,,1,"to a natural control setting, where all five polls are revealed"
Boukouras2020a,fichamento_Boukouras2020a.md,nivel_desfecho,32,OK,,1,each participant may vote or abstain
Boukouras2020a,fichamento_Boukouras2020a.md,nivel_desfecho,7,OK,,1,our study is conducted in a laboratory and decision-making is incentivised
Boukouras2020a,fichamento_Boukouras2020a.md,mecanismo_testado,1,OK,,1,by distorting the information set of voters
Boukouras2020a,fichamento_Boukouras2020a.md,mecanismo_testado,5,OK,,1,voters use polls merely as judgemental anchors
Boukouras2020a,fichamento_Boukouras2020a.md,moderadores_relatados,22,OK,,1,The results are broken down by different status of voters
Boukouras2020a,fichamento_Boukouras2020a.md,moderadores_relatados,22,OK,,1,Table IX compares the voting choice at the poll stage
Boukouras2020a,fichamento_Boukouras2020a.md,alvo_efeito,1,OK,,1,consistently elect the candidate favoured by polls more often
Boukouras2020a,fichamento_Boukouras2020a.md,n_competidores,3,OK,,1,We focus on an environment of two-party elections
Boukouras2020a,fichamento_Boukouras2020a.md,ajuste_mediador,49,OK,,1,the number of rounds won in the treatment condition is higher
Brugarolas2021,fichamento_Brugarolas2021.md,titulo,554,OK,,-553,The Causal Eﬀect of Polls on Turnout Intention:
Brugarolas2021,fichamento_Brugarolas2021.md,ano,554,OK,,-553,Political Analysis (2021)
Brugarolas2021,fichamento_Brugarolas2021.md,tipo_publicacao,554,OK,,-553,"this letter, we oﬀer new evidence on this important question"
Brugarolas2021,fichamento_Brugarolas2021.md,idioma,554,OK,,-553,"Keywords: local randomization, regression discontinuity, polls, turnout"
Brugarolas2021,fichamento_Brugarolas2021.md,pais_estudo,554,OK,,-553,natural experiment that took place in Spain
Brugarolas2021,fichamento_Brugarolas2021.md,tipo_estudo,554,OK,,-553,approach to estimate the eﬀect of polls on turnout intention
Brugarolas2021,fichamento_Brugarolas2021.md,tipo_estudo,555,OK,,-553,use a local randomization approach to regression discontinuity
Brugarolas2021,fichamento_Brugarolas2021.md,problema_pesquisa,559,OK,,-553,we address the question of whether voters may be aﬀected by information
Brugarolas2021,fichamento_Brugarolas2021.md,unidade_analise,554,OK,,-553,"4,125 people were interviewed about their preferences in the national"
Brugarolas2021,fichamento_Brugarolas2021.md,populacao,555,OK,,-553,its random sample of the Spanish adult population
Brugarolas2021,fichamento_Brugarolas2021.md,periodo_dados,554,OK,,-553,between 21 March and
Brugarolas2021,fichamento_Brugarolas2021.md,periodo_dados,557,OK,,-553,going from 8 April at 2:05 p.m. to
Brugarolas2021,fichamento_Brugarolas2021.md,fonte_dados,554,OK,,-553,"(CIS, by its Spanish acronym) conducted two large pre-election polls"
Brugarolas2021,fichamento_Brugarolas2021.md,intervencao_descricao,554,OK,,-553,9 April at 12:30 p.m. and were reported by all media channels
Brugarolas2021,fichamento_Brugarolas2021.md,intervencao_descricao,556,OK,,-553,opened their online editions with the CIS’s forecast for the national
Brugarolas2021,fichamento_Brugarolas2021.md,familia_intervencao,554,OK,,-553,conducted two large pre-election polls on representative samples
Brugarolas2021,fichamento_Brugarolas2021.md,comparador,555,OK,,-553,before and afer the release as the control and treatment groups
Brugarolas2021,fichamento_Brugarolas2021.md,construto_outcome,555,OK,,-553,Our outcome variable is turnout intention
Brugarolas2021,fichamento_Brugarolas2021.md,outcome_medida,555,OK,,-553,"turnout intention, defined as the proportion of people who said they"
Brugarolas2021,fichamento_Brugarolas2021.md,outcome_medida,555,OK,,-553,would vote in the national elections
Brugarolas2021,fichamento_Brugarolas2021.md,mecanismo_id,559,OK,,-553,the poll’s release could have acted as
Brugarolas2021,fichamento_Brugarolas2021.md,mecanismo_id,559,OK,,-553,an activation device for the upcoming elections
Brugarolas2021,fichamento_Brugarolas2021.md,mecanismo_tipo_evidencia,559,OK,,-553,A straightforward interpretation of these results is that the poll’s release
Brugarolas2021,fichamento_Brugarolas2021.md,mecanismo_descricao,559,OK,,-553,an activation device for the upcoming elections
Brugarolas2021,fichamento_Brugarolas2021.md,mecanismo_descricao,559,OK,,-553,a tie between potential lef-wing and right-wing coalitions that could have mobilized
Brugarolas2021,fichamento_Brugarolas2021.md,moderador_id,559,OK,,-553,we assessed the sensitivity of the result to window choice
Brugarolas2021,fichamento_Brugarolas2021.md,het_metodo,559,OK,,-553,we performed two further robustness checks as follows
Brugarolas2021,fichamento_Brugarolas2021.md,het_pre_especificada,559,OK,,-553,we performed two further robustness checks as follows
Brugarolas2021,fichamento_Brugarolas2021.md,limitacoes_autores,555,OK,,-553,One limitation of our study is that we use turnout intention
Brugarolas2021,fichamento_Brugarolas2021.md,limitacoes_autores,557,OK,,-553,we cannot test this assumption empirically and our estimates could be treated
Brugarolas2021,fichamento_Brugarolas2021.md,limitacoes_autores,559,OK,,-553,Our estimates reflect short term
Brugarolas2021,fichamento_Brugarolas2021.md,b2_estrategia_identificacao,555,OK,,-553,use a local randomization approach to regression discontinuity
Brugarolas2021,fichamento_Brugarolas2021.md,b2_estrategia_identificacao,555,OK,,-553,We impose a sharp RD design
Brugarolas2021,fichamento_Brugarolas2021.md,b2_hipoteses_testes,555,OK,,-553,the average potential outcomes do not depend on the units’ position
Brugarolas2021,fichamento_Brugarolas2021.md,b2_hipoteses_testes,555,OK,,-553,we perform a randomization-based falsification test for the set of predetermined covariates
Brugarolas2021,fichamento_Brugarolas2021.md,b2_estimador,558,OK,,-553,"To estimate the ATE, we used local randomization methods"
Brugarolas2021,fichamento_Brugarolas2021.md,b2_estimador,559,OK,,-553,in the Stata and R rdrandinf packages
Brugarolas2021,fichamento_Brugarolas2021.md,b2_estimando,557,OK,,-553,intention to treat (ITT) eﬀect rather than as an ATE
Brugarolas2021,fichamento_Brugarolas2021.md,b2_estimando,557,OK,,-553,we cannot test this assumption empirically and our estimates could be treated
Brugarolas2021,fichamento_Brugarolas2021.md,b2_nivel_atribuicao_cluster,555,OK,,-553,the day and time of the interview define
Brugarolas2021,fichamento_Brugarolas2021.md,b2_nivel_atribuicao_cluster,557,OK,,-553,four time intervals (mass points) before and afer
Brugarolas2021,fichamento_Brugarolas2021.md,b2_controles,556,OK,,-553,the ATE under local randomization can be estimated as the diﬀerence
Brugarolas2021,fichamento_Brugarolas2021.md,b2_dp_y_tipo,559,OK,,-553,intervals (CI) were also estimated using this package
Brugarolas2021,fichamento_Brugarolas2021.md,b2_teste_falsificacao,559,OK,,-553,we report three estimations using placebo cutoﬀs
Brugarolas2021,fichamento_Brugarolas2021.md,b2_modelo_principal,557,OK,,-553,"we select the window [-0.8, 0.8] for our main analysis"
Brugarolas2021,fichamento_Brugarolas2021.md,b2_modelo_principal,558,OK,,-553,RD eﬀect for the turnout intention (0.8 window)
Brugarolas2021,fichamento_Brugarolas2021.md,b2_criterio_modelo_principal,557,OK,,-553,"we select the window [-0.8, 0.8] for our main analysis"
Brugarolas2021,fichamento_Brugarolas2021.md,b2_direcao_estimativa_principal,554,OK,,-553,release of a poll increases turnout intention
Brugarolas2021,fichamento_Brugarolas2021.md,b2_direcao_estimativa_principal,559,OK,,-553,had a robust positive eﬀect
Brugarolas2021,fichamento_Brugarolas2021.md,b2_significancia_05,559,OK,,-553,"turnout intention by 5.1% (CI: [2.0,9.0])"
Brugarolas2021,fichamento_Brugarolas2021.md,b2_interpretacao_autores,559,OK,,-553,We found that the poll’s release
Brugarolas2021,fichamento_Brugarolas2021.md,b2_interpretacao_autores,559,OK,,-553,had a robust positive eﬀect
Brugarolas2021,fichamento_Brugarolas2021.md,regiao,554,OK,,-553,natural experiment that took place in Spain
Brugarolas2021,fichamento_Brugarolas2021.md,tipo_eleicao,554,OK,,-553,The predictions for the national elections
Brugarolas2021,fichamento_Brugarolas2021.md,tipo_eleicao,559,OK,,-553,the Socialist Party led by more than 10 percentage points
Brugarolas2021,fichamento_Brugarolas2021.md,desenho_fino,554,OK,,-553,Our identification strategy relies on a natural experiment
Brugarolas2021,fichamento_Brugarolas2021.md,desenho_fino,554,OK,,-553,a natural experiment is a type of observational study
Brugarolas2021,fichamento_Brugarolas2021.md,realismo_contexto,556,OK,,-553,opened their online editions with the CIS’s forecast for the national
Brugarolas2021,fichamento_Brugarolas2021.md,ano_eleicao,559,OK,,-553,occurred in Spain before the April 2019 elections
Brugarolas2021,fichamento_Brugarolas2021.md,comparador_tipo,555,OK,,-553,before and afer the release as the control and treatment groups
Brugarolas2021,fichamento_Brugarolas2021.md,nivel_desfecho,555,OK,,-553,"turnout intention, defined as the proportion of people who said they"
Brugarolas2021,fichamento_Brugarolas2021.md,margem_mostrada,559,OK,,-553,the Socialist Party led by more than 10 percentage points
Brugarolas2021,fichamento_Brugarolas2021.md,margem_mostrada,559,OK,,-553,a tie between potential lef-wing and right-wing coalitions that could have mobilized
Brugarolas2021,fichamento_Brugarolas2021.md,mecanismo_testado,559,OK,,-553,A straightforward interpretation of these results is that the poll’s release
Brugarolas2021,fichamento_Brugarolas2021.md,moderadores_relatados,559,OK,,-553,we assessed the sensitivity of the result to window choice
Brugarolas2021,fichamento_Brugarolas2021.md,ajuste_mediador,556,OK,,-553,the ATE under local randomization can be estimated as the diﬀerence
Bursztyn2023a,fichamento_Bursztyn2023a.md,titulo,0,OK,,2,Identifying the Effect of Election Closeness on Voter Turnout:
Bursztyn2023a,fichamento_Bursztyn2023a.md,ano,0,OK,,2,April 2023
Bursztyn2023a,fichamento_Bursztyn2023a.md,idioma,0,OK,,2,We provide evidence of a causal effect of anticipated election closeness
Bursztyn2023a,fichamento_Bursztyn2023a.md,pais_estudo,0,OK,,2,mail-in voting for the canton of Geneva
Bursztyn2023a,fichamento_Bursztyn2023a.md,pais_estudo,5,OK,,2,"Switzerland is a federal republic consisting of 26 cantons and 2,202 municipalities"
Bursztyn2023a,fichamento_Bursztyn2023a.md,tipo_estudo,11,OK,,2,"This is a simple event study, examining voter turnout by"
Bursztyn2023a,fichamento_Bursztyn2023a.md,problema_pesquisa,0,OK,,2,a causal effect of anticipated election closeness on voter turnout
Bursztyn2023a,fichamento_Bursztyn2023a.md,unidade_analise,9,OK,,2,our primary dataset of interest: vote×day-level data for the canton
Bursztyn2023a,fichamento_Bursztyn2023a.md,unidade_analise,20,OK,,2,"a balanced panel of 2,176 municipalities observed in all"
Bursztyn2023a,fichamento_Bursztyn2023a.md,populacao,6,OK,,2,Swiss citizen of at least 18 years of age
Bursztyn2023a,fichamento_Bursztyn2023a.md,populacao,9,OK,,2,"We observe voting, on days both before and after polls are released"
Bursztyn2023a,fichamento_Bursztyn2023a.md,periodo_dados,5,OK,,2,"Between 1981 and 2019, Swiss citizens voted on 331 federal ballots"
Bursztyn2023a,fichamento_Bursztyn2023a.md,periodo_dados,9,OK,,2,the 52 referenda studied between 2001 and 2019
Bursztyn2023a,fichamento_Bursztyn2023a.md,fonte_dados,8,OK,,2,"We collected poll results, as well as the precise timing"
Bursztyn2023a,fichamento_Bursztyn2023a.md,fonte_dados,9,OK,,2,we hand-collected all political advertisements related to the 52
Bursztyn2023a,fichamento_Bursztyn2023a.md,intervencao_descricao,6,OK,,2,results of the last poll are typically released 11
Bursztyn2023a,fichamento_Bursztyn2023a.md,intervencao_descricao,8,OK,,2,Our variable of interest is the closeness of the pre-election poll
Bursztyn2023a,fichamento_Bursztyn2023a.md,familia_intervencao,8,OK,,2,the closeness of the pre-election poll
Bursztyn2023a,fichamento_Bursztyn2023a.md,comparador,12,OK,,2,splitting polls into above- or below-median closeness
Bursztyn2023a,fichamento_Bursztyn2023a.md,comparador,12,OK,,2,(above or below a 40% vote share for the losing side)
Bursztyn2023a,fichamento_Bursztyn2023a.md,construto_outcome,0,OK,,2,the release of a closer poll causes voter turnout to sharply
Bursztyn2023a,fichamento_Bursztyn2023a.md,construto_outcome,0,OK,,2,effect leading to a higher vote share for the underdog
Bursztyn2023a,fichamento_Bursztyn2023a.md,outcome_medida,36,OK,,2,"as the daily number of votes cast, in percent of eligible voters"
Bursztyn2023a,fichamento_Bursztyn2023a.md,outcome_medida,40,OK,,2,share for the trailing side (column 2) as dependent variables
Bursztyn2023a,fichamento_Bursztyn2023a.md,mecanismo_id,0,OK,,2,polls affect turnout by providing information shaping beliefs about
Bursztyn2023a,fichamento_Bursztyn2023a.md,mecanismo_tipo_evidencia,16,OK,,2,we next test for a role of beliefs more directly
Bursztyn2023a,fichamento_Bursztyn2023a.md,mecanismo_descricao,16,OK,,2,it is plausible that voters will gauge an upcoming election’s
Bursztyn2023a,fichamento_Bursztyn2023a.md,moderador_id,0,OK,,2,The effects of close polls are largest where newspapers report
Bursztyn2023a,fichamento_Bursztyn2023a.md,moderador_descricao,17,OK,,2,splitting the sample of municipalities above and below
Bursztyn2023a,fichamento_Bursztyn2023a.md,moderador_descricao,20,OK,,2,municipalities with greater estimated support for the trailing side exhibit
Bursztyn2023a,fichamento_Bursztyn2023a.md,het_metodo,17,OK,,2,splitting the sample of municipalities above and below
Bursztyn2023a,fichamento_Bursztyn2023a.md,het_metodo,21,OK,,2,estimated from the interaction terms presented in Table 6
Bursztyn2023a,fichamento_Bursztyn2023a.md,het_pre_especificada,14,OK,,2,We next test a key auxiliary prediction: that greater
Bursztyn2023a,fichamento_Bursztyn2023a.md,het_pre_especificada,16,OK,,2,one would expect to see several patterns in the data
Bursztyn2023a,fichamento_Bursztyn2023a.md,efeitos_nao_intencionais,21,OK,,2,"close polls would turn out differentially less, potentially overturning referendum"
Bursztyn2023a,fichamento_Bursztyn2023a.md,efeitos_nao_intencionais,22,OK,,2,an asymmetric underdog effect suggest magnitudes large enough to shape
Bursztyn2023a,fichamento_Bursztyn2023a.md,limitacoes_autores,12,OK,,2,"the immediate effects of close polls, rather than the total effect"
Bursztyn2023a,fichamento_Bursztyn2023a.md,limitacoes_autores,15,OK,,2,these analyses are thus best viewed as suggestive
Bursztyn2023a,fichamento_Bursztyn2023a.md,b2_estrategia_identificacao,11,OK,,2,"This is a simple event study, examining voter turnout by"
Bursztyn2023a,fichamento_Bursztyn2023a.md,b2_estrategia_identificacao,1,OK,,2,turnout rates are no different in levels or trends
Bursztyn2023a,fichamento_Bursztyn2023a.md,b2_hipoteses_testes,1,OK,,2,turnout rates are no different in levels or trends
Bursztyn2023a,fichamento_Bursztyn2023a.md,b2_hipoteses_testes,1,OK,,2,"we can directly test for a supply side response, counting political ads"
Bursztyn2023a,fichamento_Bursztyn2023a.md,b2_estimador,37,OK,,2,The table presents OLS estimates with two measures of daily turnout
Bursztyn2023a,fichamento_Bursztyn2023a.md,b2_estimador,37,OK,,2,Vote Fixed Effects
Bursztyn2023a,fichamento_Bursztyn2023a.md,b2_estimando,11,OK,,2,"This is a simple event study, examining voter turnout by"
Bursztyn2023a,fichamento_Bursztyn2023a.md,b2_nivel_atribuicao_cluster,6,OK,,2,The release of this national-level poll (and its closeness) before each vote
Bursztyn2023a,fichamento_Bursztyn2023a.md,b2_nivel_atribuicao_cluster,37,OK,,2,"Standard errors in parentheses, clustered at the vote level"
Bursztyn2023a,fichamento_Bursztyn2023a.md,b2_n_total,37,OK,,2,Observations 766
Bursztyn2023a,fichamento_Bursztyn2023a.md,b2_controles,37,OK,,2,Vote Fixed Effects
Bursztyn2023a,fichamento_Bursztyn2023a.md,b2_controles,37,OK,,2,Voting Day from/to Poll Fixed Effects
Bursztyn2023a,fichamento_Bursztyn2023a.md,b2_dp_y_tipo,36,OK,,2,Net Turnout (%) 4.61 1.99
Bursztyn2023a,fichamento_Bursztyn2023a.md,b2_dp_y_tipo,38,OK,,2,Outcome Std. Dev. 8.910
Bursztyn2023a,fichamento_Bursztyn2023a.md,b2_teste_falsificacao,1,OK,,2,turnout rates are no different in levels or trends
Bursztyn2023a,fichamento_Bursztyn2023a.md,b2_teste_falsificacao,15,OK,,2,no evidence of greater perceived importance of an issue when a
Bursztyn2023a,fichamento_Bursztyn2023a.md,b2_modelo_principal,20,OK,,2,"We present the results in Table 6, column 2"
Bursztyn2023a,fichamento_Bursztyn2023a.md,b2_modelo_principal,12,OK,,2,"standard errors clustered at the vote level in Table 3, column 1"
Bursztyn2023a,fichamento_Bursztyn2023a.md,b2_criterio_modelo_principal,29,OK,,2,NET VOTER TURNOUT: EVENT-STUDY BASELINE
Bursztyn2023a,fichamento_Bursztyn2023a.md,b2_criterio_modelo_principal,29,OK,,2,"reported in Table 3, Column 1"
Bursztyn2023a,fichamento_Bursztyn2023a.md,b2_direcao_estimativa_principal,20,OK,,2,shares in favor of the trailing side differentially increase
Bursztyn2023a,fichamento_Bursztyn2023a.md,b2_direcao_estimativa_principal,0,OK,,2,the release of a closer poll causes voter turnout to sharply
Bursztyn2023a,fichamento_Bursztyn2023a.md,b2_significancia_05,3,OK,,2,vote share for the trailing side is signiﬁcantly greater in these
Bursztyn2023a,fichamento_Bursztyn2023a.md,b2_significancia_05,1,OK,,2,increases voter turnout by a statistically signiﬁcant
Bursztyn2023a,fichamento_Bursztyn2023a.md,b2_interpretacao_autores,22,OK,,2,an asymmetric underdog effect suggest magnitudes large enough to shape
Bursztyn2023a,fichamento_Bursztyn2023a.md,regiao,5,OK,,2,"Switzerland is a federal republic consisting of 26 cantons and 2,202 municipalities"
Bursztyn2023a,fichamento_Bursztyn2023a.md,tipo_eleicao,5,OK,,2,Swiss citizens vote on federal ballots two to four times per year
Bursztyn2023a,fichamento_Bursztyn2023a.md,sistema_eleitoral,5,OK,,2,some referenda require a double majority of both voters and cantons
Bursztyn2023a,fichamento_Bursztyn2023a.md,desenho_fino,11,OK,,2,whether the natural experiment we study is a good one
Bursztyn2023a,fichamento_Bursztyn2023a.md,realismo_contexto,5,OK,,2,"Between 1981 and 2019, Swiss citizens voted on 331 federal ballots"
Bursztyn2023a,fichamento_Bursztyn2023a.md,realismo_contexto,9,OK,,2,the 52 referenda studied between 2001 and 2019
Bursztyn2023a,fichamento_Bursztyn2023a.md,ano_eleicao,5,OK,,2,"Between 1981 and 2019, Swiss citizens voted on 331 federal ballots"
Bursztyn2023a,fichamento_Bursztyn2023a.md,comparador_tipo,12,OK,,2,(above or below a 40% vote share for the losing side)
Bursztyn2023a,fichamento_Bursztyn2023a.md,nivel_desfecho,36,OK,,2,"as the daily number of votes cast, in percent of eligible voters"
Bursztyn2023a,fichamento_Bursztyn2023a.md,nivel_desfecho,40,OK,,2,share for the trailing side (column 2) as dependent variables
Bursztyn2023a,fichamento_Bursztyn2023a.md,margem_mostrada,9,OK,,2,poll closeness in our sample is 38.40
Bursztyn2023a,fichamento_Bursztyn2023a.md,margem_mostrada,12,OK,,2,a one standard deviation (7.65 percentage point) increase in poll closeness
Bursztyn2023a,fichamento_Bursztyn2023a.md,mecanismo_testado,0,OK,,2,polls affect turnout by providing information shaping beliefs about
Bursztyn2023a,fichamento_Bursztyn2023a.md,moderadores_relatados,0,OK,,2,The effects of close polls are largest where newspapers report
Bursztyn2023a,fichamento_Bursztyn2023a.md,moderadores_relatados,20,OK,,2,municipalities with greater estimated support for the trailing side exhibit
Bursztyn2023a,fichamento_Bursztyn2023a.md,alvo_efeito,40,OK,,2,share for the trailing side (column 2) as dependent variables
Bursztyn2023a,fichamento_Bursztyn2023a.md,n_competidores,7,OK,,2,"votes in support of the initiative, and the number of"
Bursztyn2023a,fichamento_Bursztyn2023a.md,n_competidores,8,OK,,2,Closeness thus varies between 0 and 50
Bursztyn2023a,fichamento_Bursztyn2023a.md,dias_ate_eleicao,6,OK,,2,results of the last poll are typically released 11
Bursztyn2023a,fichamento_Bursztyn2023a.md,ajuste_mediador,37,OK,,2,Voting Day from/to Poll Fixed Effects
Bursztyn2023a,fichamento_Bursztyn2023a.md,ajuste_mediador,15,OK,,2,we prefer not to control for political ads and vote importance
Chatterjee2019a,fichamento_Chatterjee2019a.md,titulo,0,OK,,1,Voting for the Underdog or Jumping on the Bandwagon?
Chatterjee2019a,fichamento_Chatterjee2019a.md,ano,0,OK,,1,December 2019
Chatterjee2019a,fichamento_Chatterjee2019a.md,idioma,0,OK,,1,Exit poll surveys during elections are conducted to predict
Chatterjee2019a,fichamento_Chatterjee2019a.md,pais_estudo,13,OK,,1,"Indian States namely Arunchal Pradesh, Bihar, Haryana and Maharashtra"
Chatterjee2019a,fichamento_Chatterjee2019a.md,pais_estudo,21,OK,,1,include all states which have not experienced any switch
Chatterjee2019a,fichamento_Chatterjee2019a.md,tipo_estudo,17,OK,,1,We have used difference-in-difference setup
Chatterjee2019a,fichamento_Chatterjee2019a.md,problema_pesquisa,2,OK,,1,we are interested to find if the Indian electorate on average
Chatterjee2019a,fichamento_Chatterjee2019a.md,unidade_analise,15,OK,,1,our analysis depends on a repeated cross section
Chatterjee2019a,fichamento_Chatterjee2019a.md,populacao,13,OK,,1,the dataset consists of 681 constituencies of four
Chatterjee2019a,fichamento_Chatterjee2019a.md,populacao,21,OK,,1,include all states which have not experienced any switch
Chatterjee2019a,fichamento_Chatterjee2019a.md,periodo_dados,13,OK,,1,"conducted between 1998 and 2014 and on two assembly elections each, for"
Chatterjee2019a,fichamento_Chatterjee2019a.md,periodo_dados,13,OK,,1,four states between 2004 and 2010.
Chatterjee2019a,fichamento_Chatterjee2019a.md,fonte_dados,13,OK,,1,We use administrative data from the statistical reports published by election
Chatterjee2019a,fichamento_Chatterjee2019a.md,intervencao_descricao,1,OK,,1,decided to issue a blanket ban on publishing results of a
Chatterjee2019a,fichamento_Chatterjee2019a.md,intervencao_descricao,17,OK,,1,results of exit polls are reported at the end of the day
Chatterjee2019a,fichamento_Chatterjee2019a.md,familia_intervencao,4,OK,,1,exit polls are conducted on the same day of election
Chatterjee2019a,fichamento_Chatterjee2019a.md,comparador,21,OK,,1,that always had single phase elections form our control group
Chatterjee2019a,fichamento_Chatterjee2019a.md,comparador,17,OK,,1,elections just before and just after exit poll ban
Chatterjee2019a,fichamento_Chatterjee2019a.md,construto_outcome,19,OK,,1,the effect of the exit poll ban on vote shares
Chatterjee2019a,fichamento_Chatterjee2019a.md,construto_outcome,18,OK,,1,Our final set of outcomes include voter turnout and winning
Chatterjee2019a,fichamento_Chatterjee2019a.md,outcome_medida,18,OK,,1,share of runner up and vote share of other fringe candidates
Chatterjee2019a,fichamento_Chatterjee2019a.md,outcome_medida,16,OK,,1,Voter Turnout (Poll Percentage)
Chatterjee2019a,fichamento_Chatterjee2019a.md,mecanismo_id,12,OK,,1,essentially like a shock leading to a change in the thresholds
Chatterjee2019a,fichamento_Chatterjee2019a.md,mecanismo_id,26,OK,,1,Potentially such an exercise provides some suggestive inference on the source
Chatterjee2019a,fichamento_Chatterjee2019a.md,mecanismo_tipo_evidencia,26,OK,,1,Are the vote shares affected by more people
Chatterjee2019a,fichamento_Chatterjee2019a.md,mecanismo_descricao,12,OK,,1,If one desires to cast a protest vote
Chatterjee2019a,fichamento_Chatterjee2019a.md,mecanismo_descricao,12,OK,,1,The empirical exercise is relatively easy to motivate if
Chatterjee2019a,fichamento_Chatterjee2019a.md,moderador_id,27,OK,,1,"Unlike State elections, we cannot conclude anything about the effect of"
Chatterjee2019a,fichamento_Chatterjee2019a.md,moderador_descricao,25,OK,,1,"Unlike State elections, the findings from table 6 show that"
Chatterjee2019a,fichamento_Chatterjee2019a.md,moderador_descricao,27,OK,,1,"Unlike State elections, we cannot conclude anything about the effect of"
Chatterjee2019a,fichamento_Chatterjee2019a.md,het_metodo,21,OK,,1,"To alleviate these concerns, we shift focus to a more general setting where"
Chatterjee2019a,fichamento_Chatterjee2019a.md,het_pre_especificada,20,OK,,1,There maybe concerns about the generalizability of the results from the above
Chatterjee2019a,fichamento_Chatterjee2019a.md,efeitos_nao_intencionais,26,OK,,1,voter turnout seems to have increased with the exit
Chatterjee2019a,fichamento_Chatterjee2019a.md,efeitos_nao_intencionais,26,OK,,1,Winning margin also increased with the ban of exit polls
Chatterjee2019a,fichamento_Chatterjee2019a.md,limitacoes_autores,22,OK,,1,is statistically not possible to accurately test this
Chatterjee2019a,fichamento_Chatterjee2019a.md,limitacoes_autores,15,OK,,1,use a panel of constituencies for our analysis
Chatterjee2019a,fichamento_Chatterjee2019a.md,b2_estrategia_identificacao,17,OK,,1,we employ a double difference estimation framework by comparing the same
Chatterjee2019a,fichamento_Chatterjee2019a.md,b2_estrategia_identificacao,17,OK,,1,We have used difference-in-difference setup
Chatterjee2019a,fichamento_Chatterjee2019a.md,b2_hipoteses_testes,22,OK,,1,Our identification strategy relies upon the assumption that in the absence
Chatterjee2019a,fichamento_Chatterjee2019a.md,b2_hipoteses_testes,22,OK,,1,the test of parallel trends inn common quasi-experimental parlance
Chatterjee2019a,fichamento_Chatterjee2019a.md,b2_estimador,20,OK,,1,Robust Standard Errors in parentheses
Chatterjee2019a,fichamento_Chatterjee2019a.md,b2_estimando,17,OK,,1,we employ a double difference estimation framework by comparing the same
Chatterjee2019a,fichamento_Chatterjee2019a.md,b2_nivel_atribuicao_cluster,21,OK,,1,We exploit state-time variation in the impact of exit poll ban to estimate
Chatterjee2019a,fichamento_Chatterjee2019a.md,b2_nivel_atribuicao_cluster,20,OK,,1,Robust Standard Errors in parentheses
Chatterjee2019a,fichamento_Chatterjee2019a.md,b2_n_total,20,OK,,1,Obs 1352 1352 1352 1352 1352 1352
Chatterjee2019a,fichamento_Chatterjee2019a.md,b2_controles,20,OK,,1,"Control variables include population, sex ratio, literacy , total electors"
Chatterjee2019a,fichamento_Chatterjee2019a.md,b2_dp_y_tipo,15,OK,,1,The summary statistics of the data-set are reported in table 2
Chatterjee2019a,fichamento_Chatterjee2019a.md,b2_dp_y_tipo,16,OK,,1,Table 2: Summary Statistics
Chatterjee2019a,fichamento_Chatterjee2019a.md,b2_teste_falsificacao,22,OK,,1,the test of parallel trends inn common quasi-experimental parlance
Chatterjee2019a,fichamento_Chatterjee2019a.md,b2_modelo_principal,20,OK,,1,Impact of Exit Poll Bans on Vote Shares of Candidates - Assembly
Chatterjee2019a,fichamento_Chatterjee2019a.md,b2_modelo_principal,22,OK,,1,Impact of Exit Poll Bans on Vote Shares of Candidates - General
Chatterjee2019a,fichamento_Chatterjee2019a.md,b2_modelo_principal,27,OK,,1,Impact of Exit Poll Bans on Voter Turnout and Winning Margins - Assembly
Chatterjee2019a,fichamento_Chatterjee2019a.md,b2_criterio_modelo_principal,20,OK,,1,Controls No Yes No Yes No Yes
Chatterjee2019a,fichamento_Chatterjee2019a.md,b2_direcao_estimativa_principal,0,OK,,1,"we find that in response to the policy, vote share increases"
Chatterjee2019a,fichamento_Chatterjee2019a.md,b2_direcao_estimativa_principal,0,OK,,1,"without the ban, less people would have voted for the front-runner"
Chatterjee2019a,fichamento_Chatterjee2019a.md,b2_direcao_estimativa_principal,26,OK,,1,voter turnout seems to have increased with the exit
Chatterjee2019a,fichamento_Chatterjee2019a.md,b2_significancia_05,20,OK,,1,*** p<0.01 **p<0.05 *p<0.1
Chatterjee2019a,fichamento_Chatterjee2019a.md,b2_interpretacao_autores,28,OK,,1,This is suggestive evidence of underdog voting among the Indian electorate.
Chatterjee2019a,fichamento_Chatterjee2019a.md,regiao,13,OK,,1,"Indian States namely Arunchal Pradesh, Bihar, Haryana and Maharashtra"
Chatterjee2019a,fichamento_Chatterjee2019a.md,tipo_eleicao,20,OK,,1,Impact of Exit Poll Bans on Vote Shares of Candidates - Assembly
Chatterjee2019a,fichamento_Chatterjee2019a.md,sistema_eleitoral,15,OK,,1,Since India has a first-passed-the-post voting system
Chatterjee2019a,fichamento_Chatterjee2019a.md,desenho_fino,2,OK,,1,provides an excellent natural experiment setting
Chatterjee2019a,fichamento_Chatterjee2019a.md,realismo_contexto,13,OK,,1,Our analysis is based on five general elections
Chatterjee2019a,fichamento_Chatterjee2019a.md,ano_eleicao,13,OK,,1,"conducted between 1998 and 2014 and on two assembly elections each, for"
Chatterjee2019a,fichamento_Chatterjee2019a.md,comparador_tipo,17,OK,,1,elections just before and just after exit poll ban
Chatterjee2019a,fichamento_Chatterjee2019a.md,nivel_desfecho,18,OK,,1,share of runner up and vote share of other fringe candidates
Chatterjee2019a,fichamento_Chatterjee2019a.md,mecanismo_testado,26,OK,,1,Are the vote shares affected by more people
Chatterjee2019a,fichamento_Chatterjee2019a.md,moderadores_relatados,27,OK,,1,"Unlike State elections, we cannot conclude anything about the effect of"
Chatterjee2019a,fichamento_Chatterjee2019a.md,alvo_efeito,18,OK,,1,share of runner up and vote share of other fringe candidates
Chatterjee2019a,fichamento_Chatterjee2019a.md,n_competidores,16,OK,,1,"more than 10 candidates contest in every constituency, in both assembly and"
Chatterjee2019a,fichamento_Chatterjee2019a.md,ajuste_mediador,20,OK,,1,"Control variables include population, sex ratio, literacy , total electors"
Cornejo2023a,fichamento_Cornejo2023a.md,titulo,73,OK,,-72,DO (PERCEPTIONS OF) ELECTORAL POLLING
Cornejo2023a,fichamento_Cornejo2023a.md,ano,73,OK,,-72,Publication: 2022-12-27
Cornejo2023a,fichamento_Cornejo2023a.md,tipo_publicacao,74,OK,,-72,Este artículo subraya el importante papel de la identidad partidista
Cornejo2023a,fichamento_Cornejo2023a.md,idioma,74,OK,,-72,Research in Latin American political behavior has focused on persuasion
Cornejo2023a,fichamento_Cornejo2023a.md,pais_estudo,90,OK,,-72,panel survey conducted in two Mexican states (Michoacán and Nuevo
Cornejo2023a,fichamento_Cornejo2023a.md,tipo_estudo,75,OK,,-72,presents evidence from an original survey experiment conducted during
Cornejo2023a,fichamento_Cornejo2023a.md,problema_pesquisa,75,OK,,-72,this study identifies the role that partisanship plays by shaping
Cornejo2023a,fichamento_Cornejo2023a.md,problema_pesquisa,74,OK,,-72,moderating voters' responsiveness to polling information
Cornejo2023a,fichamento_Cornejo2023a.md,unidade_analise,90,OK,,-72,sample of the survey experiment roughly consisted of 650 respondents
Cornejo2023a,fichamento_Cornejo2023a.md,populacao,82,OK,,-72,nationally representative surveys conducted a few days before
Cornejo2023a,fichamento_Cornejo2023a.md,populacao,108,OK,,-72,citizens over 18 years old with a voting ID
Cornejo2023a,fichamento_Cornejo2023a.md,periodo_dados,90,OK,,-72,"First Wave: Mar, 14-16, 2015. Second Wave: June 1-3, 2015"
Cornejo2023a,fichamento_Cornejo2023a.md,periodo_dados,108,OK,,-72,conducted the month prior to election day on the following dates
Cornejo2023a,fichamento_Cornejo2023a.md,fonte_dados,82,OK,,-72,pooled data from three national polls
Cornejo2023a,fichamento_Cornejo2023a.md,fonte_dados,93,OK,,-72,Source: Analysis based on Author's original survey
Cornejo2023a,fichamento_Cornejo2023a.md,intervencao_descricao,90,OK,,-72,The survey randomly assigned a question asking if the
Cornejo2023a,fichamento_Cornejo2023a.md,intervencao_descricao,90,OK,,-72,the vignette gave the lead to the PRI candidate who was tied
Cornejo2023a,fichamento_Cornejo2023a.md,familia_intervencao,91,OK,,-72,"Did you know that an electoral poll, recently released by a"
Cornejo2023a,fichamento_Cornejo2023a.md,comparador,90,OK,,-72,assigned to the control group were not asked whether they were aware
Cornejo2023a,fichamento_Cornejo2023a.md,construto_outcome,91,OK,,-72,both treatment and control groups were asked a question
Cornejo2023a,fichamento_Cornejo2023a.md,construto_outcome,106,OK,,-72,Support for the anti-PRI candidate with better standing in the polls
Cornejo2023a,fichamento_Cornejo2023a.md,outcome_medida,106,OK,,-72,Support for the anti-PRI candidate with better standing in the polls
Cornejo2023a,fichamento_Cornejo2023a.md,outcome_medida,86,OK,,-72,table 3 presents PRI partisans' probability of voting
Cornejo2023a,fichamento_Cornejo2023a.md,mecanismo_id,79,OK,,-72,partisan bias implies a directional motivation that makes them overestimate the
Cornejo2023a,fichamento_Cornejo2023a.md,mecanismo_tipo_evidencia,86,OK,,-72,The main independent variable is PRI partisans' expectation that (1) the
Cornejo2023a,fichamento_Cornejo2023a.md,mecanismo_descricao,86,OK,,-72,they overcome their partisan bias and defect from their
Cornejo2023a,fichamento_Cornejo2023a.md,mecanismo_descricao,80,OK,,-72,instrumental concerns and overestimating their co-partisan candidate
Cornejo2023a,fichamento_Cornejo2023a.md,moderador_id,74,OK,,-72,moderating voters' responsiveness to polling information
Cornejo2023a,fichamento_Cornejo2023a.md,moderador_descricao,92,OK,,-72,Among voters who support parties trailing in the polls and
Cornejo2023a,fichamento_Cornejo2023a.md,moderador_descricao,91,OK,,-72,self-reported identifying with the same political party throughout the campaign
Cornejo2023a,fichamento_Cornejo2023a.md,het_metodo,86,OK,,-72,table 3 presents PRI partisans' probability of voting
Cornejo2023a,fichamento_Cornejo2023a.md,het_metodo,92,OK,,-72,the portion of the sample in which strategic behavior is anticipated
Cornejo2023a,fichamento_Cornejo2023a.md,het_pre_especificada,80,OK,,-72,expect strategic voting to be muted among partisans
Cornejo2023a,fichamento_Cornejo2023a.md,efeitos_nao_intencionais,93,OK,,-72,weakened the connection between partisanship and vote choice among
Cornejo2023a,fichamento_Cornejo2023a.md,efeitos_nao_intencionais,93,OK,,-72,While 82 percent of PAN respondents supported
Cornejo2023a,fichamento_Cornejo2023a.md,limitacoes_autores,95,OK,,-72,how this result generalizes to real-life
Cornejo2023a,fichamento_Cornejo2023a.md,limitacoes_autores,96,OK,,-72,this article provides a lower bound for strategic
Cornejo2023a,fichamento_Cornejo2023a.md,b2_estrategia_identificacao,90,OK,,-72,The sample was divided into two randomly-assigned groups that
Cornejo2023a,fichamento_Cornejo2023a.md,b2_estrategia_identificacao,90,OK,,-72,Randomization guarantees that the treatment and control groups in
Cornejo2023a,fichamento_Cornejo2023a.md,b2_hipoteses_testes,90,OK,,-72,The treatment appears balanced across observed covariates (see table A4 of the
Cornejo2023a,fichamento_Cornejo2023a.md,b2_hipoteses_testes,104,OK,,-72,Table A4. Balance across Treatment/Control Group
Cornejo2023a,fichamento_Cornejo2023a.md,b2_hipoteses_testes,103,OK,,-72,Attrition Rate in Second Wave
Cornejo2023a,fichamento_Cornejo2023a.md,b2_estimador,85,OK,,-72,"Logistic Regressions Models, Polling Information and Vote Choice"
Cornejo2023a,fichamento_Cornejo2023a.md,b2_estimador,91,OK,,-72,the logistic models reported in the next
Cornejo2023a,fichamento_Cornejo2023a.md,b2_estimando,90,OK,,-72,The sample was divided into two randomly-assigned groups that
Cornejo2023a,fichamento_Cornejo2023a.md,b2_nivel_atribuicao_cluster,90,OK,,-72,The sample was divided into two randomly-assigned groups that
Cornejo2023a,fichamento_Cornejo2023a.md,b2_nivel_atribuicao_cluster,106,OK,,-72,State dummy
Cornejo2023a,fichamento_Cornejo2023a.md,b2_n_total,106,OK,,-72,Observations 545
Cornejo2023a,fichamento_Cornejo2023a.md,b2_n_total,90,OK,,-72,sample of the survey experiment roughly consisted of 650 respondents
Cornejo2023a,fichamento_Cornejo2023a.md,b2_controles,106,OK,,-72,State dummy
Cornejo2023a,fichamento_Cornejo2023a.md,b2_controles,92,OK,,-72,table A6 in the Appendix reports the complete regressions
Cornejo2023a,fichamento_Cornejo2023a.md,b2_controles,84,OK,,-72,"campaign interest and voters' levels of education, are controlled for"
Cornejo2023a,fichamento_Cornejo2023a.md,b2_teste_falsificacao,90,OK,,-72,The treatment appears balanced across observed covariates (see table A4 of the
Cornejo2023a,fichamento_Cornejo2023a.md,b2_modelo_principal,92,OK,,-72,the portion of the sample in which strategic behavior is anticipated
Cornejo2023a,fichamento_Cornejo2023a.md,b2_modelo_principal,92,OK,,-72,table A6 in the Appendix reports the complete regressions
Cornejo2023a,fichamento_Cornejo2023a.md,b2_modelo_principal,86,OK,,-72,table 3 presents PRI partisans' probability of voting
Cornejo2023a,fichamento_Cornejo2023a.md,b2_criterio_modelo_principal,92,OK,,-72,table A6 in the Appendix reports the complete regressions
Cornejo2023a,fichamento_Cornejo2023a.md,b2_criterio_modelo_principal,86,OK,,-72,table 3 presents PRI partisans' probability of voting
Cornejo2023a,fichamento_Cornejo2023a.md,b2_direcao_estimativa_principal,93,OK,,-72,whose likelihood of supporting the leading anti-PRI candidate increases by 14
Cornejo2023a,fichamento_Cornejo2023a.md,b2_direcao_estimativa_principal,86,OK,,-72,the PRI candidate decreases from 95 to 67 percent when PRI partisans
Cornejo2023a,fichamento_Cornejo2023a.md,b2_significancia_05,92,OK,,-72,"seven percentage points in the treatment group (p < 0.06, figure"
Cornejo2023a,fichamento_Cornejo2023a.md,b2_significancia_05,86,OK,,-72,"than when they were not aware (p<0.01, vote for"
Cornejo2023a,fichamento_Cornejo2023a.md,b2_interpretacao_autores,95,OK,,-72,partisans who are informed of polls are able to overcome
Cornejo2023a,fichamento_Cornejo2023a.md,regiao,90,OK,,-72,panel survey conducted in two Mexican states (Michoacán and Nuevo
Cornejo2023a,fichamento_Cornejo2023a.md,tipo_eleicao,91,OK,,-72,"PRD candidate, Silvano Aureoles, are tied with the 36 percent"
Cornejo2023a,fichamento_Cornejo2023a.md,sistema_eleitoral,78,OK,,-72,a three-party system where a party or a candidate wins if it
Cornejo2023a,fichamento_Cornejo2023a.md,sistema_eleitoral,78,OK,,-72,rule in Mexico and two-round elections in most South American countries
Cornejo2023a,fichamento_Cornejo2023a.md,desenho_fino,90,OK,,-72,The survey experiment was embedded in the second-wave of an original
Cornejo2023a,fichamento_Cornejo2023a.md,realismo_contexto,91,OK,,-72,"Meanwhile, the PAN candidate, Luisa María Calderón, has 23 percent of"
Cornejo2023a,fichamento_Cornejo2023a.md,ano_eleicao,89,OK,,-72,describes a survey experiment conducted during the 2015 gubernatorial
Cornejo2023a,fichamento_Cornejo2023a.md,comparador_tipo,90,OK,,-72,assigned to the control group were not asked whether they were aware
Cornejo2023a,fichamento_Cornejo2023a.md,nivel_desfecho,91,OK,,-72,both treatment and control groups were asked a question
Cornejo2023a,fichamento_Cornejo2023a.md,margem_mostrada,91,OK,,-72,"PRD candidate, Silvano Aureoles, are tied with the 36 percent"
Cornejo2023a,fichamento_Cornejo2023a.md,margem_mostrada,91,OK,,-72,"place with 32 percent of vote intention, and the PAN candidate"
Cornejo2023a,fichamento_Cornejo2023a.md,mecanismo_testado,79,OK,,-72,helps undecided voters reach a defined vote preference
Cornejo2023a,fichamento_Cornejo2023a.md,mecanismo_testado,78,OK,,-72,Strategic voters do not want to waste their votes on candidates
Cornejo2023a,fichamento_Cornejo2023a.md,moderadores_relatados,74,OK,,-72,moderating voters' responsiveness to polling information
Cornejo2023a,fichamento_Cornejo2023a.md,moderadores_relatados,92,OK,,-72,Among voters who support parties trailing in the polls and
Cornejo2023a,fichamento_Cornejo2023a.md,alvo_efeito,106,OK,,-72,Support for the anti-PRI candidate with better standing in the polls
Cornejo2023a,fichamento_Cornejo2023a.md,alvo_efeito,82,OK,,-72,"the PAN or the PRD, which appeared tied in most electoral polls"
Cornejo2023a,fichamento_Cornejo2023a.md,n_competidores,78,OK,,-72,a three-party system where a party or a candidate wins if it
Cornejo2023a,fichamento_Cornejo2023a.md,n_competidores,91,OK,,-72,The independent candidate is in second
Cornejo2023a,fichamento_Cornejo2023a.md,dias_ate_eleicao,89,OK,,-72,week before election day
Cornejo2023a,fichamento_Cornejo2023a.md,dias_ate_eleicao,90,OK,,-72,"The election was held on Sunday, June 7"
Cornejo2023a,fichamento_Cornejo2023a.md,ajuste_mediador,106,OK,,-72,State dummy
Cornejo2023a,fichamento_Cornejo2023a.md,ajuste_mediador,86,OK,,-72,The main independent variable is PRI partisans' expectation that (1) the
Dahlgaard2016a,fichamento_Dahlgaard2016a.md,titulo,283,OK,,-282,How are Voters Influenced by Opinion Polls?
Dahlgaard2016a,fichamento_Dahlgaard2016a.md,ano,283,OK,,-282,World Polit Sci 2016; 12(2)
Dahlgaard2016a,fichamento_Dahlgaard2016a.md,tipo_publicacao,283,OK,,-282,World Polit Sci 2016; 12(2)
Dahlgaard2016a,fichamento_Dahlgaard2016a.md,tipo_publicacao,283,OK,,-282,DOI 10.1515/wps-2016-0012
Dahlgaard2016a,fichamento_Dahlgaard2016a.md,idioma,283,OK,,-282,Polls are a substantial part of the media’s coverage of politics
Dahlgaard2016a,fichamento_Dahlgaard2016a.md,pais_estudo,288,OK,,-282,Danish citizens between 18 and 74 years old
Dahlgaard2016a,fichamento_Dahlgaard2016a.md,tipo_estudo,284,OK,,-282,we utilize a survey-experiment with 3011 respondents
Dahlgaard2016a,fichamento_Dahlgaard2016a.md,tipo_estudo,288,OK,,-282,The respondents were randomly split into five groups.
Dahlgaard2016a,fichamento_Dahlgaard2016a.md,problema_pesquisa,284,OK,,-282,"In this article, we examine whether such polls affect the voters."
Dahlgaard2016a,fichamento_Dahlgaard2016a.md,problema_pesquisa,284,OK,,-282,we examine whether polls affect voters’ sympathy for the political
Dahlgaard2016a,fichamento_Dahlgaard2016a.md,unidade_analise,288,OK,,-282,3011 respondents completed the entire survey
Dahlgaard2016a,fichamento_Dahlgaard2016a.md,populacao,288,OK,,-282,Danish citizens between 18 and 74 years old
Dahlgaard2016a,fichamento_Dahlgaard2016a.md,populacao,297,OK,,-282,quota sampling in a YouGov online panel
Dahlgaard2016a,fichamento_Dahlgaard2016a.md,periodo_dados,288,OK,,-282,"from the 10th of January through 28th of January, 2014"
Dahlgaard2016a,fichamento_Dahlgaard2016a.md,fonte_dados,288,OK,,-282,The survey experiment was conducted as an online survey
Dahlgaard2016a,fichamento_Dahlgaard2016a.md,intervencao_descricao,288,OK,,-282,the groups read a fictive article from a newspaper including a poll
Dahlgaard2016a,fichamento_Dahlgaard2016a.md,intervencao_descricao,288,OK,,-282,the Social Democrats advanced 5 percentage points in the article
Dahlgaard2016a,fichamento_Dahlgaard2016a.md,familia_intervencao,284,OK,,-282,exposed to different fictitious polls presented in different fictitious news stories
Dahlgaard2016a,fichamento_Dahlgaard2016a.md,comparador,288,OK,,-282,The last group did not read an article
Dahlgaard2016a,fichamento_Dahlgaard2016a.md,comparador,288,OK,,-282,as opposed to not reading anything
Dahlgaard2016a,fichamento_Dahlgaard2016a.md,construto_outcome,292,OK,,-282,The dependent variable is support of either Social Democrats or the Conservatives
Dahlgaard2016a,fichamento_Dahlgaard2016a.md,outcome_medida,291,OK,,-282,what they would vote if a Parliamentary election were held
Dahlgaard2016a,fichamento_Dahlgaard2016a.md,outcome_medida,291,OK,,-282,the probability of voting for the party
Dahlgaard2016a,fichamento_Dahlgaard2016a.md,mecanismo_id,285,OK,,-282,voters may take cues from the information in the polls
Dahlgaard2016a,fichamento_Dahlgaard2016a.md,mecanismo_id,286,OK,,-282,parties that are set to decline in a poll will receive
Dahlgaard2016a,fichamento_Dahlgaard2016a.md,mecanismo_tipo_evidencia,286,OK,,-282,The exact mechanism behind this effect is a little unclear.
Dahlgaard2016a,fichamento_Dahlgaard2016a.md,mecanismo_descricao,285,OK,,-282,voters may take cues from the information in the polls
Dahlgaard2016a,fichamento_Dahlgaard2016a.md,mecanismo_descricao,286,OK,,-282,The exact mechanism behind this effect is a little unclear.
Dahlgaard2016a,fichamento_Dahlgaard2016a.md,moderador_id,289,OK,,-282,we tested the effect on a small party (the Conservatives)
Dahlgaard2016a,fichamento_Dahlgaard2016a.md,moderador_id,295,OK,,-282,no difference in how highly educated and less educated people are affected
Dahlgaard2016a,fichamento_Dahlgaard2016a.md,moderador_descricao,289,OK,,-282,we tested the effect on a small party (the Conservatives)
Dahlgaard2016a,fichamento_Dahlgaard2016a.md,moderador_descricao,295,OK,,-282,no significant differences in which the type of voters are affected
Dahlgaard2016a,fichamento_Dahlgaard2016a.md,het_metodo,289,OK,,-282,we tested the effect on a small party (the Conservatives)
Dahlgaard2016a,fichamento_Dahlgaard2016a.md,het_pre_especificada,289,OK,,-282,The hypotheses behind the choice of the four treatment articles are grounded
Dahlgaard2016a,fichamento_Dahlgaard2016a.md,het_pre_especificada,289,OK,,-282,we tested the effect on a small party (the Conservatives)
Dahlgaard2016a,fichamento_Dahlgaard2016a.md,equidade_progress_plus,295,OK,,-282,no difference in how highly educated and less educated people are affected
Dahlgaard2016a,fichamento_Dahlgaard2016a.md,equidade_progress_plus,295,OK,,-282,no significant differences in which the type of voters are affected
Dahlgaard2016a,fichamento_Dahlgaard2016a.md,limitacoes_autores,288,OK,,-282,we cannot isolate the effect of the poll or the article
Dahlgaard2016a,fichamento_Dahlgaard2016a.md,limitacoes_autores,296,OK,,-282,A central consideration relates to the ecological validity of our study
Dahlgaard2016a,fichamento_Dahlgaard2016a.md,b2_estrategia_identificacao,288,OK,,-282,The respondents were randomly split into five groups.
Dahlgaard2016a,fichamento_Dahlgaard2016a.md,b2_estrategia_identificacao,291,OK,,-282,we assigned the subjects independently of all of the underlying
Dahlgaard2016a,fichamento_Dahlgaard2016a.md,b2_hipoteses_testes,291,OK,,-282,which showed that there was no sign of imbalance in relation
Dahlgaard2016a,fichamento_Dahlgaard2016a.md,b2_hipoteses_testes,290,OK,,-282,Out of the 2407 respondents who saw one of the arti
Dahlgaard2016a,fichamento_Dahlgaard2016a.md,b2_estimador,291,OK,,-282,The analysis consists of simple comparisons between the experimental groups
Dahlgaard2016a,fichamento_Dahlgaard2016a.md,b2_estimador,292,OK,,-282,the independent variables are two dummy variables
Dahlgaard2016a,fichamento_Dahlgaard2016a.md,b2_estimando,290,OK,,-282,"89% were correct, 11% were wrong or replied"
Dahlgaard2016a,fichamento_Dahlgaard2016a.md,b2_estimando,293,OK,,-282,Additional analyses show that the effects were stronger and clearer
Dahlgaard2016a,fichamento_Dahlgaard2016a.md,b2_nivel_atribuicao_cluster,288,OK,,-282,The respondents were randomly split into five groups.
Dahlgaard2016a,fichamento_Dahlgaard2016a.md,b2_nivel_atribuicao_cluster,291,OK,,-282,we assigned the subjects independently of all of the underlying
Dahlgaard2016a,fichamento_Dahlgaard2016a.md,b2_n_total,292,OK,,-282,approximately 1700 respondents in each comparison
Dahlgaard2016a,fichamento_Dahlgaard2016a.md,b2_controles,291,OK,,-282,The analysis consists of simple comparisons between the experimental groups
Dahlgaard2016a,fichamento_Dahlgaard2016a.md,b2_controles,292,OK,,-282,the independent variables are two dummy variables
Dahlgaard2016a,fichamento_Dahlgaard2016a.md,b2_dp_y_tipo,292,OK,,-282,Bars show average for the group
Dahlgaard2016a,fichamento_Dahlgaard2016a.md,b2_dp_y_tipo,292,OK,,-282,vertical lines show 95 pct. confidence intervals
Dahlgaard2016a,fichamento_Dahlgaard2016a.md,b2_teste_falsificacao,291,OK,,-282,which showed that there was no sign of imbalance in relation
Dahlgaard2016a,fichamento_Dahlgaard2016a.md,b2_modelo_principal,296,OK,,-282,the support for the party is 5.7 percentage points higher
Dahlgaard2016a,fichamento_Dahlgaard2016a.md,b2_modelo_principal,296,OK,,-282,"For the Conservative party, the difference is 2.7 percentage points."
Dahlgaard2016a,fichamento_Dahlgaard2016a.md,b2_criterio_modelo_principal,296,OK,,-282,the support for the party is 5.7 percentage points higher
Dahlgaard2016a,fichamento_Dahlgaard2016a.md,b2_criterio_modelo_principal,293,OK,,-282,To examine the robustness of the results
Dahlgaard2016a,fichamento_Dahlgaard2016a.md,b2_direcao_estimativa_principal,293,OK,,-282,voters presented with the gain article were more likely to vote for
Dahlgaard2016a,fichamento_Dahlgaard2016a.md,b2_direcao_estimativa_principal,293,OK,,-282,points in the same direction as when looking at the Social Democratic
Dahlgaard2016a,fichamento_Dahlgaard2016a.md,b2_significancia_05,293,OK,,-282,neither the difference between the gain article and the control group
Dahlgaard2016a,fichamento_Dahlgaard2016a.md,b2_significancia_05,293,OK,,-282,the difference between the control group and the gain article is statistically
Dahlgaard2016a,fichamento_Dahlgaard2016a.md,b2_interpretacao_autores,296,OK,,-282,We find a consistent bandwagon effect.
Dahlgaard2016a,fichamento_Dahlgaard2016a.md,b2_interpretacao_autores,283,OK,,-282,We find no evidence for the underdog effect.
Dahlgaard2016a,fichamento_Dahlgaard2016a.md,regiao,288,OK,,-282,Danish citizens between 18 and 74 years old
Dahlgaard2016a,fichamento_Dahlgaard2016a.md,tipo_eleicao,291,OK,,-282,what they would vote if a Parliamentary election were held
Dahlgaard2016a,fichamento_Dahlgaard2016a.md,tipo_eleicao,292,OK,,-282,All of the parties represented in parliament were represented as options
Dahlgaard2016a,fichamento_Dahlgaard2016a.md,sistema_eleitoral,288,OK,,-282,leaving them below the threshold of 2 percent
Dahlgaard2016a,fichamento_Dahlgaard2016a.md,desenho_fino,284,OK,,-282,we utilize a survey-experiment with 3011 respondents
Dahlgaard2016a,fichamento_Dahlgaard2016a.md,desenho_fino,288,OK,,-282,The survey experiment was conducted as an online survey
Dahlgaard2016a,fichamento_Dahlgaard2016a.md,realismo_contexto,288,OK,,-282,the Social Democrats advanced 5 percentage points in the article
Dahlgaard2016a,fichamento_Dahlgaard2016a.md,realismo_contexto,289,OK,,-282,the fictive polls moved around the actual support at the time
Dahlgaard2016a,fichamento_Dahlgaard2016a.md,ano_eleicao,288,OK,,-282,"from the 10th of January through 28th of January, 2014"
Dahlgaard2016a,fichamento_Dahlgaard2016a.md,comparador_tipo,288,OK,,-282,The last group did not read an article
Dahlgaard2016a,fichamento_Dahlgaard2016a.md,comparador_tipo,288,OK,,-282,the answers between the control group and the four treatment groups
Dahlgaard2016a,fichamento_Dahlgaard2016a.md,nivel_desfecho,291,OK,,-282,what they would vote if a Parliamentary election were held
Dahlgaard2016a,fichamento_Dahlgaard2016a.md,mecanismo_testado,286,OK,,-282,The exact mechanism behind this effect is a little unclear.
Dahlgaard2016a,fichamento_Dahlgaard2016a.md,mecanismo_testado,285,OK,,-282,voters may take cues from the information in the polls
Dahlgaard2016a,fichamento_Dahlgaard2016a.md,moderadores_relatados,295,OK,,-282,no difference in how highly educated and less educated people are affected
Dahlgaard2016a,fichamento_Dahlgaard2016a.md,moderadores_relatados,289,OK,,-282,we tested the effect on a small party (the Conservatives)
Dahlgaard2016a,fichamento_Dahlgaard2016a.md,alvo_efeito,288,OK,,-282,the Social Democrats advanced 5 percentage points in the article
Dahlgaard2016a,fichamento_Dahlgaard2016a.md,alvo_efeito,288,OK,,-282,leaving them below the threshold of 2 percent
Dahlgaard2016a,fichamento_Dahlgaard2016a.md,n_competidores,290,OK,,-282,The Conservatives lose support
Dahlgaard2016a,fichamento_Dahlgaard2016a.md,n_competidores,290,OK,,-282,Election 2011 Last poll Most recent poll
Dahlgaard2016a,fichamento_Dahlgaard2016a.md,ajuste_mediador,291,OK,,-282,The analysis consists of simple comparisons between the experimental groups
Erlich2023,fichamento_Erlich2023.md,titulo,0,OK,,1,Measuring How Information Changes Electoral Uncertainty in a Developing Democracy
Erlich2023,fichamento_Erlich2023.md,ano,0,OK,,1,"August 6, 2018"
Erlich2023,fichamento_Erlich2023.md,tipo_publicacao,0,OK,,1,comments on this paper
Erlich2023,fichamento_Erlich2023.md,tipo_publicacao,51,OK,,1,In line with the theory presented in the article
Erlich2023,fichamento_Erlich2023.md,idioma,0,OK,,1,Experimental Evidence from the Country of Georgia
Erlich2023,fichamento_Erlich2023.md,pais_estudo,2,OK,,1,a lab-in-the-field experiment with Georgian subjects in Kaspi
Erlich2023,fichamento_Erlich2023.md,tipo_estudo,14,OK,,1,conducted my randomized experiment by either exposing respondents to my forecasts
Erlich2023,fichamento_Erlich2023.md,problema_pesquisa,0,OK,,1,the receipt and perceived quality of election information impact citizens’ forecasts
Erlich2023,fichamento_Erlich2023.md,unidade_analise,14,OK,,1,"I recruited 208 subjects, who had not participated in my survey"
Erlich2023,fichamento_Erlich2023.md,populacao,14,OK,,1,"in the town of Kaspi, I recruited 208 subjects"
Erlich2023,fichamento_Erlich2023.md,periodo_dados,14,OK,,1,I carried out the experiment in the six days prior
Erlich2023,fichamento_Erlich2023.md,fonte_dados,13,OK,,1,I administered a representative public opinion poll to the entire Kaspi constituency
Erlich2023,fichamento_Erlich2023.md,intervencao_descricao,15,OK,,1,also included estimates from my municipality-wide poll
Erlich2023,fichamento_Erlich2023.md,intervencao_descricao,16,OK,,1,A poll conducted by an American university in the Kaspi Municipality
Erlich2023,fichamento_Erlich2023.md,familia_intervencao,15,OK,,1,also included estimates from my municipality-wide poll
Erlich2023,fichamento_Erlich2023.md,comparador,15,OK,,1,"In the placebo condition, no information about my municipality-wide forecast was reported"
Erlich2023,fichamento_Erlich2023.md,construto_outcome,17,OK,,1,I asked respondents about their voting behavior (turnout and vote choice)
Erlich2023,fichamento_Erlich2023.md,outcome_medida,23,OK,,1,whether or not they had voted
Erlich2023,fichamento_Erlich2023.md,outcome_medida,17,OK,,1,I asked respondents about their voting behavior (turnout and vote choice)
Erlich2023,fichamento_Erlich2023.md,mecanismo_id,6,OK,,1,there is a reputational effect of the polling endorser
Erlich2023,fichamento_Erlich2023.md,mecanismo_tipo_evidencia,19,OK,,1,evidence that updating is conditional on the prestige of the endorser
Erlich2023,fichamento_Erlich2023.md,mecanismo_descricao,6,OK,,1,the more trustworthy the citizen considers the endorser
Erlich2023,fichamento_Erlich2023.md,moderador_id,21,OK,,1,Pre-Treatment S.D. × Pre-Treatment Poll Difference
Erlich2023,fichamento_Erlich2023.md,moderador_descricao,51,OK,,1,I show heterogenous effects for both political knowledge and for cognitive reasoning
Erlich2023,fichamento_Erlich2023.md,moderador_descricao,51,OK,,1,"Second, I show the heterogenous effect of party support."
Erlich2023,fichamento_Erlich2023.md,het_metodo,21,OK,,1,Pre-Treatment S.D. × Pre-Treatment Poll Difference
Erlich2023,fichamento_Erlich2023.md,het_pre_especificada,14,OK,,1,"heterogeneous treatment effects, based on my theoretical expectations derived from the literature"
Erlich2023,fichamento_Erlich2023.md,efeitos_nao_intencionais,24,OK,,1,the models do show relatively lower turnout in both treatment groups
Erlich2023,fichamento_Erlich2023.md,efeitos_nao_intencionais,2,OK,,1,negatively impacts perceptions of the legitimacy of the election results
Erlich2023,fichamento_Erlich2023.md,limitacoes_autores,21,OK,,1,a larger sample size would have been needed
Erlich2023,fichamento_Erlich2023.md,limitacoes_autores,24,OK,,1,this simply may be a Type 1 error
Erlich2023,fichamento_Erlich2023.md,b2_estrategia_identificacao,14,OK,,1,conducted my randomized experiment by either exposing respondents to my forecasts
Erlich2023,fichamento_Erlich2023.md,b2_hipoteses_testes,17,OK,,1,"yielded balance across all variables, with the exception of gender"
Erlich2023,fichamento_Erlich2023.md,b2_hipoteses_testes,17,OK,,1,"Therefore, in all regression models, I control for gender."
Erlich2023,fichamento_Erlich2023.md,b2_estimador,55,OK,,1,vote is a binary variable and logistic regression is used
Erlich2023,fichamento_Erlich2023.md,b2_estimando,24,OK,,1,the same ATE is present as when I do not attempt
Erlich2023,fichamento_Erlich2023.md,b2_nivel_atribuicao_cluster,14,OK,,1,I used multivariate continuous blocking (Moore 2012) to allocate respondents
Erlich2023,fichamento_Erlich2023.md,b2_nivel_atribuicao_cluster,21,OK,,1,Robust standard errors in parentheses
Erlich2023,fichamento_Erlich2023.md,b2_n_total,55,OK,,1,Num. obs. 172 181
Erlich2023,fichamento_Erlich2023.md,b2_controles,17,OK,,1,"Therefore, in all regression models, I control for gender."
Erlich2023,fichamento_Erlich2023.md,b2_dp_y_tipo,55,OK,,1,vote is a binary variable and logistic regression is used
Erlich2023,fichamento_Erlich2023.md,b2_teste_falsificacao,2,OK,,1,This design yields one placebo and two treatment groups
Erlich2023,fichamento_Erlich2023.md,b2_teste_falsificacao,18,OK,,1,this movement does not appear to be attributable to the polling forecast
Erlich2023,fichamento_Erlich2023.md,b2_modelo_principal,55,OK,,1,Table N.12: Outcome of MIPO|X analysis
Erlich2023,fichamento_Erlich2023.md,b2_criterio_modelo_principal,24,OK,,1,"Nevertheless, I show the (MIPO| X) analysis."
Erlich2023,fichamento_Erlich2023.md,b2_direcao_estimativa_principal,24,OK,,1,the models do show relatively lower turnout in both treatment groups
Erlich2023,fichamento_Erlich2023.md,b2_significancia_05,25,OK,,1,"the difference is small, and the result is not statistically significant"
Erlich2023,fichamento_Erlich2023.md,b2_interpretacao_autores,25,OK,,1,This small effect of turnout is intuitive and in line
Erlich2023,fichamento_Erlich2023.md,regiao,0,OK,,1,a lab-in-the-field experiment in the country of Georgia
Erlich2023,fichamento_Erlich2023.md,tipo_eleicao,9,OK,,1,"In Kaspi, five candidates competed for the seat of gamgebeli in 2014."
Erlich2023,fichamento_Erlich2023.md,sistema_eleitoral,32,OK,,1,the new laws raised the run-off threshold for the winning candidate
Erlich2023,fichamento_Erlich2023.md,sistema_eleitoral,9,OK,,1,the GDC wanted to win all municipalities in the first round
Erlich2023,fichamento_Erlich2023.md,desenho_fino,2,OK,,1,a lab-in-the-field experiment with Georgian subjects in Kaspi
Erlich2023,fichamento_Erlich2023.md,realismo_contexto,9,OK,,1,five candidates competed for the seat of gamgebeli in 2014
Erlich2023,fichamento_Erlich2023.md,ano_eleicao,1,OK,,1,Georgia during the local elections of 2014
Erlich2023,fichamento_Erlich2023.md,comparador_tipo,15,OK,,1,"In the placebo condition, no information about my municipality-wide forecast was reported"
Erlich2023,fichamento_Erlich2023.md,nivel_desfecho,23,OK,,1,whether or not they had voted
Erlich2023,fichamento_Erlich2023.md,mecanismo_testado,19,OK,,1,evidence that updating is conditional on the prestige of the endorser
Erlich2023,fichamento_Erlich2023.md,moderadores_relatados,51,OK,,1,I show heterogenous effects for both political knowledge and for cognitive reasoning
Erlich2023,fichamento_Erlich2023.md,moderadores_relatados,21,OK,,1,Pre-Treatment S.D. × Pre-Treatment Poll Difference
Erlich2023,fichamento_Erlich2023.md,alvo_efeito,10,OK,,1,for the leading candidate of the ruling party
Erlich2023,fichamento_Erlich2023.md,n_competidores,9,OK,,1,"In Kaspi, five candidates competed for the seat of gamgebeli in 2014."
Erlich2023,fichamento_Erlich2023.md,dias_ate_eleicao,14,OK,,1,I carried out the experiment in the six days prior
Erlich2023,fichamento_Erlich2023.md,ajuste_mediador,17,OK,,1,"Therefore, in all regression models, I control for gender."
Farjam2020a,fichamento_Farjam2020a.md,titulo,412,OK,,-411,The Bandwagon Effect in an Online Voting Experiment With Real Political Organizations
Farjam2020a,fichamento_Farjam2020a.md,ano,412,OK,,-411,International Journal of Public Opinion Research Vol. 33 No. 2 2021
Farjam2020a,fichamento_Farjam2020a.md,tipo_publicacao,412,OK,,-411,Published by Oxford University Press on behalf of The World Association
Farjam2020a,fichamento_Farjam2020a.md,idioma,412,OK,,-411,All correspondence concerning this article should be addressed to Mike Farjam
Farjam2020a,fichamento_Farjam2020a.md,pais_estudo,414,OK,,-411,Only U.S. residents were allowed to participate
Farjam2020a,fichamento_Farjam2020a.md,pais_estudo,413,OK,,-411,for which the U.S.-based participants could vote are well known
Farjam2020a,fichamento_Farjam2020a.md,tipo_estudo,416,OK,,-411,"To test the bandwagon effect more formally, we estimated ordinal"
Farjam2020a,fichamento_Farjam2020a.md,problema_pesquisa,412,OK,,-411,how poll results affect voters in an online experiment
Farjam2020a,fichamento_Farjam2020a.md,unidade_analise,418,OK,,-411,random effects for the participants and the political topics
Farjam2020a,fichamento_Farjam2020a.md,populacao,414,OK,,-411,"All 1,113 participants in this study were recruited via Amazon Mechanical Turk"
Farjam2020a,fichamento_Farjam2020a.md,populacao,414,OK,,-411,with a minimum age of 18
Farjam2020a,fichamento_Farjam2020a.md,periodo_dados,414,OK,,-411,All data were collected on November 15 and 16
Farjam2020a,fichamento_Farjam2020a.md,fonte_dados,414,OK,,-411,the experiment was programed using oTree
Farjam2020a,fichamento_Farjam2020a.md,intervencao_descricao,414,OK,,-411,For treatments that included the poll
Farjam2020a,fichamento_Farjam2020a.md,intervencao_descricao,414,OK,,-411,participants were informed that 1 week prior
Farjam2020a,fichamento_Farjam2020a.md,intervencao_descricao,414,OK,,-411,they would see the results before each vote
Farjam2020a,fichamento_Farjam2020a.md,intervencao_descricao,414,OK,,-411,This early poll was in fact conducted among 111 participants
Farjam2020a,fichamento_Farjam2020a.md,intervencao_descricao,414,OK,,-411,The experiment consisted of six treatments based on whether poll results were
Farjam2020a,fichamento_Farjam2020a.md,intervencao_descricao,414,OK,,-411,"on the electoral system (majority representation, full"
Farjam2020a,fichamento_Farjam2020a.md,familia_intervencao,414,OK,,-411,"After participants saw pre-election polls, majority options on average"
Farjam2020a,fichamento_Farjam2020a.md,comparador,416,OK,,-411,groups that saw the poll results and those that did not
Farjam2020a,fichamento_Farjam2020a.md,construto_outcome,416,OK,,-411,voting for the majority option as 2
Farjam2020a,fichamento_Farjam2020a.md,outcome_medida,416,OK,,-411,ranked the three organizations for each political issue by their popularity
Farjam2020a,fichamento_Farjam2020a.md,outcome_medida,416,OK,,-411,"as the majority, middle, or minority option"
Farjam2020a,fichamento_Farjam2020a.md,mecanismo_id,412,OK,,-411,is not to explain the mechanism behind shifts in opinions
Farjam2020a,fichamento_Farjam2020a.md,mecanismo_tipo_evidencia,412,OK,,-411,is not to explain the mechanism behind shifts in opinions
Farjam2020a,fichamento_Farjam2020a.md,moderador_id,414,OK,,-411,This effect did not depend on the electoral
Farjam2020a,fichamento_Farjam2020a.md,moderador_descricao,418,OK,,-411,no notable interaction between the effect of the poll
Farjam2020a,fichamento_Farjam2020a.md,moderador_descricao,416,OK,,-411,this trend was much weaker for immigration
Farjam2020a,fichamento_Farjam2020a.md,moderador_descricao,415,OK,,-411,organizations with at least 13% of the votes were considered
Farjam2020a,fichamento_Farjam2020a.md,het_metodo,417,OK,,-411,Change in votes per topic after seeing the poll
Farjam2020a,fichamento_Farjam2020a.md,het_metodo,418,OK,,-411,no notable interaction between the effect of the poll
Farjam2020a,fichamento_Farjam2020a.md,het_pre_especificada,412,OK,,-411,interact with the effect of the poll
Farjam2020a,fichamento_Farjam2020a.md,equidade_progress_plus,415,OK,,-411,demographics (age and gender) and to complete a self-assessment
Farjam2020a,fichamento_Farjam2020a.md,equidade_progress_plus,418,OK,,-411,age and gender predict the likelihood of voting for the majority
Farjam2020a,fichamento_Farjam2020a.md,efeitos_nao_intencionais,418,OK,,-411,This increase came at the cost of both
Farjam2020a,fichamento_Farjam2020a.md,efeitos_nao_intencionais,419,OK,,-411,are likely to be biased and to contain more errors
Farjam2020a,fichamento_Farjam2020a.md,limitacoes_autores,418,OK,,-411,small compared to the bandwagon effect one may expect with less polarizing
Farjam2020a,fichamento_Farjam2020a.md,limitacoes_autores,418,OK,,-411,covering different nuances along the political spectrum
Farjam2020a,fichamento_Farjam2020a.md,b2_estrategia_identificacao,414,OK,,-411,The experiment consisted of six treatments based on whether poll results were
Farjam2020a,fichamento_Farjam2020a.md,b2_estrategia_identificacao,414,OK,,-411,assigned to groups of approximately 190 participants
Farjam2020a,fichamento_Farjam2020a.md,b2_hipoteses_testes,414,OK,,-411,four out of five comprehension questions
Farjam2020a,fichamento_Farjam2020a.md,b2_hipoteses_testes,414,OK,,-411,The experiment consisted of six treatments based on whether poll results were
Farjam2020a,fichamento_Farjam2020a.md,b2_estimador,416,OK,,-411,"To test the bandwagon effect more formally, we estimated ordinal"
Farjam2020a,fichamento_Farjam2020a.md,b2_estimador,418,OK,,-411,we adopted a Bayesian framework with vague priors
Farjam2020a,fichamento_Farjam2020a.md,b2_estimando,414,OK,,-411,The experiment consisted of six treatments based on whether poll results were
Farjam2020a,fichamento_Farjam2020a.md,b2_estimando,414,OK,,-411,assigned to groups of approximately 190 participants
Farjam2020a,fichamento_Farjam2020a.md,b2_nivel_atribuicao_cluster,414,OK,,-411,assigned to groups of approximately 190 participants
Farjam2020a,fichamento_Farjam2020a.md,b2_nivel_atribuicao_cluster,414,OK,,-411,The experiment consisted of six treatments based on whether poll results were
Farjam2020a,fichamento_Farjam2020a.md,b2_nivel_atribuicao_cluster,418,OK,,-411,random effects for the participants and the political topics
Farjam2020a,fichamento_Farjam2020a.md,b2_n_total,414,OK,,-411,"All 1,113 participants in this study were recruited via Amazon Mechanical Turk"
Farjam2020a,fichamento_Farjam2020a.md,b2_controles,416,OK,,-411,We controlled for the gender and age of participants.
Farjam2020a,fichamento_Farjam2020a.md,b2_controles,416,OK,,-411,a quadratic term to control for any effect driven by politically
Farjam2020a,fichamento_Farjam2020a.md,b2_teste_falsificacao,416,OK,,-411,The models only differ in that model 1 does
Farjam2020a,fichamento_Farjam2020a.md,b2_modelo_principal,416,OK,,-411,Table 2 lists the estimates of the models.
Farjam2020a,fichamento_Farjam2020a.md,b2_modelo_principal,416,OK,,-411,Model 2 includes political attitude as a
Farjam2020a,fichamento_Farjam2020a.md,b2_criterio_modelo_principal,416,OK,,-411,The models only differ in that model 1 does
Farjam2020a,fichamento_Farjam2020a.md,b2_direcao_estimativa_principal,418,OK,,-411,likelihood for voting for the most popular option after seeing the poll
Farjam2020a,fichamento_Farjam2020a.md,b2_significancia_05,418,OK,,-411,"with strong evidence (on the scale of Kass & Raftery, 1995)"
Farjam2020a,fichamento_Farjam2020a.md,b2_interpretacao_autores,418,OK,,-411,"In short, the effect of the poll was robust and in"
Farjam2020a,fichamento_Farjam2020a.md,regiao,414,OK,,-411,Only U.S. residents were allowed to participate
Farjam2020a,fichamento_Farjam2020a.md,tipo_eleicao,413,OK,,-411,"(as proxies for parties). In the experiment, most organizations"
Farjam2020a,fichamento_Farjam2020a.md,tipo_eleicao,414,OK,,-411,had to choose among three different organizations
Farjam2020a,fichamento_Farjam2020a.md,sistema_eleitoral,414,OK,,-411,"on the electoral system (majority representation, full"
Farjam2020a,fichamento_Farjam2020a.md,sistema_eleitoral,415,OK,,-411,organizations with at least 13% of the votes were considered
Farjam2020a,fichamento_Farjam2020a.md,desenho_fino,412,OK,,-411,in which votes have real political consequences
Farjam2020a,fichamento_Farjam2020a.md,desenho_fino,413,OK,,-411,for which the U.S.-based participants could vote are well known
Farjam2020a,fichamento_Farjam2020a.md,realismo_contexto,413,OK,,-411,for which the U.S.-based participants could vote are well known
Farjam2020a,fichamento_Farjam2020a.md,realismo_contexto,412,OK,,-411,in which votes have real political consequences
Farjam2020a,fichamento_Farjam2020a.md,ano_eleicao,414,OK,,-411,All data were collected on November 15 and 16
Farjam2020a,fichamento_Farjam2020a.md,comparador_tipo,416,OK,,-411,groups that saw the poll results and those that did not
Farjam2020a,fichamento_Farjam2020a.md,nivel_desfecho,412,OK,,-411,in which votes have real political consequences
Farjam2020a,fichamento_Farjam2020a.md,nivel_desfecho,415,OK,,-411,$200 went to the organization with the most votes
Farjam2020a,fichamento_Farjam2020a.md,mecanismo_testado,412,OK,,-411,is not to explain the mechanism behind shifts in opinions
Farjam2020a,fichamento_Farjam2020a.md,moderadores_relatados,418,OK,,-411,no notable interaction between the effect of the poll
Farjam2020a,fichamento_Farjam2020a.md,moderadores_relatados,416,OK,,-411,this trend was much weaker for immigration
Farjam2020a,fichamento_Farjam2020a.md,alvo_efeito,418,OK,,-411,likelihood for voting for the most popular option after seeing the poll
Farjam2020a,fichamento_Farjam2020a.md,n_competidores,414,OK,,-411,had to choose among three different organizations
Farjam2020a,fichamento_Farjam2020a.md,ajuste_mediador,416,OK,,-411,We controlled for the gender and age of participants.
Farjam2020a,fichamento_Farjam2020a.md,ajuste_mediador,416,OK,,-411,Model 2 includes political attitude as a
Feltovich2022,fichamento_Feltovich2022.md,titulo,408,OK,,-407,"Campaign Messages, Polling, and Elections: Theory and Experimental Evidence"
Feltovich2022,fichamento_Feltovich2022.md,ano,408,OK,,-407,"American Journal of Political Science, Vol. 68, No. 2, April 2024"
Feltovich2022,fichamento_Feltovich2022.md,tipo_publicacao,408,OK,,-407,This is an open access article under the terms
Feltovich2022,fichamento_Feltovich2022.md,tipo_publicacao,408,OK,,-407,"American Journal of Political Science, Vol. 68, No. 2, April 2024"
Feltovich2022,fichamento_Feltovich2022.md,idioma,408,OK,,-407,We analyze this question theoretically and experimentally.
Feltovich2022,fichamento_Feltovich2022.md,pais_estudo,412,OK,,-407,The experimental sessions took place at Monash
Feltovich2022,fichamento_Feltovich2022.md,pais_estudo,413,OK,,-407,"in Australian dollars (AUD), and a 5 AUD"
Feltovich2022,fichamento_Feltovich2022.md,tipo_estudo,409,OK,,-407,We replicate our model in a lab experiment and test its implications.
Feltovich2022,fichamento_Feltovich2022.md,tipo_estudo,422,OK,,-407,We examine voters’ responses to campaigning with four probits.
Feltovich2022,fichamento_Feltovich2022.md,problema_pesquisa,408,OK,,-407,How do politicians’ track records and campaign messaging interact and affect
Feltovich2022,fichamento_Feltovich2022.md,unidade_analise,414,OK,,-407,is the subject-round for (a) and (c)
Feltovich2022,fichamento_Feltovich2022.md,unidade_analise,422,OK,,-407,The dependent variable is either a vote for the incumbent or reelection
Feltovich2022,fichamento_Feltovich2022.md,populacao,412,OK,,-407,Subjects were primarily undergraduate students (no exclusion criteria).
Feltovich2022,fichamento_Feltovich2022.md,populacao,412,OK,,-407,The experimental sessions took place at Monash
Feltovich2022,fichamento_Feltovich2022.md,fonte_dados,412,OK,,-407,The experimental sessions took place at Monash
Feltovich2022,fichamento_Feltovich2022.md,fonte_dados,412,OK,,-407,Subjects were randomly assigned to groups at the
Feltovich2022,fichamento_Feltovich2022.md,intervencao_descricao,410,OK,,-407,"Next, a straw poll is run."
Feltovich2022,fichamento_Feltovich2022.md,intervencao_descricao,410,OK,,-407,"simultaneously and costlessly votes, and then the results are announced"
Feltovich2022,fichamento_Feltovich2022.md,intervencao_descricao,410,OK,,-407,"First, everyone is polled, rather than a sample of the electorate"
Feltovich2022,fichamento_Feltovich2022.md,intervencao_descricao,412,OK,,-407,after the poll vote counts and winner were announced
Feltovich2022,fichamento_Feltovich2022.md,familia_intervencao,410,OK,,-407,takes place immediately after the straw poll
Feltovich2022,fichamento_Feltovich2022.md,familia_intervencao,410,OK,,-407,in an environment where polling is present
Feltovich2022,fichamento_Feltovich2022.md,comparador,410,OK,,-407,we do not vary whether there is a straw poll
Feltovich2022,fichamento_Feltovich2022.md,comparador,410,OK,,-407,how voting changes between the straw poll and the election
Feltovich2022,fichamento_Feltovich2022.md,comparador,422,OK,,-407,the incumbent straw-vote share and its square (allowing for
Feltovich2022,fichamento_Feltovich2022.md,construto_outcome,422,OK,,-407,with voters more likely to vote for a better-polling candidate
Feltovich2022,fichamento_Feltovich2022.md,construto_outcome,422,OK,,-407,The dependent variable is either a vote for the incumbent or reelection
Feltovich2022,fichamento_Feltovich2022.md,outcome_medida,422,OK,,-407,The dependent variable is either a vote for the incumbent or reelection
Feltovich2022,fichamento_Feltovich2022.md,outcome_medida,414,OK,,-407,is the subject-round for (a) and (c)
Feltovich2022,fichamento_Feltovich2022.md,outcome_medida,413,OK,,-407,They were privately paid the sum of
Feltovich2022,fichamento_Feltovich2022.md,mecanismo_id,411,OK,,-407,there always exist equilibria where they vote in the straw poll
Feltovich2022,fichamento_Feltovich2022.md,mecanismo_id,422,OK,,-407,candidates’ credible signaling of quality or future
Feltovich2022,fichamento_Feltovich2022.md,mecanismo_tipo_evidencia,411,OK,,-407,there always exist equilibria where they vote in the straw poll
Feltovich2022,fichamento_Feltovich2022.md,mecanismo_tipo_evidencia,424,OK,,-407,polling serves to coordinate voters’ voting strategies
Feltovich2022,fichamento_Feltovich2022.md,mecanismo_descricao,411,OK,,-407,there always exist equilibria where they vote in the straw poll
Feltovich2022,fichamento_Feltovich2022.md,mecanismo_descricao,422,OK,,-407,candidates’ credible signaling of quality or future
Feltovich2022,fichamento_Feltovich2022.md,mecanismo_descricao,424,OK,,-407,polling serves to coordinate voters’ voting strategies
Feltovich2022,fichamento_Feltovich2022.md,moderador_id,422,OK,,-407,We estimate separate models for the election-only and messages treatments.
Feltovich2022,fichamento_Feltovich2022.md,moderador_id,413,OK,,-407,"high official quality, and all interactions of these"
Feltovich2022,fichamento_Feltovich2022.md,moderador_descricao,422,OK,,-407,We estimate separate models for the election-only and messages treatments.
Feltovich2022,fichamento_Feltovich2022.md,moderador_descricao,413,OK,,-407,"dummies for the messages treatment, the high-variance treatment, high official quality"
Feltovich2022,fichamento_Feltovich2022.md,moderador_descricao,418,OK,,-407,contingent on whether the straw vote indicates a close election
Feltovich2022,fichamento_Feltovich2022.md,het_metodo,422,OK,,-407,We estimate separate models for the election-only and messages treatments.
Feltovich2022,fichamento_Feltovich2022.md,het_metodo,413,OK,,-407,"high official quality, and all interactions of these"
Feltovich2022,fichamento_Feltovich2022.md,het_pre_especificada,411,OK,,-407,reelection is more likely under low variance than under high variance
Feltovich2022,fichamento_Feltovich2022.md,het_pre_especificada,413,OK,,-407,"dummies for the messages treatment, the high-variance treatment, high official quality"
Feltovich2022,fichamento_Feltovich2022.md,limitacoes_autores,423,OK,,-407,our subject population of university students is reasonably
Feltovich2022,fichamento_Feltovich2022.md,limitacoes_autores,424,OK,,-407,our setting does not allow for abstention
Feltovich2022,fichamento_Feltovich2022.md,limitacoes_autores,424,OK,,-407,"all citizens receive the same income, so their preferences"
Feltovich2022,fichamento_Feltovich2022.md,b2_estrategia_identificacao,410,OK,,-407,we do not vary whether there is a straw poll
Feltovich2022,fichamento_Feltovich2022.md,b2_estrategia_identificacao,422,OK,,-407,"the right-hand variables are a constant, the incumbent straw-vote share"
Feltovich2022,fichamento_Feltovich2022.md,b2_hipoteses_testes,412,OK,,-407,Subjects were randomly assigned to groups at the
Feltovich2022,fichamento_Feltovich2022.md,b2_hipoteses_testes,413,OK,,-407,"Clustering by group instead of session, using linear models"
Feltovich2022,fichamento_Feltovich2022.md,b2_hipoteses_testes,411,OK,,-407,there always exist equilibria where they vote in the straw poll
Feltovich2022,fichamento_Feltovich2022.md,b2_estimador,422,OK,,-407,We examine voters’ responses to campaigning with four probits.
Feltovich2022,fichamento_Feltovich2022.md,b2_estimador,423,OK,,-407,"Average marginal effects, session-clustered standard errors."
Feltovich2022,fichamento_Feltovich2022.md,b2_estimando,410,OK,,-407,we do not vary whether there is a straw poll
Feltovich2022,fichamento_Feltovich2022.md,b2_estimando,422,OK,,-407,"the right-hand variables are a constant, the incumbent straw-vote share"
Feltovich2022,fichamento_Feltovich2022.md,b2_nivel_atribuicao_cluster,412,OK,,-407,Subjects were randomly assigned to groups at the
Feltovich2022,fichamento_Feltovich2022.md,b2_nivel_atribuicao_cluster,423,OK,,-407,"Average marginal effects, session-clustered standard errors."
Feltovich2022,fichamento_Feltovich2022.md,b2_controles,422,OK,,-407,"the right-hand variables are a constant, the incumbent straw-vote share"
Feltovich2022,fichamento_Feltovich2022.md,b2_controles,423,OK,,-407,"Other variables: Quality, performance, message length (both candidates), and group size."
Feltovich2022,fichamento_Feltovich2022.md,b2_dp_y_tipo,423,OK,,-407,"Average marginal effects, session-clustered standard errors."
Feltovich2022,fichamento_Feltovich2022.md,b2_teste_falsificacao,413,OK,,-407,"Clustering by group instead of session, using linear models"
Feltovich2022,fichamento_Feltovich2022.md,b2_modelo_principal,422,OK,,-407,The main results are shown in Table 9
Feltovich2022,fichamento_Feltovich2022.md,b2_modelo_principal,422,OK,,-407,We estimate separate models for the election-only and messages treatments.
Feltovich2022,fichamento_Feltovich2022.md,b2_criterio_modelo_principal,422,OK,,-407,The main results are shown in Table 9
Feltovich2022,fichamento_Feltovich2022.md,b2_criterio_modelo_principal,422,OK,,-407,We estimate separate models for the election-only and messages treatments.
Feltovich2022,fichamento_Feltovich2022.md,b2_direcao_estimativa_principal,422,OK,,-407,with voters more likely to vote for a better-polling candidate
Feltovich2022,fichamento_Feltovich2022.md,b2_direcao_estimativa_principal,422,OK,,-407,The main results are shown in Table 9
Feltovich2022,fichamento_Feltovich2022.md,b2_significancia_05,423,OK,,-407,Incumbent straw vote share
Feltovich2022,fichamento_Feltovich2022.md,b2_significancia_05,423,OK,,-407,"∗p < .05, ∗∗p < .01"
Feltovich2022,fichamento_Feltovich2022.md,b2_interpretacao_autores,422,OK,,-407,with voters more likely to vote for a better-polling candidate
Feltovich2022,fichamento_Feltovich2022.md,b2_interpretacao_autores,422,OK,,-407,"Positive campaigning benefits the candidate, both for incumbents and challengers."
Feltovich2022,fichamento_Feltovich2022.md,regiao,412,OK,,-407,The experimental sessions took place at Monash
Feltovich2022,fichamento_Feltovich2022.md,regiao,413,OK,,-407,"in Australian dollars (AUD), and a 5 AUD"
Feltovich2022,fichamento_Feltovich2022.md,tipo_eleicao,410,OK,,-407,"a challenger is nominated, equally likely to be any of"
Feltovich2022,fichamento_Feltovich2022.md,tipo_eleicao,410,OK,,-407,"in case of a tie, the incumbent remains in office"
Feltovich2022,fichamento_Feltovich2022.md,sistema_eleitoral,410,OK,,-407,"in case of a tie, the incumbent remains in office"
Feltovich2022,fichamento_Feltovich2022.md,sistema_eleitoral,410,OK,,-407,voting in our environment is compulsory
Feltovich2022,fichamento_Feltovich2022.md,voto_obrigatorio,410,OK,,-407,voting in our environment is compulsory
Feltovich2022,fichamento_Feltovich2022.md,desenho_fino,412,OK,,-407,The experimental sessions took place at Monash
Feltovich2022,fichamento_Feltovich2022.md,desenho_fino,424,OK,,-407,"all citizens receive the same income, so their preferences"
Feltovich2022,fichamento_Feltovich2022.md,realismo_contexto,424,OK,,-407,"all citizens receive the same income, so their preferences"
Feltovich2022,fichamento_Feltovich2022.md,realismo_contexto,413,OK,,-407,They were privately paid the sum of
Feltovich2022,fichamento_Feltovich2022.md,comparador_tipo,410,OK,,-407,we do not vary whether there is a straw poll
Feltovich2022,fichamento_Feltovich2022.md,comparador_tipo,422,OK,,-407,the incumbent straw-vote share and its square (allowing for
Feltovich2022,fichamento_Feltovich2022.md,nivel_desfecho,413,OK,,-407,They were privately paid the sum of
Feltovich2022,fichamento_Feltovich2022.md,nivel_desfecho,422,OK,,-407,The dependent variable is either a vote for the incumbent or reelection
Feltovich2022,fichamento_Feltovich2022.md,mecanismo_testado,417,OK,,-407,that voters view as informative
Feltovich2022,fichamento_Feltovich2022.md,mecanismo_testado,422,OK,,-407,candidates’ credible signaling of quality or future
Feltovich2022,fichamento_Feltovich2022.md,moderadores_relatados,418,OK,,-407,contingent on whether the straw vote indicates a close election
Feltovich2022,fichamento_Feltovich2022.md,moderadores_relatados,422,OK,,-407,We estimate separate models for the election-only and messages treatments.
Feltovich2022,fichamento_Feltovich2022.md,alvo_efeito,422,OK,,-407,with voters more likely to vote for a better-polling candidate
Feltovich2022,fichamento_Feltovich2022.md,alvo_efeito,422,OK,,-407,The dependent variable is either a vote for the incumbent or reelection
Feltovich2022,fichamento_Feltovich2022.md,n_competidores,410,OK,,-407,"a challenger is nominated, equally likely to be any of"
Feltovich2022,fichamento_Feltovich2022.md,n_competidores,410,OK,,-407,"in case of a tie, the incumbent remains in office"
Feltovich2022,fichamento_Feltovich2022.md,ajuste_mediador,422,OK,,-407,"the right-hand variables are a constant, the incumbent straw-vote share"
Feltovich2022,fichamento_Feltovich2022.md,ajuste_mediador,423,OK,,-407,"Other variables: Quality, performance, message length (both candidates), and group size."
Fichnova2015a,fichamento_Fichnova2015a.md,titulo,261,OK,,-260,ELECTION OPINION POLLS AND THEIR IMPACTS
Fichnova2015a,fichamento_Fichnova2015a.md,ano,261,OK,,-260,"European Journal of Science and Theology, December 2015, Vol.11, No.6, 261-272"
Fichnova2015a,fichamento_Fichnova2015a.md,tipo_publicacao,261,OK,,-260,The article deals with some factors
Fichnova2015a,fichamento_Fichnova2015a.md,idioma,261,OK,,-260,The article deals with some factors
Fichnova2015a,fichamento_Fichnova2015a.md,pais_estudo,266,OK,,-260,including 37 Slovak nationals and 42 Polish nationals
Fichnova2015a,fichamento_Fichnova2015a.md,pais_estudo,266,OK,,-260,in Poland we covered the Silesia region
Fichnova2015a,fichamento_Fichnova2015a.md,tipo_estudo,265,OK,,-260,The research was carried out in the form of traditional experiment
Fichnova2015a,fichamento_Fichnova2015a.md,tipo_estudo,265,OK,,-260,the respondents were put into groups randomly
Fichnova2015a,fichamento_Fichnova2015a.md,problema_pesquisa,265,OK,,-260,To identify the influence of priming effect
Fichnova2015a,fichamento_Fichnova2015a.md,problema_pesquisa,265,OK,,-260,on the respondents’ decision about whom to vote for
Fichnova2015a,fichamento_Fichnova2015a.md,unidade_analise,266,OK,,-260,The research file consisted of 79 respondents
Fichnova2015a,fichamento_Fichnova2015a.md,populacao,266,OK,,-260,including 37 Slovak nationals and 42 Polish nationals
Fichnova2015a,fichamento_Fichnova2015a.md,populacao,261,OK,,-260,Slovak and Polish first-time votes and young voters
Fichnova2015a,fichamento_Fichnova2015a.md,fonte_dados,266,OK,,-260,The research tool was an unstandardised questionnaire identifying which
Fichnova2015a,fichamento_Fichnova2015a.md,intervencao_descricao,265,OK,,-260,a graph of a hypothetical poll done by three agencies
Fichnova2015a,fichamento_Fichnova2015a.md,intervencao_descricao,266,OK,,-260,from the first place (group A) to the fourth position (group D)
Fichnova2015a,fichamento_Fichnova2015a.md,familia_intervencao,265,OK,,-260,a graph of a hypothetical poll done by three agencies
Fichnova2015a,fichamento_Fichnova2015a.md,comparador,266,OK,,-260,from the first place (group A) to the fourth position (group D)
Fichnova2015a,fichamento_Fichnova2015a.md,comparador,266,OK,,-260,The control group had only the information from the poll.
Fichnova2015a,fichamento_Fichnova2015a.md,construto_outcome,266,OK,,-260,voted almost without an exception in accord with the presented poll
Fichnova2015a,fichamento_Fichnova2015a.md,outcome_medida,266,OK,,-260,respondent's task was to order the candidates based on his/her preference
Fichnova2015a,fichamento_Fichnova2015a.md,outcome_medida,266,OK,,-260,identification of candidate ranking according to a respondent in hypothetical elections
Fichnova2015a,fichamento_Fichnova2015a.md,mecanismo_id,270,OK,,-260,the priming factor and Zajonc effect play a significant role
Fichnova2015a,fichamento_Fichnova2015a.md,mecanismo_tipo_evidencia,267,OK,,-260,the success is caused by a factor that distinguishes the two candidates
Fichnova2015a,fichamento_Fichnova2015a.md,mecanismo_tipo_evidencia,266,OK,,-260,the (hypothetical) candidates (N = 7) were divided into groups
Fichnova2015a,fichamento_Fichnova2015a.md,mecanismo_descricao,270,OK,,-260,exposure effect can change the decision and impact them even more
Fichnova2015a,fichamento_Fichnova2015a.md,mecanismo_descricao,270,OK,,-260,a candidate can attract voters if they consider him/her
Fichnova2015a,fichamento_Fichnova2015a.md,moderador_id,265,OK,,-260,Are there any differences between the Polish and Slovak respondents
Fichnova2015a,fichamento_Fichnova2015a.md,moderador_descricao,270,OK,,-260,there is no significant difference between the files
Fichnova2015a,fichamento_Fichnova2015a.md,moderador_descricao,269,OK,,-260,It is especially strong with the Polish file where it
Fichnova2015a,fichamento_Fichnova2015a.md,het_metodo,270,OK,,-260,Particular elections were compared using mean difference test for two selections.
Fichnova2015a,fichamento_Fichnova2015a.md,het_pre_especificada,265,OK,,-260,Are there any differences between the Polish and Slovak respondents
Fichnova2015a,fichamento_Fichnova2015a.md,limitacoes_autores,270,OK,,-260,limitations concerning on one hand a small file
Fichnova2015a,fichamento_Fichnova2015a.md,limitacoes_autores,270,OK,,-260,it would be ideal to use a stratified selection
Fichnova2015a,fichamento_Fichnova2015a.md,b2_estrategia_identificacao,265,OK,,-260,the respondents were put into groups randomly
Fichnova2015a,fichamento_Fichnova2015a.md,b2_estimador,266,OK,,-260,analysed statistically via descriptive as well as inductive statistics
Fichnova2015a,fichamento_Fichnova2015a.md,b2_estimador,270,OK,,-260,Particular elections were compared using mean difference test for two selections.
Fichnova2015a,fichamento_Fichnova2015a.md,b2_estimando,265,OK,,-260,the respondents were put into groups randomly
Fichnova2015a,fichamento_Fichnova2015a.md,b2_nivel_atribuicao_cluster,265,OK,,-260,the respondents were put into groups randomly
Fichnova2015a,fichamento_Fichnova2015a.md,b2_nivel_atribuicao_cluster,266,OK,,-260,The respondents were divided into four
Fichnova2015a,fichamento_Fichnova2015a.md,b2_n_total,266,OK,,-260,The research file consisted of 79 respondents
Fichnova2015a,fichamento_Fichnova2015a.md,b2_controles,266,OK,,-260,analysed statistically via descriptive as well as inductive statistics
Fichnova2015a,fichamento_Fichnova2015a.md,b2_dp_y_tipo,268,OK,,-260,Table 1. Comparing candidate ranking in four poll variations
Fichnova2015a,fichamento_Fichnova2015a.md,b2_dp_y_tipo,268,OK,,-260,AM sd
Fichnova2015a,fichamento_Fichnova2015a.md,b2_teste_falsificacao,270,OK,,-260,Particular elections were compared using mean difference test for two selections.
Fichnova2015a,fichamento_Fichnova2015a.md,b2_modelo_principal,267,OK,,-260,results with the Slovak file are presented in Table 1
Fichnova2015a,fichamento_Fichnova2015a.md,b2_modelo_principal,269,OK,,-260,Similar results were noted with the Polish file (Table 2)
Fichnova2015a,fichamento_Fichnova2015a.md,b2_criterio_modelo_principal,267,OK,,-260,results with the Slovak file are presented in Table 1
Fichnova2015a,fichamento_Fichnova2015a.md,b2_criterio_modelo_principal,269,OK,,-260,Similar results were noted with the Polish file (Table 2)
Fichnova2015a,fichamento_Fichnova2015a.md,b2_direcao_estimativa_principal,266,OK,,-260,voted almost without an exception in accord with the presented poll
Fichnova2015a,fichamento_Fichnova2015a.md,b2_direcao_estimativa_principal,268,OK,,-260,R = 0.909 (α 0.05)
Fichnova2015a,fichamento_Fichnova2015a.md,b2_significancia_05,268,OK,,-260,R = 0.909 (α 0.05)
Fichnova2015a,fichamento_Fichnova2015a.md,b2_significancia_05,268,OK,,-260,R = 0.973 (α 0.05)
Fichnova2015a,fichamento_Fichnova2015a.md,b2_interpretacao_autores,270,OK,,-260,the priming factor and Zajonc effect play a significant role
Fichnova2015a,fichamento_Fichnova2015a.md,b2_interpretacao_autores,267,OK,,-260,the respondents were significantly influenced by the polls
Fichnova2015a,fichamento_Fichnova2015a.md,regiao,266,OK,,-260,including 37 Slovak nationals and 42 Polish nationals
Fichnova2015a,fichamento_Fichnova2015a.md,tipo_eleicao,266,OK,,-260,identification of candidate ranking according to a respondent in hypothetical elections
Fichnova2015a,fichamento_Fichnova2015a.md,sistema_eleitoral,266,OK,,-260,respondent's task was to order the candidates based on his/her preference
Fichnova2015a,fichamento_Fichnova2015a.md,desenho_fino,266,OK,,-260,The research tool was an unstandardised questionnaire identifying which
Fichnova2015a,fichamento_Fichnova2015a.md,desenho_fino,265,OK,,-260,the respondents were put into groups randomly
Fichnova2015a,fichamento_Fichnova2015a.md,realismo_contexto,271,OK,,-260,in our research only fictitious people – not real political life
Fichnova2015a,fichamento_Fichnova2015a.md,realismo_contexto,265,OK,,-260,CV of a hypothetical candidate
Fichnova2015a,fichamento_Fichnova2015a.md,comparador_tipo,266,OK,,-260,from the first place (group A) to the fourth position (group D)
Fichnova2015a,fichamento_Fichnova2015a.md,nivel_desfecho,266,OK,,-260,respondent's task was to order the candidates based on his/her preference
Fichnova2015a,fichamento_Fichnova2015a.md,mecanismo_testado,265,OK,,-260,To identify the influence of priming effect
Fichnova2015a,fichamento_Fichnova2015a.md,mecanismo_testado,265,OK,,-260,the impact of so-called Zajonc effect
Fichnova2015a,fichamento_Fichnova2015a.md,moderadores_relatados,270,OK,,-260,there is no significant difference between the files
Fichnova2015a,fichamento_Fichnova2015a.md,alvo_efeito,266,OK,,-260,they chose Ján Lukáč or Łukasz Lewandowský
Fichnova2015a,fichamento_Fichnova2015a.md,alvo_efeito,266,OK,,-260,the candidate placed first in the feigned polls
Fichnova2015a,fichamento_Fichnova2015a.md,n_competidores,266,OK,,-260,the (hypothetical) candidates (N = 7) were divided into groups
Fichnova2015a,fichamento_Fichnova2015a.md,ajuste_mediador,266,OK,,-260,analysed statistically via descriptive as well as inductive statistics
Freden2016b,fichamento_Freden2016b.md,titulo,3,OK,,3,Strategic Voting under Coalition Governments
Freden2016b,fichamento_Freden2016b.md,ano,4,OK,,3,"Printed in Sweden by Media-Tryck, Lund University"
Freden2016b,fichamento_Freden2016b.md,ano,4,OK,,3,Lund 2016
Freden2016b,fichamento_Freden2016b.md,tipo_publicacao,27,OK,,3,"In this thesis, focus is placed on how different contextual aspects affect"
Freden2016b,fichamento_Freden2016b.md,tipo_publicacao,7,OK,,3,"Toward finalizing the dissertation, Johannes Lindvall, Thomas"
Freden2016b,fichamento_Freden2016b.md,idioma,9,OK,,3,Voting as social decision making has been given surprisingly little attention
Freden2016b,fichamento_Freden2016b.md,pais_estudo,32,OK,,3,"Sweden, which has a proportional representation electoral system"
Freden2016b,fichamento_Freden2016b.md,pais_estudo,34,OK,,3,"Some data also comes from another electoral system: Canada, which has"
Freden2016b,fichamento_Freden2016b.md,tipo_estudo,10,OK,,3,a large scale survey experiment with manipulated polls and coalition signals
Freden2016b,fichamento_Freden2016b.md,tipo_estudo,30,OK,,3,"manipulate one or more specific contextual aspects, whilst holding other factors constant"
Freden2016b,fichamento_Freden2016b.md,problema_pesquisa,10,OK,,3,This study aims to paint a more comprehensive image of strategic voting
Freden2016b,fichamento_Freden2016b.md,unidade_analise,27,OK,,3,individual level factors that are likely to affect the tendency to cast
Freden2016b,fichamento_Freden2016b.md,populacao,31,OK,,3,a survey experiment with a large number of participants over the Internet
Freden2016b,fichamento_Freden2016b.md,populacao,34,OK,,3,The participants in the Canadian part of the experiment were less likely
Freden2016b,fichamento_Freden2016b.md,periodo_dados,37,OK,,3,Sweden 2010
Freden2016b,fichamento_Freden2016b.md,periodo_dados,37,OK,,3,"Sweden 2013, 2014"
Freden2016b,fichamento_Freden2016b.md,fonte_dados,7,OK,,3,Daniel Kristoffersson and Hanna Björklund who helped me to conduct the lab
Freden2016b,fichamento_Freden2016b.md,fonte_dados,32,OK,,3,These build on different types of interview surveys of voters
Freden2016b,fichamento_Freden2016b.md,intervencao_descricao,10,OK,,3,a large scale survey experiment with manipulated polls and coalition signals
Freden2016b,fichamento_Freden2016b.md,intervencao_descricao,35,OK,,3,a small coalition party has polling levels slightly below the electoral threshold
Freden2016b,fichamento_Freden2016b.md,familia_intervencao,23,OK,,3,Opinion polls say something about how the public is going to vote
Freden2016b,fichamento_Freden2016b.md,familia_intervencao,10,OK,,3,a large scale survey experiment with manipulated polls and coalition signals
Freden2016b,fichamento_Freden2016b.md,comparador,35,OK,,3,elaborating on the impact of pre-electoral signals and polling levels on voting
Freden2016b,fichamento_Freden2016b.md,construto_outcome,35,OK,,3,voting for parties at risk of falling below an electoral threshold
Freden2016b,fichamento_Freden2016b.md,construto_outcome,37,OK,,3,Election-specific factors affect vote choice
Freden2016b,fichamento_Freden2016b.md,outcome_medida,35,OK,,3,voting for parties at risk of falling below an electoral threshold
Freden2016b,fichamento_Freden2016b.md,mecanismo_id,19,OK,,3,have incentives to cast a strategic vote for the smaller party
Freden2016b,fichamento_Freden2016b.md,mecanismo_id,29,OK,,3,testing strategic voting mechanisms in experiments
Freden2016b,fichamento_Freden2016b.md,mecanismo_tipo_evidencia,29,OK,,3,testing strategic voting mechanisms in experiments
Freden2016b,fichamento_Freden2016b.md,mecanismo_descricao,19,OK,,3,have incentives to cast a strategic vote for the smaller party
Freden2016b,fichamento_Freden2016b.md,mecanismo_descricao,32,OK,,3,"The electoral threshold is relatively high (four percent), which restricts the possibilities"
Freden2016b,fichamento_Freden2016b.md,moderador_id,35,OK,,3,the tendency to cast an insurance vote is highest when coalition signals
Freden2016b,fichamento_Freden2016b.md,moderador_id,34,OK,,3,different political systems behave similarly at the group level
Freden2016b,fichamento_Freden2016b.md,moderador_descricao,35,OK,,3,the tendency to cast an insurance vote is highest when coalition signals
Freden2016b,fichamento_Freden2016b.md,moderador_descricao,36,OK,,3,Ideological distances matter more for compensational voting than for insurance voting
Freden2016b,fichamento_Freden2016b.md,het_metodo,35,OK,,3,the tendency to cast an insurance vote is highest when coalition signals
Freden2016b,fichamento_Freden2016b.md,het_metodo,34,OK,,3,different political systems behave similarly at the group level
Freden2016b,fichamento_Freden2016b.md,efeitos_nao_intencionais,35,OK,,3,have low support in the polls are more likely to be abandoned
Freden2016b,fichamento_Freden2016b.md,efeitos_nao_intencionais,40,OK,,3,it becomes difficult to develop preferences for parties in the first place
Freden2016b,fichamento_Freden2016b.md,limitacoes_autores,30,OK,,3,that the impact of some temporary treatment is exaggerated
Freden2016b,fichamento_Freden2016b.md,limitacoes_autores,34,OK,,3,The participants in the Canadian part of the experiment were less likely
Freden2016b,fichamento_Freden2016b.md,b2_estrategia_identificacao,30,OK,,3,"manipulate one or more specific contextual aspects, whilst holding other factors constant"
Freden2016b,fichamento_Freden2016b.md,b2_estrategia_identificacao,31,OK,,3,"between respondents, referred to as"
Freden2016b,fichamento_Freden2016b.md,b2_estimando,30,OK,,3,"manipulate one or more specific contextual aspects, whilst holding other factors constant"
Freden2016b,fichamento_Freden2016b.md,b2_nivel_atribuicao_cluster,31,OK,,3,"between respondents, referred to as"
Freden2016b,fichamento_Freden2016b.md,b2_nivel_atribuicao_cluster,32,OK,,3,for example that the subjects participated individually
Freden2016b,fichamento_Freden2016b.md,b2_controles,27,OK,,3,a strategic vote are included as control variables
Freden2016b,fichamento_Freden2016b.md,b2_controles,27,OK,,3,party identification and political knowledge
Freden2016b,fichamento_Freden2016b.md,b2_interpretacao_autores,35,OK,,3,Thus differences in coalition status and polling information have a substantial impact
Freden2016b,fichamento_Freden2016b.md,b2_interpretacao_autores,39,OK,,3,voters are greatly influenced by this kind of information
Freden2016b,fichamento_Freden2016b.md,regiao,32,OK,,3,"Sweden, which has a proportional representation electoral system"
Freden2016b,fichamento_Freden2016b.md,regiao,34,OK,,3,"Some data also comes from another electoral system: Canada, which has"
Freden2016b,fichamento_Freden2016b.md,tipo_eleicao,31,OK,,3,referring to real parties and systems
Freden2016b,fichamento_Freden2016b.md,tipo_eleicao,35,OK,,3,the case of the 2010 Swedish general election
Freden2016b,fichamento_Freden2016b.md,sistema_eleitoral,32,OK,,3,"Sweden, which has a proportional representation electoral system"
Freden2016b,fichamento_Freden2016b.md,desenho_fino,10,OK,,3,a large scale survey experiment with manipulated polls and coalition signals
Freden2016b,fichamento_Freden2016b.md,desenho_fino,37,OK,,3,Survey experiment
Freden2016b,fichamento_Freden2016b.md,realismo_contexto,31,OK,,3,referring to real parties and systems
Freden2016b,fichamento_Freden2016b.md,ano_eleicao,37,OK,,3,"Sweden 2013, 2014"
Freden2016b,fichamento_Freden2016b.md,comparador_tipo,35,OK,,3,elaborating on the impact of pre-electoral signals and polling levels on voting
Freden2016b,fichamento_Freden2016b.md,nivel_desfecho,35,OK,,3,voting for parties at risk of falling below an electoral threshold
Freden2016b,fichamento_Freden2016b.md,nivel_desfecho,31,OK,,3,a survey experiment with a large number of participants over the Internet
Freden2016b,fichamento_Freden2016b.md,mecanismo_testado,18,OK,,3,vote for a party that has higher chance of getting elected
Freden2016b,fichamento_Freden2016b.md,mecanismo_testado,19,OK,,3,have incentives to cast a strategic vote for the smaller party
Freden2016b,fichamento_Freden2016b.md,moderadores_relatados,35,OK,,3,the tendency to cast an insurance vote is highest when coalition signals
Freden2016b,fichamento_Freden2016b.md,moderadores_relatados,36,OK,,3,Ideological distances matter more for compensational voting than for insurance voting
Freden2016b,fichamento_Freden2016b.md,alvo_efeito,35,OK,,3,a small coalition party has polling levels slightly below the electoral threshold
Gandhi2019,fichamento_Gandhi2019.md,titulo,948,OK,,-947,Committed or Conditional Democrats? Opposition Dynamics in Electoral Autocracies
Gandhi2019,fichamento_Gandhi2019.md,ano,948,OK,,-947,"Vol. 63, No. 4, October 2019"
Gandhi2019,fichamento_Gandhi2019.md,tipo_publicacao,948,OK,,-947,"American Journal of Political Science, Vol. 63, No. 4"
Gandhi2019,fichamento_Gandhi2019.md,idioma,948,OK,,-947,"In electoral autocracies, opposition coalition formation offers the best hope"
Gandhi2019,fichamento_Gandhi2019.md,pais_estudo,948,OK,,-947,A survey experiment in Malaysia finds that opposition voters overwhelmingly express
Gandhi2019,fichamento_Gandhi2019.md,pais_estudo,954,OK,,-947,respondents from Sabah and Sarawak since politics
Gandhi2019,fichamento_Gandhi2019.md,tipo_estudo,954,OK,,-947,We randomly assign our sample into one of three groups
Gandhi2019,fichamento_Gandhi2019.md,tipo_estudo,955,OK,,-947,We carry out a difference-in-difference analysis
Gandhi2019,fichamento_Gandhi2019.md,problema_pesquisa,948,OK,,-947,To what extent are voters committed to defeating the autocratic incumbent
Gandhi2019,fichamento_Gandhi2019.md,unidade_analise,955,OK,,-947,where i stands for individual and t for time
Gandhi2019,fichamento_Gandhi2019.md,populacao,953,OK,,-947,We commissioned a telephone survey of Malaysian
Gandhi2019,fichamento_Gandhi2019.md,populacao,954,OK,,-947,"leaves us with a sample of 2,195 opposition supporters"
Gandhi2019,fichamento_Gandhi2019.md,periodo_dados,953,OK,,-947,"between August 14 and September 25, 2017"
Gandhi2019,fichamento_Gandhi2019.md,fonte_dados,953,OK,,-947,We commissioned a telephone survey of Malaysian
Gandhi2019,fichamento_Gandhi2019.md,fonte_dados,955,OK,,-947,our analysis of the latest Asian Barometer Survey from late 2014
Gandhi2019,fichamento_Gandhi2019.md,intervencao_descricao,954,OK,,-947,Recent surveys done show that if the four
Gandhi2019,fichamento_Gandhi2019.md,intervencao_descricao,954,OK,,-947,Recent surveys show that if the Pakatan Harapan
Gandhi2019,fichamento_Gandhi2019.md,intervencao_descricao,954,OK,,-947,"In addition, recent extra surveys done also show that the party"
Gandhi2019,fichamento_Gandhi2019.md,intervencao_descricao,954,OK,,-947,leader will be the next prime minister.
Gandhi2019,fichamento_Gandhi2019.md,familia_intervencao,954,OK,,-947,Recent surveys show that if the Pakatan Harapan
Gandhi2019,fichamento_Gandhi2019.md,familia_intervencao,954,OK,,-947,"In addition, recent extra surveys done also show that the party"
Gandhi2019,fichamento_Gandhi2019.md,comparador,954,OK,,-947,group gets a message that is a repetition of what they learned
Gandhi2019,fichamento_Gandhi2019.md,comparador,954,OK,,-947,of post-electoral differences among coalition parties
Gandhi2019,fichamento_Gandhi2019.md,construto_outcome,954,OK,,-947,Our outcome of interest is in determining support for Pakatan Harapan
Gandhi2019,fichamento_Gandhi2019.md,outcome_medida,954,OK,,-947,would you cast a vote for [candidates from] the Pakatan Harapan?
Gandhi2019,fichamento_Gandhi2019.md,outcome_medida,956,OK,,-947,of support for PH that takes the value 1 if the respondent
Gandhi2019,fichamento_Gandhi2019.md,mecanismo_id,953,OK,,-947,we expect that BERSATU supporters are most susceptible to defection
Gandhi2019,fichamento_Gandhi2019.md,mecanismo_id,957,OK,,-947,Exploring the Mechanisms
Gandhi2019,fichamento_Gandhi2019.md,mecanismo_tipo_evidencia,957,OK,,-947,We make the affirmative case by showing that the DAP treatment
Gandhi2019,fichamento_Gandhi2019.md,mecanismo_tipo_evidencia,957,OK,,-947,"size, DAP as unlikely winner, and ethnic chauvinism"
Gandhi2019,fichamento_Gandhi2019.md,mecanismo_descricao,949,OK,,-947,abandon an opposition alliance under two conditions
Gandhi2019,fichamento_Gandhi2019.md,mecanismo_descricao,949,OK,,-947,likely to desert the coalition than the supporters of other
Gandhi2019,fichamento_Gandhi2019.md,moderador_id,954,OK,,-947,We expect the DAP treatment to make BERSATU voters more likely
Gandhi2019,fichamento_Gandhi2019.md,moderador_id,955,OK,,-947,Covariate interaction effect of the DAP treatment
Gandhi2019,fichamento_Gandhi2019.md,moderador_descricao,957,OK,,-947,BERSATU supporters were 30% less likely to continue supporting the coalition
Gandhi2019,fichamento_Gandhi2019.md,moderador_descricao,957,OK,,-947,models show that we cannot rule out the null hypothesis
Gandhi2019,fichamento_Gandhi2019.md,het_metodo,955,OK,,-947,Covariate interaction effect of the DAP treatment
Gandhi2019,fichamento_Gandhi2019.md,het_pre_especificada,953,OK,,-947,we expect that BERSATU supporters are most susceptible to defection
Gandhi2019,fichamento_Gandhi2019.md,het_pre_especificada,954,OK,,-947,We expect the DAP treatment to make BERSATU voters more likely
Gandhi2019,fichamento_Gandhi2019.md,limitacoes_autores,959,OK,,-947,can produce observationally equivalent responses to the DAP treatment
Gandhi2019,fichamento_Gandhi2019.md,limitacoes_autores,959,OK,,-947,We cannot discard the possibility that prejudice is a factor
Gandhi2019,fichamento_Gandhi2019.md,b2_estrategia_identificacao,954,OK,,-947,We randomly assign our sample into one of three groups
Gandhi2019,fichamento_Gandhi2019.md,b2_estrategia_identificacao,954,OK,,-947,Respondents were randomly assigned to one of the three groups
Gandhi2019,fichamento_Gandhi2019.md,b2_hipoteses_testes,955,OK,,-947,we examine political attitudes and demographic characteristics of the respondents
Gandhi2019,fichamento_Gandhi2019.md,b2_hipoteses_testes,955,OK,,-947,There is substantial balance in pretreatment
Gandhi2019,fichamento_Gandhi2019.md,b2_estimador,956,OK,,-947,we use a linear probability model in which our dependent
Gandhi2019,fichamento_Gandhi2019.md,b2_estimador,957,OK,,-947,Regressions use OLS with standard errors clustered at the state level
Gandhi2019,fichamento_Gandhi2019.md,b2_estimando,954,OK,,-947,We randomly assign our sample into one of three groups
Gandhi2019,fichamento_Gandhi2019.md,b2_nivel_atribuicao_cluster,954,OK,,-947,Respondents were randomly assigned to one of the three groups
Gandhi2019,fichamento_Gandhi2019.md,b2_nivel_atribuicao_cluster,957,OK,,-947,Regressions use OLS with standard errors clustered at the state level
Gandhi2019,fichamento_Gandhi2019.md,b2_n_total,954,OK,,-947,"1,277 individuals supported a member party of"
Gandhi2019,fichamento_Gandhi2019.md,b2_controles,959,OK,,-947,of indicators of which party is projected to gain the most
Gandhi2019,fichamento_Gandhi2019.md,b2_controles,957,OK,,-947,Alternation important
Gandhi2019,fichamento_Gandhi2019.md,b2_teste_falsificacao,956,OK,,-947,Balance between Control and DAP Treatment Groups
Gandhi2019,fichamento_Gandhi2019.md,b2_teste_falsificacao,955,OK,,-947,There is substantial balance in pretreatment
Gandhi2019,fichamento_Gandhi2019.md,b2_modelo_principal,957,OK,,-947,Table 3 shows the effects of the DAP treatment on
Gandhi2019,fichamento_Gandhi2019.md,b2_modelo_principal,957,OK,,-947,"Table 4, in turn, shows the effects of the BERSATU"
Gandhi2019,fichamento_Gandhi2019.md,b2_criterio_modelo_principal,957,OK,,-947,BERSATU supporters were 30% less likely to continue supporting the coalition
Gandhi2019,fichamento_Gandhi2019.md,b2_criterio_modelo_principal,961,OK,,-947,"had defected (as in our results), the coalition would have"
Gandhi2019,fichamento_Gandhi2019.md,b2_criterio_modelo_principal,957,OK,,-947,whereas the model on the right includes controls that were found
Gandhi2019,fichamento_Gandhi2019.md,b2_direcao_estimativa_principal,949,OK,,-947,likely to desert the coalition than the supporters of other
Gandhi2019,fichamento_Gandhi2019.md,b2_direcao_estimativa_principal,957,OK,,-947,to continue supporting the coalition after learning that
Gandhi2019,fichamento_Gandhi2019.md,b2_significancia_05,957,OK,,-947,included for coefficients with unadjusted p-values that reach conventional levels
Gandhi2019,fichamento_Gandhi2019.md,b2_significancia_05,957,OK,,-947,"the government is not significantly different from zero, as compared"
Gandhi2019,fichamento_Gandhi2019.md,b2_interpretacao_autores,948,OK,,-947,commitment is sensitive to the anticipated consequences of an opposition victory
Gandhi2019,fichamento_Gandhi2019.md,regiao,948,OK,,-947,A survey experiment in Malaysia finds that opposition voters overwhelmingly express
Gandhi2019,fichamento_Gandhi2019.md,tipo_eleicao,952,OK,,-947,"For the May 2018 election, the Barisan Nasional (BN) was"
Gandhi2019,fichamento_Gandhi2019.md,tipo_eleicao,950,OK,,-947,in a parliamentary system with majoritarian elections
Gandhi2019,fichamento_Gandhi2019.md,sistema_eleitoral,950,OK,,-947,in a parliamentary system with majoritarian elections
Gandhi2019,fichamento_Gandhi2019.md,sistema_eleitoral,960,OK,,-947,By forcing three-cornered contests in multiple districts
Gandhi2019,fichamento_Gandhi2019.md,desenho_fino,951,OK,,-947,We use a survey experiment in the run-up to the May
Gandhi2019,fichamento_Gandhi2019.md,realismo_contexto,952,OK,,-947,"For the May 2018 election, the Barisan Nasional (BN) was"
Gandhi2019,fichamento_Gandhi2019.md,realismo_contexto,954,OK,,-947,Recent surveys show that if the Pakatan Harapan
Gandhi2019,fichamento_Gandhi2019.md,ano_eleicao,960,OK,,-947,"In the May 2018 election, the Pakatan Harapan pulled off"
Gandhi2019,fichamento_Gandhi2019.md,comparador_tipo,954,OK,,-947,group gets a message that is a repetition of what they learned
Gandhi2019,fichamento_Gandhi2019.md,comparador_tipo,954,OK,,-947,of post-electoral differences among coalition parties
Gandhi2019,fichamento_Gandhi2019.md,nivel_desfecho,954,OK,,-947,would you cast a vote for [candidates from] the Pakatan Harapan?
Gandhi2019,fichamento_Gandhi2019.md,nivel_desfecho,956,OK,,-947,of support for PH that takes the value 1 if the respondent
Gandhi2019,fichamento_Gandhi2019.md,mecanismo_testado,957,OK,,-947,Is it really differences in ideology between DAP and
Gandhi2019,fichamento_Gandhi2019.md,mecanismo_testado,957,OK,,-947,"size, DAP as unlikely winner, and ethnic chauvinism"
Gandhi2019,fichamento_Gandhi2019.md,mecanismo_testado,959,OK,,-947,we asked respondents a pretreatment question about which opposition party
Gandhi2019,fichamento_Gandhi2019.md,moderadores_relatados,955,OK,,-947,indicates pretreatment support for that party
Gandhi2019,fichamento_Gandhi2019.md,moderadores_relatados,954,OK,,-947,We expect the DAP treatment to make BERSATU voters more likely
Gandhi2019,fichamento_Gandhi2019.md,alvo_efeito,954,OK,,-947,Recent surveys show that if the Pakatan Harapan
Gandhi2019,fichamento_Gandhi2019.md,alvo_efeito,954,OK,,-947,Our outcome of interest is in determining support for Pakatan Harapan
Gandhi2019,fichamento_Gandhi2019.md,n_competidores,954,OK,,-947,Recent surveys show that if the Pakatan Harapan
Gandhi2019,fichamento_Gandhi2019.md,n_competidores,952,OK,,-947,"For the May 2018 election, the Barisan Nasional (BN) was"
Gandhi2019,fichamento_Gandhi2019.md,ajuste_mediador,959,OK,,-947,of indicators of which party is projected to gain the most
Gandhi2019,fichamento_Gandhi2019.md,ajuste_mediador,955,OK,,-947,coalition has a good chance of winning a majority and
Gasperoni2015a,fichamento_Gasperoni2015a.md,titulo,3,OK,,0,THE IMPACT OF EXPOSURE TO PRE-ELECTION POLLS ON
Gasperoni2015a,fichamento_Gasperoni2015a.md,titulo,3,OK,,0,VOTING BEHAVIOUR
Gasperoni2015a,fichamento_Gasperoni2015a.md,ano,1,OK,,0,"2015, pp. 1-23"
Gasperoni2015a,fichamento_Gasperoni2015a.md,tipo_publicacao,3,OK,,0,Preliminary versions of this article were delivered as papers
Gasperoni2015a,fichamento_Gasperoni2015a.md,idioma,2,OK,,0,This paper explores Italian voters’ perception of pre-election polls
Gasperoni2015a,fichamento_Gasperoni2015a.md,pais_estudo,9,OK,,0,which operated in different areas of Italy
Gasperoni2015a,fichamento_Gasperoni2015a.md,tipo_estudo,19,OK,,0,whether voters actually shift preferences after being exposed to poll results
Gasperoni2015a,fichamento_Gasperoni2015a.md,problema_pesquisa,7,OK,,0,Our study aims to explore the perception of pre-election polls by voters
Gasperoni2015a,fichamento_Gasperoni2015a.md,unidade_analise,9,OK,,0,"The final sample comprises 895 participants, distributed among six"
Gasperoni2015a,fichamento_Gasperoni2015a.md,populacao,9,OK,,0,Recruitment of study participants was performed thorugh quota sampling
Gasperoni2015a,fichamento_Gasperoni2015a.md,populacao,9,OK,,0,sample was not intended to be representative of the general electorate
Gasperoni2015a,fichamento_Gasperoni2015a.md,periodo_dados,9,OK,,0,the period stretching from March to December 2011
Gasperoni2015a,fichamento_Gasperoni2015a.md,fonte_dados,8,OK,,0,the development of an online simulation of a mayoral election campaign
Gasperoni2015a,fichamento_Gasperoni2015a.md,intervencao_descricao,19,OK,,0,the timed items reported the findings of two distinct pre-election polls
Gasperoni2015a,fichamento_Gasperoni2015a.md,intervencao_descricao,19,OK,,0,predicted the voter’s second preferred candidate would beat the most preferred candidate
Gasperoni2015a,fichamento_Gasperoni2015a.md,familia_intervencao,19,OK,,0,reported the findings of two distinct pre-election polls
Gasperoni2015a,fichamento_Gasperoni2015a.md,comparador,21,OK,,0,"unfortunately, there is no control group"
Gasperoni2015a,fichamento_Gasperoni2015a.md,comparador,22,OK,,0,who were not subject to particular stimuli during the simulated campaign
Gasperoni2015a,fichamento_Gasperoni2015a.md,construto_outcome,37,OK,,0,Incidence of Voters Who Transferred Their Vote from the Most Preferred
Gasperoni2015a,fichamento_Gasperoni2015a.md,outcome_medida,10,OK,,0,participants are invited to ‘vote’ for one of the four candidates
Gasperoni2015a,fichamento_Gasperoni2015a.md,outcome_medida,37,OK,,0,Incidence of Voters Who Transferred Their Vote from the Most Preferred
Gasperoni2015a,fichamento_Gasperoni2015a.md,mecanismo_id,19,OK,,0,this news provided the participant with a good reason to transfer
Gasperoni2015a,fichamento_Gasperoni2015a.md,mecanismo_tipo_evidencia,13,OK,,0,voters who have more favourable attitudes towards voting intention surveys
Gasperoni2015a,fichamento_Gasperoni2015a.md,mecanismo_descricao,20,OK,,0,"this is a typical example of preventative tactical, or strategic, voting"
Gasperoni2015a,fichamento_Gasperoni2015a.md,mecanismo_descricao,15,OK,,0,perception of polls’ usefulness and reliability is
Gasperoni2015a,fichamento_Gasperoni2015a.md,moderador_id,22,OK,,0,The actual findings suggest that voters more likely to switch are young
Gasperoni2015a,fichamento_Gasperoni2015a.md,moderador_descricao,22,OK,,0,"Surprisingly, voters who are hostile towards polls"
Gasperoni2015a,fichamento_Gasperoni2015a.md,moderador_descricao,22,OK,,0,"None of the differences commented here, however, is statistically significant"
Gasperoni2015a,fichamento_Gasperoni2015a.md,het_metodo,37,OK,,0,"by Gender, Age, Education, Left-Right"
Gasperoni2015a,fichamento_Gasperoni2015a.md,het_metodo,37,OK,,0,"Self-Placement, Interest in Politics and Attitudes towards Polls"
Gasperoni2015a,fichamento_Gasperoni2015a.md,het_pre_especificada,21,OK,,0,we do not have strong reasons to anticipate a significant link
Gasperoni2015a,fichamento_Gasperoni2015a.md,equidade_progress_plus,22,OK,,0,The actual findings suggest that voters more likely to switch are young
Gasperoni2015a,fichamento_Gasperoni2015a.md,equidade_progress_plus,22,OK,,0,"None of the differences commented here, however, is statistically significant"
Gasperoni2015a,fichamento_Gasperoni2015a.md,efeitos_nao_intencionais,20,OK,,0,"this is a typical example of preventative tactical, or strategic, voting"
Gasperoni2015a,fichamento_Gasperoni2015a.md,efeitos_nao_intencionais,23,OK,,0,such voters are less resolute and more prone to admitting to difficulty
Gasperoni2015a,fichamento_Gasperoni2015a.md,limitacoes_autores,21,OK,,0,"unfortunately, there is no control group"
Gasperoni2015a,fichamento_Gasperoni2015a.md,limitacoes_autores,9,OK,,0,sample was not intended to be representative of the general electorate
Gasperoni2015a,fichamento_Gasperoni2015a.md,b2_estrategia_identificacao,21,OK,,0,"unfortunately, there is no control group"
Gasperoni2015a,fichamento_Gasperoni2015a.md,b2_estrategia_identificacao,19,OK,,0,the campaign was suspended after nine minutes
Gasperoni2015a,fichamento_Gasperoni2015a.md,b2_hipoteses_testes,21,OK,,0,"We are, of course, assuming that participants correctly identified their preferred"
Gasperoni2015a,fichamento_Gasperoni2015a.md,b2_estimador,21,OK,,0,"the results for Groups 1 and 2 are pooled, underlining the percentage"
Gasperoni2015a,fichamento_Gasperoni2015a.md,b2_estimador,22,OK,,0,A logistic regression (in which independent variables coincide with those listed in
Gasperoni2015a,fichamento_Gasperoni2015a.md,b2_estimando,21,OK,,0,"unfortunately, there is no control group"
Gasperoni2015a,fichamento_Gasperoni2015a.md,b2_estimando,20,OK,,0,may be plausibly attributed to knowledge of the pre-election poll findings
Gasperoni2015a,fichamento_Gasperoni2015a.md,b2_nivel_atribuicao_cluster,27,OK,,0,according to pre-established quotas—to one of four groups
Gasperoni2015a,fichamento_Gasperoni2015a.md,b2_n_total,20,OK,,0,the analysis is based on 188 cases
Gasperoni2015a,fichamento_Gasperoni2015a.md,b2_controles,21,OK,,0,underlining the percentage of voters enacting a vote change
Gasperoni2015a,fichamento_Gasperoni2015a.md,b2_dp_y_tipo,37,OK,,0,Note: Ns in parentheses.
Gasperoni2015a,fichamento_Gasperoni2015a.md,b2_teste_falsificacao,21,OK,,0,"unfortunately, there is no control group"
Gasperoni2015a,fichamento_Gasperoni2015a.md,b2_modelo_principal,21,OK,,0,"In Table 5, the results for Groups 1 and 2 are pooled"
Gasperoni2015a,fichamento_Gasperoni2015a.md,b2_criterio_modelo_principal,2,OK,,0,only one-tenth of voters switched votes
Gasperoni2015a,fichamento_Gasperoni2015a.md,b2_direcao_estimativa_principal,25,OK,,0,only one-tenth of voters switched votes
Gasperoni2015a,fichamento_Gasperoni2015a.md,b2_direcao_estimativa_principal,20,OK,,0,voted for the second preferred candidate
Gasperoni2015a,fichamento_Gasperoni2015a.md,b2_significancia_05,25,OK,,0,(and ignoring the issue of statistical significance)
Gasperoni2015a,fichamento_Gasperoni2015a.md,b2_interpretacao_autores,25,OK,,0,pre-election polls are not an important heuristic for Italian voters
Gasperoni2015a,fichamento_Gasperoni2015a.md,regiao,9,OK,,0,which operated in different areas of Italy
Gasperoni2015a,fichamento_Gasperoni2015a.md,tipo_eleicao,8,OK,,0,city that will be electing a new mayor in a few weeks
Gasperoni2015a,fichamento_Gasperoni2015a.md,sistema_eleitoral,10,OK,,0,participants are invited to ‘vote’ for one of the four candidates
Gasperoni2015a,fichamento_Gasperoni2015a.md,desenho_fino,5,OK,,0,thus implemented via a dynamic process-tracing environment (DPTE)
Gasperoni2015a,fichamento_Gasperoni2015a.md,desenho_fino,2,OK,,0,an online simulated election campaign
Gasperoni2015a,fichamento_Gasperoni2015a.md,realismo_contexto,8,OK,,0,whose ideological profiles range from far left to far right
Gasperoni2015a,fichamento_Gasperoni2015a.md,realismo_contexto,26,OK,,0,to imagine that they have moved to a new city
Gasperoni2015a,fichamento_Gasperoni2015a.md,ano_eleicao,9,OK,,0,the period stretching from March to December 2011
Gasperoni2015a,fichamento_Gasperoni2015a.md,comparador_tipo,19,OK,,0,the campaign was suspended after nine minutes
Gasperoni2015a,fichamento_Gasperoni2015a.md,comparador_tipo,21,OK,,0,"unfortunately, there is no control group"
Gasperoni2015a,fichamento_Gasperoni2015a.md,nivel_desfecho,10,OK,,0,participants are invited to ‘vote’ for one of the four candidates
Gasperoni2015a,fichamento_Gasperoni2015a.md,margem_mostrada,19,OK,,0,the most preferred candidate (by 4 or 5 percentage points)
Gasperoni2015a,fichamento_Gasperoni2015a.md,margem_mostrada,20,OK,,0,beating the second preferred candidate (by 4 or 5 percentage points)
Gasperoni2015a,fichamento_Gasperoni2015a.md,mecanismo_testado,21,OK,,0,90 belonged to Group 1 (potential bandwagon effect)
Gasperoni2015a,fichamento_Gasperoni2015a.md,mecanismo_testado,20,OK,,0,"this is a typical example of preventative tactical, or strategic, voting"
Gasperoni2015a,fichamento_Gasperoni2015a.md,moderadores_relatados,37,OK,,0,"by Gender, Age, Education, Left-Right"
Gasperoni2015a,fichamento_Gasperoni2015a.md,moderadores_relatados,24,OK,,0,initially preferring extreme candidates switched to the second preferred candidate
Gasperoni2015a,fichamento_Gasperoni2015a.md,alvo_efeito,19,OK,,0,predicted the voter’s second preferred candidate would beat the most preferred candidate
Gasperoni2015a,fichamento_Gasperoni2015a.md,alvo_efeito,20,OK,,0,beating the second preferred candidate (by 4 or 5 percentage points)
Gasperoni2015a,fichamento_Gasperoni2015a.md,n_competidores,8,OK,,0,"there are four candidates, about whom"
Gasperoni2015a,fichamento_Gasperoni2015a.md,ajuste_mediador,21,OK,,0,underlining the percentage of voters enacting a vote change
Geers2018,fichamento_Geers2018.md,titulo,521,OK,,-520,Effects of issue and poll news on electoral volatility:
Geers2018,fichamento_Geers2018.md,ano,521,OK,,-520,Published online: 9 May 2018
Geers2018,fichamento_Geers2018.md,tipo_publicacao,521,OK,,-520,ORIGINAL ARTICLE
Geers2018,fichamento_Geers2018.md,idioma,521,OK,,-520,Effects of issue and poll news on electoral volatility:
Geers2018,fichamento_Geers2018.md,pais_estudo,526,OK,,-520,At the start of the campaign of the Dutch 2012 elections
Geers2018,fichamento_Geers2018.md,tipo_estudo,531,OK,,-520,"tested with multinomial logistic regression analyses, since the dependent variable"
Geers2018,fichamento_Geers2018.md,tipo_estudo,527,OK,,-520,we use a panel dataset and link this to a substantive
Geers2018,fichamento_Geers2018.md,problema_pesquisa,521,OK,,-520,on two different types of vote change: conversion
Geers2018,fichamento_Geers2018.md,unidade_analise,527,OK,,-520,media content should be analyzed at the individual level
Geers2018,fichamento_Geers2018.md,populacao,527,OK,,-520,we only included those respondents that have participated in all waves
Geers2018,fichamento_Geers2018.md,periodo_dados,527,OK,,-520,"May 17, 2012 (t-4: N = 1537), and recontacted on June 21"
Geers2018,fichamento_Geers2018.md,periodo_dados,529,OK,,-520,"programs and newspapers (August 22 to September 12, 2012)"
Geers2018,fichamento_Geers2018.md,fonte_dados,527,OK,,-520,panel survey dataset we used was collected by TNS NIPO
Geers2018,fichamento_Geers2018.md,fonte_dados,529,OK,,-520,by a team of four coders
Geers2018,fichamento_Geers2018.md,intervencao_descricao,530,OK,,-520,exposure to media content was weighted on the basis of the
Geers2018,fichamento_Geers2018.md,intervencao_descricao,531,OK,,-520,to obtain average poll news exposure scores
Geers2018,fichamento_Geers2018.md,familia_intervencao,530,OK,,-520,two items tapping poll news also form a strong scale
Geers2018,fichamento_Geers2018.md,familia_intervencao,529,OK,,-520,content analysis of the last 3 weeks of the election campaign
Geers2018,fichamento_Geers2018.md,comparador,534,OK,,-520,The graphs show the predicted probability for respondents with average level
Geers2018,fichamento_Geers2018.md,construto_outcome,536,OK,,-520,"Instead, poll news leads to abstaining from voting."
Geers2018,fichamento_Geers2018.md,outcome_medida,528,OK,,-520,"(2) abstention: abstaining from voting at t, (3) crystallization: changing"
Geers2018,fichamento_Geers2018.md,outcome_medida,528,OK,,-520,which party they ended up voting for in the elections
Geers2018,fichamento_Geers2018.md,mecanismo_id,526,OK,,-520,The bandwagon effect refers to the tendency
Geers2018,fichamento_Geers2018.md,mecanismo_id,526,OK,,-520,"possible future coalitions, which may prompt voters to cast a strategic"
Geers2018,fichamento_Geers2018.md,mecanismo_tipo_evidencia,536,OK,,-520,examine whether this can be explained by the bandwagon effect
Geers2018,fichamento_Geers2018.md,mecanismo_tipo_evidencia,536,OK,,-520,"Future research should further explore these findings, by examining"
Geers2018,fichamento_Geers2018.md,mecanismo_descricao,536,OK,,-520,voters might decide not to turn out when their favorite party
Geers2018,fichamento_Geers2018.md,mecanismo_descricao,536,OK,,-520,"might induce political cynicism (Adriaansen et al. 2010), which in turn"
Geers2018,fichamento_Geers2018.md,moderador_id,534,OK,,-520,we ran an additional analysis to test the interaction effect between
Geers2018,fichamento_Geers2018.md,moderador_descricao,534,OK,,-520,The findings revealed a marginally significant effect
Geers2018,fichamento_Geers2018.md,moderador_descricao,534,OK,,-520,of issue news and poll news on conversion for moderately interested voters
Geers2018,fichamento_Geers2018.md,het_metodo,534,OK,,-520,we ran an additional analysis to test the interaction effect between
Geers2018,fichamento_Geers2018.md,het_pre_especificada,534,OK,,-520,we ran an additional analysis to test the interaction effect between
Geers2018,fichamento_Geers2018.md,efeitos_nao_intencionais,536,OK,,-520,leads to demobilization (Cappella and Jamieson 1997) or frustrated vote switching
Geers2018,fichamento_Geers2018.md,efeitos_nao_intencionais,536,OK,,-520,"such as polls, could be a signal of indecisive and uninformed"
Geers2018,fichamento_Geers2018.md,limitacoes_autores,537,OK,,-520,This study is obviously not without a few shortcomings.
Geers2018,fichamento_Geers2018.md,limitacoes_autores,537,OK,,-520,"a sample of the information sources available, excluding online sources"
Geers2018,fichamento_Geers2018.md,limitacoes_autores,537,OK,,-520,we are restricted to self-reported measures of news exposure
Geers2018,fichamento_Geers2018.md,b2_estrategia_identificacao,531,OK,,-520,"tested with multinomial logistic regression analyses, since the dependent variable"
Geers2018,fichamento_Geers2018.md,b2_estrategia_identificacao,527,OK,,-520,we use a panel dataset and link this to a substantive
Geers2018,fichamento_Geers2018.md,b2_hipoteses_testes,527,OK,,-520,inhibit conclusions about causal order since they measure both cause and effect
Geers2018,fichamento_Geers2018.md,b2_hipoteses_testes,528,OK,,-520,tested whether voters also converted or crystallized between t-2 and t-1
Geers2018,fichamento_Geers2018.md,b2_hipoteses_testes,527,OK,,-520,Panel attrition does not seem to affect our findings.
Geers2018,fichamento_Geers2018.md,b2_estimador,531,OK,,-520,"tested with multinomial logistic regression analyses, since the dependent variable"
Geers2018,fichamento_Geers2018.md,b2_estimando,531,OK,,-520,"tested with multinomial logistic regression analyses, since the dependent variable"
Geers2018,fichamento_Geers2018.md,b2_estimando,527,OK,,-520,we use a panel dataset and link this to a substantive
Geers2018,fichamento_Geers2018.md,b2_nivel_atribuicao_cluster,527,OK,,-520,media content should be analyzed at the individual level
Geers2018,fichamento_Geers2018.md,b2_nivel_atribuicao_cluster,530,OK,,-520,measured on a 5-point scale ranging from never (0) to (almost) daily
Geers2018,fichamento_Geers2018.md,b2_n_total,533,OK,,-520,errors are reported in parentheses. N = 765
Geers2018,fichamento_Geers2018.md,b2_controles,528,OK,,-520,"measured at t-4: age (M = 51, SD = 17), sex"
Geers2018,fichamento_Geers2018.md,b2_controles,528,OK,,-520,various individual predispositions measured at t-2
Geers2018,fichamento_Geers2018.md,b2_dp_y_tipo,533,OK,,-520,Entries are unstandardized regression coefficients from multinomial logistic regression models
Geers2018,fichamento_Geers2018.md,b2_teste_falsificacao,528,OK,,-520,tested whether voters also converted or crystallized between t-2 and t-1
Geers2018,fichamento_Geers2018.md,b2_teste_falsificacao,528,OK,,-520,"Yet, no significant results were found."
Geers2018,fichamento_Geers2018.md,b2_modelo_principal,533,OK,,-520,The impact of media content on crystallization and conversion
Geers2018,fichamento_Geers2018.md,b2_modelo_principal,533,OK,,-520,Crystallization (vs abstention)
Geers2018,fichamento_Geers2018.md,b2_criterio_modelo_principal,531,OK,,-520,results were largely similar to the ones reported in Table 2
Geers2018,fichamento_Geers2018.md,b2_criterio_modelo_principal,531,OK,,-520,"As robustness check, we also estimated a multinomial regression model"
Geers2018,fichamento_Geers2018.md,b2_direcao_estimativa_principal,533,OK,,-520,"decreases the chance of crystallization, and leads undecided voters to abstain"
Geers2018,fichamento_Geers2018.md,b2_direcao_estimativa_principal,536,OK,,-520,"Instead, poll news leads to abstaining from voting."
Geers2018,fichamento_Geers2018.md,b2_significancia_05,533,OK,,-520,"*p < 0.05, **p < 0.01, ***p < 0.001"
Geers2018,fichamento_Geers2018.md,b2_significancia_05,533,OK,,-520,"decreases the chance of crystallization, and leads undecided voters to abstain"
Geers2018,fichamento_Geers2018.md,b2_interpretacao_autores,536,OK,,-520,"Instead, poll news leads to abstaining from voting."
Geers2018,fichamento_Geers2018.md,b2_interpretacao_autores,536,OK,,-520,we find a positive effect of exposure to poll news on conversion
Geers2018,fichamento_Geers2018.md,regiao,526,OK,,-520,the Netherlands is a multi-party system with a high number of parties
Geers2018,fichamento_Geers2018.md,tipo_eleicao,528,OK,,-520,which party they ended up voting for in the elections
Geers2018,fichamento_Geers2018.md,voto_obrigatorio,528,OK,,-520,10% eventually did not turn out on Election Day.
Geers2018,fichamento_Geers2018.md,desenho_fino,527,OK,,-520,we use a panel dataset and link this to a substantive
Geers2018,fichamento_Geers2018.md,desenho_fino,521,OK,,-520,We use a national panel survey (N = 765)
Geers2018,fichamento_Geers2018.md,realismo_contexto,526,OK,,-520,At the start of the campaign of the Dutch 2012 elections
Geers2018,fichamento_Geers2018.md,ano_eleicao,526,OK,,-520,At the start of the campaign of the Dutch 2012 elections
Geers2018,fichamento_Geers2018.md,comparador_tipo,534,OK,,-520,The graphs show the predicted probability for respondents with average level
Geers2018,fichamento_Geers2018.md,nivel_desfecho,528,OK,,-520,"(2) abstention: abstaining from voting at t, (3) crystallization: changing"
Geers2018,fichamento_Geers2018.md,nivel_desfecho,528,OK,,-520,10% eventually did not turn out on Election Day.
Geers2018,fichamento_Geers2018.md,mecanismo_testado,536,OK,,-520,"Future research should further explore these findings, by examining"
Geers2018,fichamento_Geers2018.md,mecanismo_testado,536,OK,,-520,examine whether this can be explained by the bandwagon effect
Geers2018,fichamento_Geers2018.md,moderadores_relatados,534,OK,,-520,we ran an additional analysis to test the interaction effect between
Geers2018,fichamento_Geers2018.md,moderadores_relatados,534,OK,,-520,of issue news and poll news on conversion for moderately interested voters
Geers2018,fichamento_Geers2018.md,ajuste_mediador,528,OK,,-520,"measured at t-4: age (M = 51, SD = 17), sex"
Geers2018,fichamento_Geers2018.md,ajuste_mediador,528,OK,,-520,various individual predispositions measured at t-2
Gerber2020a,fichamento_Gerber2020a.md,titulo,0,OK,,3,One in a Million: Field Experiments on Perceived
Gerber2020a,fichamento_Gerber2020a.md,titulo,0,OK,,3,Closeness of the Election and Voter Turnout
Gerber2020a,fichamento_Gerber2020a.md,idioma,1,OK,,3,A core question in political economy is why do people vote.
Gerber2020a,fichamento_Gerber2020a.md,pais_estudo,2,OK,,3,conducted during the 2010 U.S. gubernatorial election cycle
Gerber2020a,fichamento_Gerber2020a.md,pais_estudo,10,OK,,3,"This left us with 13 states: CA, CT, FL, GA,"
Gerber2020a,fichamento_Gerber2020a.md,pais_estudo,23,OK,,3,"This left us with 7 states: AR, FL, GA,"
Gerber2020a,fichamento_Gerber2020a.md,tipo_estudo,5,OK,,3,the first large-scale field experiments that randomly assign polls to voters
Gerber2020a,fichamento_Gerber2020a.md,tipo_estudo,20,OK,,3,Table 6 shows IV regressions of turnout on
Gerber2020a,fichamento_Gerber2020a.md,tipo_estudo,26,OK,,3,Table 7 regresses turnout on treatment dummies.
Gerber2020a,fichamento_Gerber2020a.md,problema_pesquisa,7,OK,,3,Our main empirical exercise is to study how exogenous changes
Gerber2020a,fichamento_Gerber2020a.md,problema_pesquisa,7,OK,,3,leads to a higher chance of voting (versus abstaining)
Gerber2020a,fichamento_Gerber2020a.md,unidade_analise,25,OK,,3,our unit of analysis is a person.
Gerber2020a,fichamento_Gerber2020a.md,populacao,10,OK,,3,KnowledgePanel is a panel of individuals that agree to take
Gerber2020a,fichamento_Gerber2020a.md,populacao,13,OK,,3,"we perform our analyses restricting to these 6,705"
Gerber2020a,fichamento_Gerber2020a.md,populacao,23,OK,,3,draw on the population of registered US voters
Gerber2020a,fichamento_Gerber2020a.md,populacao,25,OK,,3,to households with three or fewer registered voters
Gerber2020a,fichamento_Gerber2020a.md,periodo_dados,11,OK,,3,"Subjects were first sent the survey on Wednesday, October 20, 2010"
Gerber2020a,fichamento_Gerber2020a.md,periodo_dados,14,OK,,3,"on November 19, 2010, 17 days after the election"
Gerber2020a,fichamento_Gerber2020a.md,periodo_dados,25,OK,,3,"The postcards were mailed out on Friday, October 24."
Gerber2020a,fichamento_Gerber2020a.md,fonte_dados,10,OK,,3,The experiment was administered by Knowledge Networks
Gerber2020a,fichamento_Gerber2020a.md,fonte_dados,14,OK,,3,We obtained administrative voting data on the voters
Gerber2020a,fichamento_Gerber2020a.md,intervencao_descricao,13,OK,,3,Below are the results of a recent poll about the race
Gerber2020a,fichamento_Gerber2020a.md,intervencao_descricao,13,OK,,3,margin of victory was 2.3% in the close polls
Gerber2020a,fichamento_Gerber2020a.md,intervencao_descricao,23,OK,,3,we conducted the experiment using postcards instead of
Gerber2020a,fichamento_Gerber2020a.md,intervencao_descricao,25,OK,,3,was 0.3% in the close polls
Gerber2020a,fichamento_Gerber2020a.md,familia_intervencao,13,OK,,3,Below are the results of a recent poll about the race
Gerber2020a,fichamento_Gerber2020a.md,familia_intervencao,13,OK,,3,"poll that was most close, conditional on the same candidates"
Gerber2020a,fichamento_Gerber2020a.md,comparador,26,OK,,3,"but rather whether it increased it relative to the not-close poll,"
Gerber2020a,fichamento_Gerber2020a.md,comparador,11,OK,,3,"an additional 5,543 subjects assigned to receive nothing"
Gerber2020a,fichamento_Gerber2020a.md,comparador,24,OK,,3,to obtain their voting records and serve as a control group.
Gerber2020a,fichamento_Gerber2020a.md,construto_outcome,51,OK,,3,The dependent variable is turnout (0-1) from administrative voting records
Gerber2020a,fichamento_Gerber2020a.md,construto_outcome,36,OK,,3,by regressing a dummy for (self-reported) voting for the
Gerber2020a,fichamento_Gerber2020a.md,outcome_medida,51,OK,,3,The dependent variable is turnout (0-1) from administrative voting records
Gerber2020a,fichamento_Gerber2020a.md,outcome_medida,51,OK,,3,Turnout is defined at the individual level
Gerber2020a,fichamento_Gerber2020a.md,outcome_medida,36,OK,,3,by regressing a dummy for (self-reported) voting for the
Gerber2020a,fichamento_Gerber2020a.md,mecanismo_id,7,OK,,3,benefits are proportional to the probability of being decisive.
Gerber2020a,fichamento_Gerber2020a.md,mecanismo_id,20,OK,,3,Table 6 shows IV regressions of turnout on
Gerber2020a,fichamento_Gerber2020a.md,mecanismo_tipo_evidencia,33,OK,,3,share of B that is driven by perceptions of closeness
Gerber2020a,fichamento_Gerber2020a.md,mecanismo_descricao,7,OK,,3,benefits are proportional to the probability of being decisive.
Gerber2020a,fichamento_Gerber2020a.md,mecanismo_descricao,7,OK,,3,leads to a higher chance of voting (versus abstaining)
Gerber2020a,fichamento_Gerber2020a.md,mecanismo_descricao,2,OK,,3,most subjects overestimate the probability of a very close
Gerber2020a,fichamento_Gerber2020a.md,moderador_id,18,OK,,3,we see that voters who are less informed update more.
Gerber2020a,fichamento_Gerber2020a.md,moderador_id,31,OK,,3,our zero result is robust to restricting to individuals
Gerber2020a,fichamento_Gerber2020a.md,moderador_descricao,18,OK,,3,we see that voters who are less informed update more.
Gerber2020a,fichamento_Gerber2020a.md,moderador_descricao,31,OK,,3,impact of beliefs on turnout when restricting to voters
Gerber2020a,fichamento_Gerber2020a.md,moderador_descricao,31,OK,,3,"In either subpopulation, there is no relation between"
Gerber2020a,fichamento_Gerber2020a.md,het_metodo,18,OK,,3,we see that voters who are less informed update more.
Gerber2020a,fichamento_Gerber2020a.md,het_metodo,31,OK,,3,our zero result is robust to restricting to individuals
Gerber2020a,fichamento_Gerber2020a.md,equidade_progress_plus,16,OK,,3,"Even among these well-educated voters,"
Gerber2020a,fichamento_Gerber2020a.md,equidade_progress_plus,16,OK,,3,the median perceived probabilities of less than 100 and less
Gerber2020a,fichamento_Gerber2020a.md,efeitos_nao_intencionais,29,OK,,3,had no impact on self-reported tendency to pay greater attention
Gerber2020a,fichamento_Gerber2020a.md,efeitos_nao_intencionais,36,OK,,3,evidence of bandwagon effects with respect to actual voting
Gerber2020a,fichamento_Gerber2020a.md,efeitos_nao_intencionais,26,OK,,3,Information that the electorate is likely to be smaller decreased turnout
Gerber2020a,fichamento_Gerber2020a.md,limitacoes_autores,36,OK,,3,concerns about external validity due to the internet sample.
Gerber2020a,fichamento_Gerber2020a.md,limitacoes_autores,36,OK,,3,the limitation of not being able to measure beliefs
Gerber2020a,fichamento_Gerber2020a.md,limitacoes_autores,37,OK,,3,Our conclusions are specific to the type of election we study.
Gerber2020a,fichamento_Gerber2020a.md,limitacoes_autores,35,OK,,3,this exercise partially relies on non-experimental variation
Gerber2020a,fichamento_Gerber2020a.md,b2_estrategia_identificacao,10,OK,,3,"we had 5,413 subjects assigned to Close Poll"
Gerber2020a,fichamento_Gerber2020a.md,b2_estrategia_identificacao,14,OK,,3,"voting in 2008, gender, race, age, and a random number)"
Gerber2020a,fichamento_Gerber2020a.md,b2_hipoteses_testes,14,OK,,3,"Table 1 shows that across most variables,"
Gerber2020a,fichamento_Gerber2020a.md,b2_hipoteses_testes,15,OK,,3,There is only one characteristic which differs across the two groups
Gerber2020a,fichamento_Gerber2020a.md,b2_hipoteses_testes,25,OK,,3,show that the samples are well-balanced in terms of
Gerber2020a,fichamento_Gerber2020a.md,b2_hipoteses_testes,20,OK,,3,"The F-stat on the excluded instrument is high,"
Gerber2020a,fichamento_Gerber2020a.md,b2_hipoteses_testes,20,OK,,3,Table 6 also presents the exact
Gerber2020a,fichamento_Gerber2020a.md,b2_estimador,20,OK,,3,Table 6 shows IV regressions of turnout on
Gerber2020a,fichamento_Gerber2020a.md,b2_estimando,21,OK,,3,"the treatment effect among compliers, in our case, individuals"
Gerber2020a,fichamento_Gerber2020a.md,b2_estimando,20,OK,,3,Table 6 shows IV regressions of turnout on
Gerber2020a,fichamento_Gerber2020a.md,b2_nivel_atribuicao_cluster,10,OK,,3,"we had 5,413 subjects assigned to Close Poll"
Gerber2020a,fichamento_Gerber2020a.md,b2_nivel_atribuicao_cluster,14,OK,,3,"voting in 2008, gender, race, age, and a random number)"
Gerber2020a,fichamento_Gerber2020a.md,b2_nivel_atribuicao_cluster,24,OK,,3,"randomly selected roughly 11,500 households to receive a mailing"
Gerber2020a,fichamento_Gerber2020a.md,b2_nivel_atribuicao_cluster,25,OK,,3,we consider all registered voters within a household
Gerber2020a,fichamento_Gerber2020a.md,b2_nivel_atribuicao_cluster,51,OK,,3,Standard errors clustered by household are in parentheses.
Gerber2020a,fichamento_Gerber2020a.md,b2_n_total,50,OK,,3,"6,688"
Gerber2020a,fichamento_Gerber2020a.md,b2_n_total,13,OK,,3,"we perform our analyses restricting to these 6,705"
Gerber2020a,fichamento_Gerber2020a.md,b2_controles,19,OK,,3,"In our empirical analysis of voter turnout, we usually present results"
Gerber2020a,fichamento_Gerber2020a.md,b2_controles,50,OK,,3,All regressions include state fixed effects and past voting controls
Gerber2020a,fichamento_Gerber2020a.md,b2_controles,51,OK,,3,Each regression includes dummy for the 8 randomization strata;
Gerber2020a,fichamento_Gerber2020a.md,b2_modelo_principal,36,OK,,3,Our main finding is that we fail to find causal
Gerber2020a,fichamento_Gerber2020a.md,b2_modelo_principal,21,OK,,3,"Among columns 4-12, we have the most power in column 12."
Gerber2020a,fichamento_Gerber2020a.md,b2_modelo_principal,26,OK,,3,"Based on the 95% confidence interval in column 4, we can"
Gerber2020a,fichamento_Gerber2020a.md,b2_criterio_modelo_principal,36,OK,,3,Our main finding is that we fail to find causal
Gerber2020a,fichamento_Gerber2020a.md,b2_criterio_modelo_principal,21,OK,,3,"Among columns 4-12, we have the most power in column 12."
Gerber2020a,fichamento_Gerber2020a.md,b2_criterio_modelo_principal,3,OK,,3,rule out that a close poll (vs. a not-close poll) increases
Gerber2020a,fichamento_Gerber2020a.md,b2_direcao_estimativa_principal,36,OK,,3,evidence of bandwagon effects with respect to actual voting
Gerber2020a,fichamento_Gerber2020a.md,b2_direcao_estimativa_principal,21,OK,,3,"leading to a 95% CI of [-0.58, 0.73]"
Gerber2020a,fichamento_Gerber2020a.md,b2_direcao_estimativa_principal,26,OK,,3,poll appeared to increase turnout by about 0.29pp relative to the
Gerber2020a,fichamento_Gerber2020a.md,b2_significancia_05,36,OK,,3,Our main finding is that we fail to find causal
Gerber2020a,fichamento_Gerber2020a.md,b2_significancia_05,21,OK,,3,"leading to a 95% CI of [-0.58, 0.73]"
Gerber2020a,fichamento_Gerber2020a.md,b2_significancia_05,26,OK,,3,not statistically significant. Results are similar with further controls.
Gerber2020a,fichamento_Gerber2020a.md,b2_interpretacao_autores,36,OK,,3,supporting the idea that believing an election is close causes
Gerber2020a,fichamento_Gerber2020a.md,b2_interpretacao_autores,37,OK,,3,beliefs about closeness are not more than a very modest determinant
Gerber2020a,fichamento_Gerber2020a.md,regiao,2,OK,,3,conducted during the 2010 U.S. gubernatorial election cycle
Gerber2020a,fichamento_Gerber2020a.md,tipo_eleicao,9,OK,,3,We conducted the experiment in states with gubernatorial races in 2010
Gerber2020a,fichamento_Gerber2020a.md,tipo_eleicao,11,OK,,3,their prediction of the vote shares between Democrat and
Gerber2020a,fichamento_Gerber2020a.md,voto_obrigatorio,7,OK,,3,leads to a higher chance of voting (versus abstaining)
Gerber2020a,fichamento_Gerber2020a.md,voto_obrigatorio,25,OK,,3,The 2014 voting rate among people getting close poll postcards
Gerber2020a,fichamento_Gerber2020a.md,desenho_fino,5,OK,,3,the first large-scale field experiments that randomly assign polls to voters
Gerber2020a,fichamento_Gerber2020a.md,desenho_fino,2,OK,,3,"After the election, we used administrative data"
Gerber2020a,fichamento_Gerber2020a.md,desenho_fino,23,OK,,3,we conducted the experiment using postcards instead of
Gerber2020a,fichamento_Gerber2020a.md,realismo_contexto,2,OK,,3,variation in real-world poll results prior to the election
Gerber2020a,fichamento_Gerber2020a.md,realismo_contexto,13,OK,,3,Jerry Brown (Democrat): 50%
Gerber2020a,fichamento_Gerber2020a.md,ano_eleicao,23,OK,,3,We did a second large-scale experiment during the 2014 gubernatorial elections
Gerber2020a,fichamento_Gerber2020a.md,comparador_tipo,13,OK,,3,"poll that was most close, conditional on the same candidates"
Gerber2020a,fichamento_Gerber2020a.md,comparador_tipo,26,OK,,3,"but rather whether it increased it relative to the not-close poll,"
Gerber2020a,fichamento_Gerber2020a.md,nivel_desfecho,51,OK,,3,The dependent variable is turnout (0-1) from administrative voting records
Gerber2020a,fichamento_Gerber2020a.md,nivel_desfecho,51,OK,,3,Turnout is defined at the individual level
Gerber2020a,fichamento_Gerber2020a.md,margem_mostrada,13,OK,,3,margin of victory was 2.3% in the close polls
Gerber2020a,fichamento_Gerber2020a.md,margem_mostrada,13,OK,,3,was 16.3% in the not close polls.
Gerber2020a,fichamento_Gerber2020a.md,margem_mostrada,25,OK,,3,was 0.3% in the close polls
Gerber2020a,fichamento_Gerber2020a.md,margem_mostrada,25,OK,,3,"was 7.7% in the not close polls,"
Gerber2020a,fichamento_Gerber2020a.md,mecanismo_testado,7,OK,,3,benefits are proportional to the probability of being decisive.
Gerber2020a,fichamento_Gerber2020a.md,mecanismo_testado,20,OK,,3,Table 6 shows IV regressions of turnout on
Gerber2020a,fichamento_Gerber2020a.md,moderadores_relatados,31,OK,,3,"In either subpopulation, there is no relation between"
Gerber2020a,fichamento_Gerber2020a.md,moderadores_relatados,31,OK,,3,our zero result is robust to restricting to individuals
Gerber2020a,fichamento_Gerber2020a.md,alvo_efeito,45,OK,,3,"Prob vote underdog, pre-treat"
Gerber2020a,fichamento_Gerber2020a.md,alvo_efeito,35,OK,,3,makes someone more likely to want to vote for them
Gerber2020a,fichamento_Gerber2020a.md,n_competidores,13,OK,,3,Jerry Brown (Democrat): 50%
Gerber2020a,fichamento_Gerber2020a.md,n_competidores,10,OK,,3,states where there was a major third party candidate
Gerber2020a,fichamento_Gerber2020a.md,dias_ate_eleicao,11,OK,,3,"on Wednesday, October 20, 2010 (13"
Gerber2020a,fichamento_Gerber2020a.md,ajuste_mediador,20,OK,,3,Table 6 shows IV regressions of turnout on
Gerber2020a,fichamento_Gerber2020a.md,ajuste_mediador,21,OK,,3,"In column 5, we control for pre-treatment beliefs"
Grillo2024c,fichamento_Grillo2024c.md,ano,0,OK,,2,"March 15, 2022"
Grillo2024c,fichamento_Grillo2024c.md,idioma,0,OK,,2,Belgian and Swiss media regularly interfere during French elections
Grillo2024c,fichamento_Grillo2024c.md,pais_estudo,3,OK,,2,The 2017 French presidential elections took place on April 23
Grillo2024c,fichamento_Grillo2024c.md,tipo_estudo,4,OK,,2,As in a difference-in-differences setting
Grillo2024c,fichamento_Grillo2024c.md,problema_pesquisa,0,OK,,2,to investigate their effect on voter turnout
Grillo2024c,fichamento_Grillo2024c.md,unidade_analise,4,OK,,2,the number of registered voter at the department level
Grillo2024c,fichamento_Grillo2024c.md,populacao,11,OK,,2,for all French mainland departments
Grillo2024c,fichamento_Grillo2024c.md,populacao,11,OK,,2,Departments 96
Grillo2024c,fichamento_Grillo2024c.md,periodo_dados,4,OK,,2,"at the department level in 2017, 2012 and 2007"
Grillo2024c,fichamento_Grillo2024c.md,fonte_dados,4,OK,,2,obtained from the French interior ministry
Grillo2024c,fichamento_Grillo2024c.md,intervencao_descricao,4,OK,,2,RTBF reported already at around 16:00 that Macron was predicted to win
Grillo2024c,fichamento_Grillo2024c.md,intervencao_descricao,4,OK,,2,updated his vote share to 62%-64% at around 16:20
Grillo2024c,fichamento_Grillo2024c.md,familia_intervencao,0,OK,,2,by releasing exit polls before polling stations close
Grillo2024c,fichamento_Grillo2024c.md,comparador,4,OK,,2,we use turnout rates at 12:00 as the pre-period
Grillo2024c,fichamento_Grillo2024c.md,construto_outcome,0,OK,,2,to investigate their effect on voter turnout
Grillo2024c,fichamento_Grillo2024c.md,outcome_medida,4,OK,,2,"Voter turnout is measured at 12:00, 17:00 and when polling stations closed"
Grillo2024c,fichamento_Grillo2024c.md,mecanismo_id,2,OK,,2,"voting as an act which is, at least partially, strategic and instrumental"
Grillo2024c,fichamento_Grillo2024c.md,mecanismo_id,4,OK,,2,in an election that appeared to be already decided
Grillo2024c,fichamento_Grillo2024c.md,mecanismo_tipo_evidencia,4,OK,,2,in an election that appeared to be already decided
Grillo2024c,fichamento_Grillo2024c.md,mecanismo_descricao,2,OK,,2,"voting as an act which is, at least partially, strategic and instrumental"
Grillo2024c,fichamento_Grillo2024c.md,moderador_id,7,OK,,2,we investigate possible heterogeneous effects along two dimensions
Grillo2024c,fichamento_Grillo2024c.md,moderador_descricao,7,OK,,2,significantly greater decrease in participation for the departments close and very close
Grillo2024c,fichamento_Grillo2024c.md,moderador_descricao,2,OK,,2,an additional reduction of 1.1 percentage points and is weakly significant
Grillo2024c,fichamento_Grillo2024c.md,het_metodo,13,OK,,2,17h X 2nd Round X Very close BE
Grillo2024c,fichamento_Grillo2024c.md,het_metodo,14,OK,,2,Closure X 2nd Round X Macron first
Grillo2024c,fichamento_Grillo2024c.md,het_pre_especificada,2,OK,,2,We complement the analysis by checking whether the effect varies geographically
Grillo2024c,fichamento_Grillo2024c.md,efeitos_nao_intencionais,0,OK,,2,which reduced the winning margin by around 1 percentage point
Grillo2024c,fichamento_Grillo2024c.md,efeitos_nao_intencionais,8,OK,,2,voters with left-wing preferences could be more likely to opt for abstention
Grillo2024c,fichamento_Grillo2024c.md,limitacoes_autores,0,OK,,2,although similar trends were observed in previous elections
Grillo2024c,fichamento_Grillo2024c.md,limitacoes_autores,3,OK,,2,because voting is secret and because these effects could be driven
Grillo2024c,fichamento_Grillo2024c.md,b2_estrategia_identificacao,5,OK,,2,would have followed the same trend as in the first round
Grillo2024c,fichamento_Grillo2024c.md,b2_hipoteses_testes,6,OK,,2,"This analysis assumes that, absent the information shock in 2017"
Grillo2024c,fichamento_Grillo2024c.md,b2_hipoteses_testes,6,OK,,2,The results are also robust to controlling for rain and maximal temperature
Grillo2024c,fichamento_Grillo2024c.md,b2_estimador,5,OK,,2,Our baseline estimation is therefore:
Grillo2024c,fichamento_Grillo2024c.md,b2_estimador,5,OK,,2,departments are weighted by the number of registered voters
Grillo2024c,fichamento_Grillo2024c.md,b2_estimando,5,OK,,2,would have followed the same trend as in the first round
Grillo2024c,fichamento_Grillo2024c.md,b2_nivel_atribuicao_cluster,5,OK,,2,Standard errors are clustered at the department level and departments are weighted
Grillo2024c,fichamento_Grillo2024c.md,b2_n_total,11,OK,,2,Observations 576
Grillo2024c,fichamento_Grillo2024c.md,b2_controles,11,OK,,2,Weather trends No
Grillo2024c,fichamento_Grillo2024c.md,b2_dp_y_tipo,15,OK,,2,Final voter turnout round 1 80.072 2.648
Grillo2024c,fichamento_Grillo2024c.md,b2_teste_falsificacao,1,OK,,2,"To validate our results, we compare the trends in turnout"
Grillo2024c,fichamento_Grillo2024c.md,b2_modelo_principal,6,OK,,2,Table 1 shows the results of our baseline analysis.
Grillo2024c,fichamento_Grillo2024c.md,b2_criterio_modelo_principal,6,OK,,2,Table 1 shows the results of our baseline analysis.
Grillo2024c,fichamento_Grillo2024c.md,b2_direcao_estimativa_principal,6,OK,,2,We observe a significant decrease in voter turnout
Grillo2024c,fichamento_Grillo2024c.md,b2_significancia_05,6,OK,,2,We observe a significant decrease in voter turnout
Grillo2024c,fichamento_Grillo2024c.md,b2_interpretacao_autores,9,OK,,2,estimate a reduction of 3.1-4.1 percentage points in turnout
Grillo2024c,fichamento_Grillo2024c.md,regiao,11,OK,,2,for all French mainland departments
Grillo2024c,fichamento_Grillo2024c.md,tipo_eleicao,3,OK,,2,a second round was held between the two top candidates
Grillo2024c,fichamento_Grillo2024c.md,sistema_eleitoral,3,OK,,2,none of the 11 candidates won an absolute majority
Grillo2024c,fichamento_Grillo2024c.md,voto_obrigatorio,1,OK,,2,will citizens still make the effort to vote?
Grillo2024c,fichamento_Grillo2024c.md,desenho_fino,1,OK,,2,exploiting the early release of exit polls by foreign media
Grillo2024c,fichamento_Grillo2024c.md,realismo_contexto,3,OK,,2,The 2017 French presidential elections took place on April 23
Grillo2024c,fichamento_Grillo2024c.md,ano_eleicao,3,OK,,2,The 2017 French presidential elections took place on April 23
Grillo2024c,fichamento_Grillo2024c.md,comparador_tipo,4,OK,,2,we use turnout rates at 12:00 as the pre-period
Grillo2024c,fichamento_Grillo2024c.md,nivel_desfecho,4,OK,,2,"Voter turnout is measured at 12:00, 17:00 and when polling stations closed"
Grillo2024c,fichamento_Grillo2024c.md,mecanismo_testado,8,OK,,2,voters with left-wing preferences could be more likely to opt for abstention
Grillo2024c,fichamento_Grillo2024c.md,moderadores_relatados,7,OK,,2,significantly greater decrease in participation for the departments close and very close
Grillo2024c,fichamento_Grillo2024c.md,moderadores_relatados,14,OK,,2,Closure X 2nd Round X Macron first
Grillo2024c,fichamento_Grillo2024c.md,n_competidores,3,OK,,2,a second round was held between the two top candidates
Grillo2024c,fichamento_Grillo2024c.md,dias_ate_eleicao,4,OK,,2,"mentioning that voting was still ongoing, RTBF reported already at around 16:00"
Grillo2024c,fichamento_Grillo2024c.md,ajuste_mediador,11,OK,,2,Weather trends No
Groer2010a,fichamento_Groer2010a.md,ano,0,OK,,2,This version: August 2007 (first version: May 2002)
Groer2010a,fichamento_Groer2010a.md,idioma,7,OK,,2,Earnings in the experiment were expressed in tokens.
Groer2010a,fichamento_Groer2010a.md,tipo_estudo,1,OK,,2,This paper uses game theory and laboratory experiments
Groer2010a,fichamento_Groer2010a.md,problema_pesquisa,0,OK,,2,We experimentally study the impact of public opinion poll releases
Groer2010a,fichamento_Groer2010a.md,unidade_analise,13,OK,,2,turnout behavior at the individual level
Groer2010a,fichamento_Groer2010a.md,populacao,7,OK,,2,288 undergraduate students were recruited in 12 sessions of 24 subjects
Groer2010a,fichamento_Groer2010a.md,fonte_dados,7,OK,,2,the 24 subjects were randomly divided into two electorates
Groer2010a,fichamento_Groer2010a.md,intervencao_descricao,8,OK,,2,levels of support were announced at the beginning of each round
Groer2010a,fichamento_Groer2010a.md,familia_intervencao,1,OK,,2,a poll provides perfectly accurate information about the level of support
Groer2010a,fichamento_Groer2010a.md,comparador,0,OK,,2,than when polls are prohibited
Groer2010a,fichamento_Groer2010a.md,construto_outcome,0,OK,,2,on voter turnout and welfare in a participation game
Groer2010a,fichamento_Groer2010a.md,outcome_medida,17,OK,,2,binary choice between voting (= 1) and abstaining (= 0)
Groer2010a,fichamento_Groer2010a.md,mecanismo_id,5,OK,,2,polls indicating lower levels of disagreement than anticipated yield stronger incentives
Groer2010a,fichamento_Groer2010a.md,mecanismo_tipo_evidencia,11,OK,,2,we can establish the predicted effects of poll releases
Groer2010a,fichamento_Groer2010a.md,mecanismo_descricao,5,OK,,2,incentive to abstain is increasing in the own group size
Groer2010a,fichamento_Groer2010a.md,moderador_id,19,OK,,2,turnout levels through polls is entirely due to floating voters
Groer2010a,fichamento_Groer2010a.md,moderador_descricao,15,OK,,2,polls increase turnout for intermediate group sizes and decrease turnout
Groer2010a,fichamento_Groer2010a.md,het_metodo,15,OK,,2,for each of our four treatments separately
Groer2010a,fichamento_Groer2010a.md,het_pre_especificada,3,OK,,2,Our model and data allow us to empirically investigate this
Groer2010a,fichamento_Groer2010a.md,efeitos_nao_intencionais,24,OK,,2,polls do yield severe welfare losses because turnout is much higher
Groer2010a,fichamento_Groer2010a.md,limitacoes_autores,25,OK,,2,we ignored the possibility that the information in polls
Groer2010a,fichamento_Groer2010a.md,b2_estrategia_identificacao,9,OK,,2,We have observations from 6 independent electorates per treatment.
Groer2010a,fichamento_Groer2010a.md,b2_hipoteses_testes,8,OK,,2,an equal chance of being chosen for either group
Groer2010a,fichamento_Groer2010a.md,b2_estimador,14,OK,,2,Wilcoxon-Mann-Whitney tests reject
Groer2010a,fichamento_Groer2010a.md,b2_estimador,14,OK,,2,the null hypothesis of no difference in average
Groer2010a,fichamento_Groer2010a.md,b2_estimando,9,OK,,2,We have observations from 6 independent electorates per treatment.
Groer2010a,fichamento_Groer2010a.md,b2_nivel_atribuicao_cluster,7,OK,,2,we treat the electorate as the only independent unit of observation
Groer2010a,fichamento_Groer2010a.md,b2_n_total,7,OK,,2,288 undergraduate students were recruited in 12 sessions of 24 subjects
Groer2010a,fichamento_Groer2010a.md,b2_controles,14,OK,,2,Wilcoxon-Mann-Whitney tests reject
Groer2010a,fichamento_Groer2010a.md,b2_dp_y_tipo,17,OK,,2,Absolute z-values are given in parentheses.
Groer2010a,fichamento_Groer2010a.md,b2_teste_falsificacao,17,OK,,2,"As expected, the levels of disagreement do not affect turnout in UF."
Groer2010a,fichamento_Groer2010a.md,b2_modelo_principal,14,OK,,2,Polls increase turnout levels by 22-28%
Groer2010a,fichamento_Groer2010a.md,b2_criterio_modelo_principal,0,OK,,2,We find higher turnout rates when polls inform the electorate
Groer2010a,fichamento_Groer2010a.md,b2_direcao_estimativa_principal,14,OK,,2,The increase in turnout is approximately 28% when all voters float
Groer2010a,fichamento_Groer2010a.md,b2_significancia_05,14,OK,,2,at the 5% significance level for the IF-UF comparison
Groer2010a,fichamento_Groer2010a.md,b2_significancia_05,14,OK,,2,at the 10% level for IM-UM
Groer2010a,fichamento_Groer2010a.md,b2_interpretacao_autores,24,OK,,2,turnout is higher after polls have been released
Groer2010a,fichamento_Groer2010a.md,tipo_eleicao,4,OK,,2,"there are two exogenous candidates, A and B"
Groer2010a,fichamento_Groer2010a.md,sistema_eleitoral,4,OK,,2,The candidate who receives more votes wins the election
Groer2010a,fichamento_Groer2010a.md,desenho_fino,9,OK,,2,each voter of the winning group received 4 tokens
Groer2010a,fichamento_Groer2010a.md,realismo_contexto,9,OK,,2,As the cost of turnout was 1 token
Groer2010a,fichamento_Groer2010a.md,comparador_tipo,8,OK,,2,sessions these were never released
Groer2010a,fichamento_Groer2010a.md,nivel_desfecho,13,OK,,2,Figure 2 shows turnout rates averaged over blocks of 20 rounds each.
Groer2010a,fichamento_Groer2010a.md,margem_mostrada,8,OK,,2,"33 rounds used the composition (6,6), 23 used (5,7), 22 used (7,5)"
Groer2010a,fichamento_Groer2010a.md,mecanismo_testado,18,OK,,2,"most strikingly, turnout increases in the level of disagreement"
Groer2010a,fichamento_Groer2010a.md,moderadores_relatados,19,OK,,2,but leave turnout by allied voters unaffected
Groer2010a,fichamento_Groer2010a.md,alvo_efeito,15,OK,,2,turnout is always lower in the minority than in the corresponding majority
Groer2010a,fichamento_Groer2010a.md,n_competidores,7,OK,,2,Each electorate consisted of two groups
Groer2010a,fichamento_Groer2010a.md,ajuste_mediador,15,OK,,2,"a time trend, and a set of lagged variables"
Kaplan2019a,fichamento_Kaplan2019a.md,titulo,0,OK,,1,Experimental Electionomics: How Election Forecasts Influence Voter Turnout
Kaplan2019a,fichamento_Kaplan2019a.md,idioma,1,OK,,1,We create forecasts as a way of reducing the uncertainty
Kaplan2019a,fichamento_Kaplan2019a.md,pais_estudo,19,OK,,1,Eligibility required that subjects were registered voters in the United States.
Kaplan2019a,fichamento_Kaplan2019a.md,tipo_estudo,20,OK,,1,Subjects are then randomly assigned to one of four experimental conditions.
Kaplan2019a,fichamento_Kaplan2019a.md,problema_pesquisa,4,OK,,1,I aim to determine if individuals use election forecasts as decision aids
Kaplan2019a,fichamento_Kaplan2019a.md,unidade_analise,19,OK,,1,Eligible subjects completed a survey regarding a hypothetical presidential election.
Kaplan2019a,fichamento_Kaplan2019a.md,populacao,19,OK,,1,Eligibility required that subjects were registered voters in the United States.
Kaplan2019a,fichamento_Kaplan2019a.md,populacao,24,OK,,1,Participants (N = 186) came from Amazon’s Mechanical Turk (MTurk).
Kaplan2019a,fichamento_Kaplan2019a.md,fonte_dados,1,OK,,1,a survey was created and distributed to 186 subjects
Kaplan2019a,fichamento_Kaplan2019a.md,intervencao_descricao,22,OK,,1,they’re shown only one of the four election forecasts
Kaplan2019a,fichamento_Kaplan2019a.md,intervencao_descricao,20,OK,,1,they’re told that it’s Election Day 2028
Kaplan2019a,fichamento_Kaplan2019a.md,familia_intervencao,28,OK,,1,the following forecast showing the chance each candidate has to win
Kaplan2019a,fichamento_Kaplan2019a.md,comparador,21,OK,,1,The first condition is one where their preferred candidate is the frontrunner
Kaplan2019a,fichamento_Kaplan2019a.md,comparador,21,OK,,1,The second condition is one where their preferred candidate is the underdog
Kaplan2019a,fichamento_Kaplan2019a.md,construto_outcome,22,OK,,1,would you make time to go to the polls to vote
Kaplan2019a,fichamento_Kaplan2019a.md,outcome_medida,24,OK,,1,14.5% of subjects changed their initial turnout decision after being exposed
Kaplan2019a,fichamento_Kaplan2019a.md,mecanismo_id,13,OK,,1,I posit that when a particular candidate is forecasted to win
Kaplan2019a,fichamento_Kaplan2019a.md,mecanismo_tipo_evidencia,9,OK,,1,the perception of the probability of a pivotal vote plays a role
Kaplan2019a,fichamento_Kaplan2019a.md,mecanismo_descricao,13,OK,,1,an individual’s perception of the probability of their vote being pivotal
Kaplan2019a,fichamento_Kaplan2019a.md,moderador_id,29,OK,,1,demographic trends among individuals of turnout decision switching were compared
Kaplan2019a,fichamento_Kaplan2019a.md,moderador_descricao,29,OK,,1,"including age, gender, and party affiliation, there was no statistically significant relationship"
Kaplan2019a,fichamento_Kaplan2019a.md,moderador_descricao,29,OK,,1,switched their turnout decision only 10.3% of the time
Kaplan2019a,fichamento_Kaplan2019a.md,het_metodo,29,OK,,1,demographic trends among individuals of turnout decision switching were compared
Kaplan2019a,fichamento_Kaplan2019a.md,het_pre_especificada,19,OK,,1,purpose of collecting this data is to understand whether or not any
Kaplan2019a,fichamento_Kaplan2019a.md,het_pre_especificada,18,OK,,1,"In close races, I expect that frontrunner and underdog turnout will"
Kaplan2019a,fichamento_Kaplan2019a.md,equidade_progress_plus,29,OK,,1,"including age, gender, and party affiliation, there was no statistically significant relationship"
Kaplan2019a,fichamento_Kaplan2019a.md,efeitos_nao_intencionais,24,OK,,1,13% opted not to vote for them after being exposed
Kaplan2019a,fichamento_Kaplan2019a.md,efeitos_nao_intencionais,30,OK,,1,only six switched their turnout decision from
Kaplan2019a,fichamento_Kaplan2019a.md,limitacoes_autores,34,OK,,1,"The sample size of the study was small, especially when considering the"
Kaplan2019a,fichamento_Kaplan2019a.md,limitacoes_autores,35,OK,,1,the forecasts that were shown to participants were not
Kaplan2019a,fichamento_Kaplan2019a.md,b2_estrategia_identificacao,20,OK,,1,Subjects are then randomly assigned to one of four experimental conditions.
Kaplan2019a,fichamento_Kaplan2019a.md,b2_hipoteses_testes,20,OK,,1,The platforms are randomly assigned to one of the two candidates
Kaplan2019a,fichamento_Kaplan2019a.md,b2_hipoteses_testes,20,OK,,1,a way to determine whether or not subjects were honest
Kaplan2019a,fichamento_Kaplan2019a.md,b2_estimador,29,OK,,1,there was a statistically significant relationship (p = .0273
Kaplan2019a,fichamento_Kaplan2019a.md,b2_estimando,20,OK,,1,Subjects are then randomly assigned to one of four experimental conditions.
Kaplan2019a,fichamento_Kaplan2019a.md,b2_nivel_atribuicao_cluster,20,OK,,1,Subjects are then randomly assigned to one of four experimental conditions.
Kaplan2019a,fichamento_Kaplan2019a.md,b2_n_total,24,OK,,1,Participants (N = 186) came from Amazon’s Mechanical Turk (MTurk).
Kaplan2019a,fichamento_Kaplan2019a.md,b2_controles,24,OK,,1,14.5% of subjects changed their initial turnout decision after being exposed
Kaplan2019a,fichamento_Kaplan2019a.md,b2_modelo_principal,1,OK,,1,decision to turn out switched 14% of the time after being shown
Kaplan2019a,fichamento_Kaplan2019a.md,b2_criterio_modelo_principal,1,OK,,1,decision to turn out switched 14% of the time after being shown
Kaplan2019a,fichamento_Kaplan2019a.md,b2_direcao_estimativa_principal,24,OK,,1,13% opted not to vote for them after being exposed
Kaplan2019a,fichamento_Kaplan2019a.md,b2_direcao_estimativa_principal,30,OK,,1,only six switched their turnout decision from
Kaplan2019a,fichamento_Kaplan2019a.md,b2_significancia_05,27,OK,,1,a statistically significant number of subjects decided to change their decision
Kaplan2019a,fichamento_Kaplan2019a.md,b2_interpretacao_autores,27,OK,,1,election forecasts do have an impact on voter turnout
Kaplan2019a,fichamento_Kaplan2019a.md,b2_interpretacao_autores,38,OK,,1,this effect doesn’t appear to be associated with forecasted race closeness
Kaplan2019a,fichamento_Kaplan2019a.md,regiao,19,OK,,1,Eligibility required that subjects were registered voters in the United States.
Kaplan2019a,fichamento_Kaplan2019a.md,tipo_eleicao,20,OK,,1,"Subjects are introduced to two candidates, Dan Jennings and Jim Dwyer."
Kaplan2019a,fichamento_Kaplan2019a.md,sistema_eleitoral,35,OK,,1,"a hypothetical presidential election scenario was used, with two imaginary candidates"
Kaplan2019a,fichamento_Kaplan2019a.md,desenho_fino,19,OK,,1,Eligible subjects completed a survey regarding a hypothetical presidential election.
Kaplan2019a,fichamento_Kaplan2019a.md,desenho_fino,20,OK,,1,Subjects are then randomly assigned to one of four experimental conditions.
Kaplan2019a,fichamento_Kaplan2019a.md,realismo_contexto,35,OK,,1,"a hypothetical presidential election scenario was used, with two imaginary candidates"
Kaplan2019a,fichamento_Kaplan2019a.md,comparador_tipo,21,OK,,1,The first condition is one where their preferred candidate is the frontrunner
Kaplan2019a,fichamento_Kaplan2019a.md,comparador_tipo,21,OK,,1,The second condition is one where their preferred candidate is the underdog
Kaplan2019a,fichamento_Kaplan2019a.md,nivel_desfecho,22,OK,,1,would you make time to go to the polls to vote
Kaplan2019a,fichamento_Kaplan2019a.md,margem_mostrada,15,OK,,1,forecasted chance of winning is less than 20% (a 60-40 split)
Kaplan2019a,fichamento_Kaplan2019a.md,margem_mostrada,15,OK,,1,greater than 50% (an 75-25 split)
Kaplan2019a,fichamento_Kaplan2019a.md,margem_mostrada,35,OK,,1,as opposed to a 20.6% chance
Kaplan2019a,fichamento_Kaplan2019a.md,mecanismo_testado,17,OK,,1,Potential result 2: Bandwagoning (frontrunner turnout increases)
Kaplan2019a,fichamento_Kaplan2019a.md,mecanismo_testado,27,OK,,1,the type of race forecasted doesn’t appear to have any
Kaplan2019a,fichamento_Kaplan2019a.md,moderadores_relatados,29,OK,,1,"including age, gender, and party affiliation, there was no statistically significant relationship"
Kaplan2019a,fichamento_Kaplan2019a.md,moderadores_relatados,29,OK,,1,switched their turnout decision only 10.3% of the time
Kaplan2019a,fichamento_Kaplan2019a.md,alvo_efeito,21,OK,,1,The first condition is one where their preferred candidate is the frontrunner
Kaplan2019a,fichamento_Kaplan2019a.md,alvo_efeito,21,OK,,1,The second condition is one where their preferred candidate is the underdog
Kaplan2019a,fichamento_Kaplan2019a.md,n_competidores,20,OK,,1,"Subjects are introduced to two candidates, Dan Jennings and Jim Dwyer."
Kaplan2019a,fichamento_Kaplan2019a.md,ajuste_mediador,24,OK,,1,14.5% of subjects changed their initial turnout decision after being exposed
Klor2017a,fichamento_Klor2017a.md,titulo,1,OK,,0,On Public Opinion Polls and Voters’Turnout
Klor2017a,fichamento_Klor2017a.md,ano,1,OK,,0,September 2006
Klor2017a,fichamento_Klor2017a.md,idioma,2,OK,,0,This paper studies the e¤ects that the revelation of information
Klor2017a,fichamento_Klor2017a.md,pais_estudo,12,OK,,0,The hourly minimum wage in Israel is slightly below NIS 20.
Klor2017a,fichamento_Klor2017a.md,pais_estudo,23,OK,,0,"pre-election polls on gubernatorial races in the U.S., between 1990 and 2005"
Klor2017a,fichamento_Klor2017a.md,tipo_estudo,12,OK,,0,equal probability rule randomly assigned each subject to one of two teams
Klor2017a,fichamento_Klor2017a.md,tipo_estudo,17,OK,,0,using a random e¤ects probit estimation
Klor2017a,fichamento_Klor2017a.md,problema_pesquisa,3,OK,,0,This paper analyses experimentally and empirically the impact that the provision
Klor2017a,fichamento_Klor2017a.md,unidade_analise,14,OK,,0,the unit of observation is the subject
Klor2017a,fichamento_Klor2017a.md,populacao,11,OK,,0,The 84 subjects in this experiment
Klor2017a,fichamento_Klor2017a.md,populacao,24,OK,,0,143 gubernatorial elections in 47 states
Klor2017a,fichamento_Klor2017a.md,periodo_dados,23,OK,,0,"pre-election polls on gubernatorial races in the U.S., between 1990 and 2005"
Klor2017a,fichamento_Klor2017a.md,fonte_dados,11,OK,,0,The experiment was run at the RatioLab
Klor2017a,fichamento_Klor2017a.md,fonte_dados,47,OK,,0,"Polls' data obtained from Mason-Dixon Polling and Research, Inc."
Klor2017a,fichamento_Klor2017a.md,intervencao_descricao,13,OK,,0,In this stage subjects are told the electorate’s distribution of preferences
Klor2017a,fichamento_Klor2017a.md,intervencao_descricao,23,OK,,0,were published by newspaper media within
Klor2017a,fichamento_Klor2017a.md,familia_intervencao,23,OK,,0,"pre-election polls on gubernatorial races in the U.S., between 1990 and 2005"
Klor2017a,fichamento_Klor2017a.md,familia_intervencao,29,OK,,0,polls have a bandwagon e¤ect whereby the frontrunner
Klor2017a,fichamento_Klor2017a.md,comparador,13,OK,,0,each subject knows only her preferred color
Klor2017a,fichamento_Klor2017a.md,comparador,25,OK,,0,according to the polls was less than 10 percentage points
Klor2017a,fichamento_Klor2017a.md,construto_outcome,14,OK,,0,Figure 1 depicts the average turnout rate before the provision of information
Klor2017a,fichamento_Klor2017a.md,construto_outcome,29,OK,,0,alternative increases its relative support in the elections
Klor2017a,fichamento_Klor2017a.md,outcome_medida,12,OK,,0,Voting entails a cost of 4 tokens
Klor2017a,fichamento_Klor2017a.md,outcome_medida,24,OK,,0,the di¤erence in the vote share of the leading and trailing parties
Klor2017a,fichamento_Klor2017a.md,mecanismo_id,4,OK,,0,driven by the subjects’(incorrect) beliefs of casting a pivotal vote
Klor2017a,fichamento_Klor2017a.md,mecanismo_tipo_evidencia,22,OK,,0,To test this hypothesis we estimate
Klor2017a,fichamento_Klor2017a.md,mecanismo_tipo_evidencia,22,OK,,0,subjects’ beliefs explain their behavior only when the distribution of preferences
Klor2017a,fichamento_Klor2017a.md,mecanismo_descricao,2,OK,,0,subjects overestimate the probability of casting a pivotal vote
Klor2017a,fichamento_Klor2017a.md,mecanismo_descricao,29,OK,,0,subjects’beliefs don’t explain their actions in electorates
Klor2017a,fichamento_Klor2017a.md,moderador_id,4,OK,,0,in closely divided electorates (and only for these electorates)
Klor2017a,fichamento_Klor2017a.md,moderador_descricao,18,OK,,0,the provision of information doesn’t a¤ect the participation
Klor2017a,fichamento_Klor2017a.md,moderador_descricao,16,OK,,0,lowers the turnout of subjects supporting the large team
Klor2017a,fichamento_Klor2017a.md,het_metodo,17,OK,,0,separately for each di¤erent distribution
Klor2017a,fichamento_Klor2017a.md,het_metodo,18,OK,,0,the interaction between majority and number of rounds
Klor2017a,fichamento_Klor2017a.md,het_pre_especificada,11,OK,,0,in the minority vote with higher probability than individuals in the majority
Klor2017a,fichamento_Klor2017a.md,het_pre_especificada,5,OK,,0,granting us the possibility to di¤erentiate between distributions
Klor2017a,fichamento_Klor2017a.md,efeitos_nao_intencionais,16,OK,,0,lowers the turnout of subjects supporting the large team
Klor2017a,fichamento_Klor2017a.md,efeitos_nao_intencionais,16,OK,,0,we see an important decrease in the participation of subjects after learning
Klor2017a,fichamento_Klor2017a.md,limitacoes_autores,26,OK,,0,is correlational in nature – it can’t by itself establish causality
Klor2017a,fichamento_Klor2017a.md,limitacoes_autores,30,OK,,0,"Clearly, much work remains to be done"
Klor2017a,fichamento_Klor2017a.md,b2_estrategia_identificacao,12,OK,,0,equal probability rule randomly assigned each subject to one of two teams
Klor2017a,fichamento_Klor2017a.md,b2_estrategia_identificacao,12,OK,,0,we randomly divided 21 subjects into three electorates of seven participants each
Klor2017a,fichamento_Klor2017a.md,b2_hipoteses_testes,6,OK,,0,we use a random and anonymous reassignment procedure
Klor2017a,fichamento_Klor2017a.md,b2_hipoteses_testes,22,OK,,0,Our results don’t change if we use either survey
Klor2017a,fichamento_Klor2017a.md,b2_estimador,17,OK,,0,using a random e¤ects probit estimation
Klor2017a,fichamento_Klor2017a.md,b2_estimando,12,OK,,0,equal probability rule randomly assigned each subject to one of two teams
Klor2017a,fichamento_Klor2017a.md,b2_nivel_atribuicao_cluster,12,OK,,0,we randomly divided 21 subjects into three electorates of seven participants each
Klor2017a,fichamento_Klor2017a.md,b2_nivel_atribuicao_cluster,14,OK,,0,adopting a random e¤ects speci…cation with the subject as the random factor
Klor2017a,fichamento_Klor2017a.md,b2_n_total,46,OK,,0,Observations 854 378 203
Klor2017a,fichamento_Klor2017a.md,b2_n_total,46,OK,,0,Number of Subjects 84 84 72
Klor2017a,fichamento_Klor2017a.md,b2_controles,17,OK,,0,whether or not the subject belongs to the large team
Klor2017a,fichamento_Klor2017a.md,b2_controles,17,OK,,0,We also include in the analysis a time trend
Klor2017a,fichamento_Klor2017a.md,b2_modelo_principal,18,OK,,0,The table quanti…es the most striking of our results
Klor2017a,fichamento_Klor2017a.md,b2_modelo_principal,14,OK,,0,Figure 1 depicts the average turnout rate before the provision of information
Klor2017a,fichamento_Klor2017a.md,b2_criterio_modelo_principal,18,OK,,0,The table quanti…es the most striking of our results
Klor2017a,fichamento_Klor2017a.md,b2_criterio_modelo_principal,14,OK,,0,Figure 1 depicts the average turnout rate before the provision of information
Klor2017a,fichamento_Klor2017a.md,b2_direcao_estimativa_principal,18,OK,,0,"teams of three versus four subjects is positive, large in value"
Klor2017a,fichamento_Klor2017a.md,b2_direcao_estimativa_principal,14,OK,,0,closeness in the division of preferences induces a signi…cant increase in turnout
Klor2017a,fichamento_Klor2017a.md,b2_significancia_05,18,OK,,0,large in value relative to the other coe¢ cients and statistically signi…cant
Klor2017a,fichamento_Klor2017a.md,b2_significancia_05,14,OK,,0,the di¤erence between the two is statistically signi…cant
Klor2017a,fichamento_Klor2017a.md,b2_interpretacao_autores,29,OK,,0,polls have a bandwagon e¤ect whereby the frontrunner
Klor2017a,fichamento_Klor2017a.md,b2_interpretacao_autores,29,OK,,0,alternative increases its relative support in the elections
Klor2017a,fichamento_Klor2017a.md,regiao,12,OK,,0,The hourly minimum wage in Israel is slightly below NIS 20.
Klor2017a,fichamento_Klor2017a.md,regiao,24,OK,,0,143 gubernatorial elections in 47 states
Klor2017a,fichamento_Klor2017a.md,tipo_eleicao,12,OK,,0,randomly assigned each subject to one of two teams: Green or Blue
Klor2017a,fichamento_Klor2017a.md,sistema_eleitoral,8,OK,,0,The alternative is chosen via simple plurality rule
Klor2017a,fichamento_Klor2017a.md,desenho_fino,12,OK,,0,randomly assigned each subject to one of two teams: Green or Blue
Klor2017a,fichamento_Klor2017a.md,desenho_fino,12,OK,,0,Voting entails a cost of 4 tokens
Klor2017a,fichamento_Klor2017a.md,realismo_contexto,12,OK,,0,A subject earns 10 tokens if the team she prefers is selected
Klor2017a,fichamento_Klor2017a.md,ano_eleicao,23,OK,,0,"pre-election polls on gubernatorial races in the U.S., between 1990 and 2005"
Klor2017a,fichamento_Klor2017a.md,comparador_tipo,13,OK,,0,each subject knows only her preferred color
Klor2017a,fichamento_Klor2017a.md,nivel_desfecho,12,OK,,0,Voting entails a cost of 4 tokens
Klor2017a,fichamento_Klor2017a.md,nivel_desfecho,12,OK,,0,decide whether to vote or abstain in each stage
Klor2017a,fichamento_Klor2017a.md,margem_mostrada,15,OK,,0,when the division of teams is …ve versus two
Klor2017a,fichamento_Klor2017a.md,margem_mostrada,25,OK,,0,according to the polls was less than 10 percentage points
Klor2017a,fichamento_Klor2017a.md,mecanismo_testado,4,OK,,0,driven by the subjects’(incorrect) beliefs of casting a pivotal vote
Klor2017a,fichamento_Klor2017a.md,moderadores_relatados,4,OK,,0,in closely divided electorates (and only for these electorates)
Klor2017a,fichamento_Klor2017a.md,moderadores_relatados,17,OK,,0,whether or not the subject belongs to the large team
Klor2017a,fichamento_Klor2017a.md,alvo_efeito,2,OK,,0,raises the participation of subjects supporting the slightly larger team
Klor2017a,fichamento_Klor2017a.md,n_competidores,8,OK,,0,Individuals have to decide between two alternatives
Klor2017a,fichamento_Klor2017a.md,ajuste_mediador,22,OK,,0,The estimated coe¢ cients appear on Column (2) of Table 2.
Lago2015,fichamento_Lago2015.md,titulo,1,OK,,0,REGULATING DISINFORMATION:
Lago2015,fichamento_Lago2015.md,titulo,1,OK,,0,POLL EMBARGO AND ELECTORAL COORDINATION
Lago2015,fichamento_Lago2015.md,tipo_publicacao,4,OK,,0,This article examines the political consequences of pre-Election Day poll
Lago2015,fichamento_Lago2015.md,idioma,4,OK,,0,"Key Words: Coordination, Elections, Embargo, Polls, Wasted Votes."
Lago2015,fichamento_Lago2015.md,pais_estudo,25,OK,,0,aggregated data for 46 democracies and individual data for Spain and Canada
Lago2015,fichamento_Lago2015.md,pais_estudo,39,OK,,0,Table A1. Elections Included in the Analysis
Lago2015,fichamento_Lago2015.md,tipo_estudo,14,OK,,0,Estimation is by OLS with robust standard errors
Lago2015,fichamento_Lago2015.md,tipo_estudo,12,OK,,0,The dependent variable is the percentage of wasted votes
Lago2015,fichamento_Lago2015.md,problema_pesquisa,4,OK,,0,This article examines the political consequences of pre-Election Day poll
Lago2015,fichamento_Lago2015.md,unidade_analise,11,OK,,0,amount of wasted votes measured at the national level
Lago2015,fichamento_Lago2015.md,populacao,11,OK,,0,coordination in the last Lower-House election held in a sample of 46
Lago2015,fichamento_Lago2015.md,populacao,11,OK,,0,There have been two criteria for selecting countries and elections
Lago2015,fichamento_Lago2015.md,periodo_dados,39,OK,,0,Table A1. Elections Included in the Analysis
Lago2015,fichamento_Lago2015.md,periodo_dados,17,OK,,0,"The Quebec election was held on September 4, 2012"
Lago2015,fichamento_Lago2015.md,fonte_dados,12,OK,,0,We have several sources for the electoral results: the European Election
Lago2015,fichamento_Lago2015.md,fonte_dados,17,OK,,0,we rely on Internet panel surveys conducted by the
Lago2015,fichamento_Lago2015.md,intervencao_descricao,13,OK,,0,Pre-Election Day poll restriction has been operationalized as the Number
Lago2015,fichamento_Lago2015.md,intervencao_descricao,13,OK,,0,blackout period on the publication of polls
Lago2015,fichamento_Lago2015.md,familia_intervencao,5,OK,,0,existence of a blackout period for pre-election opinion polls
Lago2015,fichamento_Lago2015.md,comparador,13,OK,,0,The value 0 means that there is no
Lago2015,fichamento_Lago2015.md,comparador,13,OK,,0,blackout period on the publication of polls
Lago2015,fichamento_Lago2015.md,construto_outcome,12,OK,,0,The dependent variable is the percentage of wasted votes
Lago2015,fichamento_Lago2015.md,construto_outcome,12,OK,,0,that did not obtain parliamentary representation
Lago2015,fichamento_Lago2015.md,outcome_medida,12,OK,,0,The dependent variable is the percentage of wasted votes
Lago2015,fichamento_Lago2015.md,outcome_medida,12,OK,,0,at the national level in the last
Lago2015,fichamento_Lago2015.md,mecanismo_id,5,OK,,0,deliberately generates informational failures which lead to coordination failures
Lago2015,fichamento_Lago2015.md,mecanismo_tipo_evidencia,16,OK,,0,individual-level evidence supporting the informational failure
Lago2015,fichamento_Lago2015.md,mecanismo_descricao,5,OK,,0,"polls are absent, information about which parties or candidates are ahead"
Lago2015,fichamento_Lago2015.md,mecanismo_descricao,5,OK,,0,"If coordination fails, vote dispersion across competitors will increase"
Lago2015,fichamento_Lago2015.md,moderador_id,15,OK,,0,the interaction between ENEP and the Number of Days of
Lago2015,fichamento_Lago2015.md,moderador_descricao,15,OK,,0,poll restriction increases the amount of wasted votes in complex
Lago2015,fichamento_Lago2015.md,moderador_descricao,24,OK,,0,the poll embargo makes a difference for
Lago2015,fichamento_Lago2015.md,het_metodo,15,OK,,0,the interaction between ENEP and the Number of Days of
Lago2015,fichamento_Lago2015.md,het_metodo,24,OK,,0,Individuals are divided into two groups
Lago2015,fichamento_Lago2015.md,het_pre_especificada,9,OK,,0,embargo prior to Election Day in PR or multiparty systems
Lago2015,fichamento_Lago2015.md,het_pre_especificada,15,OK,,0,"our hypothesis, poll restriction increases the amount of wasted votes in complex"
Lago2015,fichamento_Lago2015.md,equidade_progress_plus,21,OK,,0,we have incorporated the following variables into
Lago2015,fichamento_Lago2015.md,equidade_progress_plus,24,OK,,0,"increase the information gap and therefore, the political influence"
Lago2015,fichamento_Lago2015.md,efeitos_nao_intencionais,5,OK,,0,"If coordination fails, vote dispersion across competitors will increase"
Lago2015,fichamento_Lago2015.md,efeitos_nao_intencionais,24,OK,,0,"increase the information gap and therefore, the political influence"
Lago2015,fichamento_Lago2015.md,limitacoes_autores,11,OK,,0,panel data collected during the election campaign is very problematic
Lago2015,fichamento_Lago2015.md,limitacoes_autores,22,OK,,0,there is no similar question in the MEDW survey
Lago2015,fichamento_Lago2015.md,b2_estrategia_identificacao,14,OK,,0,Estimation is by OLS with robust standard errors
Lago2015,fichamento_Lago2015.md,b2_estrategia_identificacao,13,OK,,0,We control for three standard variables affecting the amount of wasted votes
Lago2015,fichamento_Lago2015.md,b2_hipoteses_testes,14,OK,,0,Diagnostic tests indicate that there are no outliers or influential observations
Lago2015,fichamento_Lago2015.md,b2_hipoteses_testes,25,OK,,0,Election Day within countries are natural experiments that should be examined
Lago2015,fichamento_Lago2015.md,b2_estimador,14,OK,,0,Estimation is by OLS with robust standard errors
Lago2015,fichamento_Lago2015.md,b2_estimando,14,OK,,0,Estimation is by OLS with robust standard errors
Lago2015,fichamento_Lago2015.md,b2_estimando,13,OK,,0,We control for three standard variables affecting the amount of wasted votes
Lago2015,fichamento_Lago2015.md,b2_nivel_atribuicao_cluster,13,OK,,0,Pre-Election Day poll restriction has been operationalized as the Number
Lago2015,fichamento_Lago2015.md,b2_nivel_atribuicao_cluster,14,OK,,0,Estimation is by OLS with robust standard errors
Lago2015,fichamento_Lago2015.md,b2_n_total,14,OK,,0,wasted votes in our sample of 46 countries
Lago2015,fichamento_Lago2015.md,b2_controles,13,OK,,0,We control for three standard variables affecting the amount of wasted votes
Lago2015,fichamento_Lago2015.md,b2_controles,14,OK,,0,an additive model in which all variables are included
Lago2015,fichamento_Lago2015.md,b2_dp_y_tipo,14,OK,,0,The descriptive statistics are displayed in Table 1
Lago2015,fichamento_Lago2015.md,b2_dp_y_tipo,33,OK,,0,Table 1. Summary Statistics
Lago2015,fichamento_Lago2015.md,b2_teste_falsificacao,14,OK,,0,Diagnostic tests indicate that there are no outliers or influential observations
Lago2015,fichamento_Lago2015.md,b2_modelo_principal,15,OK,,0,again on the results of Model 3 in Table 2
Lago2015,fichamento_Lago2015.md,b2_modelo_principal,15,OK,,0,all the remaining variables in Model 3 from Table 2
Lago2015,fichamento_Lago2015.md,b2_criterio_modelo_principal,15,OK,,0,again on the results of Model 3 in Table 2
Lago2015,fichamento_Lago2015.md,b2_direcao_estimativa_principal,15,OK,,0,poll restriction increases the amount of wasted votes in complex
Lago2015,fichamento_Lago2015.md,b2_significancia_05,15,OK,,0,is positive and statistically significant at the 0.01 level
Lago2015,fichamento_Lago2015.md,b2_interpretacao_autores,25,OK,,0,the prohibition of pre-election polls deliberately generates an information
Lago2015,fichamento_Lago2015.md,regiao,25,OK,,0,aggregated data for 46 democracies and individual data for Spain and Canada
Lago2015,fichamento_Lago2015.md,regiao,39,OK,,0,Table A1. Elections Included in the Analysis
Lago2015,fichamento_Lago2015.md,tipo_eleicao,11,OK,,0,coordination in the last Lower-House election held in a sample of 46
Lago2015,fichamento_Lago2015.md,sistema_eleitoral,12,OK,,0,In mixed-member electoral systems parties are considered to obtain parliamentary representation
Lago2015,fichamento_Lago2015.md,sistema_eleitoral,12,OK,,0,In run-off systems we focus on the second round
Lago2015,fichamento_Lago2015.md,desenho_fino,6,OK,,0,Relying on aggregated data from the most recent Lower House elections
Lago2015,fichamento_Lago2015.md,realismo_contexto,11,OK,,0,coordination in the last Lower-House election held in a sample of 46
Lago2015,fichamento_Lago2015.md,ano_eleicao,39,OK,,0,Table A1. Elections Included in the Analysis
Lago2015,fichamento_Lago2015.md,comparador_tipo,13,OK,,0,The value 0 means that there is no
Lago2015,fichamento_Lago2015.md,comparador_tipo,13,OK,,0,blackout period on the publication of polls
Lago2015,fichamento_Lago2015.md,nivel_desfecho,12,OK,,0,The dependent variable is the percentage of wasted votes
Lago2015,fichamento_Lago2015.md,nivel_desfecho,12,OK,,0,at the national level in the last
Lago2015,fichamento_Lago2015.md,mecanismo_testado,16,OK,,0,individual-level evidence supporting the informational failure
Lago2015,fichamento_Lago2015.md,mecanismo_testado,11,OK,,0,The proxy for the coordination failure will be the
Lago2015,fichamento_Lago2015.md,moderadores_relatados,15,OK,,0,the interaction between ENEP and the Number of Days of
Lago2015,fichamento_Lago2015.md,moderadores_relatados,24,OK,,0,the politically less informed voters
Lago2015,fichamento_Lago2015.md,alvo_efeito,5,OK,,0,including those parties not seriously in the running for seats
Lago2015,fichamento_Lago2015.md,alvo_efeito,12,OK,,0,that did not obtain parliamentary representation
Lago2015,fichamento_Lago2015.md,ajuste_mediador,13,OK,,0,We control for three standard variables affecting the amount of wasted votes
Lammers2022a,fichamento_Lammers2022a.md,titulo,676,OK,,-675,Disentangling the Factors Behind Shifting Voting Intentions
Lammers2022a,fichamento_Lammers2022a.md,ano,676,OK,,-675,Published (VoR): 2022-11-30
Lammers2022a,fichamento_Lammers2022a.md,tipo_publicacao,676,OK,,-675,Original Research Reports
Lammers2022a,fichamento_Lammers2022a.md,idioma,676,OK,,-675,abundantly available polls inform voters what parties lead
Lammers2022a,fichamento_Lammers2022a.md,pais_estudo,680,OK,,-675,"In return for about 4 Euros, 1,022 adult Polish participants took part"
Lammers2022a,fichamento_Lammers2022a.md,pais_estudo,684,OK,,-675,Study 2a was conducted in the USA
Lammers2022a,fichamento_Lammers2022a.md,pais_estudo,684,OK,,-675,200 Prolific Academic users from the EU or UK
Lammers2022a,fichamento_Lammers2022a.md,tipo_estudo,684,OK,,-675,Participants were randomly assigned to one of four cells
Lammers2022a,fichamento_Lammers2022a.md,problema_pesquisa,676,OK,,-675,test the psychological causes of both effects
Lammers2022a,fichamento_Lammers2022a.md,unidade_analise,684,OK,,-675,Participants in Study 2a were 202 American Amazon Mechanical Turk users
Lammers2022a,fichamento_Lammers2022a.md,populacao,680,OK,,-675,"In return for about 4 Euros, 1,022 adult Polish participants took part"
Lammers2022a,fichamento_Lammers2022a.md,populacao,684,OK,,-675,Participants in Study 2a were 202 American Amazon Mechanical Turk users
Lammers2022a,fichamento_Lammers2022a.md,populacao,684,OK,,-675,200 Prolific Academic users from the EU or UK
Lammers2022a,fichamento_Lammers2022a.md,periodo_dados,680,OK,,-675,one month before the 2019 Polish parliamentary elections
Lammers2022a,fichamento_Lammers2022a.md,periodo_dados,681,OK,,-675,one or two days after the elections
Lammers2022a,fichamento_Lammers2022a.md,fonte_dados,680,OK,,-675,"In return for about 4 Euros, 1,022 adult Polish participants took part"
Lammers2022a,fichamento_Lammers2022a.md,fonte_dados,684,OK,,-675,Participants were randomly assigned to one of four cells
Lammers2022a,fichamento_Lammers2022a.md,intervencao_descricao,684,OK,,-675,a simulated upcoming election for a new board member
Lammers2022a,fichamento_Lammers2022a.md,intervencao_descricao,684,OK,,-675,90% of the other voters were also planning to support
Lammers2022a,fichamento_Lammers2022a.md,intervencao_descricao,684,OK,,-675,in the trailing position condition they read that only 10%
Lammers2022a,fichamento_Lammers2022a.md,familia_intervencao,684,OK,,-675,90% of the other voters were also planning to support
Lammers2022a,fichamento_Lammers2022a.md,comparador,684,OK,,-675,in the trailing position condition they read that only 10%
Lammers2022a,fichamento_Lammers2022a.md,comparador,682,OK,,-675,We split the sample according to initial voting preference
Lammers2022a,fichamento_Lammers2022a.md,construto_outcome,684,OK,,-675,they would stick with their candidate or switch to the other candidate
Lammers2022a,fichamento_Lammers2022a.md,construto_outcome,686,OK,,-675,The research design of our studies only allowed testing the likelihood
Lammers2022a,fichamento_Lammers2022a.md,outcome_medida,684,OK,,-675,Participants then indicated on two items the likelihood
Lammers2022a,fichamento_Lammers2022a.md,outcome_medida,684,OK,,-675,which after recoding we combined into one index
Lammers2022a,fichamento_Lammers2022a.md,outcome_medida,681,OK,,-675,by picking one of the nine parties registered to take part
Lammers2022a,fichamento_Lammers2022a.md,mecanismo_id,676,OK,,-675,Results suggest that the bandwagon effect reflects a lack of political expertise
Lammers2022a,fichamento_Lammers2022a.md,mecanismo_tipo_evidencia,677,OK,,-675,we wanted to test the causal effect of these variables
Lammers2022a,fichamento_Lammers2022a.md,mecanismo_descricao,684,OK,,-675,"the heuristic processing condition, participants read that they had forgotten"
Lammers2022a,fichamento_Lammers2022a.md,mecanismo_descricao,684,OK,,-675,while in the distributive equality condition they read that they had reached
Lammers2022a,fichamento_Lammers2022a.md,moderador_id,685,OK,,-675,showed the predicted interaction-effect
Lammers2022a,fichamento_Lammers2022a.md,moderador_descricao,685,OK,,-675,more likely to switch to the leading candidate (show a bandwagon effect)
Lammers2022a,fichamento_Lammers2022a.md,moderador_descricao,682,OK,,-675,"political expertise, initial voting preference, and their interaction"
Lammers2022a,fichamento_Lammers2022a.md,moderador_descricao,681,OK,,-675,age negatively predicted the underdog effect
Lammers2022a,fichamento_Lammers2022a.md,het_metodo,685,OK,,-675,showed the predicted interaction-effect
Lammers2022a,fichamento_Lammers2022a.md,het_metodo,682,OK,,-675,We split the sample according to initial voting preference
Lammers2022a,fichamento_Lammers2022a.md,het_pre_especificada,684,OK,,-675,We preregistered the studies (see Supplementary Materials)
Lammers2022a,fichamento_Lammers2022a.md,het_pre_especificada,685,OK,,-675,showed the predicted interaction-effect
Lammers2022a,fichamento_Lammers2022a.md,equidade_progress_plus,681,OK,,-675,age negatively predicted the underdog effect
Lammers2022a,fichamento_Lammers2022a.md,efeitos_nao_intencionais,686,OK,,-675,The research design of our studies only allowed testing the likelihood
Lammers2022a,fichamento_Lammers2022a.md,efeitos_nao_intencionais,686,OK,,-675,test whether the effects identified here also apply to such mobilization effects
Lammers2022a,fichamento_Lammers2022a.md,efeitos_nao_intencionais,688,OK,,-675,campaigners for parties that are leading in the polls
Lammers2022a,fichamento_Lammers2022a.md,limitacoes_autores,684,OK,,-675,the inability to draw a causal conclusion
Lammers2022a,fichamento_Lammers2022a.md,limitacoes_autores,687,OK,,-675,without testing whether such switching was actually motivated
Lammers2022a,fichamento_Lammers2022a.md,limitacoes_autores,687,OK,,-675,the downside of these manipulations is low validity
Lammers2022a,fichamento_Lammers2022a.md,limitacoes_autores,688,OK,,-675,we relied on relatively small convenience samples
Lammers2022a,fichamento_Lammers2022a.md,b2_estrategia_identificacao,684,OK,,-675,Participants were randomly assigned to one of four cells
Lammers2022a,fichamento_Lammers2022a.md,b2_hipoteses_testes,684,OK,,-675,Participants were randomly assigned to one of four cells
Lammers2022a,fichamento_Lammers2022a.md,b2_hipoteses_testes,684,OK,,-675,more than 90% power to detect a medium-sized interaction
Lammers2022a,fichamento_Lammers2022a.md,b2_hipoteses_testes,684,OK,,-675,We preregistered the studies (see Supplementary Materials)
Lammers2022a,fichamento_Lammers2022a.md,b2_estimador,685,OK,,-675,ANOVA on the likelihood of switching voting intentions index
Lammers2022a,fichamento_Lammers2022a.md,b2_estimando,684,OK,,-675,Participants were randomly assigned to one of four cells
Lammers2022a,fichamento_Lammers2022a.md,b2_nivel_atribuicao_cluster,684,OK,,-675,Participants were randomly assigned to one of four cells
Lammers2022a,fichamento_Lammers2022a.md,b2_n_total,684,OK,,-675,Participants in Study 2a were 202 American Amazon Mechanical Turk users
Lammers2022a,fichamento_Lammers2022a.md,b2_n_total,684,OK,,-675,200 Prolific Academic users from the EU or UK
Lammers2022a,fichamento_Lammers2022a.md,b2_controles,685,OK,,-675,ANOVA on the likelihood of switching voting intentions index
Lammers2022a,fichamento_Lammers2022a.md,b2_dp_y_tipo,685,OK,,-675,Data show cell means (SDs)
Lammers2022a,fichamento_Lammers2022a.md,b2_teste_falsificacao,684,OK,,-675,the replication Study 2b was conducted in the European Union
Lammers2022a,fichamento_Lammers2022a.md,b2_modelo_principal,685,OK,,-675,Study 2a (Americans): Self-Reported Likelihood
Lammers2022a,fichamento_Lammers2022a.md,b2_modelo_principal,685,OK,,-675,Study 2b (EU Replication): Self-Reported Likelihood
Lammers2022a,fichamento_Lammers2022a.md,b2_modelo_principal,685,OK,,-675,ANOVA on the likelihood of switching voting intentions index
Lammers2022a,fichamento_Lammers2022a.md,b2_criterio_modelo_principal,685,OK,,-675,See Table 3
Lammers2022a,fichamento_Lammers2022a.md,b2_criterio_modelo_principal,685,OK,,-675,See Table 4
Lammers2022a,fichamento_Lammers2022a.md,b2_direcao_estimativa_principal,685,OK,,-675,more likely to switch to the leading candidate (show a bandwagon effect)
Lammers2022a,fichamento_Lammers2022a.md,b2_significancia_05,685,OK,,-675,"t(99) = 3.67, p < .001"
Lammers2022a,fichamento_Lammers2022a.md,b2_significancia_05,685,OK,,-675,"t(98) = 2.88, p = .005"
Lammers2022a,fichamento_Lammers2022a.md,b2_interpretacao_autores,676,OK,,-675,The results confirm that low expertise increases the bandwagon effect
Lammers2022a,fichamento_Lammers2022a.md,regiao,684,OK,,-675,Study 2a was conducted in the USA
Lammers2022a,fichamento_Lammers2022a.md,regiao,680,OK,,-675,"In return for about 4 Euros, 1,022 adult Polish participants took part"
Lammers2022a,fichamento_Lammers2022a.md,tipo_eleicao,684,OK,,-675,a simulated upcoming election for a new board member
Lammers2022a,fichamento_Lammers2022a.md,sistema_eleitoral,684,OK,,-675,Participants were first shown the two candidates (A and B)
Lammers2022a,fichamento_Lammers2022a.md,desenho_fino,684,OK,,-675,We use a vignette manipulation
Lammers2022a,fichamento_Lammers2022a.md,realismo_contexto,684,OK,,-675,Participants resolved a hypothetical voting decision
Lammers2022a,fichamento_Lammers2022a.md,comparador_tipo,684,OK,,-675,in the trailing position condition they read that only 10%
Lammers2022a,fichamento_Lammers2022a.md,nivel_desfecho,685,OK,,-675,Self-Reported Likelihood (Likert Score Between 1 and 7) of Switching Voting Intentions
Lammers2022a,fichamento_Lammers2022a.md,margem_mostrada,684,OK,,-675,90% of the other voters were also planning to support
Lammers2022a,fichamento_Lammers2022a.md,margem_mostrada,684,OK,,-675,in the trailing position condition they read that only 10%
Lammers2022a,fichamento_Lammers2022a.md,mecanismo_testado,682,OK,,-675,1. Interpersonal: Need to Belong
Lammers2022a,fichamento_Lammers2022a.md,mecanismo_testado,682,OK,,-675,2. Interpersonal: Need for Uniqueness
Lammers2022a,fichamento_Lammers2022a.md,mecanismo_testado,682,OK,,-675,3. Strategic: Increase Impact of Vote
Lammers2022a,fichamento_Lammers2022a.md,mecanismo_testado,682,OK,,-675,6. Fairness: Equality Motive
Lammers2022a,fichamento_Lammers2022a.md,mecanismo_testado,682,OK,,-675,7. Political Expertise (Quiz score)
Lammers2022a,fichamento_Lammers2022a.md,moderadores_relatados,682,OK,,-675,"political expertise, initial voting preference, and their interaction"
Lammers2022a,fichamento_Lammers2022a.md,moderadores_relatados,681,OK,,-675,age negatively predicted the underdog effect
Lammers2022a,fichamento_Lammers2022a.md,moderadores_relatados,685,OK,,-675,showed the predicted interaction-effect
Lammers2022a,fichamento_Lammers2022a.md,alvo_efeito,685,OK,,-675,more likely to switch to the leading candidate (show a bandwagon effect)
Lammers2022a,fichamento_Lammers2022a.md,alvo_efeito,685,OK,,-675,switch to the trailing candidate (show an underdog effect)
Lammers2022a,fichamento_Lammers2022a.md,n_competidores,684,OK,,-675,Participants were first shown the two candidates (A and B)
Lammers2022a,fichamento_Lammers2022a.md,ajuste_mediador,685,OK,,-675,ANOVA on the likelihood of switching voting intentions index
Meer2015a,fichamento_Meer2015a.md,titulo,1,OK,,0,Off the fence onto the bandwagon? A large-scale survey experiment
Meer2015a,fichamento_Meer2015a.md,ano,1,OK,,0,Armen Hakhverdian & Loes Aaldering (2016)
Meer2015a,fichamento_Meer2015a.md,tipo_publicacao,1,OK,,0,"International Journal for Public Opinion Research 28(1), 46-72."
Meer2015a,fichamento_Meer2015a.md,idioma,1,OK,,0,"Despite decades of scholarly inquiry, the debate on the existence"
Meer2015a,fichamento_Meer2015a.md,pais_estudo,4,OK,,0,Our survey experiment is situated in the Netherlands
Meer2015a,fichamento_Meer2015a.md,tipo_estudo,4,OK,,0,We employed a large scale panel survey experiment
Meer2015a,fichamento_Meer2015a.md,problema_pesquisa,1,OK,,0,We test to what extent success in real-life polling outcomes
Meer2015a,fichamento_Meer2015a.md,unidade_analise,9,OK,,0,"This wave of the 1VOP covers a total of 23,421 respondents"
Meer2015a,fichamento_Meer2015a.md,populacao,1,OK,,0,"among a diverse cross-section of the Dutch electorate (n=23,421)"
Meer2015a,fichamento_Meer2015a.md,periodo_dados,9,OK,,0,The wave that included our survey experiment was held
Meer2015a,fichamento_Meer2015a.md,periodo_dados,9,OK,,0,September 2006 and September 2012
Meer2015a,fichamento_Meer2015a.md,fonte_dados,9,OK,,0,We embedded our survey experiment in the EenVandaag Opinion Panel (1VOP)
Meer2015a,fichamento_Meer2015a.md,fonte_dados,14,OK,,0,"participation rate in the 1VOP before May 2012, electoral volatility"
Meer2015a,fichamento_Meer2015a.md,intervencao_descricao,11,OK,,0,the actual opinion poll results of the previous week
Meer2015a,fichamento_Meer2015a.md,intervencao_descricao,12,OK,,0,the score of the PvdA was mentioned as fourth
Meer2015a,fichamento_Meer2015a.md,familia_intervencao,12,OK,,0,Last weekend opinion pollers have polled on which parties voters would
Meer2015a,fichamento_Meer2015a.md,comparador,11,OK,,0,"The control group received no poll outcome, no interpretation, and no question"
Meer2015a,fichamento_Meer2015a.md,comparador,29,OK,,0,Treatment (ref: dry poll outcome)
Meer2015a,fichamento_Meer2015a.md,construto_outcome,12,OK,,0,This vote intention question forms our dependent variable.
Meer2015a,fichamento_Meer2015a.md,outcome_medida,12,OK,,0,Which party would you vote for if parliamentary elections were held today?
Meer2015a,fichamento_Meer2015a.md,mecanismo_id,6,OK,,0,Four mechanisms to explain the bandwagon effect
Meer2015a,fichamento_Meer2015a.md,mecanismo_tipo_evidencia,8,OK,,0,we can disentangle some of the mechanisms that underlie the bandwagon
Meer2015a,fichamento_Meer2015a.md,mecanismo_descricao,7,OK,,0,the bandwagon vote may be caused by an even more basic
Meer2015a,fichamento_Meer2015a.md,mecanismo_descricao,20,OK,,0,it is not the poll outcome itself that matters
Meer2015a,fichamento_Meer2015a.md,moderador_id,16,OK,,0,these treatment effects are conditional on the characteristics of the
Meer2015a,fichamento_Meer2015a.md,moderador_descricao,16,OK,,0,none of the interaction effects in models 2a and 2b are significant
Meer2015a,fichamento_Meer2015a.md,moderador_descricao,17,OK,,0,treatments with level of education are significant. This fails to support
Meer2015a,fichamento_Meer2015a.md,het_metodo,14,OK,,0,for the conditional hypotheses by interacting the treatments with
Meer2015a,fichamento_Meer2015a.md,het_pre_especificada,8,OK,,0,The bandwagon vote is more pronounced (a) among voters that had
Meer2015a,fichamento_Meer2015a.md,equidade_progress_plus,17,OK,,0,treatments with level of education are significant. This fails to support
Meer2015a,fichamento_Meer2015a.md,efeitos_nao_intencionais,20,OK,,0,We find no evidence that framing of parties as electoral losers
Meer2015a,fichamento_Meer2015a.md,efeitos_nao_intencionais,22,OK,,0,growth reported in the media might lead to a self-fulfilling prophecy
Meer2015a,fichamento_Meer2015a.md,limitacoes_autores,20,OK,,0,Power analyses suggested that our study required more power
Meer2015a,fichamento_Meer2015a.md,limitacoes_autores,21,OK,,0,we cannot conclude that there are no conditional
Meer2015a,fichamento_Meer2015a.md,b2_estrategia_identificacao,9,OK,,0,respondents were randomly (and automatically) assigned
Meer2015a,fichamento_Meer2015a.md,b2_hipoteses_testes,10,OK,,0,We confirmed that there were no significant or substantive differences
Meer2015a,fichamento_Meer2015a.md,b2_hipoteses_testes,32,OK,,0,test of equivalence (Wellek 2010) within a predefined interval
Meer2015a,fichamento_Meer2015a.md,b2_estimador,29,OK,,0,Logistic regression analyses. Standard errors between brackets
Meer2015a,fichamento_Meer2015a.md,b2_estimando,13,OK,,0,less likely to read the vignettes intensively
Meer2015a,fichamento_Meer2015a.md,b2_estimando,17,OK,,0,therefore been less exposed to the treatment in our experiment.
Meer2015a,fichamento_Meer2015a.md,b2_nivel_atribuicao_cluster,9,OK,,0,respondents were randomly (and automatically) assigned
Meer2015a,fichamento_Meer2015a.md,b2_nivel_atribuicao_cluster,29,OK,,0,Standard errors between brackets; one-sided tests
Meer2015a,fichamento_Meer2015a.md,b2_n_total,29,OK,,0,10643
Meer2015a,fichamento_Meer2015a.md,b2_controles,14,OK,,0,"explained by six control variables: gender, level"
Meer2015a,fichamento_Meer2015a.md,b2_controles,14,OK,,0,"participation rate in the 1VOP before May 2012, electoral volatility"
Meer2015a,fichamento_Meer2015a.md,b2_dp_y_tipo,29,OK,,0,Standard errors between brackets; one-sided tests
Meer2015a,fichamento_Meer2015a.md,b2_teste_falsificacao,32,OK,,0,to rule out any treatment effect of the survey question itself
Meer2015a,fichamento_Meer2015a.md,b2_modelo_principal,16,OK,,0,In Table 2 we perform logistic regression analyses to explain the intention
Meer2015a,fichamento_Meer2015a.md,b2_criterio_modelo_principal,16,OK,,0,In Table 2 we perform logistic regression analyses to explain the intention
Meer2015a,fichamento_Meer2015a.md,b2_direcao_estimativa_principal,16,OK,,0,the positive effect of a growth trigger is even stronger
Meer2015a,fichamento_Meer2015a.md,b2_significancia_05,15,OK,,0,"had a significant, positive effect on subsequent vote"
Meer2015a,fichamento_Meer2015a.md,b2_interpretacao_autores,19,OK,,0,Our results are consistent with the existence of bandwagon vote.
Meer2015a,fichamento_Meer2015a.md,b2_interpretacao_autores,20,OK,,0,are borderline significant at the .05-level
Meer2015a,fichamento_Meer2015a.md,regiao,4,OK,,0,Our survey experiment is situated in the Netherlands
Meer2015a,fichamento_Meer2015a.md,tipo_eleicao,4,OK,,0,elections of 12 September 2012
Meer2015a,fichamento_Meer2015a.md,sistema_eleitoral,4,OK,,0,the Netherlands has a proportional electoral system
Meer2015a,fichamento_Meer2015a.md,desenho_fino,1,OK,,0,we designed a large-scale survey experiment
Meer2015a,fichamento_Meer2015a.md,realismo_contexto,4,OK,,0,Because our experiment does not use fabricated poll outcomes
Meer2015a,fichamento_Meer2015a.md,ano_eleicao,4,OK,,0,elections of 12 September 2012
Meer2015a,fichamento_Meer2015a.md,comparador_tipo,29,OK,,0,Treatment (ref: dry poll outcome)
Meer2015a,fichamento_Meer2015a.md,nivel_desfecho,12,OK,,0,Which party would you vote for if parliamentary elections were held today?
Meer2015a,fichamento_Meer2015a.md,mecanismo_testado,8,OK,,0,Reading dry poll outcomes (without reference point or frame) do not affect
Meer2015a,fichamento_Meer2015a.md,mecanismo_testado,17,OK,,0,we tested whether the lower educated are more susceptible
Meer2015a,fichamento_Meer2015a.md,moderadores_relatados,14,OK,,0,"(1) previous PvdA-preference, (2) electoral volatility, and (3) level of education"
Meer2015a,fichamento_Meer2015a.md,alvo_efeito,12,OK,,0,the score of the PvdA was mentioned as fourth
Meer2015a,fichamento_Meer2015a.md,n_competidores,12,OK,,0,in a list of eleven parties
Meer2015a,fichamento_Meer2015a.md,ajuste_mediador,14,OK,,0,"explained by six control variables: gender, level"
Meffert2011,fichamento_Meffert2011.md,titulo,1,OK,,1,"Polls, coalition signals and strategic voting: An experimental"
Meffert2011,fichamento_Meffert2011.md,titulo,1,OK,,1,investigation of perceptions and effects
Meffert2011,fichamento_Meffert2011.md,ano,1,OK,,1,© 2011 The Author(s)
Meffert2011,fichamento_Meffert2011.md,tipo_publicacao,0,OK,,1,Zeitschriftenartikel / journal article
Meffert2011,fichamento_Meffert2011.md,idioma,1,OK,,1,Polls and coalition signals can help strategic voters in multiparty
Meffert2011,fichamento_Meffert2011.md,pais_estudo,11,OK,,1,CDU in Baden-Württemberg and SPD in Rhineland-Palatinate
Meffert2011,fichamento_Meffert2011.md,tipo_estudo,7,OK,,1,we chose an experimental approach
Meffert2011,fichamento_Meffert2011.md,tipo_estudo,11,OK,,1,participants were randomly assigned to one of three poll conditions
Meffert2011,fichamento_Meffert2011.md,problema_pesquisa,2,OK,,1,to test whether voters in multiparty systems conform to the expectations
Meffert2011,fichamento_Meffert2011.md,unidade_analise,8,OK,,1,only the 200 participants who were eligible to vote in German elections
Meffert2011,fichamento_Meffert2011.md,populacao,8,OK,,1,A total of 280 students (105 female and 169 male
Meffert2011,fichamento_Meffert2011.md,populacao,8,OK,,1,only the 200 participants who were eligible to vote in German elections
Meffert2011,fichamento_Meffert2011.md,periodo_dados,7,OK,,1,"The study took place in January 2006, at the beginning of two"
Meffert2011,fichamento_Meffert2011.md,fonte_dados,8,OK,,1,participated in the computer-based experiment
Meffert2011,fichamento_Meffert2011.md,intervencao_descricao,11,OK,,1,The poll results were manipulated to affect the expectation of how close
Meffert2011,fichamento_Meffert2011.md,intervencao_descricao,12,OK,,1,In addition to the poll manipulation we employed a coalition signal
Meffert2011,fichamento_Meffert2011.md,familia_intervencao,12,OK,,1,participants were asked to participate in a pre-election poll
Meffert2011,fichamento_Meffert2011.md,comparador,12,OK,,1,the different conditions are combined in two categories depending on whether
Meffert2011,fichamento_Meffert2011.md,comparador,12,OK,,1,The two signal conditions were assigned randomly with even probability
Meffert2011,fichamento_Meffert2011.md,construto_outcome,23,OK,,1,increase the likelihood of voting for a party other
Meffert2011,fichamento_Meffert2011.md,outcome_medida,24,OK,,1,any vote for a different party than the one preferred most
Meffert2011,fichamento_Meffert2011.md,outcome_medida,15,OK,,1,"After the information search ended, participants were asked to vote"
Meffert2011,fichamento_Meffert2011.md,mecanismo_id,24,OK,,1,the individually perceived closeness that matters most
Meffert2011,fichamento_Meffert2011.md,mecanismo_id,24,OK,,1,the model is reported with and without the perceptions
Meffert2011,fichamento_Meffert2011.md,mecanismo_tipo_evidencia,24,OK,,1,the model is reported with and without the perceptions
Meffert2011,fichamento_Meffert2011.md,mecanismo_descricao,26,OK,,1,the objective conditions affect the respective perceptions
Meffert2011,fichamento_Meffert2011.md,moderador_id,21,OK,,1,Poll articles x knowledge
Meffert2011,fichamento_Meffert2011.md,moderador_id,20,OK,,1,the error reducing effect of reading poll articles diminishes
Meffert2011,fichamento_Meffert2011.md,moderador_descricao,20,OK,,1,the error reducing effect of reading poll articles diminishes
Meffert2011,fichamento_Meffert2011.md,moderador_descricao,20,OK,,1,small party supporters emerge as being more accurate in their predictions
Meffert2011,fichamento_Meffert2011.md,het_metodo,21,OK,,1,Poll articles x knowledge
Meffert2011,fichamento_Meffert2011.md,het_pre_especificada,20,OK,,1,should show a declining error-reduction effect of reading more articles
Meffert2011,fichamento_Meffert2011.md,efeitos_nao_intencionais,27,OK,,1,"in instrumental or rational terms, in fact a wrong decision"
Meffert2011,fichamento_Meffert2011.md,efeitos_nao_intencionais,27,OK,,1,might abstain if they do not like the indicated coalition partner
Meffert2011,fichamento_Meffert2011.md,limitacoes_autores,26,OK,,1,Due to the small and non-representative sample and the
Meffert2011,fichamento_Meffert2011.md,limitacoes_autores,29,OK,,1,our operationalisation fails to count strategic voters
Meffert2011,fichamento_Meffert2011.md,b2_estrategia_identificacao,11,OK,,1,participants were randomly assigned to one of three poll conditions
Meffert2011,fichamento_Meffert2011.md,b2_estrategia_identificacao,12,OK,,1,The two signal conditions were assigned randomly with even probability
Meffert2011,fichamento_Meffert2011.md,b2_hipoteses_testes,19,OK,,1,the poll manipulation can be considered successful
Meffert2011,fichamento_Meffert2011.md,b2_hipoteses_testes,21,OK,,1,the signal manipulation was successful as well
Meffert2011,fichamento_Meffert2011.md,b2_estimador,25,OK,,1,Entries are unstandardised logistic regression
Meffert2011,fichamento_Meffert2011.md,b2_estimando,11,OK,,1,participants were randomly assigned to one of three poll conditions
Meffert2011,fichamento_Meffert2011.md,b2_estimando,12,OK,,1,All participants encountered and read this page before continuing
Meffert2011,fichamento_Meffert2011.md,b2_nivel_atribuicao_cluster,11,OK,,1,participants were randomly assigned to one of three poll conditions
Meffert2011,fichamento_Meffert2011.md,b2_nivel_atribuicao_cluster,12,OK,,1,The two signal conditions were assigned randomly with even probability
Meffert2011,fichamento_Meffert2011.md,b2_n_total,8,OK,,1,only the 200 participants who were eligible to vote in German elections
Meffert2011,fichamento_Meffert2011.md,b2_controles,25,OK,,1,"political knowledge, small party supporter and sex of the participant"
Meffert2011,fichamento_Meffert2011.md,b2_controles,24,OK,,1,Four additional variables capture key aspects of participants
Meffert2011,fichamento_Meffert2011.md,b2_dp_y_tipo,25,OK,,1,Entries are unstandardised logistic regression
Meffert2011,fichamento_Meffert2011.md,b2_modelo_principal,24,OK,,1,the model is reported with and without the perceptions
Meffert2011,fichamento_Meffert2011.md,b2_modelo_principal,25,OK,,1,Perceived distance from threshold
Meffert2011,fichamento_Meffert2011.md,b2_criterio_modelo_principal,24,OK,,1,the model is reported with and without the perceptions
Meffert2011,fichamento_Meffert2011.md,b2_direcao_estimativa_principal,25,OK,,1,the manipulated poll condition did not have any direct effect
Meffert2011,fichamento_Meffert2011.md,b2_significancia_05,25,OK,,1,the manipulated poll condition did not have any direct effect
Meffert2011,fichamento_Meffert2011.md,b2_significancia_05,25,OK,,1,The manipulated coalition signal does not induce insincere voting directly
Meffert2011,fichamento_Meffert2011.md,b2_interpretacao_autores,26,OK,,1,only play an indirect role
Meffert2011,fichamento_Meffert2011.md,b2_interpretacao_autores,24,OK,,1,voted this way only when the polls suggested a close election
Meffert2011,fichamento_Meffert2011.md,regiao,2,OK,,1,two real German state election campaigns
Meffert2011,fichamento_Meffert2011.md,tipo_eleicao,7,OK,,1,voters have a single party list vote
Meffert2011,fichamento_Meffert2011.md,sistema_eleitoral,7,OK,,1,voters have a single party list vote
Meffert2011,fichamento_Meffert2011.md,sistema_eleitoral,7,OK,,1,5 per cent minimum vote threshold to enter parliament
Meffert2011,fichamento_Meffert2011.md,desenho_fino,1,OK,,1,Using a laboratory experiment embedded in two real election campaigns
Meffert2011,fichamento_Meffert2011.md,realismo_contexto,7,OK,,1,the information used in the study was drawn from actual party platforms
Meffert2011,fichamento_Meffert2011.md,ano_eleicao,7,OK,,1,"The study took place in January 2006, at the beginning of two"
Meffert2011,fichamento_Meffert2011.md,ano_eleicao,7,OK,,1,Both elections were held on 26 March
Meffert2011,fichamento_Meffert2011.md,comparador_tipo,11,OK,,1,three poll conditions that suggested election outcomes of varying closeness
Meffert2011,fichamento_Meffert2011.md,nivel_desfecho,15,OK,,1,"After the information search ended, participants were asked to vote"
Meffert2011,fichamento_Meffert2011.md,mecanismo_testado,24,OK,,1,two subjective measures of closeness
Meffert2011,fichamento_Meffert2011.md,mecanismo_testado,20,OK,,1,the error reducing effect of reading poll articles diminishes
Meffert2011,fichamento_Meffert2011.md,moderadores_relatados,21,OK,,1,Poll articles x knowledge
Meffert2011,fichamento_Meffert2011.md,alvo_efeito,11,OK,,1,cast a rental vote for the preferred small coalition partner
Meffert2011,fichamento_Meffert2011.md,alvo_efeito,12,OK,,1,vote would be wasted on a party that had no chance
Meffert2011,fichamento_Meffert2011.md,n_competidores,9,OK,,1,"CDU, SPD, FDP, Greens and WASG"
Meffert2011,fichamento_Meffert2011.md,ajuste_mediador,24,OK,,1,include not only the objective poll or closeness manipulation in the model
Meffert2011,fichamento_Meffert2011.md,ajuste_mediador,24,OK,,1,two subjective measures of closeness
Meffert2012a,fichamento_Meffert2012a.md,titulo,1,OK,,1,Experimental Triangulation of Coalition Signals:
Meffert2012a,fichamento_Meffert2012a.md,titulo,1,OK,,1,"Varying Designs, Converging Results"
Meffert2012a,fichamento_Meffert2012a.md,ano,0,OK,,1,"Gschwend, T., & Meffert, M. F. (2010)"
Meffert2012a,fichamento_Meffert2012a.md,tipo_publicacao,0,OK,,1,Arbeitspapier / working paper
Meffert2012a,fichamento_Meffert2012a.md,idioma,1,OK,,1,It is probably fair to say that political science has not
Meffert2012a,fichamento_Meffert2012a.md,pais_estudo,8,OK,,1,two ongoing state election campaigns in Germany
Meffert2012a,fichamento_Meffert2012a.md,pais_estudo,12,OK,,1,SPD supporters to Rhineland-Palatinate
Meffert2012a,fichamento_Meffert2012a.md,pais_estudo,16,OK,,1,before the 2006 Austrian General Election
Meffert2012a,fichamento_Meffert2012a.md,tipo_estudo,11,OK,,1,the visibility of the signal to participants was randomized with equal probability
Meffert2012a,fichamento_Meffert2012a.md,tipo_estudo,13,OK,,1,"the closeness to the threshold and an explicit coalition signal, were randomized"
Meffert2012a,fichamento_Meffert2012a.md,problema_pesquisa,2,OK,,1,discuss three different experimental approaches designed to test this effect
Meffert2012a,fichamento_Meffert2012a.md,unidade_analise,9,OK,,1,The participant was the only swing voter
Meffert2012a,fichamento_Meffert2012a.md,populacao,8,OK,,1,a laboratory setting with a convenience sample of student participants
Meffert2012a,fichamento_Meffert2012a.md,populacao,19,OK,,1,in our representative sample of Austrian voters
Meffert2012a,fichamento_Meffert2012a.md,periodo_dados,11,OK,,1,contemporaneous German state election campaigns in January 2006
Meffert2012a,fichamento_Meffert2012a.md,periodo_dados,16,OK,,1,before the 2006 Austrian General Election
Meffert2012a,fichamento_Meffert2012a.md,fonte_dados,7,OK,,1,we designed an economic experiment that presented participants with an abstract game
Meffert2012a,fichamento_Meffert2012a.md,intervencao_descricao,10,OK,,1,Polls were based on the actual distribution of the party preferences
Meffert2012a,fichamento_Meffert2012a.md,intervencao_descricao,13,OK,,1,Participants saw a table with the manipulated numerical poll results
Meffert2012a,fichamento_Meffert2012a.md,intervencao_descricao,16,OK,,1,participants were exposed to four different vignettes of hypothetical coalition announcements
Meffert2012a,fichamento_Meffert2012a.md,familia_intervencao,13,OK,,1,Participants saw a table with the manipulated numerical poll results
Meffert2012a,fichamento_Meffert2012a.md,comparador,11,OK,,1,the decision scenarios without polls and signals as the baseline
Meffert2012a,fichamento_Meffert2012a.md,comparador,17,OK,,1,This allows within-respondent comparisons of changes in (hypothetical) vote intentions
Meffert2012a,fichamento_Meffert2012a.md,construto_outcome,8,OK,,1,The key dependent variable was a hypothetical vote decision
Meffert2012a,fichamento_Meffert2012a.md,outcome_medida,23,OK,,1,Share of Optimal Decisions by Election Difficulty and Available
Meffert2012a,fichamento_Meffert2012a.md,outcome_medida,24,OK,,1,Vote Intention for Preferred Party of Green Party and FPÖ Supporters
Meffert2012a,fichamento_Meffert2012a.md,mecanismo_id,6,OK,,1,voters use simple heuristics such as coalition signals by parties
Meffert2012a,fichamento_Meffert2012a.md,mecanismo_tipo_evidencia,6,OK,,1,coalition signals should help voters to narrow down the large number
Meffert2012a,fichamento_Meffert2012a.md,mecanismo_descricao,6,OK,,1,coalition signals should help voters to narrow down the large number
Meffert2012a,fichamento_Meffert2012a.md,mecanismo_descricao,11,OK,,1,it can very well substitute for a poll
Meffert2012a,fichamento_Meffert2012a.md,moderador_id,11,OK,,1,Good signals in easy elections increase the share of optimal decisions
Meffert2012a,fichamento_Meffert2012a.md,moderador_descricao,11,OK,,1,"The impact of the signal, when no poll was available"
Meffert2012a,fichamento_Meffert2012a.md,moderador_descricao,17,OK,,1,in particular supporters of the Greens and the FPÖ
Meffert2012a,fichamento_Meffert2012a.md,het_metodo,23,OK,,1,Share of Optimal Decisions by Election Difficulty and Available
Meffert2012a,fichamento_Meffert2012a.md,het_pre_especificada,17,OK,,1,it is reasonable to expect effects primarily on those respondents
Meffert2012a,fichamento_Meffert2012a.md,efeitos_nao_intencionais,18,OK,,1,coalition signals can help but also lead voters astray
Meffert2012a,fichamento_Meffert2012a.md,efeitos_nao_intencionais,19,OK,,1,participants deserted their preferred party even if the polls did not
Meffert2012a,fichamento_Meffert2012a.md,limitacoes_autores,8,OK,,1,Laboratory experiments usually use convenience samples that pose a challenge
Meffert2012a,fichamento_Meffert2012a.md,limitacoes_autores,15,OK,,1,Only a replication in other contexts would allow a test
Meffert2012a,fichamento_Meffert2012a.md,limitacoes_autores,20,OK,,1,it remains puzzling for us how to directly compare the size
Meffert2012a,fichamento_Meffert2012a.md,b2_estrategia_identificacao,11,OK,,1,the visibility of the signal to participants was randomized with equal probability
Meffert2012a,fichamento_Meffert2012a.md,b2_estrategia_identificacao,13,OK,,1,"the closeness to the threshold and an explicit coalition signal, were randomized"
Meffert2012a,fichamento_Meffert2012a.md,b2_hipoteses_testes,15,OK,,1,The manipulation checks of poll and signal manipulations were successful
Meffert2012a,fichamento_Meffert2012a.md,b2_hipoteses_testes,15,OK,,1,the whole experimental design was tested first in a large pilot study
Meffert2012a,fichamento_Meffert2012a.md,b2_estimador,23,OK,,1,"Entries are proportions, with bootstrapped standard errors in parentheses"
Meffert2012a,fichamento_Meffert2012a.md,b2_estimador,15,OK,,1,In a multivariate model predicting insincere voting
Meffert2012a,fichamento_Meffert2012a.md,b2_estimando,11,OK,,1,the visibility of the signal to participants was randomized with equal probability
Meffert2012a,fichamento_Meffert2012a.md,b2_estimando,13,OK,,1,All participants saw this screen and thus were guaranteed to be exposed
Meffert2012a,fichamento_Meffert2012a.md,b2_nivel_atribuicao_cluster,23,OK,,1,the number of decisions in each cell
Meffert2012a,fichamento_Meffert2012a.md,b2_nivel_atribuicao_cluster,17,OK,,1,This allows within-respondent comparisons of changes in (hypothetical) vote intentions
Meffert2012a,fichamento_Meffert2012a.md,b2_controles,23,OK,,1,"Entries are proportions, with bootstrapped standard errors in parentheses"
Meffert2012a,fichamento_Meffert2012a.md,b2_controles,24,OK,,1,with standard errors in parentheses
Meffert2012a,fichamento_Meffert2012a.md,b2_dp_y_tipo,23,OK,,1,"Entries are proportions, with bootstrapped standard errors in parentheses"
Meffert2012a,fichamento_Meffert2012a.md,b2_teste_falsificacao,15,OK,,1,The manipulation checks of poll and signal manipulations were successful
Meffert2012a,fichamento_Meffert2012a.md,b2_modelo_principal,11,OK,,1,Table 2 distinguishes between easy elections with an optimal coalition signal
Meffert2012a,fichamento_Meffert2012a.md,b2_modelo_principal,17,OK,,1,Table 3 gives a short illustration how respondents reacted
Meffert2012a,fichamento_Meffert2012a.md,b2_criterio_modelo_principal,11,OK,,1,Table 2 distinguishes between easy elections with an optimal coalition signal
Meffert2012a,fichamento_Meffert2012a.md,b2_criterio_modelo_principal,17,OK,,1,Table 3 gives a short illustration how respondents reacted
Meffert2012a,fichamento_Meffert2012a.md,b2_direcao_estimativa_principal,17,OK,,1,led to a considerable drop of support
Meffert2012a,fichamento_Meffert2012a.md,b2_direcao_estimativa_principal,15,OK,,1,coalition signals have a modest positive impact
Meffert2012a,fichamento_Meffert2012a.md,b2_significancia_05,23,OK,,1,"Entries are proportions, with bootstrapped standard errors in parentheses"
Meffert2012a,fichamento_Meffert2012a.md,b2_significancia_05,24,OK,,1,with standard errors in parentheses
Meffert2012a,fichamento_Meffert2012a.md,b2_interpretacao_autores,18,OK,,1,"no matter the type of experiment, coalition signals matter!"
Meffert2012a,fichamento_Meffert2012a.md,b2_interpretacao_autores,18,OK,,1,we found merely a marginal impact of coalition signals
Meffert2012a,fichamento_Meffert2012a.md,regiao,8,OK,,1,two ongoing state election campaigns in Germany
Meffert2012a,fichamento_Meffert2012a.md,regiao,16,OK,,1,before the 2006 Austrian General Election
Meffert2012a,fichamento_Meffert2012a.md,tipo_eleicao,12,OK,,1,the two major parties Christian Democrats (CDU) and Social Democrats (SPD)
Meffert2012a,fichamento_Meffert2012a.md,sistema_eleitoral,12,OK,,1,"strategic voting in PR systems with minimum vote thresholds, threshold insurance"
Meffert2012a,fichamento_Meffert2012a.md,sistema_eleitoral,9,OK,,1,"strategic voting in multiparty systems with proportional representation, minimum vote thresholds"
Meffert2012a,fichamento_Meffert2012a.md,desenho_fino,7,OK,,1,preferences are induced and assigned by the experimenter
Meffert2012a,fichamento_Meffert2012a.md,desenho_fino,16,OK,,1,Experimental manipulations can also be included in representative population surveys
Meffert2012a,fichamento_Meffert2012a.md,realismo_contexto,8,OK,,1,was taken from the actual party platforms
Meffert2012a,fichamento_Meffert2012a.md,ano_eleicao,16,OK,,1,before the 2006 Austrian General Election
Meffert2012a,fichamento_Meffert2012a.md,comparador_tipo,11,OK,,1,the decision scenarios without polls and signals as the baseline
Meffert2012a,fichamento_Meffert2012a.md,nivel_desfecho,9,OK,,1,The reduced distance constituted the monetary payoff
Meffert2012a,fichamento_Meffert2012a.md,nivel_desfecho,8,OK,,1,The key dependent variable was a hypothetical vote decision
Meffert2012a,fichamento_Meffert2012a.md,mecanismo_testado,11,OK,,1,The availability of polls increases the proportion of optimal decisions
Meffert2012a,fichamento_Meffert2012a.md,mecanismo_testado,12,OK,,1,"strategic voting in PR systems with minimum vote thresholds, threshold insurance"
Meffert2012a,fichamento_Meffert2012a.md,moderadores_relatados,11,OK,,1,Good signals in easy elections increase the share of optimal decisions
Meffert2012a,fichamento_Meffert2012a.md,moderadores_relatados,17,OK,,1,in particular supporters of the Greens and the FPÖ
Meffert2012a,fichamento_Meffert2012a.md,alvo_efeito,12,OK,,1,The poll manipulation varied the expected performance of the small party
Meffert2012a,fichamento_Meffert2012a.md,alvo_efeito,12,OK,,1,in danger of falling short of the threshold
Meffert2012a,fichamento_Meffert2012a.md,n_competidores,11,OK,,1,exposure to campaign information about the five major parties
Meffert2012a,fichamento_Meffert2012a.md,ajuste_mediador,23,OK,,1,"Entries are proportions, with bootstrapped standard errors in parentheses"
Morton2015a,fichamento_Morton2015a.md,titulo,1,OK,,2,"Exit Polls, Turnout, and Bandwagon Voting:"
Morton2015a,fichamento_Morton2015a.md,ano,1,OK,,2,"April 10, 2015"
Morton2015a,fichamento_Morton2015a.md,tipo_publicacao,0,OK,,2,Cite this article as:
Morton2015a,fichamento_Morton2015a.md,tipo_publicacao,0,OK,,2,European Economic Review
Morton2015a,fichamento_Morton2015a.md,idioma,1,OK,,2,We exploit a voting reform in France to estimate the causal effect
Morton2015a,fichamento_Morton2015a.md,pais_estudo,1,OK,,2,We exploit a voting reform in France to estimate the causal effect
Morton2015a,fichamento_Morton2015a.md,pais_estudo,17,OK,,2,There are four OSTs in the east and five in the west
Morton2015a,fichamento_Morton2015a.md,tipo_estudo,3,OK,,2,This reform allows us to use a difference-in-difference strategy
Morton2015a,fichamento_Morton2015a.md,problema_pesquisa,3,OK,,2,estimate the causal effect of exit poll information on turnout and bandwagon
Morton2015a,fichamento_Morton2015a.md,unidade_analise,17,OK,,2,We treat each OST as a department in the analysis
Morton2015a,fichamento_Morton2015a.md,populacao,16,OK,,2,"Our primary data set comprises French presidential election results, especially turnout"
Morton2015a,fichamento_Morton2015a.md,populacao,17,OK,,2,There are four OSTs in the east and five in the west
Morton2015a,fichamento_Morton2015a.md,periodo_dados,16,OK,,2,"turnout for first and second election rounds from 1981 onwards (1981, 1988,"
Morton2015a,fichamento_Morton2015a.md,periodo_dados,17,OK,,2,span a period from 1997 to 2012
Morton2015a,fichamento_Morton2015a.md,fonte_dados,16,OK,,2,The data were collected from the French ministry of Internal Affairs
Morton2015a,fichamento_Morton2015a.md,intervencao_descricao,9,OK,,2,TV channels release highly precise early estimations of the final results
Morton2015a,fichamento_Morton2015a.md,intervencao_descricao,15,OK,,2,presidential election results while voting booths were still open
Morton2015a,fichamento_Morton2015a.md,familia_intervencao,1,OK,,2,the election result had already been made public via exit poll information
Morton2015a,fichamento_Morton2015a.md,familia_intervencao,9,OK,,2,TV channels release highly precise early estimations of the final results
Morton2015a,fichamento_Morton2015a.md,comparador,21,OK,,2,the eastern OST constitute the control group
Morton2015a,fichamento_Morton2015a.md,comparador,4,OK,,2,(same constituencies with and without exit poll information)
Morton2015a,fichamento_Morton2015a.md,construto_outcome,1,OK,,2,exit poll information significantly increases bandwagon voting
Morton2015a,fichamento_Morton2015a.md,construto_outcome,1,OK,,2,the election result had already been made public via exit poll information
Morton2015a,fichamento_Morton2015a.md,outcome_medida,21,OK,,2,Difference-in-difference estimates with turnout as dependent variable
Morton2015a,fichamento_Morton2015a.md,outcome_medida,31,OK,,2,the vote difference in the western OST as the left-hand variable
Morton2015a,fichamento_Morton2015a.md,mecanismo_id,8,OK,,2,"decision is unlikely to be pivotal, they are more likely to abstain"
Morton2015a,fichamento_Morton2015a.md,mecanismo_id,30,OK,,2,individuals may receive utility from voting for the winner
Morton2015a,fichamento_Morton2015a.md,mecanismo_tipo_evidencia,33,OK,,2,Our data does not allow us to distinguish between the two possible
Morton2015a,fichamento_Morton2015a.md,mecanismo_descricao,8,OK,,2,"decision is unlikely to be pivotal, they are more likely to abstain"
Morton2015a,fichamento_Morton2015a.md,mecanismo_descricao,30,OK,,2,individuals may receive utility from voting for the winner
Morton2015a,fichamento_Morton2015a.md,moderador_id,24,OK,,2,"In sum, in all specifications, the point estimate remains stable"
Morton2015a,fichamento_Morton2015a.md,het_metodo,24,OK,,2,"In sum, in all specifications, the point estimate remains stable"
Morton2015a,fichamento_Morton2015a.md,het_pre_especificada,24,OK,,2,"In sum, in all specifications, the point estimate remains stable"
Morton2015a,fichamento_Morton2015a.md,efeitos_nao_intencionais,34,OK,,2,These effects on voting behavior (lower participation and a bandwagon effect)
Morton2015a,fichamento_Morton2015a.md,limitacoes_autores,33,OK,,2,Our data does not allow us to distinguish between the two possible
Morton2015a,fichamento_Morton2015a.md,limitacoes_autores,21,OK,,2,nine clusters which is not enough to estimate clustered standard errors
Morton2015a,fichamento_Morton2015a.md,b2_estrategia_identificacao,3,OK,,2,This reform allows us to use a difference-in-difference strategy
Morton2015a,fichamento_Morton2015a.md,b2_estrategia_identificacao,19,OK,,2,turnout trends seem to be reasonably parallel before the legislative change
Morton2015a,fichamento_Morton2015a.md,b2_hipoteses_testes,26,OK,,2,we first calculate placebo estimates using 1994 as the year
Morton2015a,fichamento_Morton2015a.md,b2_hipoteses_testes,19,OK,,2,turnout trends seem to be reasonably parallel before the legislative change
Morton2015a,fichamento_Morton2015a.md,b2_estimador,19,OK,,2,we apply weighted least squares to equation
Morton2015a,fichamento_Morton2015a.md,b2_estimador,31,OK,,2,We estimate equation (2) via OLS
Morton2015a,fichamento_Morton2015a.md,b2_estimando,18,OK,,2,is the difference-in-difference estimator (DID) of the causal effect of interest
Morton2015a,fichamento_Morton2015a.md,b2_nivel_atribuicao_cluster,23,OK,,2,Standard errors are clustered on the department level
Morton2015a,fichamento_Morton2015a.md,b2_nivel_atribuicao_cluster,21,OK,,2,nine clusters which is not enough to estimate clustered standard errors
Morton2015a,fichamento_Morton2015a.md,b2_n_total,21,OK,,2,which makes a total of 1260 observations
Morton2015a,fichamento_Morton2015a.md,b2_controles,21,OK,,2,We include OST and round dummies and control for different common time
Morton2015a,fichamento_Morton2015a.md,b2_controles,25,OK,,2,Department-specific linear time trend
Morton2015a,fichamento_Morton2015a.md,b2_dp_y_tipo,21,OK,,2,The raw turnout averages are 55% in 2002 and 64% in 2007
Morton2015a,fichamento_Morton2015a.md,b2_teste_falsificacao,26,OK,,2,we first calculate placebo estimates using 1994 as the year
Morton2015a,fichamento_Morton2015a.md,b2_teste_falsificacao,29,OK,,2,Placebo difference-in-difference estimates analogous to earlier tables
Morton2015a,fichamento_Morton2015a.md,b2_modelo_principal,31,OK,,2,Our estimates are summarized in Table 8
Morton2015a,fichamento_Morton2015a.md,b2_modelo_principal,24,OK,,2,We report an increase in turnout from not knowing the election result
Morton2015a,fichamento_Morton2015a.md,b2_criterio_modelo_principal,31,OK,,2,Our estimates are summarized in Table 8
Morton2015a,fichamento_Morton2015a.md,b2_criterio_modelo_principal,24,OK,,2,We report an increase in turnout from not knowing the election result
Morton2015a,fichamento_Morton2015a.md,b2_direcao_estimativa_principal,1,OK,,2,exit poll information significantly increases bandwagon voting
Morton2015a,fichamento_Morton2015a.md,b2_direcao_estimativa_principal,21,OK,,2,knowing precise exit poll information decreases turnout by about 11 percentage points
Morton2015a,fichamento_Morton2015a.md,b2_significancia_05,31,OK,,2,statistically significant at the 10% level using ordinary clustered
Morton2015a,fichamento_Morton2015a.md,b2_significancia_05,19,OK,,2,statistical significance at conventional levels is given in all cases
Morton2015a,fichamento_Morton2015a.md,b2_interpretacao_autores,4,OK,,2,exit polls can indeed have consequential effects on voter behavior
Morton2015a,fichamento_Morton2015a.md,regiao,1,OK,,2,We exploit a voting reform in France to estimate the causal effect
Morton2015a,fichamento_Morton2015a.md,tipo_eleicao,8,OK,,2,French president is directly elected by the citizens via a two-round runoff
Morton2015a,fichamento_Morton2015a.md,sistema_eleitoral,8,OK,,2,French president is directly elected by the citizens via a two-round runoff
Morton2015a,fichamento_Morton2015a.md,desenho_fino,3,OK,,2,the setting for a natural experiment to study the effect
Morton2015a,fichamento_Morton2015a.md,realismo_contexto,16,OK,,2,"Our primary data set comprises French presidential election results, especially turnout"
Morton2015a,fichamento_Morton2015a.md,ano_eleicao,25,OK,,2,Sample includes all presidential elections between 1981 and 2012
Morton2015a,fichamento_Morton2015a.md,comparador_tipo,21,OK,,2,the eastern OST constitute the control group
Morton2015a,fichamento_Morton2015a.md,comparador_tipo,4,OK,,2,(same constituencies with and without exit poll information)
Morton2015a,fichamento_Morton2015a.md,nivel_desfecho,21,OK,,2,Difference-in-difference estimates with turnout as dependent variable
Morton2015a,fichamento_Morton2015a.md,nivel_desfecho,31,OK,,2,the vote difference in the western OST as the left-hand variable
Morton2015a,fichamento_Morton2015a.md,margem_mostrada,10,OK,,2,the forecasted difference between the two candidates at 3.4%
Morton2015a,fichamento_Morton2015a.md,margem_mostrada,31,OK,,2,the vote edge from the mainland was larger than 20 percentage points
Morton2015a,fichamento_Morton2015a.md,mecanismo_testado,33,OK,,2,Our data does not allow us to distinguish between the two possible
Morton2015a,fichamento_Morton2015a.md,moderadores_relatados,24,OK,,2,"In sum, in all specifications, the point estimate remains stable"
Morton2015a,fichamento_Morton2015a.md,alvo_efeito,32,OK,,2,the candidate ahead in mainland France was more likely to win in western
Morton2015a,fichamento_Morton2015a.md,dias_ate_eleicao,15,OK,,2,presidential election results while voting booths were still open
Morton2015a,fichamento_Morton2015a.md,ajuste_mediador,21,OK,,2,We include OST and round dummies and control for different common time
Schlegel2023,fichamento_Schlegel2023.md,titulo,1,OK,,1,When information is not enough for strategic voting
Schlegel2023,fichamento_Schlegel2023.md,ano,1,OK,,1,Electoral Studies 86 (2023) 102692
Schlegel2023,fichamento_Schlegel2023.md,tipo_publicacao,1,OK,,1,Notes on recent elections
Schlegel2023,fichamento_Schlegel2023.md,tipo_publicacao,1,OK,,1,Electoral Studies 86 (2023) 102692
Schlegel2023,fichamento_Schlegel2023.md,idioma,1,OK,,1,Voters frequently have to decide between supporting their preferred candidate
Schlegel2023,fichamento_Schlegel2023.md,pais_estudo,4,OK,,1,"our study in the United Kingdom, thus ensuring that participants are"
Schlegel2023,fichamento_Schlegel2023.md,tipo_estudo,1,OK,,1,we present a pre-registered experimental design that manipulates the incentives
Schlegel2023,fichamento_Schlegel2023.md,tipo_estudo,1,OK,,1,cognitive capacity on strategic voting in an experimental study
Schlegel2023,fichamento_Schlegel2023.md,problema_pesquisa,1,OK,,1,we disentangle the effect of political information from the effect of
Schlegel2023,fichamento_Schlegel2023.md,unidade_analise,3,OK,,1,We randomly assign respondents to one of the eight
Schlegel2023,fichamento_Schlegel2023.md,populacao,4,OK,,1,samples of UK residents: a pilot study with 1000 respondents and a
Schlegel2023,fichamento_Schlegel2023.md,populacao,4,OK,,1,collected through the online survey platform Prolific
Schlegel2023,fichamento_Schlegel2023.md,periodo_dados,4,OK,,1,"Prolific (on Jan 29 and Sep 24, 2020, respectively)"
Schlegel2023,fichamento_Schlegel2023.md,periodo_dados,5,OK,,1,we leverage data from the 2015 British Election Study
Schlegel2023,fichamento_Schlegel2023.md,fonte_dados,4,OK,,1,samples of UK residents: a pilot study with 1000 respondents and a
Schlegel2023,fichamento_Schlegel2023.md,fonte_dados,5,OK,,1,we leverage data from the 2015 British Election Study
Schlegel2023,fichamento_Schlegel2023.md,intervencao_descricao,3,OK,,1,results from three separate polls as part of an animated visualization
Schlegel2023,fichamento_Schlegel2023.md,intervencao_descricao,3,OK,,1,Candidate A (the most preferred candidate) has the lowest chance of
Schlegel2023,fichamento_Schlegel2023.md,familia_intervencao,3,OK,,1,by providing the results from recent polls indicating the candidates
Schlegel2023,fichamento_Schlegel2023.md,familia_intervencao,3,OK,,1,Candidate A (the most preferred candidate) has the lowest chance of
Schlegel2023,fichamento_Schlegel2023.md,comparador,4,OK,,1,"hence, is the uncertainty about likely electoral results"
Schlegel2023,fichamento_Schlegel2023.md,comparador,3,OK,,1,this polling information is held constant across participants
Schlegel2023,fichamento_Schlegel2023.md,construto_outcome,3,OK,,1,a strategic vote in this scenario would imply supporting the Candidate
Schlegel2023,fichamento_Schlegel2023.md,construto_outcome,3,OK,,1,while Candidate B and C are tied for the lead
Schlegel2023,fichamento_Schlegel2023.md,outcome_medida,3,OK,,1,participants are asked to cast their vote for one of the
Schlegel2023,fichamento_Schlegel2023.md,outcome_medida,3,OK,,1,the pay-offs are awarded whenever respondents choose Candidate B
Schlegel2023,fichamento_Schlegel2023.md,mecanismo_id,1,OK,,1,we show that information and cognitive resources have to go hand
Schlegel2023,fichamento_Schlegel2023.md,mecanismo_tipo_evidencia,4,OK,,1,we employ independent experimental treatments to disentangle the effect of cognitive
Schlegel2023,fichamento_Schlegel2023.md,mecanismo_tipo_evidencia,4,OK,,1,respondents with more accurate polling information reduces the perceived likelihood
Schlegel2023,fichamento_Schlegel2023.md,mecanismo_descricao,1,OK,,1,"Citizens have to hold precise information, have the cognitive"
Schlegel2023,fichamento_Schlegel2023.md,mecanismo_descricao,2,OK,,1,Voters require information to form precise expectations about support for
Schlegel2023,fichamento_Schlegel2023.md,moderador_id,4,OK,,1,we present conditional treatment effects of information and cognitive resources
Schlegel2023,fichamento_Schlegel2023.md,moderador_descricao,4,OK,,1,we present conditional treatment effects of information and cognitive resources
Schlegel2023,fichamento_Schlegel2023.md,moderador_descricao,4,OK,,1,none of the treatments have a significant and replicable
Schlegel2023,fichamento_Schlegel2023.md,het_metodo,4,OK,,1,See SM A.VI for full regression tables and marginal effect calculations
Schlegel2023,fichamento_Schlegel2023.md,het_metodo,4,OK,,1,we present conditional treatment effects of information and cognitive resources
Schlegel2023,fichamento_Schlegel2023.md,het_pre_especificada,3,OK,,1,for the main-study is pre-registered and can be accessed here
Schlegel2023,fichamento_Schlegel2023.md,het_pre_especificada,2,OK,,1,(2) examine the conditional effects of information and cognitive resources
Schlegel2023,fichamento_Schlegel2023.md,efeitos_nao_intencionais,2,OK,,1,"there is a potential downside of strategic voting, since it may"
Schlegel2023,fichamento_Schlegel2023.md,efeitos_nao_intencionais,5,OK,,1,differences are bound to jeopardize equal representation of political
Schlegel2023,fichamento_Schlegel2023.md,limitacoes_autores,3,OK,,1,the lack of a counterfactual condition in which respondents face no
Schlegel2023,fichamento_Schlegel2023.md,limitacoes_autores,4,OK,,1,these results do not replicate in the main study
Schlegel2023,fichamento_Schlegel2023.md,limitacoes_autores,4,OK,,1,this treatment did not have an impact on logic puzzle performance
Schlegel2023,fichamento_Schlegel2023.md,b2_estrategia_identificacao,3,OK,,1,We randomly assign respondents to one of the eight
Schlegel2023,fichamento_Schlegel2023.md,b2_estrategia_identificacao,3,OK,,1,design to manipulate incentives and the two dimensions of political
Schlegel2023,fichamento_Schlegel2023.md,b2_hipoteses_testes,3,OK,,1,SM IV shows that randomization assured balance with respect to covariates
Schlegel2023,fichamento_Schlegel2023.md,b2_hipoteses_testes,4,OK,,1,We conducted a set of manipulation checks for all three treatments
Schlegel2023,fichamento_Schlegel2023.md,b2_estimando,3,OK,,1,We randomly assign respondents to one of the eight
Schlegel2023,fichamento_Schlegel2023.md,b2_nivel_atribuicao_cluster,3,OK,,1,We randomly assign respondents to one of the eight
Schlegel2023,fichamento_Schlegel2023.md,b2_n_total,4,OK,,1,"pre-registered main study with 2500 respondents, both of which were"
Schlegel2023,fichamento_Schlegel2023.md,b2_teste_falsificacao,4,OK,,1,We conducted a set of manipulation checks for all three treatments
Schlegel2023,fichamento_Schlegel2023.md,b2_teste_falsificacao,3,OK,,1,SM IV shows that randomization assured balance with respect to covariates
Schlegel2023,fichamento_Schlegel2023.md,b2_modelo_principal,4,OK,,1,"In order to directly test our hypothesis, we present conditional"
Schlegel2023,fichamento_Schlegel2023.md,b2_modelo_principal,4,OK,,1,"results of our pilot in a pre-registered main study, we provide clear"
Schlegel2023,fichamento_Schlegel2023.md,b2_criterio_modelo_principal,4,OK,,1,"In order to directly test our hypothesis, we present conditional"
Schlegel2023,fichamento_Schlegel2023.md,b2_criterio_modelo_principal,4,OK,,1,"results of our pilot in a pre-registered main study, we provide clear"
Schlegel2023,fichamento_Schlegel2023.md,b2_direcao_estimativa_principal,1,OK,,1,increases strategic voting if people have sufficient incentives to vote strategically
Schlegel2023,fichamento_Schlegel2023.md,b2_significancia_05,1,OK,,1,"more likely to cast a strategic vote, but only if they had"
Schlegel2023,fichamento_Schlegel2023.md,b2_significancia_05,5,OK,,1,on strategic voting (including 95% and 90% confidence intervals)
Schlegel2023,fichamento_Schlegel2023.md,b2_interpretacao_autores,4,OK,,1,"In sum, our experimental results support the hypothesis that"
Schlegel2023,fichamento_Schlegel2023.md,b2_interpretacao_autores,5,OK,,1,information alone is not sufficient to help citizens achieve better electoral
Schlegel2023,fichamento_Schlegel2023.md,regiao,4,OK,,1,"our study in the United Kingdom, thus ensuring that participants are"
Schlegel2023,fichamento_Schlegel2023.md,tipo_eleicao,3,OK,,1,Subjects participate in a mock election between three candidates
Schlegel2023,fichamento_Schlegel2023.md,tipo_eleicao,3,OK,,1,their opinion on a range of highly salient political issues as
Schlegel2023,fichamento_Schlegel2023.md,sistema_eleitoral,4,OK,,1,participants are familiar with single-member district elections involving
Schlegel2023,fichamento_Schlegel2023.md,desenho_fino,4,OK,,1,collected through the online survey platform Prolific
Schlegel2023,fichamento_Schlegel2023.md,desenho_fino,3,OK,,1,design to manipulate incentives and the two dimensions of political
Schlegel2023,fichamento_Schlegel2023.md,realismo_contexto,3,OK,,1,Subjects participate in a mock election between three candidates
Schlegel2023,fichamento_Schlegel2023.md,realismo_contexto,3,OK,,1,their opinion on a range of highly salient political issues as
Schlegel2023,fichamento_Schlegel2023.md,ano_eleicao,4,OK,,1,"Prolific (on Jan 29 and Sep 24, 2020, respectively)"
Schlegel2023,fichamento_Schlegel2023.md,comparador_tipo,4,OK,,1,"hence, is the uncertainty about likely electoral results"
Schlegel2023,fichamento_Schlegel2023.md,comparador_tipo,3,OK,,1,this polling information is held constant across participants
Schlegel2023,fichamento_Schlegel2023.md,nivel_desfecho,3,OK,,1,the pay-offs are awarded whenever respondents choose Candidate B
Schlegel2023,fichamento_Schlegel2023.md,mecanismo_testado,4,OK,,1,respondents with more accurate polling information reduces the perceived likelihood
Schlegel2023,fichamento_Schlegel2023.md,mecanismo_testado,4,OK,,1,realistic chance of winning the election rather than their
Schlegel2023,fichamento_Schlegel2023.md,moderadores_relatados,4,OK,,1,we present conditional treatment effects of information and cognitive resources
Schlegel2023,fichamento_Schlegel2023.md,alvo_efeito,3,OK,,1,while Candidate B and C are tied for the lead
Schlegel2023,fichamento_Schlegel2023.md,alvo_efeito,3,OK,,1,a strategic vote in this scenario would imply supporting the Candidate
Schlegel2023,fichamento_Schlegel2023.md,n_competidores,3,OK,,1,Subjects participate in a mock election between three candidates
Schlegel2023,fichamento_Schlegel2023.md,ajuste_mediador,4,OK,,1,We conducted a set of manipulation checks for all three treatments
Schlegel2023,fichamento_Schlegel2023.md,ajuste_mediador,4,OK,,1,respondents with more accurate polling information reduces the perceived likelihood
Stolwijk2016a,fichamento_Stolwijk2016a.md,titulo,554,OK,,-553,How Anxiety and Enthusiasm Help Explain the Bandwagon Effect
Stolwijk2016a,fichamento_Stolwijk2016a.md,ano,554,OK,,-553,Advance Access publication 17 June 2016
Stolwijk2016a,fichamento_Stolwijk2016a.md,tipo_publicacao,554,OK,,-553,International Journal of Public Opinion Research Vol. 29 No. 4 2017
Stolwijk2016a,fichamento_Stolwijk2016a.md,idioma,554,OK,,-553,This study investigates the role of emotions in the
Stolwijk2016a,fichamento_Stolwijk2016a.md,pais_estudo,560,OK,,-553,the 2013 German Bundestag election campaign in combination
Stolwijk2016a,fichamento_Stolwijk2016a.md,tipo_estudo,566,OK,,-553,logistic regression analysis was performed predicting vote choice
Stolwijk2016a,fichamento_Stolwijk2016a.md,tipo_estudo,560,OK,,-553,tested using a two-wave panel survey at the start and
Stolwijk2016a,fichamento_Stolwijk2016a.md,problema_pesquisa,556,OK,,-553,This study will evaluate whether a bandwagon (H1a) or an underdog (H1b)
Stolwijk2016a,fichamento_Stolwijk2016a.md,problema_pesquisa,554,OK,,-553,mediate the effect of poll exposure on vote choice
Stolwijk2016a,fichamento_Stolwijk2016a.md,unidade_analise,562,OK,,-553,relate these variables to whether this respondent voted for that party
Stolwijk2016a,fichamento_Stolwijk2016a.md,populacao,561,OK,,-553,"The panel survey was conducted by Infratest dimap (Berlin), a"
Stolwijk2016a,fichamento_Stolwijk2016a.md,populacao,561,OK,,-553,"net sample of 1,064 respondents (31% panel attrition)"
Stolwijk2016a,fichamento_Stolwijk2016a.md,periodo_dados,561,OK,,-553,The first wave was fielded on August 23 and
Stolwijk2016a,fichamento_Stolwijk2016a.md,periodo_dados,563,OK,,-553,covers the same period as the panel survey and starts August 21
Stolwijk2016a,fichamento_Stolwijk2016a.md,fonte_dados,561,OK,,-553,"The panel survey was conducted by Infratest dimap (Berlin), a"
Stolwijk2016a,fichamento_Stolwijk2016a.md,fonte_dados,566,OK,,-553,"poll ratings from five polling firms (Allensbach,"
Stolwijk2016a,fichamento_Stolwijk2016a.md,intervencao_descricao,564,OK,,-553,To arrive at an individual-level per party poll exposure index the outlet
Stolwijk2016a,fichamento_Stolwijk2016a.md,intervencao_descricao,564,OK,,-553,multiplied by the number of days this respondent used this specific
Stolwijk2016a,fichamento_Stolwijk2016a.md,familia_intervencao,560,OK,,-553,the influence of poll reports during the campaign
Stolwijk2016a,fichamento_Stolwijk2016a.md,familia_intervencao,563,OK,,-553,up to the date of the election (September 22)
Stolwijk2016a,fichamento_Stolwijk2016a.md,comparador,562,OK,,-553,as it compares whether more positive (negative) poll exposure increases the
Stolwijk2016a,fichamento_Stolwijk2016a.md,construto_outcome,562,OK,,-553,likelihood of voting for that party relative to the poll exposure
Stolwijk2016a,fichamento_Stolwijk2016a.md,construto_outcome,568,OK,,-553,These are all indication of a bandwagon effect
Stolwijk2016a,fichamento_Stolwijk2016a.md,outcome_medida,562,OK,,-553,"Both panel waves included an official-format voting form,"
Stolwijk2016a,fichamento_Stolwijk2016a.md,outcome_medida,562,OK,,-553,could indicate their vote choice on this form
Stolwijk2016a,fichamento_Stolwijk2016a.md,mecanismo_id,554,OK,,-553,Results show that anxiety and enthusiasm
Stolwijk2016a,fichamento_Stolwijk2016a.md,mecanismo_id,554,OK,,-553,mediate the effect of poll exposure on vote choice
Stolwijk2016a,fichamento_Stolwijk2016a.md,mecanismo_tipo_evidencia,567,OK,,-553,Possible mediation effects of emotions and party ratings were calculated
Stolwijk2016a,fichamento_Stolwijk2016a.md,mecanismo_descricao,560,OK,,-553,feeling more enthusiastic about a party in response to polls
Stolwijk2016a,fichamento_Stolwijk2016a.md,mecanismo_descricao,560,OK,,-553,"should increase the likelihood of voting for it, while feeling more anxious"
Stolwijk2016a,fichamento_Stolwijk2016a.md,moderador_id,566,OK,,-553,"well as for gender, education, and age"
Stolwijk2016a,fichamento_Stolwijk2016a.md,het_metodo,566,OK,,-553,"well as for gender, education, and age"
Stolwijk2016a,fichamento_Stolwijk2016a.md,limitacoes_autores,569,OK,,-553,Determining causality for the mediators is more difficult.
Stolwijk2016a,fichamento_Stolwijk2016a.md,limitacoes_autores,570,OK,,-553,polls to which individuals were exposed during the campaign
Stolwijk2016a,fichamento_Stolwijk2016a.md,b2_estrategia_identificacao,560,OK,,-553,poll reports during the campaign on top of preexisting feelings
Stolwijk2016a,fichamento_Stolwijk2016a.md,b2_estrategia_identificacao,566,OK,,-553,logistic regression analysis was performed predicting vote choice
Stolwijk2016a,fichamento_Stolwijk2016a.md,b2_hipoteses_testes,560,OK,,-553,"As media exposure itself could be a confounder,"
Stolwijk2016a,fichamento_Stolwijk2016a.md,b2_hipoteses_testes,566,OK,,-553,Similar results are obtained if this model is estimated as a cross-classified
Stolwijk2016a,fichamento_Stolwijk2016a.md,b2_estimador,567,OK,,-553,Results of a Logistic Regression Predicting Vote Choice by Poll Exposure
Stolwijk2016a,fichamento_Stolwijk2016a.md,b2_estimando,569,OK,,-553,Studying poll effects necessitates dealing with issues of causality as polls
Stolwijk2016a,fichamento_Stolwijk2016a.md,b2_estimando,560,OK,,-553,poll reports during the campaign on top of preexisting feelings
Stolwijk2016a,fichamento_Stolwijk2016a.md,b2_nivel_atribuicao_cluster,567,OK,,-553,cluster robust standard errors (respondent)
Stolwijk2016a,fichamento_Stolwijk2016a.md,b2_nivel_atribuicao_cluster,565,OK,,-553,so each participant is included six times
Stolwijk2016a,fichamento_Stolwijk2016a.md,b2_n_total,561,OK,,-553,"set of 6,384 cases representing all possible combinations"
Stolwijk2016a,fichamento_Stolwijk2016a.md,b2_controles,566,OK,,-553,"precampaign vote intention, party rating, anxiety, and enthusiasm"
Stolwijk2016a,fichamento_Stolwijk2016a.md,b2_controles,566,OK,,-553,"well as for gender, education, and age"
Stolwijk2016a,fichamento_Stolwijk2016a.md,b2_dp_y_tipo,567,OK,,-553,"cluster robust standard errors (respondent), Pseudo R square"
Stolwijk2016a,fichamento_Stolwijk2016a.md,b2_teste_falsificacao,566,OK,,-553,Similar results are obtained if this model is estimated as a cross-classified
Stolwijk2016a,fichamento_Stolwijk2016a.md,b2_modelo_principal,567,OK,,-553,Results of a Logistic Regression Predicting Vote Choice by Poll Exposure
Stolwijk2016a,fichamento_Stolwijk2016a.md,b2_modelo_principal,566,OK,,-553,The table shows how the poll exposure index significantly
Stolwijk2016a,fichamento_Stolwijk2016a.md,b2_criterio_modelo_principal,566,OK,,-553,The table shows how the poll exposure index significantly
Stolwijk2016a,fichamento_Stolwijk2016a.md,b2_direcao_estimativa_principal,568,OK,,-553,These are all indication of a bandwagon effect
Stolwijk2016a,fichamento_Stolwijk2016a.md,b2_direcao_estimativa_principal,568,OK,,-553,parties doing better in the polls more often than those doing worse
Stolwijk2016a,fichamento_Stolwijk2016a.md,b2_significancia_05,566,OK,,-553,The table shows how the poll exposure index significantly
Stolwijk2016a,fichamento_Stolwijk2016a.md,b2_significancia_05,566,OK,,-553,"predicts voting for a party, together with precampaign vote intention"
Stolwijk2016a,fichamento_Stolwijk2016a.md,b2_interpretacao_autores,571,OK,,-553,is indeed a bandwagon effect in real election campaigns
Stolwijk2016a,fichamento_Stolwijk2016a.md,regiao,560,OK,,-553,the 2013 German Bundestag election campaign in combination
Stolwijk2016a,fichamento_Stolwijk2016a.md,tipo_eleicao,562,OK,,-553,"one for a national party list (Zweitstimme), the second vote"
Stolwijk2016a,fichamento_Stolwijk2016a.md,sistema_eleitoral,562,OK,,-553,two votes: one for a regional candidate to be elected
Stolwijk2016a,fichamento_Stolwijk2016a.md,sistema_eleitoral,562,OK,,-553,"one for a national party list (Zweitstimme), the second vote"
Stolwijk2016a,fichamento_Stolwijk2016a.md,desenho_fino,560,OK,,-553,tested using a two-wave panel survey at the start and
Stolwijk2016a,fichamento_Stolwijk2016a.md,realismo_contexto,562,OK,,-553,exactly resembling the layout as was used in the elections
Stolwijk2016a,fichamento_Stolwijk2016a.md,realismo_contexto,561,OK,,-553,"the six major parties: CDU/CSU, SPD, FDP, LINKE,"
Stolwijk2016a,fichamento_Stolwijk2016a.md,ano_eleicao,560,OK,,-553,the 2013 German Bundestag election campaign in combination
Stolwijk2016a,fichamento_Stolwijk2016a.md,comparador_tipo,562,OK,,-553,as it compares whether more positive (negative) poll exposure increases the
Stolwijk2016a,fichamento_Stolwijk2016a.md,nivel_desfecho,561,OK,,-553,The second wave was fielded the day
Stolwijk2016a,fichamento_Stolwijk2016a.md,nivel_desfecho,562,OK,,-553,could indicate their vote choice on this form
Stolwijk2016a,fichamento_Stolwijk2016a.md,mecanismo_testado,567,OK,,-553,Possible mediation effects of emotions and party ratings were calculated
Stolwijk2016a,fichamento_Stolwijk2016a.md,moderadores_relatados,566,OK,,-553,"well as for gender, education, and age"
Stolwijk2016a,fichamento_Stolwijk2016a.md,alvo_efeito,556,OK,,-553,the bandwagon concept will be broadened to include all such winning
Stolwijk2016a,fichamento_Stolwijk2016a.md,n_competidores,561,OK,,-553,"the six major parties: CDU/CSU, SPD, FDP, LINKE,"
Stolwijk2016a,fichamento_Stolwijk2016a.md,ajuste_mediador,566,OK,,-553,"precampaign vote intention, party rating, anxiety, and enthusiasm"
Stolwijk2019b,fichamento_Stolwijk2019b.md,titulo,341,OK,,-339,More interest in interest: Does poll coverage help or hurt
Stolwijk2019b,fichamento_Stolwijk2019b.md,ano,341,OK,,-339,"European Union Politics 2019, Vol. 20(3)"
Stolwijk2019b,fichamento_Stolwijk2019b.md,tipo_publicacao,341,OK,,-339,Article
Stolwijk2019b,fichamento_Stolwijk2019b.md,tipo_publicacao,351,OK,,-339,Logistic regression of poll exposure on turnout
Stolwijk2019b,fichamento_Stolwijk2019b.md,idioma,341,OK,,-339,"Turnout in second-order elections, like those for the European"
Stolwijk2019b,fichamento_Stolwijk2019b.md,pais_estudo,348,OK,,-339,A four-wave panel survey was carried out in the Netherlands
Stolwijk2019b,fichamento_Stolwijk2019b.md,tipo_estudo,342,OK,,-339,This study evaluates the effect of poll exposure on turnout
Stolwijk2019b,fichamento_Stolwijk2019b.md,problema_pesquisa,342,OK,,-339,Does poll coverage help or hurt efforts to make more young
Stolwijk2019b,fichamento_Stolwijk2019b.md,unidade_analise,348,OK,,-339,A total of 1433 respondents participated in wave 1
Stolwijk2019b,fichamento_Stolwijk2019b.md,unidade_analise,352,OK,,-339,using standard errors clustered on the individual
Stolwijk2019b,fichamento_Stolwijk2019b.md,populacao,343,OK,,-339,These young adults (aged from 18 to 19) were allowed to vote
Stolwijk2019b,fichamento_Stolwijk2019b.md,periodo_dados,348,OK,,-339,Fieldwork dates were 13 December 2013 to 19 January 2014
Stolwijk2019b,fichamento_Stolwijk2019b.md,periodo_dados,348,OK,,-339,26 May to 9 June 2014 for the fourth wave
Stolwijk2019b,fichamento_Stolwijk2019b.md,fonte_dados,343,OK,,-339,Within our own survey the average campaign interest among young voters
Stolwijk2019b,fichamento_Stolwijk2019b.md,intervencao_descricao,350,OK,,-339,whether or not opinion poll results were seen in the last
Stolwijk2019b,fichamento_Stolwijk2019b.md,intervencao_descricao,357,OK,,-339,it was decided to recode this into exposure to
Stolwijk2019b,fichamento_Stolwijk2019b.md,familia_intervencao,347,OK,,-339,In their decision to cover pre-election polls journalists suggest that
Stolwijk2019b,fichamento_Stolwijk2019b.md,familia_intervencao,341,OK,,-339,exposure to polls in election coverage predominantly stimulates interest
Stolwijk2019b,fichamento_Stolwijk2019b.md,comparador,350,OK,,-339,the difference in turnout between those who did and did not
Stolwijk2019b,fichamento_Stolwijk2019b.md,construto_outcome,349,OK,,-339,Turnout was measured directly after the elections (wave 4) by asking respondents
Stolwijk2019b,fichamento_Stolwijk2019b.md,outcome_medida,349,OK,,-339,Turnout was measured directly after the elections (wave 4) by asking respondents
Stolwijk2019b,fichamento_Stolwijk2019b.md,outcome_medida,357,OK,,-339,Self-reported turnout is prone to over-reporting
Stolwijk2019b,fichamento_Stolwijk2019b.md,mecanismo_id,341,OK,,-339,compares five pathways in which exposure to poll coverage can affect turnout
Stolwijk2019b,fichamento_Stolwijk2019b.md,mecanismo_tipo_evidencia,341,OK,,-339,The mediation analyses are combined with Covariate Balancing Propensity Score
Stolwijk2019b,fichamento_Stolwijk2019b.md,mecanismo_tipo_evidencia,353,OK,,-339,campaign interest is the dominant mediator
Stolwijk2019b,fichamento_Stolwijk2019b.md,mecanismo_descricao,355,OK,,-339,poll coverage implicitly suggests to voters that the election is important
Stolwijk2019b,fichamento_Stolwijk2019b.md,mecanismo_descricao,343,OK,,-339,this higher interest in turn increases their odds of voting
Stolwijk2019b,fichamento_Stolwijk2019b.md,moderador_id,353,OK,,-339,The ﬁnal hypothesis (H7) speciﬁed a moderation effect of initial information
Stolwijk2019b,fichamento_Stolwijk2019b.md,moderador_descricao,353,OK,,-339,being exposed to poll reports did little to interest them
Stolwijk2019b,fichamento_Stolwijk2019b.md,moderador_descricao,352,OK,,-339,did not differ in their interest for the campaign
Stolwijk2019b,fichamento_Stolwijk2019b.md,het_metodo,351,OK,,-339,Table 2 reports the interaction effects of party rating and self-reported
Stolwijk2019b,fichamento_Stolwijk2019b.md,het_pre_especificada,348,OK,,-339,is stronger for those with higher levels of information
Stolwijk2019b,fichamento_Stolwijk2019b.md,efeitos_nao_intencionais,346,OK,,-339,Exposure to favorable poll coverage for a favored party decreases turnout
Stolwijk2019b,fichamento_Stolwijk2019b.md,efeitos_nao_intencionais,353,OK,,-339,The path through campaign cynicism is negative
Stolwijk2019b,fichamento_Stolwijk2019b.md,limitacoes_autores,357,OK,,-339,Self-reported turnout is prone to over-reporting
Stolwijk2019b,fichamento_Stolwijk2019b.md,limitacoes_autores,355,OK,,-339,We encourage future research to directly measure how voters perceive the
Stolwijk2019b,fichamento_Stolwijk2019b.md,b2_estrategia_identificacao,349,OK,,-339,To address this problem various matching procedures are being developed
Stolwijk2019b,fichamento_Stolwijk2019b.md,b2_estrategia_identificacao,341,OK,,-339,The mediation analyses are combined with Covariate Balancing Propensity Score
Stolwijk2019b,fichamento_Stolwijk2019b.md,b2_hipoteses_testes,349,OK,,-339,If certain characteristics predict whether an individual takes the treatment
Stolwijk2019b,fichamento_Stolwijk2019b.md,b2_hipoteses_testes,349,OK,,-339,see the Online appendix for a full list of the estimates
Stolwijk2019b,fichamento_Stolwijk2019b.md,b2_estimador,351,OK,,-339,Logistic regression of poll exposure on turnout
Stolwijk2019b,fichamento_Stolwijk2019b.md,b2_estimando,349,OK,,-339,selection effects are likely to play a large role
Stolwijk2019b,fichamento_Stolwijk2019b.md,b2_estimando,349,OK,,-339,To address this problem various matching procedures are being developed
Stolwijk2019b,fichamento_Stolwijk2019b.md,b2_nivel_atribuicao_cluster,352,OK,,-339,using standard errors clustered on the individual
Stolwijk2019b,fichamento_Stolwijk2019b.md,b2_n_total,341,OK,,-339,Analyses of a four-wave panel survey of young voters (N ¼ 747)
Stolwijk2019b,fichamento_Stolwijk2019b.md,b2_controles,351,OK,,-339,Propensity to see polls
Stolwijk2019b,fichamento_Stolwijk2019b.md,b2_controles,351,OK,,-339,"The covariates used are: age, education, gender, income, interest in opinion polls"
Stolwijk2019b,fichamento_Stolwijk2019b.md,b2_teste_falsificacao,357,OK,,-339,rerun this model on an imputed dataset and found similar results
Stolwijk2019b,fichamento_Stolwijk2019b.md,b2_modelo_principal,351,OK,,-339,Logistic regression of poll exposure on turnout
Stolwijk2019b,fichamento_Stolwijk2019b.md,b2_modelo_principal,351,OK,,-339,The more precise CBPS approach for correcting sample composition
Stolwijk2019b,fichamento_Stolwijk2019b.md,b2_criterio_modelo_principal,351,OK,,-339,The more precise CBPS approach for correcting sample composition
Stolwijk2019b,fichamento_Stolwijk2019b.md,b2_criterio_modelo_principal,349,OK,,-339,The CBPS method is most suitable for this purpose
Stolwijk2019b,fichamento_Stolwijk2019b.md,b2_direcao_estimativa_principal,351,OK,,-339,being exposed to polls increases the predicted probability of turnout
Stolwijk2019b,fichamento_Stolwijk2019b.md,b2_significancia_05,350,OK,,-339,All models estimate the effect to be signiﬁcant at p < 0.01
Stolwijk2019b,fichamento_Stolwijk2019b.md,b2_interpretacao_autores,354,OK,,-339,Poll exposure has a positive effect on turnout for young voters
Stolwijk2019b,fichamento_Stolwijk2019b.md,regiao,348,OK,,-339,A four-wave panel survey was carried out in the Netherlands
Stolwijk2019b,fichamento_Stolwijk2019b.md,tipo_eleicao,350,OK,,-339,elections to the European Parliament will be held
Stolwijk2019b,fichamento_Stolwijk2019b.md,sistema_eleitoral,346,OK,,-339,nation-tiered proportional system of voting which obscures the direct relation
Stolwijk2019b,fichamento_Stolwijk2019b.md,desenho_fino,348,OK,,-339,A four-wave panel survey was carried out in the Netherlands
Stolwijk2019b,fichamento_Stolwijk2019b.md,realismo_contexto,343,OK,,-339,to vote for the ﬁrst time in the 2014 EP elections
Stolwijk2019b,fichamento_Stolwijk2019b.md,ano_eleicao,343,OK,,-339,to vote for the ﬁrst time in the 2014 EP elections
Stolwijk2019b,fichamento_Stolwijk2019b.md,comparador_tipo,350,OK,,-339,the difference in turnout between those who did and did not
Stolwijk2019b,fichamento_Stolwijk2019b.md,nivel_desfecho,349,OK,,-339,Turnout was measured directly after the elections (wave 4) by asking respondents
Stolwijk2019b,fichamento_Stolwijk2019b.md,mecanismo_testado,341,OK,,-339,"bandwagon voting, strategic turnout, increased information efficacy, campaign cynicism"
Stolwijk2019b,fichamento_Stolwijk2019b.md,mecanismo_testado,341,OK,,-339,compares five pathways in which exposure to poll coverage can affect turnout
Stolwijk2019b,fichamento_Stolwijk2019b.md,moderadores_relatados,350,OK,,-339,Party rating was measured in all waves for each party
Stolwijk2019b,fichamento_Stolwijk2019b.md,moderadores_relatados,354,OK,,-339,Moderation effects of information efficacy on the mediating effect
Stolwijk2019b,fichamento_Stolwijk2019b.md,ajuste_mediador,351,OK,,-339,Propensity to see polls
Stolwijk2019b,fichamento_Stolwijk2019b.md,ajuste_mediador,351,OK,,-339,"The covariates used are: age, education, gender, income, interest in opinion polls"
Tal2015a,fichamento_Tal2015a.md,titulo,665,OK,,-664,A Study of Human Behavior in Online Voting
Tal2015a,fichamento_Tal2015a.md,ano,665,OK,,-664,"Systems (AAMAS 2015), Bordini, Elkind, Weiss, Yolum"
Tal2015a,fichamento_Tal2015a.md,tipo_publicacao,665,OK,,-664,Appears in: Proceedings of the 14th International
Tal2015a,fichamento_Tal2015a.md,idioma,665,OK,,-664,Plurality voting is perhaps the most commonly used way
Tal2015a,fichamento_Tal2015a.md,pais_estudo,669,OK,,-664,recruited using Amazon mechanical Turk (all from the U.S.)
Tal2015a,fichamento_Tal2015a.md,tipo_estudo,667,OK,,-664,Our methodology consisted of behavioral experiments involving people
Tal2015a,fichamento_Tal2015a.md,tipo_estudo,669,OK,,-664,Each game sampled a random poll configuration from the 12
Tal2015a,fichamento_Tal2015a.md,problema_pesquisa,665,OK,,-664,The purpose of this paper is to provide a comprehensive study
Tal2015a,fichamento_Tal2015a.md,unidade_analise,669,OK,,-664,Each game in this class included a single human subject.
Tal2015a,fichamento_Tal2015a.md,populacao,669,OK,,-664,The subjects for all experiments were recruited using Amazon mechanical Turk
Tal2015a,fichamento_Tal2015a.md,fonte_dados,666,OK,,-664,We conducted an extensive empirical study in which over
Tal2015a,fichamento_Tal2015a.md,intervencao_descricao,667,OK,,-664,A pre-election poll in the form of a voting profile
Tal2015a,fichamento_Tal2015a.md,intervencao_descricao,668,OK,,-664,a poll was generated using the following three parameters
Tal2015a,fichamento_Tal2015a.md,familia_intervencao,667,OK,,-664,the participant observes a pre-election poll prior to casting her vote
Tal2015a,fichamento_Tal2015a.md,comparador,670,OK,,-664,"in which the qi coincided with the poll leader, or coincided"
Tal2015a,fichamento_Tal2015a.md,comparador,670,OK,,-664,we controlled the conditions of gap-leader and gap-last
Tal2015a,fichamento_Tal2015a.md,construto_outcome,672,OK,,-664,people demonstrate moderate but clear bias towards voting for the leader
Tal2015a,fichamento_Tal2015a.md,outcome_medida,667,OK,,-664,The first voting game allows each participant to vote (only once)
Tal2015a,fichamento_Tal2015a.md,outcome_medida,670,OK,,-664,voted for their most-preferred candidate when it coincided with the leader
Tal2015a,fichamento_Tal2015a.md,mecanismo_id,670,OK,,-664,it reduces the chance of the worst outcome
Tal2015a,fichamento_Tal2015a.md,mecanismo_id,672,OK,,-664,A possible explanation is that voting for the leader is perceived
Tal2015a,fichamento_Tal2015a.md,mecanismo_tipo_evidencia,670,OK,,-664,we controlled the conditions of gap-leader and gap-last
Tal2015a,fichamento_Tal2015a.md,mecanismo_tipo_evidencia,672,OK,,-664,"such as candidate’s scores in the poll, are largely ignored"
Tal2015a,fichamento_Tal2015a.md,mecanismo_descricao,670,OK,,-664,it reduces the chance of the worst outcome
Tal2015a,fichamento_Tal2015a.md,mecanismo_descricao,672,OK,,-664,does not require cognitive effort
Tal2015a,fichamento_Tal2015a.md,moderador_id,670,OK,,-664,"the distinction between groups A, B and C was consistent"
Tal2015a,fichamento_Tal2015a.md,moderador_id,670,OK,,-664,very similar qualitative and quantitative patterns in the other two conditions
Tal2015a,fichamento_Tal2015a.md,moderador_descricao,670,OK,,-664,The effect of gap-last was stronger (statistically significant) for n=103
Tal2015a,fichamento_Tal2015a.md,moderador_descricao,670,OK,,-664,we focused our analysis on group C
Tal2015a,fichamento_Tal2015a.md,het_metodo,669,OK,,-664,We report our findings for the n = 1009 condition
Tal2015a,fichamento_Tal2015a.md,het_metodo,670,OK,,-664,Thus the remaining results in this section refer to group C only.
Tal2015a,fichamento_Tal2015a.md,het_pre_especificada,669,OK,,-664,We hypothesized the following:
Tal2015a,fichamento_Tal2015a.md,het_pre_especificada,669,OK,,-664,The number of voters n has no effect on behavior.
Tal2015a,fichamento_Tal2015a.md,efeitos_nao_intencionais,666,OK,,-664,of voters compromise by strategically voting for their second preferred candidate
Tal2015a,fichamento_Tal2015a.md,efeitos_nao_intencionais,672,OK,,-664,invariably decreases the expected utility
Tal2015a,fichamento_Tal2015a.md,limitacoes_autores,672,OK,,-664,its small size did not allow us to determine if this effect
Tal2015a,fichamento_Tal2015a.md,limitacoes_autores,672,OK,,-664,the range of available strategic decisions was very limited
Tal2015a,fichamento_Tal2015a.md,b2_estrategia_identificacao,669,OK,,-664,Each game sampled a random poll configuration from the 12
Tal2015a,fichamento_Tal2015a.md,b2_estrategia_identificacao,669,OK,,-664,the subject was assigned a random preference order over the candidates
Tal2015a,fichamento_Tal2015a.md,b2_hipoteses_testes,670,OK,,-664,comparing the statistics of the first 10 games to those
Tal2015a,fichamento_Tal2015a.md,b2_estimador,670,OK,,-664,We observed some correlation between gap-last and compromise ratio
Tal2015a,fichamento_Tal2015a.md,b2_estimador,670,OK,,-664,voted for their most-preferred candidate when it coincided with the leader
Tal2015a,fichamento_Tal2015a.md,b2_estimando,669,OK,,-664,Each game sampled a random poll configuration from the 12
Tal2015a,fichamento_Tal2015a.md,b2_nivel_atribuicao_cluster,669,OK,,-664,In the poll game subjects played up to 20 instances
Tal2015a,fichamento_Tal2015a.md,b2_nivel_atribuicao_cluster,669,OK,,-664,Each game sampled a random poll configuration from the 12
Tal2015a,fichamento_Tal2015a.md,b2_n_total,669,OK,,-664,"1,009 966 51"
Tal2015a,fichamento_Tal2015a.md,b2_n_total,669,OK,,-664,We report our findings for the n = 1009 condition
Tal2015a,fichamento_Tal2015a.md,b2_controles,670,OK,,-664,We observed some correlation between gap-last and compromise ratio
Tal2015a,fichamento_Tal2015a.md,b2_teste_falsificacao,670,OK,,-664,comparing the statistics of the first 10 games to those
Tal2015a,fichamento_Tal2015a.md,b2_modelo_principal,670,OK,,-664,"in which the qi coincided with the poll leader, or coincided"
Tal2015a,fichamento_Tal2015a.md,b2_modelo_principal,670,OK,,-664,we present Fig. 6 which provides an analysis of voting behavior
Tal2015a,fichamento_Tal2015a.md,b2_criterio_modelo_principal,669,OK,,-664,We report our findings for the n = 1009 condition
Tal2015a,fichamento_Tal2015a.md,b2_criterio_modelo_principal,670,OK,,-664,we focused our analysis on group C
Tal2015a,fichamento_Tal2015a.md,b2_direcao_estimativa_principal,672,OK,,-664,people demonstrate moderate but clear bias towards voting for the leader
Tal2015a,fichamento_Tal2015a.md,b2_direcao_estimativa_principal,670,OK,,-664,the asymmetry indicates that subjects are also inclined to vote
Tal2015a,fichamento_Tal2015a.md,b2_significancia_05,669,OK,,-664,all results are statistically significant within the p < 0.05 range.
Tal2015a,fichamento_Tal2015a.md,b2_interpretacao_autores,672,OK,,-664,clear bias towards voting for the leader of the poll
Tal2015a,fichamento_Tal2015a.md,b2_interpretacao_autores,672,OK,,-664,"This phenomenon, known as herding has also been observed in other"
Tal2015a,fichamento_Tal2015a.md,regiao,669,OK,,-664,recruited using Amazon mechanical Turk (all from the U.S.)
Tal2015a,fichamento_Tal2015a.md,tipo_eleicao,666,OK,,-664,two interactive voting games that are devoid of context
Tal2015a,fichamento_Tal2015a.md,tipo_eleicao,667,OK,,-664,"three candidates: Red (r), Grey (g) and Blue (b)"
Tal2015a,fichamento_Tal2015a.md,sistema_eleitoral,667,OK,,-664,We use the Plurality rule to choose the winning candidates
Tal2015a,fichamento_Tal2015a.md,desenho_fino,667,OK,,-664,voters are automatically assigned a preferred ranking over the candidates
Tal2015a,fichamento_Tal2015a.md,desenho_fino,669,OK,,-664,"was set based on her preferences, as explained in Section 3"
Tal2015a,fichamento_Tal2015a.md,realismo_contexto,667,OK,,-664,voters are automatically assigned a preferred ranking over the candidates
Tal2015a,fichamento_Tal2015a.md,realismo_contexto,669,OK,,-664,"was set based on her preferences, as explained in Section 3"
Tal2015a,fichamento_Tal2015a.md,comparador_tipo,670,OK,,-664,"in which the qi coincided with the poll leader, or coincided"
Tal2015a,fichamento_Tal2015a.md,comparador_tipo,670,OK,,-664,provides an analysis of voting behavior when qi is ranked
Tal2015a,fichamento_Tal2015a.md,nivel_desfecho,667,OK,,-664,The first voting game allows each participant to vote (only once)
Tal2015a,fichamento_Tal2015a.md,nivel_desfecho,669,OK,,-664,The reward to the subject was determined solely by the
Tal2015a,fichamento_Tal2015a.md,margem_mostrada,668,OK,,-664,"This gap was set to 3%, 5% or 7%"
Tal2015a,fichamento_Tal2015a.md,margem_mostrada,669,OK,,-664,Each game sampled a random poll configuration from the 12
Tal2015a,fichamento_Tal2015a.md,mecanismo_testado,670,OK,,-664,we controlled the conditions of gap-leader and gap-last
Tal2015a,fichamento_Tal2015a.md,mecanismo_testado,672,OK,,-664,does not require cognitive effort
Tal2015a,fichamento_Tal2015a.md,moderadores_relatados,670,OK,,-664,The effect of gap-last was stronger (statistically significant) for n=103
Tal2015a,fichamento_Tal2015a.md,moderadores_relatados,670,OK,,-664,"the distinction between groups A, B and C was consistent"
Tal2015a,fichamento_Tal2015a.md,alvo_efeito,672,OK,,-664,clear bias towards voting for the leader of the poll
Tal2015a,fichamento_Tal2015a.md,alvo_efeito,670,OK,,-664,"leading the poll (bottom bar), than when it is the runner-up"
Tal2015a,fichamento_Tal2015a.md,n_competidores,667,OK,,-664,In this paper we focus on m = 3 candidates
Tal2015a,fichamento_Tal2015a.md,n_competidores,668,OK,,-664,"configured to include three candidates (Red, Grey, and"
Tal2015a,fichamento_Tal2015a.md,ajuste_mediador,670,OK,,-664,we controlled the conditions of gap-leader and gap-last
Timotei2013a,fichamento_Timotei2013a.md,titulo,1835,OK,,-1834,HOW MUCH CAN WE TRUST PUBLIC OPINION POLLS?
Timotei2013a,fichamento_Timotei2013a.md,idioma,1835,OK,,-1834,HOW MUCH CAN WE TRUST PUBLIC OPINION POLLS?
Timotei2013a,fichamento_Timotei2013a.md,pais_estudo,1840,OK,,-1834,undergraduate students from Transilvania University of Brasov
Timotei2013a,fichamento_Timotei2013a.md,pais_estudo,1836,OK,,-1834,In June 2012 in Romania took place local elections
Timotei2013a,fichamento_Timotei2013a.md,tipo_estudo,1842,OK,,-1834,Two groups (40 people) were the control groups.
Timotei2013a,fichamento_Timotei2013a.md,tipo_estudo,1843,OK,,-1834,Pearson's chi-squared test showed that we can reject the alternative hypothesis
Timotei2013a,fichamento_Timotei2013a.md,problema_pesquisa,1837,OK,,-1834,determine if opinion polls influence or change voter’s intentions and behaviour
Timotei2013a,fichamento_Timotei2013a.md,problema_pesquisa,1835,OK,,-1834,to determine whether we can influence subject’s voting choices by manipulating
Timotei2013a,fichamento_Timotei2013a.md,unidade_analise,1842,OK,,-1834,The subjects were divided into six groups of 20 people.
Timotei2013a,fichamento_Timotei2013a.md,populacao,1840,OK,,-1834,undergraduate students from Transilvania University of Brasov from all years of study
Timotei2013a,fichamento_Timotei2013a.md,populacao,1842,OK,,-1834,The sampling has been done by randomly selecting students from a list
Timotei2013a,fichamento_Timotei2013a.md,periodo_dados,1842,OK,,-1834,The experiment took place in the first two weeks from February 2013.
Timotei2013a,fichamento_Timotei2013a.md,fonte_dados,1835,OK,,-1834,I designed two experiments
Timotei2013a,fichamento_Timotei2013a.md,fonte_dados,1842,OK,,-1834,Source: My own research
Timotei2013a,fichamento_Timotei2013a.md,intervencao_descricao,1842,OK,,-1834,information about the expected winner supposedly from a recent national opinion poll
Timotei2013a,fichamento_Timotei2013a.md,intervencao_descricao,1842,OK,,-1834,We assume that are only two candidates left.
Timotei2013a,fichamento_Timotei2013a.md,familia_intervencao,1842,OK,,-1834,information about the expected winner supposedly from a recent national opinion poll
Timotei2013a,fichamento_Timotei2013a.md,comparador,1842,OK,,-1834,They were given a standard questioner of 45 questions without any alteration
Timotei2013a,fichamento_Timotei2013a.md,construto_outcome,1841,OK,,-1834,previous polls have any influence on voter’s intentions and behaviour
Timotei2013a,fichamento_Timotei2013a.md,construto_outcome,1842,OK,,-1834,candidate A is the expected winner of the next elections
Timotei2013a,fichamento_Timotei2013a.md,outcome_medida,1843,OK,,-1834,If presidential elections took place next Sunday which of the following
Timotei2013a,fichamento_Timotei2013a.md,outcome_medida,1842,OK,,-1834,in favour of candidate A has increase from 40% to 46%
Timotei2013a,fichamento_Timotei2013a.md,mecanismo_id,1841,OK,,-1834,doesn't want to be in minority and this is called bandwagon effect
Timotei2013a,fichamento_Timotei2013a.md,mecanismo_tipo_evidencia,1843,OK,,-1834,This is due to the so-called bandwagon effect.
Timotei2013a,fichamento_Timotei2013a.md,mecanismo_tipo_evidencia,1841,OK,,-1834,go with the majority or the group that has more followers
Timotei2013a,fichamento_Timotei2013a.md,mecanismo_descricao,1841,OK,,-1834,go with the majority or the group that has more followers
Timotei2013a,fichamento_Timotei2013a.md,mecanismo_descricao,1843,OK,,-1834,Bandwagon effect combined with spiral of silence can change some voter’s opinions
Timotei2013a,fichamento_Timotei2013a.md,efeitos_nao_intencionais,1837,OK,,-1834,they can probably engineer almost any result you wish
Timotei2013a,fichamento_Timotei2013a.md,efeitos_nao_intencionais,1843,OK,,-1834,it also makes it very hard to quantify on opinion polls
Timotei2013a,fichamento_Timotei2013a.md,limitacoes_autores,1843,OK,,-1834,limitations of this study are given by the low number of respondents
Timotei2013a,fichamento_Timotei2013a.md,limitacoes_autores,1843,OK,,-1834,the sampling hasn’t been done using a probabilistic method
Timotei2013a,fichamento_Timotei2013a.md,b2_estrategia_identificacao,1842,OK,,-1834,The sampling has been done by randomly selecting students from a list
Timotei2013a,fichamento_Timotei2013a.md,b2_estrategia_identificacao,1842,OK,,-1834,Two groups (40 people) were the control groups.
Timotei2013a,fichamento_Timotei2013a.md,b2_estimador,1842,OK,,-1834,the results were analysed using SPSS software and Microsoft Office Excel
Timotei2013a,fichamento_Timotei2013a.md,b2_estimador,1843,OK,,-1834,Pearson's chi-squared test showed that we can reject the alternative hypothesis
Timotei2013a,fichamento_Timotei2013a.md,b2_estimando,1842,OK,,-1834,The sampling has been done by randomly selecting students from a list
Timotei2013a,fichamento_Timotei2013a.md,b2_estimando,1842,OK,,-1834,Two groups (40 people) were the control groups.
Timotei2013a,fichamento_Timotei2013a.md,b2_nivel_atribuicao_cluster,1842,OK,,-1834,The subjects were divided into six groups of 20 people.
Timotei2013a,fichamento_Timotei2013a.md,b2_n_total,1840,OK,,-1834,The numbers of participants in this study is 120
Timotei2013a,fichamento_Timotei2013a.md,b2_controles,1842,OK,,-1834,the results were analysed using SPSS software and Microsoft Office Excel
Timotei2013a,fichamento_Timotei2013a.md,b2_modelo_principal,1842,OK,,-1834,Figure 8: Answers from the group A
Timotei2013a,fichamento_Timotei2013a.md,b2_modelo_principal,1843,OK,,-1834,Figure 9: Answers from the group B
Timotei2013a,fichamento_Timotei2013a.md,b2_criterio_modelo_principal,1843,OK,,-1834,the way people will vote with a percentage from 3% to 6%
Timotei2013a,fichamento_Timotei2013a.md,b2_direcao_estimativa_principal,1842,OK,,-1834,in favour of candidate A has increase from 40% to 46%
Timotei2013a,fichamento_Timotei2013a.md,b2_direcao_estimativa_principal,1842,OK,,-1834,in favour of candidate B has increase from 59% to 62%
Timotei2013a,fichamento_Timotei2013a.md,b2_significancia_05,1843,OK,,-1834,Pearson's chi-squared test showed that we can reject the alternative hypothesis
Timotei2013a,fichamento_Timotei2013a.md,b2_interpretacao_autores,1843,OK,,-1834,this methods of manipulation works very well
Timotei2013a,fichamento_Timotei2013a.md,b2_interpretacao_autores,1843,OK,,-1834,This is due to the so-called bandwagon effect.
Timotei2013a,fichamento_Timotei2013a.md,regiao,1840,OK,,-1834,undergraduate students from Transilvania University of Brasov
Timotei2013a,fichamento_Timotei2013a.md,regiao,1836,OK,,-1834,In June 2012 in Romania took place local elections
Timotei2013a,fichamento_Timotei2013a.md,tipo_eleicao,1842,OK,,-1834,candidate A is the expected winner of the next elections
Timotei2013a,fichamento_Timotei2013a.md,tipo_eleicao,1843,OK,,-1834,If presidential elections took place next Sunday which of the following
Timotei2013a,fichamento_Timotei2013a.md,desenho_fino,1842,OK,,-1834,complete a normal questioner about politics as part of a survey
Timotei2013a,fichamento_Timotei2013a.md,desenho_fino,1842,OK,,-1834,The subjects were divided into six groups of 20 people.
Timotei2013a,fichamento_Timotei2013a.md,realismo_contexto,1842,OK,,-1834,We assume that are only two candidates left.
Timotei2013a,fichamento_Timotei2013a.md,realismo_contexto,1842,OK,,-1834,candidate A is the expected winner of the next elections
Timotei2013a,fichamento_Timotei2013a.md,ano_eleicao,1842,OK,,-1834,The experiment took place in the first two weeks from February 2013.
Timotei2013a,fichamento_Timotei2013a.md,comparador_tipo,1842,OK,,-1834,They were given a standard questioner of 45 questions without any alteration
Timotei2013a,fichamento_Timotei2013a.md,nivel_desfecho,1843,OK,,-1834,If presidential elections took place next Sunday which of the following
Timotei2013a,fichamento_Timotei2013a.md,alvo_efeito,1842,OK,,-1834,candidate A is the expected winner of the next elections
Timotei2013a,fichamento_Timotei2013a.md,alvo_efeito,1842,OK,,-1834,in favour of candidate A has increase from 40% to 46%
Timotei2013a,fichamento_Timotei2013a.md,n_competidores,1842,OK,,-1834,We assume that are only two candidates left.
Timotei2013a,fichamento_Timotei2013a.md,ajuste_mediador,1842,OK,,-1834,the results were analysed using SPSS software and Microsoft Office Excel
Tyszler2013,fichamento_Tyszler2013.md,titulo,624,OK,,-623,Strategic Voting in Heterogeneous Electorates
Tyszler2013,fichamento_Tyszler2013.md,ano,624,OK,,-623,Published: 11 November 2013
Tyszler2013,fichamento_Tyszler2013.md,tipo_publicacao,624,OK,,-623,Article
Tyszler2013,fichamento_Tyszler2013.md,idioma,624,OK,,-623,voters choose from three options
Tyszler2013,fichamento_Tyszler2013.md,pais_estudo,634,OK,,-623,laboratory at the University of Amsterdam in June 2009
Tyszler2013,fichamento_Tyszler2013.md,tipo_estudo,633,OK,,-623,We vary information across treatments in a between-subject design
Tyszler2013,fichamento_Tyszler2013.md,problema_pesquisa,626,OK,,-623,This is the main question we will pursue here
Tyszler2013,fichamento_Tyszler2013.md,unidade_analise,634,OK,,-623,electorate as the unit of observation
Tyszler2013,fichamento_Tyszler2013.md,populacao,634,OK,,-623,laboratory at the University of Amsterdam in June 2009
Tyszler2013,fichamento_Tyszler2013.md,populacao,633,OK,,-623,consists of 12 voters
Tyszler2013,fichamento_Tyszler2013.md,periodo_dados,634,OK,,-623,at the University of Amsterdam in June 2009
Tyszler2013,fichamento_Tyszler2013.md,fonte_dados,633,OK,,-623,We vary information across treatments in a between-subject design
Tyszler2013,fichamento_Tyszler2013.md,fonte_dados,638,OK,,-623,Results for the homogenous case are taken from TS11
Tyszler2013,fichamento_Tyszler2013.md,intervencao_descricao,633,OK,,-623,"before casting their vote, subjects are informed about the realization"
Tyszler2013,fichamento_Tyszler2013.md,intervencao_descricao,633,OK,,-623,"subjects know the aggregate preferences, but not the realized distribution"
Tyszler2013,fichamento_Tyszler2013.md,familia_intervencao,645,OK,,-623,you will be informed how many participants in your electorate
Tyszler2013,fichamento_Tyszler2013.md,comparador,633,OK,,-623,all that the subjects know when deciding whether or not to vote
Tyszler2013,fichamento_Tyszler2013.md,construto_outcome,634,OK,,-623,that the candidate with the largest sincere support wins an election
Tyszler2013,fichamento_Tyszler2013.md,outcome_medida,628,OK,,-623,a strategic vote as a vote for one’s second best option
Tyszler2013,fichamento_Tyszler2013.md,outcome_medida,635,OK,,-623,the fraction of elections won by the majoritarian candidate
Tyszler2013,fichamento_Tyszler2013.md,mecanismo_id,626,OK,,-623,"when the complexity of the environment increases, voters are more likely"
Tyszler2013,fichamento_Tyszler2013.md,mecanismo_tipo_evidencia,626,OK,,-623,allows us to isolate the effects of the two types of information
Tyszler2013,fichamento_Tyszler2013.md,mecanismo_descricao,627,OK,,-623,use this to calculate the probability of being pivotal
Tyszler2013,fichamento_Tyszler2013.md,mecanismo_descricao,626,OK,,-623,to replace rather complicated strategies by more simple heuristics
Tyszler2013,fichamento_Tyszler2013.md,moderador_id,638,OK,,-623,"voting for each Rank-Type, grouped by the value of the intermediate option"
Tyszler2013,fichamento_Tyszler2013.md,moderador_descricao,638,OK,,-623,"voting for each Rank-Type, grouped by the value of the intermediate option"
Tyszler2013,fichamento_Tyszler2013.md,moderador_descricao,638,OK,,-623,Rank 3rd voters are most likely to vote strategically
Tyszler2013,fichamento_Tyszler2013.md,het_metodo,635,OK,,-623,grouped by value of the intermediate option
Tyszler2013,fichamento_Tyszler2013.md,het_pre_especificada,632,OK,,-623,behavioral predictions will be tested
Tyszler2013,fichamento_Tyszler2013.md,het_pre_especificada,632,OK,,-623,Rank 3rd voters vote more strategically than other Rank-Types
Tyszler2013,fichamento_Tyszler2013.md,efeitos_nao_intencionais,638,OK,,-623,Rank 3rd voters are most likely to vote strategically
Tyszler2013,fichamento_Tyszler2013.md,limitacoes_autores,640,OK,,-623,their robustness to increased electorate size and different subject pools
Tyszler2013,fichamento_Tyszler2013.md,b2_estrategia_identificacao,633,OK,,-623,We vary information across treatments in a between-subject design
Tyszler2013,fichamento_Tyszler2013.md,b2_estrategia_identificacao,634,OK,,-623,17 independent electorates
Tyszler2013,fichamento_Tyszler2013.md,b2_hipoteses_testes,633,OK,,-623,making it possible to directly compare across groups
Tyszler2013,fichamento_Tyszler2013.md,b2_hipoteses_testes,634,OK,,-623,sub-groups of voters within the same electorate are not independent
Tyszler2013,fichamento_Tyszler2013.md,b2_estimador,634,OK,,-623,Statistical tests are non-parametric
Tyszler2013,fichamento_Tyszler2013.md,b2_estimando,633,OK,,-623,We vary information across treatments in a between-subject design
Tyszler2013,fichamento_Tyszler2013.md,b2_nivel_atribuicao_cluster,634,OK,,-623,electorate as the unit of observation
Tyszler2013,fichamento_Tyszler2013.md,b2_nivel_atribuicao_cluster,634,OK,,-623,sub-groups of voters within the same electorate are not independent
Tyszler2013,fichamento_Tyszler2013.md,b2_n_total,634,OK,,-623,"204 subjects11 participated, allowing for"
Tyszler2013,fichamento_Tyszler2013.md,b2_n_total,634,OK,,-623,17 independent electorates
Tyszler2013,fichamento_Tyszler2013.md,b2_controles,634,OK,,-623,Statistical tests are non-parametric
Tyszler2013,fichamento_Tyszler2013.md,b2_modelo_principal,638,OK,,-623,this average is higher with information
Tyszler2013,fichamento_Tyszler2013.md,b2_modelo_principal,635,OK,,-623,the fraction of elections won by the majoritarian candidate
Tyszler2013,fichamento_Tyszler2013.md,b2_criterio_modelo_principal,634,OK,,-623,is the behavioral effect of heterogeneity on the level of strategic voting
Tyszler2013,fichamento_Tyszler2013.md,b2_direcao_estimativa_principal,638,OK,,-623,this average is higher with information
Tyszler2013,fichamento_Tyszler2013.md,b2_significancia_05,638,OK,,-623,The differences are statistically significant
Tyszler2013,fichamento_Tyszler2013.md,b2_interpretacao_autores,639,OK,,-623,more strategic voting occurs with information than without
Tyszler2013,fichamento_Tyszler2013.md,b2_interpretacao_autores,626,OK,,-623,heterogeneity seems to decrease the level of strategic voting
Tyszler2013,fichamento_Tyszler2013.md,regiao,634,OK,,-623,laboratory at the University of Amsterdam in June 2009
Tyszler2013,fichamento_Tyszler2013.md,tipo_eleicao,644,OK,,-623,"voting for one of the options: A, B or C"
Tyszler2013,fichamento_Tyszler2013.md,sistema_eleitoral,626,OK,,-623,Plurality rule determines the winner
Tyszler2013,fichamento_Tyszler2013.md,desenho_fino,633,OK,,-623,ranked first and 1 point in case it is ranked last
Tyszler2013,fichamento_Tyszler2013.md,realismo_contexto,644,OK,,-623,you will be assigned a preference ordering which will determine your earnings
Tyszler2013,fichamento_Tyszler2013.md,ano_eleicao,634,OK,,-623,at the University of Amsterdam in June 2009
Tyszler2013,fichamento_Tyszler2013.md,comparador_tipo,633,OK,,-623,all that the subjects know when deciding whether or not to vote
Tyszler2013,fichamento_Tyszler2013.md,nivel_desfecho,644,OK,,-623,each experimental point will be exchanged for euros at a rate
Tyszler2013,fichamento_Tyszler2013.md,mecanismo_testado,634,OK,,-623,information is more relevant for voting behavior
Tyszler2013,fichamento_Tyszler2013.md,mecanismo_testado,638,OK,,-623,Rank 3rd voters are most likely to vote strategically
Tyszler2013,fichamento_Tyszler2013.md,moderadores_relatados,638,OK,,-623,"voting for each Rank-Type, grouped by the value of the intermediate option"
Tyszler2013,fichamento_Tyszler2013.md,alvo_efeito,634,OK,,-623,that the candidate with the largest sincere support wins an election
Tyszler2013,fichamento_Tyszler2013.md,n_competidores,624,OK,,-623,voters choose from three options
Tyszler2013,fichamento_Tyszler2013.md,ajuste_mediador,634,OK,,-623,Statistical tests are non-parametric
Tyszler2015,fichamento_Tyszler2015.md,titulo,0,OK,,1,Information and Strategic Voting
Tyszler2015,fichamento_Tyszler2015.md,tipo_publicacao,0,OK,,1,comments on an earlier draft of this manuscript
Tyszler2015,fichamento_Tyszler2015.md,idioma,0,OK,,1,We theoretically and experimentally study voter behavior
Tyszler2015,fichamento_Tyszler2015.md,pais_estudo,13,OK,,1,run at the CREED laboratory at the University of Amsterdam
Tyszler2015,fichamento_Tyszler2015.md,tipo_estudo,3,OK,,1,We use laboratory experiments for our empirical analysis of strategic voting
Tyszler2015,fichamento_Tyszler2015.md,tipo_estudo,31,OK,,1,the results of a random effects probit regression model
Tyszler2015,fichamento_Tyszler2015.md,problema_pesquisa,1,OK,,1,we are interested in the effect on strategic voting of information
Tyszler2015,fichamento_Tyszler2015.md,unidade_analise,18,OK,,1,conduct a probit regression explaining the individual
Tyszler2015,fichamento_Tyszler2015.md,unidade_analise,18,OK,,1,choice to vote at a particular election
Tyszler2015,fichamento_Tyszler2015.md,populacao,13,OK,,1,December 2008. 288 student subjects participated in 24 independent electorates
Tyszler2015,fichamento_Tyszler2015.md,populacao,13,OK,,1,The electorate is fixed during a session and consists of 12 voters
Tyszler2015,fichamento_Tyszler2015.md,periodo_dados,13,OK,,1,December 2008. 288 student subjects participated in 24 independent electorates
Tyszler2015,fichamento_Tyszler2015.md,periodo_dados,14,OK,,1,"in August 2007, two pilot sessions were run"
Tyszler2015,fichamento_Tyszler2015.md,fonte_dados,3,OK,,1,Our QRE predictions will be tested using our experimental data
Tyszler2015,fichamento_Tyszler2015.md,intervencao_descricao,14,OK,,1,"In the informed treatments, participants know the aggregate induced"
Tyszler2015,fichamento_Tyszler2015.md,intervencao_descricao,14,OK,,1,many other voters where appointed to each of the three preference orderings
Tyszler2015,fichamento_Tyszler2015.md,familia_intervencao,6,OK,,1,possible publication of (noiseless) pre-election polls
Tyszler2015,fichamento_Tyszler2015.md,comparador,16,OK,,1,For both the uninformed and the informed cases
Tyszler2015,fichamento_Tyszler2015.md,comparador,13,OK,,1,All variations were made across subjects
Tyszler2015,fichamento_Tyszler2015.md,construto_outcome,15,OK,,1,"coordination around the Majoritarian Candidate, which wins over 93% of the elections"
Tyszler2015,fichamento_Tyszler2015.md,construto_outcome,5,OK,,1,mandatory voting allows us to focus on the voting decision
Tyszler2015,fichamento_Tyszler2015.md,outcome_medida,15,OK,,1,strategic voting (voting for the intermediate option) is highest
Tyszler2015,fichamento_Tyszler2015.md,outcome_medida,15,OK,,1,the fraction of elections where the winner was the Majoritarian Candidate
Tyszler2015,fichamento_Tyszler2015.md,mecanismo_id,21,OK,,1,information works as a coordination device around the victory
Tyszler2015,fichamento_Tyszler2015.md,mecanismo_tipo_evidencia,20,OK,,1,allowed us to study in detail who votes strategically
Tyszler2015,fichamento_Tyszler2015.md,mecanismo_tipo_evidencia,17,OK,,1,consider the variation of strategic behavior across voter types
Tyszler2015,fichamento_Tyszler2015.md,mecanismo_descricao,12,OK,,1,depends on the position of the Majoritarian Candidate in their preference
Tyszler2015,fichamento_Tyszler2015.md,mecanismo_descricao,20,OK,,1,believing that her most preferred candidate does not stand a chance
Tyszler2015,fichamento_Tyszler2015.md,moderador_id,17,OK,,1,consider the variation of strategic behavior across voter types
Tyszler2015,fichamento_Tyszler2015.md,moderador_id,31,OK,,1,between variables indicate interaction terms
Tyszler2015,fichamento_Tyszler2015.md,moderador_descricao,17,OK,,1,less strategic voting by Opposers (0.29)
Tyszler2015,fichamento_Tyszler2015.md,moderador_descricao,16,OK,,1,we observe more strategic voting when the intermediate value
Tyszler2015,fichamento_Tyszler2015.md,moderador_descricao,18,OK,,1,in this case strategic voting may simply be seen as futile
Tyszler2015,fichamento_Tyszler2015.md,het_metodo,17,OK,,1,consider the variation of strategic behavior across voter types
Tyszler2015,fichamento_Tyszler2015.md,het_metodo,31,OK,,1,between variables indicate interaction terms
Tyszler2015,fichamento_Tyszler2015.md,het_pre_especificada,13,OK,,1,we use the analysis to derive an additional three behavioral predictions
Tyszler2015,fichamento_Tyszler2015.md,efeitos_nao_intencionais,19,OK,,1,there is more strategic voting with information than without
Tyszler2015,fichamento_Tyszler2015.md,efeitos_nao_intencionais,21,OK,,1,this may create an incentive to strategically misreport preferences in a poll
Tyszler2015,fichamento_Tyszler2015.md,limitacoes_autores,21,OK,,1,a downside of using laboratory experiments is that we were
Tyszler2015,fichamento_Tyszler2015.md,limitacoes_autores,14,OK,,1,"It does reduce the learning effect, however"
Tyszler2015,fichamento_Tyszler2015.md,b2_estrategia_identificacao,13,OK,,1,All variations were made across subjects
Tyszler2015,fichamento_Tyszler2015.md,b2_estrategia_identificacao,14,OK,,1,"For each cell, we have observations from six electorates"
Tyszler2015,fichamento_Tyszler2015.md,b2_hipoteses_testes,13,OK,,1,enabling a perfect comparison across electorates
Tyszler2015,fichamento_Tyszler2015.md,b2_hipoteses_testes,31,OK,,1,sensitive to the choice of quadrature points
Tyszler2015,fichamento_Tyszler2015.md,b2_estimador,31,OK,,1,the results of a random effects probit regression model
Tyszler2015,fichamento_Tyszler2015.md,b2_estimando,13,OK,,1,All variations were made across subjects
Tyszler2015,fichamento_Tyszler2015.md,b2_estimando,14,OK,,1,"In the informed treatments, participants know the aggregate induced"
Tyszler2015,fichamento_Tyszler2015.md,b2_nivel_atribuicao_cluster,13,OK,,1,The electorate is fixed during a session and consists of 12 voters
Tyszler2015,fichamento_Tyszler2015.md,b2_nivel_atribuicao_cluster,18,OK,,1,with random effects at the electorate level
Tyszler2015,fichamento_Tyszler2015.md,b2_controles,27,OK,,1,Bars show for each treatment the fraction of election outcomes
Tyszler2015,fichamento_Tyszler2015.md,b2_teste_falsificacao,18,OK,,1,We have added a variable indicating the period
Tyszler2015,fichamento_Tyszler2015.md,b2_teste_falsificacao,31,OK,,1,sensitive to the choice of quadrature points
Tyszler2015,fichamento_Tyszler2015.md,b2_modelo_principal,21,OK,,1,observe this 72-88% of the time with uninformed voters and 93-96%
Tyszler2015,fichamento_Tyszler2015.md,b2_modelo_principal,27,OK,,1,Bars show for each treatment the fraction of election outcomes
Tyszler2015,fichamento_Tyszler2015.md,b2_criterio_modelo_principal,21,OK,,1,observe this 72-88% of the time with uninformed voters and 93-96%
Tyszler2015,fichamento_Tyszler2015.md,b2_direcao_estimativa_principal,21,OK,,1,observe this 72-88% of the time with uninformed voters and 93-96%
Tyszler2015,fichamento_Tyszler2015.md,b2_direcao_estimativa_principal,15,OK,,1,"coordination around the Majoritarian Candidate, which wins over 93% of the elections"
Tyszler2015,fichamento_Tyszler2015.md,b2_significancia_05,27,OK,,1,Bars show for each treatment the fraction of election outcomes
Tyszler2015,fichamento_Tyszler2015.md,b2_interpretacao_autores,21,OK,,1,information works as a coordination device around the victory
Tyszler2015,fichamento_Tyszler2015.md,b2_interpretacao_autores,0,OK,,1,information serves as a coordination device where strategic voting does not harm
Tyszler2015,fichamento_Tyszler2015.md,regiao,13,OK,,1,run at the CREED laboratory at the University of Amsterdam
Tyszler2015,fichamento_Tyszler2015.md,tipo_eleicao,15,OK,,1,"Because the labels A, B, and C have no real content"
Tyszler2015,fichamento_Tyszler2015.md,sistema_eleitoral,14,OK,,1,"determines the winner, with ties broken by equal probability random draw"
Tyszler2015,fichamento_Tyszler2015.md,voto_obrigatorio,14,OK,,1,"each subject is required to cast one vote for A, B or C"
Tyszler2015,fichamento_Tyszler2015.md,voto_obrigatorio,5,OK,,1,mandatory voting allows us to focus on the voting decision
Tyszler2015,fichamento_Tyszler2015.md,desenho_fino,14,OK,,1,according to the rank of the winner in their own preference ordering
Tyszler2015,fichamento_Tyszler2015.md,desenho_fino,13,OK,,1,which are assigned with equal probability to each subject
Tyszler2015,fichamento_Tyszler2015.md,realismo_contexto,14,OK,,1,according to the rank of the winner in their own preference ordering
Tyszler2015,fichamento_Tyszler2015.md,ano_eleicao,13,OK,,1,December 2008. 288 student subjects participated in 24 independent electorates
Tyszler2015,fichamento_Tyszler2015.md,comparador_tipo,16,OK,,1,For both the uninformed and the informed cases
Tyszler2015,fichamento_Tyszler2015.md,nivel_desfecho,14,OK,,1,according to the rank of the winner in their own preference ordering
Tyszler2015,fichamento_Tyszler2015.md,nivel_desfecho,14,OK,,1,"each subject is required to cast one vote for A, B or C"
Tyszler2015,fichamento_Tyszler2015.md,mecanismo_testado,21,OK,,1,information works as a coordination device around the victory
Tyszler2015,fichamento_Tyszler2015.md,mecanismo_testado,20,OK,,1,believing that her most preferred candidate does not stand a chance
Tyszler2015,fichamento_Tyszler2015.md,moderadores_relatados,18,OK,,1,in this case strategic voting may simply be seen as futile
Tyszler2015,fichamento_Tyszler2015.md,moderadores_relatados,12,OK,,1,depends on the position of the Majoritarian Candidate in their preference
Tyszler2015,fichamento_Tyszler2015.md,moderadores_relatados,16,OK,,1,we observe more strategic voting when the intermediate value
Tyszler2015,fichamento_Tyszler2015.md,alvo_efeito,15,OK,,1,"coordination around the Majoritarian Candidate, which wins over 93% of the elections"
Tyszler2015,fichamento_Tyszler2015.md,n_competidores,5,OK,,1,voters must choose from three alternatives
Tyszler2015,fichamento_Tyszler2015.md,ajuste_mediador,27,OK,,1,Bars show for each treatment the fraction of election outcomes
Unkelbach2022a,fichamento_Unkelbach2022a.md,titulo,51,OK,,-50,Jumping on the Bandwagon: The Role of Voters’ Social
Unkelbach2022a,fichamento_Unkelbach2022a.md,ano,51,OK,,-50,© The Author(s) 2022
Unkelbach2022a,fichamento_Unkelbach2022a.md,ano,51,OK,,-50,Published online: 10 August 2022
Unkelbach2022a,fichamento_Unkelbach2022a.md,tipo_publicacao,51,OK,,-50,CRITICAL PAPER
Unkelbach2022a,fichamento_Unkelbach2022a.md,idioma,52,OK,,-50,"In modern democracies and especially in times of elections, people constantly"
Unkelbach2022a,fichamento_Unkelbach2022a.md,pais_estudo,51,OK,,-50,the 55 days before the 2021 German federal election
Unkelbach2022a,fichamento_Unkelbach2022a.md,pais_estudo,58,OK,,-50,It comprises German-speaking respondents living in private households
Unkelbach2022a,fichamento_Unkelbach2022a.md,tipo_estudo,63,OK,,-50,we used multilevel logistic regressions
Unkelbach2022a,fichamento_Unkelbach2022a.md,tipo_estudo,64,OK,,-50,we included CMVI as a level 2 predictor and the index
Unkelbach2022a,fichamento_Unkelbach2022a.md,problema_pesquisa,58,OK,,-50,We examined the moderating effect of social class on the relationship
Unkelbach2022a,fichamento_Unkelbach2022a.md,unidade_analise,67,OK,,-50,the analysis dataset consisted of 5291 respondents nested in
Unkelbach2022a,fichamento_Unkelbach2022a.md,unidade_analise,63,OK,,-50,we modeled respondents as level 1 units and
Unkelbach2022a,fichamento_Unkelbach2022a.md,populacao,58,OK,,-50,It comprises German-speaking respondents living in private households
Unkelbach2022a,fichamento_Unkelbach2022a.md,populacao,58,OK,,-50,"The RCS is a large-scale, cross-sectional survey based on phone"
Unkelbach2022a,fichamento_Unkelbach2022a.md,periodo_dados,59,OK,,-50,"between August 2, 2021, and September 25, 2021"
Unkelbach2022a,fichamento_Unkelbach2022a.md,fonte_dados,58,OK,,-50,The dataset and its documentation are available via the GESIS data archive
Unkelbach2022a,fichamento_Unkelbach2022a.md,fonte_dados,59,OK,,-50,The data were obtained from Wahlrecht.de
Unkelbach2022a,fichamento_Unkelbach2022a.md,intervencao_descricao,59,OK,,-50,the eight leading polling institutes in Germany (in alphabetical order)
Unkelbach2022a,fichamento_Unkelbach2022a.md,intervencao_descricao,62,OK,,-50,(CMVI) was adopted from the results of the so-called Sunday question
Unkelbach2022a,fichamento_Unkelbach2022a.md,intervencao_descricao,63,OK,,-50,that indicated the proportion of votes this party
Unkelbach2022a,fichamento_Unkelbach2022a.md,intervencao_descricao,59,OK,,-50,a lag of 1 day was chosen
Unkelbach2022a,fichamento_Unkelbach2022a.md,familia_intervencao,59,OK,,-50,the results of preelection polls published 1 day before the RCS
Unkelbach2022a,fichamento_Unkelbach2022a.md,comparador,63,OK,,-50,"Consequently, these variables only varied between"
Unkelbach2022a,fichamento_Unkelbach2022a.md,comparador,63,OK,,-50,that indicated the proportion of votes this party
Unkelbach2022a,fichamento_Unkelbach2022a.md,construto_outcome,64,OK,,-50,"The outcome, voting intention, was operationalized through a dummy variable"
Unkelbach2022a,fichamento_Unkelbach2022a.md,construto_outcome,55,OK,,-50,"studies have investigated bandwagon effects on conversion, we will also focus on"
Unkelbach2022a,fichamento_Unkelbach2022a.md,outcome_medida,60,OK,,-50,Individuals’ voting intention was assessed by the single item
Unkelbach2022a,fichamento_Unkelbach2022a.md,outcome_medida,60,OK,,-50,in dummy-variables for the six political parties currently represented in the
Unkelbach2022a,fichamento_Unkelbach2022a.md,mecanismo_id,54,OK,,-50,bandwagon effects have often been understood as a manifestation of conformity
Unkelbach2022a,fichamento_Unkelbach2022a.md,mecanismo_tipo_evidencia,75,OK,,-50,"Finally, some questions regarding the underlying psychological mechanisms of"
Unkelbach2022a,fichamento_Unkelbach2022a.md,mecanismo_tipo_evidencia,75,OK,,-50,"bandwagon effects remain open because of the use of cross-sectional, correlational"
Unkelbach2022a,fichamento_Unkelbach2022a.md,mecanismo_descricao,54,OK,,-50,heuristic that implies that what a majority is doing must be the
Unkelbach2022a,fichamento_Unkelbach2022a.md,mecanismo_descricao,54,OK,,-50,bandwagon effects have long been tied to a so-called
Unkelbach2022a,fichamento_Unkelbach2022a.md,mecanismo_descricao,54,OK,,-50,This construct describes the effect of information
Unkelbach2022a,fichamento_Unkelbach2022a.md,moderador_id,64,OK,,-50,we included the cross-level interaction between the CMVI
Unkelbach2022a,fichamento_Unkelbach2022a.md,moderador_descricao,72,OK,,-50,"our hypothesis, there was no evidence for moderation of the association"
Unkelbach2022a,fichamento_Unkelbach2022a.md,moderador_descricao,67,OK,,-50,we found that education moderated the relationship between CMVI and
Unkelbach2022a,fichamento_Unkelbach2022a.md,moderador_descricao,70,OK,,-50,voting intention for the SPD was greater when polls were perceived earlier
Unkelbach2022a,fichamento_Unkelbach2022a.md,het_metodo,64,OK,,-50,we included the cross-level interaction between the CMVI
Unkelbach2022a,fichamento_Unkelbach2022a.md,het_pre_especificada,58,OK,,-50,We preregistered all our analyses on the open science framework
Unkelbach2022a,fichamento_Unkelbach2022a.md,het_pre_especificada,64,OK,,-50,"affected by the poll results, especially for individuals of a lower"
Unkelbach2022a,fichamento_Unkelbach2022a.md,het_pre_especificada,67,OK,,-50,"As indicated by preregistration, we conducted further analyses"
Unkelbach2022a,fichamento_Unkelbach2022a.md,equidade_progress_plus,67,OK,,-50,we found that education moderated the relationship between CMVI and
Unkelbach2022a,fichamento_Unkelbach2022a.md,equidade_progress_plus,72,OK,,-50,between CMVI and voting intention was greater for voters with less educational
Unkelbach2022a,fichamento_Unkelbach2022a.md,equidade_progress_plus,72,OK,,-50,"our hypothesis, there was no evidence for moderation of the association"
Unkelbach2022a,fichamento_Unkelbach2022a.md,equidade_progress_plus,62,OK,,-50,"Based on the self-reported year of birth, we computed the age"
Unkelbach2022a,fichamento_Unkelbach2022a.md,limitacoes_autores,72,OK,,-50,it becomes clear that voting intentions as measured in the
Unkelbach2022a,fichamento_Unkelbach2022a.md,limitacoes_autores,74,OK,,-50,"this test was quite underpowered, as it was based on only six"
Unkelbach2022a,fichamento_Unkelbach2022a.md,limitacoes_autores,74,OK,,-50,the operationalization of objective SES did not include income level
Unkelbach2022a,fichamento_Unkelbach2022a.md,limitacoes_autores,75,OK,,-50,"due to the use of cross-sectional data, we were not able to"
Unkelbach2022a,fichamento_Unkelbach2022a.md,b2_estrategia_identificacao,59,OK,,-50,our study design only allows examination of correlations
Unkelbach2022a,fichamento_Unkelbach2022a.md,b2_estrategia_identificacao,63,OK,,-50,we used multilevel logistic regressions
Unkelbach2022a,fichamento_Unkelbach2022a.md,b2_hipoteses_testes,60,OK,,-50,voters’ social class is rather stable over the investigated time span
Unkelbach2022a,fichamento_Unkelbach2022a.md,b2_hipoteses_testes,65,OK,,-50,used voting intentions from the day before the polls were published
Unkelbach2022a,fichamento_Unkelbach2022a.md,b2_hipoteses_testes,65,OK,,-50,We conducted a binomial test to investigate whether
Unkelbach2022a,fichamento_Unkelbach2022a.md,b2_estimador,64,OK,,-50,"For each party, we conducted a separate multilevel model"
Unkelbach2022a,fichamento_Unkelbach2022a.md,b2_estimador,64,OK,,-50,the models included a logit link
Unkelbach2022a,fichamento_Unkelbach2022a.md,b2_estimando,59,OK,,-50,our study design only allows examination of correlations
Unkelbach2022a,fichamento_Unkelbach2022a.md,b2_estimando,63,OK,,-50,we used multilevel logistic regressions
Unkelbach2022a,fichamento_Unkelbach2022a.md,b2_nivel_atribuicao_cluster,63,OK,,-50,we modeled respondents as level 1 units and
Unkelbach2022a,fichamento_Unkelbach2022a.md,b2_nivel_atribuicao_cluster,59,OK,,-50,the goal was to realize 130 interviews
Unkelbach2022a,fichamento_Unkelbach2022a.md,b2_nivel_atribuicao_cluster,67,OK,,-50,"the ICCs were zero, indicating that there was negligible variation"
Unkelbach2022a,fichamento_Unkelbach2022a.md,b2_n_total,67,OK,,-50,the analysis dataset consisted of 5291 respondents nested in
Unkelbach2022a,fichamento_Unkelbach2022a.md,b2_controles,64,OK,,-50,we included CMVI as a level 2 predictor and the index
Unkelbach2022a,fichamento_Unkelbach2022a.md,b2_controles,70,OK,,-50,"we included covariates (gender, age, general interest in politics, campaign"
Unkelbach2022a,fichamento_Unkelbach2022a.md,b2_dp_y_tipo,64,OK,,-50,"The outcome, voting intention, was operationalized through a dummy variable"
Unkelbach2022a,fichamento_Unkelbach2022a.md,b2_dp_y_tipo,64,OK,,-50,we z-standardized all predictors. This yielded standardized point estimates
Unkelbach2022a,fichamento_Unkelbach2022a.md,b2_teste_falsificacao,65,OK,,-50,used voting intentions from the day before the polls were published
Unkelbach2022a,fichamento_Unkelbach2022a.md,b2_modelo_principal,67,OK,,-50,The complete results are displayed in Table 2
Unkelbach2022a,fichamento_Unkelbach2022a.md,b2_criterio_modelo_principal,67,OK,,-50,The complete results are displayed in Table 2
Unkelbach2022a,fichamento_Unkelbach2022a.md,b2_direcao_estimativa_principal,67,OK,,-50,"For the SPD, CMVI was positively associated with voting"
Unkelbach2022a,fichamento_Unkelbach2022a.md,b2_direcao_estimativa_principal,71,OK,,-50,"a higher vote share in polls (i.e., CMVI) was associated with"
Unkelbach2022a,fichamento_Unkelbach2022a.md,b2_significancia_05,67,OK,,-50,"For the SPD, CMVI was positively associated with voting"
Unkelbach2022a,fichamento_Unkelbach2022a.md,b2_significancia_05,67,OK,,-50,"For the other parties, neither the CMVI nor the"
Unkelbach2022a,fichamento_Unkelbach2022a.md,b2_interpretacao_autores,71,OK,,-50,We found only limited evidence for bandwagon effects
Unkelbach2022a,fichamento_Unkelbach2022a.md,b2_interpretacao_autores,51,OK,,-50,Only for the Social Democratic Party were poll
Unkelbach2022a,fichamento_Unkelbach2022a.md,regiao,51,OK,,-50,the 55 days before the 2021 German federal election
Unkelbach2022a,fichamento_Unkelbach2022a.md,tipo_eleicao,60,OK,,-50,were instructed to name one political party to which they would
Unkelbach2022a,fichamento_Unkelbach2022a.md,tipo_eleicao,60,OK,,-50,the vote that determines the proportions by which the political parties
Unkelbach2022a,fichamento_Unkelbach2022a.md,sistema_eleitoral,55,OK,,-50,the German multiparty context with proportional representation
Unkelbach2022a,fichamento_Unkelbach2022a.md,sistema_eleitoral,60,OK,,-50,the vote that determines the proportions by which the political parties
Unkelbach2022a,fichamento_Unkelbach2022a.md,voto_obrigatorio,60,OK,,-50,"respondents who were still undecided, who would not cast"
Unkelbach2022a,fichamento_Unkelbach2022a.md,desenho_fino,58,OK,,-50,"The RCS is a large-scale, cross-sectional survey based on phone"
Unkelbach2022a,fichamento_Unkelbach2022a.md,desenho_fino,63,OK,,-50,includes data from different respondents every day in a representative
Unkelbach2022a,fichamento_Unkelbach2022a.md,realismo_contexto,60,OK,,-50,in dummy-variables for the six political parties currently represented in the
Unkelbach2022a,fichamento_Unkelbach2022a.md,ano_eleicao,51,OK,,-50,the 55 days before the 2021 German federal election
Unkelbach2022a,fichamento_Unkelbach2022a.md,comparador_tipo,63,OK,,-50,"Consequently, these variables only varied between"
Unkelbach2022a,fichamento_Unkelbach2022a.md,comparador_tipo,63,OK,,-50,that indicated the proportion of votes this party
Unkelbach2022a,fichamento_Unkelbach2022a.md,nivel_desfecho,60,OK,,-50,Individuals’ voting intention was assessed by the single item
Unkelbach2022a,fichamento_Unkelbach2022a.md,mecanismo_testado,75,OK,,-50,"Finally, some questions regarding the underlying psychological mechanisms of"
Unkelbach2022a,fichamento_Unkelbach2022a.md,mecanismo_testado,75,OK,,-50,"bandwagon effects remain open because of the use of cross-sectional, correlational"
Unkelbach2022a,fichamento_Unkelbach2022a.md,moderadores_relatados,64,OK,,-50,we included the cross-level interaction between the CMVI
Unkelbach2022a,fichamento_Unkelbach2022a.md,moderadores_relatados,67,OK,,-50,we found that education moderated the relationship between CMVI and
Unkelbach2022a,fichamento_Unkelbach2022a.md,moderadores_relatados,70,OK,,-50,voting intention for the SPD was greater when polls were perceived earlier
Unkelbach2022a,fichamento_Unkelbach2022a.md,alvo_efeito,73,OK,,-50,"Additionally, the party was leading the polls for approximately the last month"
Unkelbach2022a,fichamento_Unkelbach2022a.md,alvo_efeito,55,OK,,-50,we investigated potential poll effects for all major German parties
Unkelbach2022a,fichamento_Unkelbach2022a.md,n_competidores,60,OK,,-50,in dummy-variables for the six political parties currently represented in the
Unkelbach2022a,fichamento_Unkelbach2022a.md,ajuste_mediador,64,OK,,-50,we included CMVI as a level 2 predictor and the index
Unkelbach2022a,fichamento_Unkelbach2022a.md,ajuste_mediador,70,OK,,-50,"we included covariates (gender, age, general interest in politics, campaign"
Urminsky2019,fichamento_Urminsky2019.md,titulo,1,OK,,0,High Chances and Close Margins:
Urminsky2019,fichamento_Urminsky2019.md,ano,1,OK,,0,Current Draft: 2/13/2020
Urminsky2019,fichamento_Urminsky2019.md,tipo_publicacao,1,OK,,0,Please contact authors for current version before citing
Urminsky2019,fichamento_Urminsky2019.md,idioma,2,OK,,0,Statistical forecasts are increasingly prevalent.
Urminsky2019,fichamento_Urminsky2019.md,pais_estudo,8,OK,,0,During the 2016 U.S. presidential election
Urminsky2019,fichamento_Urminsky2019.md,pais_estudo,12,OK,,0,"We collected completed surveys from a total of 1,163 U.S. residents"
Urminsky2019,fichamento_Urminsky2019.md,tipo_estudo,12,OK,,0,Participants in each wave were randomly assigned to one of two conditions.
Urminsky2019,fichamento_Urminsky2019.md,problema_pesquisa,3,OK,,0,How do people comprehend forecasts in different formats
Urminsky2019,fichamento_Urminsky2019.md,unidade_analise,12,OK,,0,Participants in each wave were randomly assigned to one of two conditions.
Urminsky2019,fichamento_Urminsky2019.md,populacao,11,OK,,0,presenting voting-age participants with either a chance forecast
Urminsky2019,fichamento_Urminsky2019.md,populacao,9,OK,,0,N = 225 valid participants from Amazon Mechanical Turk
Urminsky2019,fichamento_Urminsky2019.md,periodo_dados,12,OK,,0,We collected data in six waves between August and November 2016
Urminsky2019,fichamento_Urminsky2019.md,periodo_dados,17,OK,,0,for four basketball games that took place in October 2017
Urminsky2019,fichamento_Urminsky2019.md,fonte_dados,7,OK,,0,We conducted a series of high-powered studies
Urminsky2019,fichamento_Urminsky2019.md,intervencao_descricao,9,OK,,0,saw an election forecast that displayed either the chance of Clinton winning
Urminsky2019,fichamento_Urminsky2019.md,intervencao_descricao,9,OK,,0,This study was conducted four days before the election
Urminsky2019,fichamento_Urminsky2019.md,familia_intervencao,12,OK,,0,based on the same aggregated polling data
Urminsky2019,fichamento_Urminsky2019.md,familia_intervencao,8,OK,,0,or a presumably equivalent margin forecast
Urminsky2019,fichamento_Urminsky2019.md,comparador,12,OK,,0,participants saw the predicted vote shares for the two candidates
Urminsky2019,fichamento_Urminsky2019.md,construto_outcome,49,OK,,0,non-significant difference in the self-reported likelihood of voting
Urminsky2019,fichamento_Urminsky2019.md,outcome_medida,48,OK,,0,we tested the potential impact of forecast format on intended election
Urminsky2019,fichamento_Urminsky2019.md,mecanismo_id,11,OK,,0,people perceive chance forecasts as more extreme than equivalent margin forecasts
Urminsky2019,fichamento_Urminsky2019.md,mecanismo_tipo_evidencia,8,OK,,0,We also collected process measures in Studies 5 and 6
Urminsky2019,fichamento_Urminsky2019.md,mecanismo_descricao,11,OK,,0,a lack of understanding about the non-linear relationship between the forecast
Urminsky2019,fichamento_Urminsky2019.md,moderador_id,15,OK,,0,a significant interaction between estimation condition and actual chance forecast value
Urminsky2019,fichamento_Urminsky2019.md,moderador_descricao,49,OK,,0,we did not observe a stronger effect of format on behavioral intentions
Urminsky2019,fichamento_Urminsky2019.md,moderador_descricao,18,OK,,0,involvement with NBA games did not moderate the estimation errors
Urminsky2019,fichamento_Urminsky2019.md,het_metodo,20,OK,,0,We again found a significant interaction between estimation condition and actual
Urminsky2019,fichamento_Urminsky2019.md,het_metodo,33,OK,,0,to a similar degree regardless of whether they saw the genre identities
Urminsky2019,fichamento_Urminsky2019.md,het_pre_especificada,7,OK,,0,the majority of which are pre-registered
Urminsky2019,fichamento_Urminsky2019.md,efeitos_nao_intencionais,48,OK,,0,showing chance forecasts might demotivate voters
Urminsky2019,fichamento_Urminsky2019.md,limitacoes_autores,49,OK,,0,These results do not rule out the possibility that our sample size
Urminsky2019,fichamento_Urminsky2019.md,limitacoes_autores,16,OK,,0,the 2016 U.S. presidential election did not turn out as predicted
Urminsky2019,fichamento_Urminsky2019.md,b2_estrategia_identificacao,12,OK,,0,Participants in each wave were randomly assigned to one of two conditions.
Urminsky2019,fichamento_Urminsky2019.md,b2_hipoteses_testes,12,OK,,0,we confirmed that the order of presentation did not affect the results
Urminsky2019,fichamento_Urminsky2019.md,b2_hipoteses_testes,9,OK,,0,after excluding those with duplicate IP addresses and failed attention checks
Urminsky2019,fichamento_Urminsky2019.md,b2_estimador,49,OK,,0,"vs. Mmargin-forecast-displayed = 4.46, t(223) = 1.47"
Urminsky2019,fichamento_Urminsky2019.md,b2_estimando,12,OK,,0,Participants in each wave were randomly assigned to one of two conditions.
Urminsky2019,fichamento_Urminsky2019.md,b2_nivel_atribuicao_cluster,32,OK,,0,with clustered standard errors at the person level
Urminsky2019,fichamento_Urminsky2019.md,b2_n_total,9,OK,,0,N = 225 valid participants from Amazon Mechanical Turk
Urminsky2019,fichamento_Urminsky2019.md,b2_controles,49,OK,,0,"vs. Mmargin-forecast-displayed = 4.46, t(223) = 1.47"
Urminsky2019,fichamento_Urminsky2019.md,b2_dp_y_tipo,49,OK,,0,"vs. Mmargin-forecast-displayed = 4.46, t(223) = 1.47"
Urminsky2019,fichamento_Urminsky2019.md,b2_teste_falsificacao,13,OK,,0,as the findings persisted when excluding such estimates
Urminsky2019,fichamento_Urminsky2019.md,b2_modelo_principal,48,OK,,0,we tested the potential impact of forecast format on intended election
Urminsky2019,fichamento_Urminsky2019.md,b2_modelo_principal,49,OK,,0,non-significant difference in the self-reported likelihood of voting
Urminsky2019,fichamento_Urminsky2019.md,b2_criterio_modelo_principal,48,OK,,0,we tested the potential impact of forecast format on intended election
Urminsky2019,fichamento_Urminsky2019.md,b2_direcao_estimativa_principal,49,OK,,0,"= 4.20 vs. Mmargin-forecast-displayed = 4.46, t(223) = 1.47"
Urminsky2019,fichamento_Urminsky2019.md,b2_significancia_05,49,OK,,0,non-significant difference in the self-reported likelihood of voting
Urminsky2019,fichamento_Urminsky2019.md,b2_interpretacao_autores,48,OK,,0,forecast format is unlikely to have a causal effect on election outcomes
Urminsky2019,fichamento_Urminsky2019.md,regiao,16,OK,,0,the 2016 U.S. presidential election did not turn out as predicted
Urminsky2019,fichamento_Urminsky2019.md,tipo_eleicao,9,OK,,0,Clinton led Trump 51.5% vs. 48.5%
Urminsky2019,fichamento_Urminsky2019.md,sistema_eleitoral,16,OK,,0,the role of the Electoral College complicated chance predictions
Urminsky2019,fichamento_Urminsky2019.md,voto_obrigatorio,48,OK,,0,people choose to vote for a variety of reasons
Urminsky2019,fichamento_Urminsky2019.md,desenho_fino,9,OK,,0,Participants were asked to rate their opinion of the prediction
Urminsky2019,fichamento_Urminsky2019.md,desenho_fino,9,OK,,0,N = 225 valid participants from Amazon Mechanical Turk
Urminsky2019,fichamento_Urminsky2019.md,realismo_contexto,12,OK,,0,we used the latest election forecasts posted on the website
Urminsky2019,fichamento_Urminsky2019.md,ano_eleicao,8,OK,,0,During the 2016 U.S. presidential election
Urminsky2019,fichamento_Urminsky2019.md,comparador_tipo,8,OK,,0,or a presumably equivalent margin forecast
Urminsky2019,fichamento_Urminsky2019.md,nivel_desfecho,49,OK,,0,non-significant difference in the self-reported likelihood of voting
Urminsky2019,fichamento_Urminsky2019.md,margem_mostrada,9,OK,,0,Clinton led Trump 51.5% vs. 48.5%
Urminsky2019,fichamento_Urminsky2019.md,margem_mostrada,12,OK,,0,different forecasts used in each of the six waves
Urminsky2019,fichamento_Urminsky2019.md,mecanismo_testado,11,OK,,0,a lack of understanding about the non-linear relationship between the forecast
Urminsky2019,fichamento_Urminsky2019.md,moderadores_relatados,48,OK,,0,the forecast-format bias was weakest when the margin was narrow
Urminsky2019,fichamento_Urminsky2019.md,moderadores_relatados,18,OK,,0,involvement with NBA games did not moderate the estimation errors
Urminsky2019,fichamento_Urminsky2019.md,n_competidores,12,OK,,0,participants saw the predicted vote shares for the two candidates
Urminsky2019,fichamento_Urminsky2019.md,dias_ate_eleicao,9,OK,,0,This study was conducted four days before the election
Urminsky2019,fichamento_Urminsky2019.md,ajuste_mediador,49,OK,,0,"vs. Mmargin-forecast-displayed = 4.46, t(223) = 1.47"
Westwood2020a,fichamento_Westwood2020a.md,titulo,1,OK,,0,Projecting Conﬁdence: How the Probabilistic Horse Race Confuses and Demobilizes the Public
Westwood2020a,fichamento_Westwood2020a.md,ano,1,OK,,0,"number 4. Published online August 5, 2020"
Westwood2020a,fichamento_Westwood2020a.md,tipo_publicacao,1,OK,,0,"The Journal of Politics, volume 82, number 4"
Westwood2020a,fichamento_Westwood2020a.md,idioma,1,OK,,0,We use experiments to show that forecasting increases certainty
Westwood2020a,fichamento_Westwood2020a.md,pais_estudo,6,OK,,0,Participants in our study saw a hypothetical US Senate race
Westwood2020a,fichamento_Westwood2020a.md,pais_estudo,5,OK,,0,"4,151 respondents from wave 25 of Pew Research Center"
Westwood2020a,fichamento_Westwood2020a.md,tipo_estudo,5,OK,,0,"We rely on a dose-response experimental design and 4,151 respondents"
Westwood2020a,fichamento_Westwood2020a.md,tipo_estudo,10,OK,,0,Random assignment to team A or team B.
Westwood2020a,fichamento_Westwood2020a.md,problema_pesquisa,1,OK,,0,Could this shift in the political information environment affect election outcomes?
Westwood2020a,fichamento_Westwood2020a.md,unidade_analise,10,OK,,0,"Our data come from 1,171 respondents (5,845 trials)"
Westwood2020a,fichamento_Westwood2020a.md,populacao,5,OK,,0,"4,151 respondents from wave 25 of Pew Research Center"
Westwood2020a,fichamento_Westwood2020a.md,populacao,10,OK,,0,drawn from a national online nonprobability survey panel
Westwood2020a,fichamento_Westwood2020a.md,fonte_dados,5,OK,,0,"We rely on a dose-response experimental design and 4,151 respondents"
Westwood2020a,fichamento_Westwood2020a.md,fonte_dados,2,OK,,0,With American National Election Studies (ANES) data we show
Westwood2020a,fichamento_Westwood2020a.md,intervencao_descricao,6,OK,,0,to one of 10 integer values between 45% and 55%
Westwood2020a,fichamento_Westwood2020a.md,intervencao_descricao,6,OK,,0,which ranged from 13% to 87%
Westwood2020a,fichamento_Westwood2020a.md,intervencao_descricao,10,OK,,0,Participants were then shown the results ostensibly calculated from this poll
Westwood2020a,fichamento_Westwood2020a.md,familia_intervencao,3,OK,,0,Probabilistic forecasts present the probability of winning
Westwood2020a,fichamento_Westwood2020a.md,familia_intervencao,3,OK,,0,These forecasts consist of complex meta-analyses
Westwood2020a,fichamento_Westwood2020a.md,comparador,5,OK,,0,"the leading candidate will win, compared to expected vote share"
Westwood2020a,fichamento_Westwood2020a.md,comparador,11,OK,,0,Comparing the standardized effects of probability and vote share likewise reveals
Westwood2020a,fichamento_Westwood2020a.md,construto_outcome,1,OK,,0,"confuses many, and decreases turnout"
Westwood2020a,fichamento_Westwood2020a.md,construto_outcome,10,OK,,0,Decision to vote ($1 cost) or not vote (no cost)
Westwood2020a,fichamento_Westwood2020a.md,outcome_medida,10,OK,,0,Decision to vote ($1 cost) or not vote (no cost)
Westwood2020a,fichamento_Westwood2020a.md,outcome_medida,8,OK,,0,93% of respondents reported the intent to hypothetically vote in all conditions
Westwood2020a,fichamento_Westwood2020a.md,mecanismo_id,3,OK,,0,We test the hypothesis that probabilistic forecasts remove the incentive to vote
Westwood2020a,fichamento_Westwood2020a.md,mecanismo_tipo_evidencia,12,OK,,0,we explicitly manipulated group size (N) as reported to participants
Westwood2020a,fichamento_Westwood2020a.md,mecanismo_tipo_evidencia,12,OK,,0,to gauge whether it attenuated the negative effect of probabilistic forecasts
Westwood2020a,fichamento_Westwood2020a.md,mecanismo_descricao,2,OK,,0,if P is the (perceived) probability of casting the decisive vote
Westwood2020a,fichamento_Westwood2020a.md,mecanismo_descricao,3,OK,,0,We test the hypothesis that probabilistic forecasts remove the incentive to vote
Westwood2020a,fichamento_Westwood2020a.md,moderador_id,12,OK,,0,We test this question with an interaction term between the probabilistic forecast
Westwood2020a,fichamento_Westwood2020a.md,moderador_id,11,OK,,0,We found no signiﬁcant main effect of numeracy
Westwood2020a,fichamento_Westwood2020a.md,moderador_descricao,11,OK,,0,We found no signiﬁcant main effect of numeracy
Westwood2020a,fichamento_Westwood2020a.md,moderador_descricao,10,OK,,0,This motivated reasoning effect attenuates signiﬁcantly when presenting
Westwood2020a,fichamento_Westwood2020a.md,moderador_descricao,12,OK,,0,We test this question with an interaction term between the probabilistic forecast
Westwood2020a,fichamento_Westwood2020a.md,het_metodo,12,OK,,0,We test this question with an interaction term between the probabilistic forecast
Westwood2020a,fichamento_Westwood2020a.md,het_pre_especificada,12,OK,,0,to gauge whether it attenuated the negative effect of probabilistic forecasts
Westwood2020a,fichamento_Westwood2020a.md,efeitos_nao_intencionais,13,OK,,0,"as odds diverge from 50:50, can have demobilizing effects"
Westwood2020a,fichamento_Westwood2020a.md,efeitos_nao_intencionais,1,OK,,0,"confuses many, and decreases turnout"
Westwood2020a,fichamento_Westwood2020a.md,limitacoes_autores,13,OK,,0,"study 1 presents a hypothetical election scenario, which provides a high degree"
Westwood2020a,fichamento_Westwood2020a.md,limitacoes_autores,13,OK,,0,is not measuring actual voting in an actual
Westwood2020a,fichamento_Westwood2020a.md,limitacoes_autores,13,OK,,0,ﬁeld experimental replications would lend higher ecological validity
Westwood2020a,fichamento_Westwood2020a.md,b2_estrategia_identificacao,6,OK,,0,to one of 10 integer values between 45% and 55%
Westwood2020a,fichamento_Westwood2020a.md,b2_estrategia_identificacao,10,OK,,0,Random assignment to team A or team B.
Westwood2020a,fichamento_Westwood2020a.md,b2_hipoteses_testes,10,OK,,0,reviewed examples and completed comprehension questions
Westwood2020a,fichamento_Westwood2020a.md,b2_hipoteses_testes,11,OK,,0,we asked respondents to report back to us the vote share
Westwood2020a,fichamento_Westwood2020a.md,b2_hipoteses_testes,11,OK,,0,We found no signiﬁcant main effect of numeracy
Westwood2020a,fichamento_Westwood2020a.md,b2_estimador,11,OK,,0,Data were analyzed using a multilevel model with random
Westwood2020a,fichamento_Westwood2020a.md,b2_estimador,9,OK,,0,results based on OLS regression in plots on the right
Westwood2020a,fichamento_Westwood2020a.md,b2_estimando,11,OK,,0,we asked respondents to report back to us the vote share
Westwood2020a,fichamento_Westwood2020a.md,b2_estimando,11,OK,,0,"161 respondents reported incorrect probabilities only once, while 36 made"
Westwood2020a,fichamento_Westwood2020a.md,b2_nivel_atribuicao_cluster,10,OK,,0,"Before each of ﬁve rounds, participants were"
Westwood2020a,fichamento_Westwood2020a.md,b2_nivel_atribuicao_cluster,11,OK,,0,for each user because of repeated observations
Westwood2020a,fichamento_Westwood2020a.md,b2_n_total,10,OK,,0,"Our data come from 1,171 respondents (5,845 trials)"
Westwood2020a,fichamento_Westwood2020a.md,b2_controles,11,OK,,0,Comparing the standardized effects of probability and vote share likewise reveals
Westwood2020a,fichamento_Westwood2020a.md,b2_controles,11,OK,,0,Data were analyzed using a multilevel model with random
Westwood2020a,fichamento_Westwood2020a.md,b2_modelo_principal,10,OK,,0,As the probability of winning diverged from 50:50
Westwood2020a,fichamento_Westwood2020a.md,b2_criterio_modelo_principal,10,OK,,0,As the probability of winning diverged from 50:50
Westwood2020a,fichamento_Westwood2020a.md,b2_direcao_estimativa_principal,13,OK,,0,"higher win probabilities, but not vote share estimates, decrease voting"
Westwood2020a,fichamento_Westwood2020a.md,b2_significancia_05,11,OK,,0,"lowered voting by 3.4% (95% CI: 1.8%, 5.1%)"
Westwood2020a,fichamento_Westwood2020a.md,b2_interpretacao_autores,13,OK,,0,"higher win probabilities, but not vote share estimates, decrease voting"
Westwood2020a,fichamento_Westwood2020a.md,regiao,1,OK,,0,dominates coverage of substantive issues in American elections
Westwood2020a,fichamento_Westwood2020a.md,tipo_eleicao,10,OK,,0,"voting for their team ($1 cost), increased the chance that their team"
Westwood2020a,fichamento_Westwood2020a.md,sistema_eleitoral,10,OK,,0,"If their team won [lost], they would earn [lose] $2"
Westwood2020a,fichamento_Westwood2020a.md,desenho_fino,10,OK,,0,they were given $15
Westwood2020a,fichamento_Westwood2020a.md,desenho_fino,10,OK,,0,"If their team won [lost], they would earn [lose] $2"
Westwood2020a,fichamento_Westwood2020a.md,realismo_contexto,10,OK,,0,"If their team won [lost], they would earn [lose] $2"
Westwood2020a,fichamento_Westwood2020a.md,comparador_tipo,6,OK,,0,to one of 10 integer values between 45% and 55%
Westwood2020a,fichamento_Westwood2020a.md,comparador_tipo,10,OK,,0,Participants were then shown the results ostensibly calculated from this poll
Westwood2020a,fichamento_Westwood2020a.md,nivel_desfecho,10,OK,,0,Decision to vote ($1 cost) or not vote (no cost)
Westwood2020a,fichamento_Westwood2020a.md,mecanismo_testado,3,OK,,0,We test the hypothesis that probabilistic forecasts remove the incentive to vote
Westwood2020a,fichamento_Westwood2020a.md,mecanismo_testado,12,OK,,0,we explicitly manipulated group size (N) as reported to participants
Westwood2020a,fichamento_Westwood2020a.md,moderadores_relatados,11,OK,,0,We found no signiﬁcant main effect of numeracy
Westwood2020a,fichamento_Westwood2020a.md,moderadores_relatados,10,OK,,0,This motivated reasoning effect attenuates signiﬁcantly when presenting
Westwood2020a,fichamento_Westwood2020a.md,moderadores_relatados,12,OK,,0,We test this question with an interaction term between the probabilistic forecast
Westwood2020a,fichamento_Westwood2020a.md,alvo_efeito,10,OK,,0,As the probability of winning diverged from 50:50
Westwood2020a,fichamento_Westwood2020a.md,alvo_efeito,10,OK,,0,Random assignment to team A or team B.
Westwood2020a,fichamento_Westwood2020a.md,n_competidores,10,OK,,0,Random assignment to team A or team B.
Westwood2020a,fichamento_Westwood2020a.md,ajuste_mediador,11,OK,,0,Comparing the standardized effects of probability and vote share likewise reveals
Witsman2016a,fichamento_Witsman2016a.md,idioma,23,OK,,6,The online survey consisted of 11 voting behavior questions and five demographic
Witsman2016a,fichamento_Witsman2016a.md,pais_estudo,20,OK,,6,eligible to vote in the United States
Witsman2016a,fichamento_Witsman2016a.md,tipo_estudo,23,OK,,6,assigned at random to the participant from a set of 15 options
Witsman2016a,fichamento_Witsman2016a.md,problema_pesquisa,17,OK,,6,Does the percentage a preferred independent candidate carries in polls influence
Witsman2016a,fichamento_Witsman2016a.md,unidade_analise,20,OK,,6,"444 people started the survey, however only 377 surveys were completed"
Witsman2016a,fichamento_Witsman2016a.md,populacao,20,OK,,6,"Students, faculty and staff at a large metropolitan Midwestern university"
Witsman2016a,fichamento_Witsman2016a.md,populacao,20,OK,,6,eligible to vote in the United States
Witsman2016a,fichamento_Witsman2016a.md,periodo_dados,20,OK,,6,Email invitations were sent between November 2015 and January 2016
Witsman2016a,fichamento_Witsman2016a.md,fonte_dados,20,OK,,6,complete the survey online using Qualtrics
Witsman2016a,fichamento_Witsman2016a.md,intervencao_descricao,23,OK,,6,"the independent candidate polling at 5%, 15%, 25%, 35%, and 45%"
Witsman2016a,fichamento_Witsman2016a.md,intervencao_descricao,24,OK,,6,the other from two days before the election
Witsman2016a,fichamento_Witsman2016a.md,familia_intervencao,23,OK,,6,the percentages at which their candidate and the Republican and Democratic
Witsman2016a,fichamento_Witsman2016a.md,familia_intervencao,24,OK,,6,the other from two days before the election
Witsman2016a,fichamento_Witsman2016a.md,comparador,26,OK,,6,The five different percentage permutations were compared to determine if the versions
Witsman2016a,fichamento_Witsman2016a.md,construto_outcome,24,OK,,6,which candidate they would likely vote for given the information provided
Witsman2016a,fichamento_Witsman2016a.md,outcome_medida,24,OK,,6,which candidate they would likely vote for given the information provided
Witsman2016a,fichamento_Witsman2016a.md,outcome_medida,26,OK,,6,"binary values (2=voted Independent, 1=didn’t vote Independent)"
Witsman2016a,fichamento_Witsman2016a.md,mecanismo_id,37,OK,,6,Chance of Winning was a significant predictor of whether a participant
Witsman2016a,fichamento_Witsman2016a.md,mecanismo_tipo_evidencia,34,OK,,6,A logistic regression was conducted on the binary coded version
Witsman2016a,fichamento_Witsman2016a.md,mecanismo_tipo_evidencia,34,OK,,6,as a predictor variable
Witsman2016a,fichamento_Witsman2016a.md,mecanismo_descricao,37,OK,,6,voters are indeed voting strategically in a three party election
Witsman2016a,fichamento_Witsman2016a.md,mecanismo_descricao,37,OK,,6,Chance of Winning was a significant predictor of whether a participant
Witsman2016a,fichamento_Witsman2016a.md,moderador_id,26,OK,,6,Neither gender nor ethnicity were significantly related or predictive of Independent voting
Witsman2016a,fichamento_Witsman2016a.md,moderador_descricao,26,OK,,6,Neither gender nor ethnicity were significantly related or predictive of Independent voting
Witsman2016a,fichamento_Witsman2016a.md,moderador_descricao,35,OK,,6,not found to be a significant predictor of voting behavior
Witsman2016a,fichamento_Witsman2016a.md,moderador_descricao,40,OK,,6,Political party was also examined as a possible confounding variable
Witsman2016a,fichamento_Witsman2016a.md,het_metodo,35,OK,,6,compared to how participants responded to the 45% level of scenario 1
Witsman2016a,fichamento_Witsman2016a.md,het_pre_especificada,19,OK,,6,degree of party affiliation and prior voting behaviors will be related
Witsman2016a,fichamento_Witsman2016a.md,equidade_progress_plus,44,OK,,6,held consistent across gender and age
Witsman2016a,fichamento_Witsman2016a.md,equidade_progress_plus,35,OK,,6,Age was also shown to be a factor in this
Witsman2016a,fichamento_Witsman2016a.md,efeitos_nao_intencionais,26,OK,,6,not voted for a preferred candidate because of the polls
Witsman2016a,fichamento_Witsman2016a.md,efeitos_nao_intencionais,44,OK,,6,Another item of interest would have measured voter suppression
Witsman2016a,fichamento_Witsman2016a.md,limitacoes_autores,43,OK,,6,"the sample skewed more educated, more female, more white, and younger"
Witsman2016a,fichamento_Witsman2016a.md,limitacoes_autores,44,OK,,6,the survey failed to ask whether respondents would ever vote
Witsman2016a,fichamento_Witsman2016a.md,b2_estrategia_identificacao,23,OK,,6,assigned at random to the participant from a set of 15 options
Witsman2016a,fichamento_Witsman2016a.md,b2_hipoteses_testes,30,OK,,6,samples because the distributions were equal
Witsman2016a,fichamento_Witsman2016a.md,b2_hipoteses_testes,37,OK,,6,no significant differences between the groups of respondents
Witsman2016a,fichamento_Witsman2016a.md,b2_estimador,26,OK,,6,A chi-square test of independence was conducted for scenario one
Witsman2016a,fichamento_Witsman2016a.md,b2_estimando,23,OK,,6,assigned at random to the participant from a set of 15 options
Witsman2016a,fichamento_Witsman2016a.md,b2_nivel_atribuicao_cluster,23,OK,,6,assigned at random to the participant from a set of 15 options
Witsman2016a,fichamento_Witsman2016a.md,b2_n_total,27,OK,,6,"(4, n=366) = 22.444, p < .001"
Witsman2016a,fichamento_Witsman2016a.md,b2_controles,26,OK,,6,A chi-square test of independence was conducted for scenario one
Witsman2016a,fichamento_Witsman2016a.md,b2_teste_falsificacao,40,OK,,6,Political party was also examined as a possible confounding variable
Witsman2016a,fichamento_Witsman2016a.md,b2_modelo_principal,27,OK,,6,frequencies of Independent voting continually increasing in the conditions
Witsman2016a,fichamento_Witsman2016a.md,b2_criterio_modelo_principal,41,OK,,6,nearly 55% of respondents indicated they would vote for the Independent
Witsman2016a,fichamento_Witsman2016a.md,b2_criterio_modelo_principal,42,OK,,6,was still only selected by 86% of respondents
Witsman2016a,fichamento_Witsman2016a.md,b2_direcao_estimativa_principal,27,OK,,6,frequencies of Independent voting continually increasing in the conditions
Witsman2016a,fichamento_Witsman2016a.md,b2_significancia_05,27,OK,,6,The results were significant
Witsman2016a,fichamento_Witsman2016a.md,b2_interpretacao_autores,37,OK,,6,voters are indeed voting strategically in a three party election
Witsman2016a,fichamento_Witsman2016a.md,regiao,20,OK,,6,eligible to vote in the United States
Witsman2016a,fichamento_Witsman2016a.md,tipo_eleicao,42,OK,,6,"because this is a senatorial election, voters are thinking past"
Witsman2016a,fichamento_Witsman2016a.md,sistema_eleitoral,10,OK,,6,in a plurality based electoral system two dominant parties will emerge
Witsman2016a,fichamento_Witsman2016a.md,desenho_fino,23,OK,,6,The online survey consisted of 11 voting behavior questions and five demographic
Witsman2016a,fichamento_Witsman2016a.md,desenho_fino,23,OK,,6,assigned at random to the participant from a set of 15 options
Witsman2016a,fichamento_Witsman2016a.md,realismo_contexto,40,OK,,6,whether hypothetical candidates can be used to measure the influence of polls
Witsman2016a,fichamento_Witsman2016a.md,realismo_contexto,39,OK,,6,"Identified as only an Independent candidate, this candidate could represent anything the"
Witsman2016a,fichamento_Witsman2016a.md,ano_eleicao,20,OK,,6,Email invitations were sent between November 2015 and January 2016
Witsman2016a,fichamento_Witsman2016a.md,comparador_tipo,26,OK,,6,The five different percentage permutations were compared to determine if the versions
Witsman2016a,fichamento_Witsman2016a.md,nivel_desfecho,24,OK,,6,which candidate they would likely vote for given the information provided
Witsman2016a,fichamento_Witsman2016a.md,margem_mostrada,24,OK,,6,a one percent difference between the democratic and republican candidates
Witsman2016a,fichamento_Witsman2016a.md,margem_mostrada,24,OK,,6,the republican and democratic candidate are separated by three points
Witsman2016a,fichamento_Witsman2016a.md,margem_mostrada,25,OK,,6,a 10% difference in likely voters for the independent candidate
Witsman2016a,fichamento_Witsman2016a.md,mecanismo_testado,37,OK,,6,Chance of Winning was a significant predictor of whether a participant
Witsman2016a,fichamento_Witsman2016a.md,moderadores_relatados,26,OK,,6,Neither gender nor ethnicity were significantly related or predictive of Independent voting
Witsman2016a,fichamento_Witsman2016a.md,moderadores_relatados,35,OK,,6,not found to be a significant predictor of voting behavior
Witsman2016a,fichamento_Witsman2016a.md,moderadores_relatados,44,OK,,6,held consistent across gender and age
Witsman2016a,fichamento_Witsman2016a.md,alvo_efeito,41,OK,,6,Even at the lowest level (5% in the poll) of scenario one
Witsman2016a,fichamento_Witsman2016a.md,alvo_efeito,42,OK,,6,the preferred Independent candidate carrying 45% of the vote in a poll
Witsman2016a,fichamento_Witsman2016a.md,n_competidores,41,OK,,6,three parties to choose from without any other information
Witsman2016a,fichamento_Witsman2016a.md,ajuste_mediador,26,OK,,6,A chi-square test of independence was conducted for scenario one
Witsman2016a,fichamento_Witsman2016a.md,ajuste_mediador,34,OK,,6,A logistic regression was conducted on the binary coded version
Yang2023d,fichamento_Yang2023d.md,titulo,1,OK,,0,Swaying the Public? Impacts of Election Forecast Visualizations
Yang2023d,fichamento_Yang2023d.md,titulo,1,OK,,0,"on Emotion, Trust, and Intention in the 2022 U.S. Midterms"
Yang2023d,fichamento_Yang2023d.md,tipo_publicacao,1,OK,,0,Our preprint and supplements are available at
Yang2023d,fichamento_Yang2023d.md,idioma,1,OK,,0,"on Emotion, Trust, and Intention in the 2022 U.S. Midterms"
Yang2023d,fichamento_Yang2023d.md,pais_estudo,2,OK,,0,"involving 1,327 participants from 15 states in the U.S."
Yang2023d,fichamento_Yang2023d.md,pais_estudo,5,OK,,0,"Nebraska, Nevada, New Mexico, Oklahoma, Oregon, Pennsylvania,"
Yang2023d,fichamento_Yang2023d.md,tipo_estudo,5,OK,,0,We use a three-wave panel design and invite participants
Yang2023d,fichamento_Yang2023d.md,tipo_estudo,4,OK,,0,The visualization is randomly assigned on the
Yang2023d,fichamento_Yang2023d.md,problema_pesquisa,5,OK,,0,Our goal is to measure the impacts of election forecast visualizations
Yang2023d,fichamento_Yang2023d.md,problema_pesquisa,1,OK,,0,"the effects of election forecast visualizations on emotions,"
Yang2023d,fichamento_Yang2023d.md,unidade_analise,6,OK,,0,"we collected 1,327 responses from 1,327 participants"
Yang2023d,fichamento_Yang2023d.md,populacao,5,OK,,0,we decide to start by requesting 100 participants from each state.
Yang2023d,fichamento_Yang2023d.md,populacao,5,OK,,0,and constrain to desktop/laptop users.
Yang2023d,fichamento_Yang2023d.md,periodo_dados,1,OK,,0,"ran from Oct. 18, 2022, to Nov. 23, 2022"
Yang2023d,fichamento_Yang2023d.md,periodo_dados,6,OK,,0,"from Oct. 18, 2022 to Nov. 23, 2022."
Yang2023d,fichamento_Yang2023d.md,fonte_dados,6,OK,,0,Wave 1 was a Qualtrics survey which collected residential state
Yang2023d,fichamento_Yang2023d.md,fonte_dados,6,OK,,0,"we collected 1,327 responses from 1,327 participants"
Yang2023d,fichamento_Yang2023d.md,intervencao_descricao,3,OK,,0,the probability of a candidate (party) winning
Yang2023d,fichamento_Yang2023d.md,intervencao_descricao,3,OK,,0,"100 possible election outcomes, Kemp wins 73"
Yang2023d,fichamento_Yang2023d.md,intervencao_descricao,6,OK,,0,updates using the same visualization in wave 2.
Yang2023d,fichamento_Yang2023d.md,familia_intervencao,3,OK,,0,considered a Bayesian meta-analysis of polling results
Yang2023d,fichamento_Yang2023d.md,familia_intervencao,3,OK,,0,the probability of a candidate (party) winning
Yang2023d,fichamento_Yang2023d.md,comparador,6,OK,,0,Wave 1 was a Qualtrics survey which collected residential state
Yang2023d,fichamento_Yang2023d.md,comparador,6,OK,,0,"them to our forecasting website, and assigned them to one of the"
Yang2023d,fichamento_Yang2023d.md,construto_outcome,5,OK,,0,We evaluate two costly activities: voting and
Yang2023d,fichamento_Yang2023d.md,construto_outcome,2,OK,,0,experiment does not directly intervene in voting decisions.
Yang2023d,fichamento_Yang2023d.md,outcome_medida,5,OK,,0,a 7-point Likert scale from less likely (1) to more likely (7).
Yang2023d,fichamento_Yang2023d.md,outcome_medida,5,OK,,0,These result in four questions
Yang2023d,fichamento_Yang2023d.md,mecanismo_id,2,OK,,0,"emotions can drive voter actions in elections [49,81]"
Yang2023d,fichamento_Yang2023d.md,mecanismo_id,8,OK,,0,They think pivotal votes in close elections can motivate voting
Yang2023d,fichamento_Yang2023d.md,mecanismo_tipo_evidencia,8,OK,,0,We analyze the free-text responses to gain deeper insights into how
Yang2023d,fichamento_Yang2023d.md,mecanismo_descricao,2,OK,,0,"emotions can drive voter actions in elections [49,81]"
Yang2023d,fichamento_Yang2023d.md,mecanismo_descricao,8,OK,,0,They think pivotal votes in close elections can motivate voting
Yang2023d,fichamento_Yang2023d.md,mecanismo_descricao,8,OK,,0,cause an underdog effect to encourage
Yang2023d,fichamento_Yang2023d.md,moderador_id,6,OK,,0,"(1) interactions among visualizations, waves, candidates’ probabilities"
Yang2023d,fichamento_Yang2023d.md,moderador_id,6,OK,,0,"of winning, partisanship, predicted winner, forecast correctness, and"
Yang2023d,fichamento_Yang2023d.md,moderador_descricao,6,OK,,0,"of winning, partisanship, predicted winner, forecast correctness, and"
Yang2023d,fichamento_Yang2023d.md,moderador_descricao,8,OK,,0,"Because Nevada is the only discordant state, we report it"
Yang2023d,fichamento_Yang2023d.md,het_metodo,6,OK,,0,"(1) interactions among visualizations, waves, candidates’ probabilities"
Yang2023d,fichamento_Yang2023d.md,het_pre_especificada,6,OK,,0,same pre-registered formula and priors
Yang2023d,fichamento_Yang2023d.md,het_pre_especificada,6,OK,,0,The pilot data were used in pre-registration
Yang2023d,fichamento_Yang2023d.md,equidade_progress_plus,6,OK,,0,"(3) state, age, sex, education, and race each"
Yang2023d,fichamento_Yang2023d.md,efeitos_nao_intencionais,8,OK,,0,"suppress people’s intentions to vote in the future [19,86]."
Yang2023d,fichamento_Yang2023d.md,efeitos_nao_intencionais,1,OK,,0,showcasing that visualizations may provoke polarization
Yang2023d,fichamento_Yang2023d.md,limitacoes_autores,9,OK,,0,may not perfectly represent the U.S. general public
Yang2023d,fichamento_Yang2023d.md,limitacoes_autores,9,OK,,0,"U.S. elections, but different countries have different electorate systems"
Yang2023d,fichamento_Yang2023d.md,b2_estrategia_identificacao,4,OK,,0,The visualization is randomly assigned on the
Yang2023d,fichamento_Yang2023d.md,b2_estrategia_identificacao,5,OK,,0,We use a three-wave panel design and invite participants
Yang2023d,fichamento_Yang2023d.md,b2_hipoteses_testes,7,OK,,0,These changes are much larger than those
Yang2023d,fichamento_Yang2023d.md,b2_estimador,1,OK,,0,We use Bayesian multilevel
Yang2023d,fichamento_Yang2023d.md,b2_estimador,6,OK,,0,ordinal regression. We choose a multivariate structure because
Yang2023d,fichamento_Yang2023d.md,b2_estimando,6,OK,,0,results are the average effects on the 15 states.
Yang2023d,fichamento_Yang2023d.md,b2_estimando,4,OK,,0,The visualization is randomly assigned on the
Yang2023d,fichamento_Yang2023d.md,b2_nivel_atribuicao_cluster,4,OK,,0,The visualization is randomly assigned on the
Yang2023d,fichamento_Yang2023d.md,b2_nivel_atribuicao_cluster,6,OK,,0,as correlated random intercepts.
Yang2023d,fichamento_Yang2023d.md,b2_n_total,2,OK,,0,"involving 1,327 participants from 15 states in the U.S."
Yang2023d,fichamento_Yang2023d.md,b2_controles,6,OK,,0,"of winning, partisanship, predicted winner, forecast correctness, and"
Yang2023d,fichamento_Yang2023d.md,b2_controles,6,OK,,0,"(3) state, age, sex, education, and race each"
Yang2023d,fichamento_Yang2023d.md,b2_dp_y_tipo,7,OK,,0,The differences are reported as median [95% CI].
Yang2023d,fichamento_Yang2023d.md,b2_teste_falsificacao,7,OK,,0,These changes are much larger than those
Yang2023d,fichamento_Yang2023d.md,b2_modelo_principal,7,OK,,0,The effects of election forecast visualizations over time
Yang2023d,fichamento_Yang2023d.md,b2_modelo_principal,7,OK,,0,The effects of visualizations and partisan leaning
Yang2023d,fichamento_Yang2023d.md,b2_criterio_modelo_principal,6,OK,,0,"Thus, we report the estimates of an average forecast"
Yang2023d,fichamento_Yang2023d.md,b2_criterio_modelo_principal,6,OK,,0,We report Oct. 29 (10 days before
Yang2023d,fichamento_Yang2023d.md,b2_direcao_estimativa_principal,2,OK,,0,"enhance trust in forecasts, and slightly increase"
Yang2023d,fichamento_Yang2023d.md,b2_direcao_estimativa_principal,7,OK,,0,their peers are slightly more likely to contribute to campaigns
Yang2023d,fichamento_Yang2023d.md,b2_interpretacao_autores,2,OK,,0,"enhance trust in forecasts, and slightly increase"
Yang2023d,fichamento_Yang2023d.md,b2_interpretacao_autores,2,OK,,0,experiment does not directly intervene in voting decisions.
Yang2023d,fichamento_Yang2023d.md,regiao,2,OK,,0,"involving 1,327 participants from 15 states in the U.S."
Yang2023d,fichamento_Yang2023d.md,tipo_eleicao,2,OK,,0,We target governor elections in the 2022 U.S. midterm cycle.
Yang2023d,fichamento_Yang2023d.md,tipo_eleicao,3,OK,,0,the vote share between the Democratic and Republican parties
Yang2023d,fichamento_Yang2023d.md,voto_obrigatorio,2,OK,,0,We target governor elections in the 2022 U.S. midterm cycle.
Yang2023d,fichamento_Yang2023d.md,voto_obrigatorio,6,OK,,0,"1,121 participants (87%) reported that they registered to vote"
Yang2023d,fichamento_Yang2023d.md,desenho_fino,5,OK,,0,We use a three-wave panel design and invite participants
Yang2023d,fichamento_Yang2023d.md,desenho_fino,4,OK,,0,The visualization is randomly assigned on the
Yang2023d,fichamento_Yang2023d.md,realismo_contexto,1,OK,,0,which predicted a 73% probability of the Republican candidate
Yang2023d,fichamento_Yang2023d.md,realismo_contexto,2,OK,,0,We target governor elections in the 2022 U.S. midterm cycle.
Yang2023d,fichamento_Yang2023d.md,ano_eleicao,2,OK,,0,We target governor elections in the 2022 U.S. midterm cycle.
Yang2023d,fichamento_Yang2023d.md,comparador_tipo,6,OK,,0,Wave 1 was a Qualtrics survey which collected residential state
Yang2023d,fichamento_Yang2023d.md,comparador_tipo,6,OK,,0,"them to our forecasting website, and assigned them to one of the"
Yang2023d,fichamento_Yang2023d.md,nivel_desfecho,5,OK,,0,We evaluate two costly activities: voting and
Yang2023d,fichamento_Yang2023d.md,nivel_desfecho,5,OK,,0,a 7-point Likert scale from less likely (1) to more likely (7).
Yang2023d,fichamento_Yang2023d.md,mecanismo_testado,8,OK,,0,They think pivotal votes in close elections can motivate voting
Yang2023d,fichamento_Yang2023d.md,mecanismo_testado,8,OK,,0,sometimes due to bandwagon effects
Yang2023d,fichamento_Yang2023d.md,mecanismo_testado,8,OK,,0,cause an underdog effect to encourage
Yang2023d,fichamento_Yang2023d.md,mecanismo_testado,8,OK,,0,Emotions also play a role
Yang2023d,fichamento_Yang2023d.md,moderadores_relatados,6,OK,,0,"(1) interactions among visualizations, waves, candidates’ probabilities"
Yang2023d,fichamento_Yang2023d.md,moderadores_relatados,9,OK,,0,When a forecast aligns with a person’s prior belief and accurately
Yang2023d,fichamento_Yang2023d.md,n_competidores,3,OK,,0,the vote share between the Democratic and Republican parties
Yang2023d,fichamento_Yang2023d.md,n_competidores,3,OK,,0,FiveThirtyEight [8] and assume no major third-party challenges [45].
Yang2023d,fichamento_Yang2023d.md,dias_ate_eleicao,6,OK,,0,We report Oct. 29 (10 days before
Yang2023d,fichamento_Yang2023d.md,ajuste_mediador,6,OK,,0,"of winning, partisanship, predicted winner, forecast correctness, and"
