id_rs,seq_override,doi,titulo,autores,ano,veiculo,tipo_publicacao,idioma,id_fonte,url,palavras_chave
RS1232,189,,Comportamento do investidor diante de oscilações positivas/negativas nas pesquisas de intenção de voto na campanha presidencial de 2014: evidências da prospect theory,"Galvão, Ricardo Cavalcante | Raboni, Pierre Lucena",2015,,artigo,pt,W2778568642,http://bibliotecadigital.fgv.br:80/dspace/handle/10438/18886,Political science; Economics
RS2529,190,10.1016/j.jevs.2015.03.189,176 Use of protracted “think-pair-share” activity on American Horse Council Welfare Code of Practice,"Mastellar, S.L. | Carroll, Heidi | Bott, Rebecca C.",2015,Journal of Equine Veterinary Science,artigo,en,W2203627627,https://doi.org/10.1016/j.jevs.2015.03.189,Range of motion; Kinematics; Swing; Physical medicine and rehabilitation; Medicine; Trunk; Physical therapy; Mathematics; Biology; Engineering; Physics
RS2740,191,10.2139/ssrn.5008330,Donald Trumps in the Virtual Polls: Simulating and Predicting Public Opinions in Surveys Using Large Language Models,"Zhang, Chen | Wei, Lijia | Jiang, Song",2025,SSRN Electronic Journal,preprint,en,W4406046054,https://doi.org/10.2139/ssrn.5008330,Computer science; Data science; Political science
RS2350,192,10.1016/j.jevs.2022.104005,Effect of Ground and Raised Poles on Kinematics of the Walk,"Walker, Vicki A. | Tranquillle, Carolyne A. | MacKechnie‐Guire, Russell | Spear, J. | Newton, Richard | Murray, Rachel C.",2022,Journal of Equine Veterinary Science,artigo,en,W4229015083,https://doi.org/10.1016/j.jevs.2022.104005,Kinematics; Range of motion; Swing; Physical medicine and rehabilitation; Ground reaction force; Trunk; Medicine; Physical therapy; Mathematics; Anatomy; Orthodontics; Biology; Physics
RS2884,193,10.2139/ssrn.4011881,Effect of Ground and Raised Poles on Kinematics of the Walk,"Walker, Vicki | Tranquille, C | MacKechnie‐Guire, Russell | Spear, J. | Newton, Richard | Murray, Rachel C.",2022,SSRN Electronic Journal,preprint,en,W4205439709,https://doi.org/10.2139/ssrn.4011881,Span (engineering); Style (visual arts); Kinematics; Font; Psychology; Computer science; Literature; Artificial intelligence; Art; Physics; Structural engineering; Engineering
RS2169,194,,Effects of poll breeding on reproductive traits in beef cattle,"Randhawa, Imtiaz A. S. | Lyons, Russell E. | McGowan, Michael",2021,,artigo,en,W3213952021,https://espace.library.uq.edu.au/view/UQ:5057264,Beef cattle; Biology; Dairy cattle; Animal science; Biotechnology
RS1654,195,10.1016/b978-0-444-53683-9.00001-3,Forecasting Inflation,"Faust, Jon | Wright, Jonathan H.",2013,Handbook of economic forecasting,capitulo,en,W2749288741,https://doi.org/10.1016/b978-0-444-53683-9.00001-3,Inflation (cosmology); Strengths and weaknesses; Econometrics; Margin (machine learning); Economics; Consensus forecast; Set (abstract data type); Economic forecasting; Survey of Professional Forecasters; Computer science; Monetary policy; Macroeconomics; Machine learning
RS1891,196,10.1007/978-981-10-7194-2_13,How Betters Vote in Horse Race Betting Market,"Mori, Shintaro | Hisakado, Masato",2019,Agent-based social systems,capitulo,en,W2954664245,https://doi.org/10.1007/978-981-10-7194-2_13,Market efficiency; Horse racing; Race (biology); Econometrics; Function (biology); Economics; Financial economics; Biology
RS2252,197,10.1016/j.vaccine.2021.02.008,Improving COVID-19 vaccine acceptance: Including insights from human decision-making under conditions of uncertainty and human-centered design,"Poland, Caroline M. | Matthews, Allison K.S. | Poland, Gregory A.",2021,Vaccine,editorial,en,W3127096793,https://doi.org/10.1016/j.vaccine.2021.02.008,Pandemic; Tragedy (event); Distancing; Witness; Psychological intervention; Medicine; Population; Health care; Social distance; Coronavirus disease 2019 (COVID-19); Family medicine; Psychology; Public relations; Disease; Political science; Environmental health; Nursing; Law; Infectious disease (medical specialty); Psychiatry
RS2488,198,10.1016/s1470-2045(20)30103-0,Ireland's general election: new goals for cancer care?,"Oncology, The Lancet",2020,The Lancet Oncology,artigo,en,W4241691418,https://doi.org/10.1016/s1470-2045(20)30103-0,Irish; Political science; Opposition (politics); Politics; Manifesto; Public administration; Pledge; Political economy; Law; Sociology
RS2905,199,10.2139/ssrn.3738748,Raport privind nivelul de cunoaștere a siturilor și a problematicii protecției naturii în rândul persoanelor prezente la evenimentele de informare. Analiză comparativă despre sondajul ex ante și ex post (Report on the Level of Knowledge of the Participants Regarding the Information Campaign About Natura 2000 Sites and Nature Protection Issues: Comparative Analysis of the Ex Ante and Ex Post Studies),"Sólyom, Andrea | Telegdy, Balázs",2020,SSRN Electronic Journal,preprint,ro,W3215184954,https://doi.org/10.2139/ssrn.3738748,Political science; Humanities; Philosophy
RS2621,200,10.21203/rs.3.rs-5478983/v1,Risk factors for colonization and infection by multi drug resistant Pseudomonas aeruginosa in Intensive Care Unit: a Systematic Review and Meta-analysis,"Eyébé, Serge | Wafeu, Guy Sadeu | Lyonga, Emilia | Evina, Chritine Danielle | Ongolo‐Zogo, Pierre | Dongmo, Alain Bertrand | Mbida, Arthur Mbida",2025,Research Square,preprint,en,W4408949971,https://doi.org/10.21203/rs.3.rs-5478983/v1,Pseudomonas aeruginosa; Colonization; Meta-analysis; Multi drug resistant; Intensive care unit; Microbiology; Medicine; Intensive care medicine; Drug resistance; Biology; Internal medicine; Bacteria
RS2043,201,10.2139/ssrn.4007618,Risk-Corrected Probabilities of a Binary Event,"Ferreira, Alex Luiz | Gong, Yujing | Gozluklu, Arie E.",2022,SSRN Electronic Journal,preprint,en,W4206554004,https://doi.org/10.2139/ssrn.4007618,Event (particle physics); Statistics; Binary number; Mathematics; Physics; Arithmetic; Astrophysics
RS2352,202,10.1016/j.purol.2016.08.022,Sondage sur les sondages : us et coutumes des infirmiers en France,"Vallée, M. | Luyckx, F.",2016,The French Journal of Urology,artigo,fr,W2800433723,https://doi.org/10.1016/j.purol.2016.08.022,Humanities; Art; Political science
RS2625,203,10.1016/s0140-6736(20)32139-5,The 2020 US election is a crucial opportunity to advance women's reproductive rights,"Klugman, Jeni",2020,The Lancet,artigo,en,W3093131067,https://doi.org/10.1016/s0140-6736(20)32139-5,Victory; Political science; Turnout; Politics; Election law; Primary election; Voter registration; National election; Demographics; White (mutation); Public administration; General election; Law; Democracy; Voting; Sociology; Demography
RS2183,204,10.1016/j.orbis.2013.05.006,The Enduring Power of Isolationism: An Historical Perspective,"Nichols, Christopher McKnight",2013,Orbis,artigo,en,W2077056678,https://doi.org/10.1016/j.orbis.2013.05.006,Isolationism; Political science; Context (archaeology); Power (physics); Perspective (graphical); Vietnam War; Action (physics); Order (exchange); Political economy; Development economics; Sociology; History; Foreign policy; Law; Economics; Politics
RS2717,205,10.1016/s1470-2045(20)30477-0,The Lancet Oncology at 20—two decades of influencing the oncology landscape,"Collingridge, David",2020,The Lancet Oncology,artigo,en,W3082266215,https://doi.org/10.1016/s1470-2045(20)30477-0,Medicine; Breast cancer; Clinical Oncology; Mastectomy; Specialty; Oncology; Family medicine; Internal medicine; Cancer
RS2401,206,10.2139/ssrn.4957286,The Opinion-Agenda Linkage: How Letters From the Public to the Prime Minister Impact the Policy Agenda,"Casey, Daniel",2024,SSRN Electronic Journal,preprint,en,W4403040540,https://doi.org/10.2139/ssrn.4957286,Prime minister; Linkage (software); Prime (order theory); Public opinion; Political science; Public administration; Law; Politics; Mathematics
RS2891,207,10.1007/978-3-319-39850-1_8,The Psychotic Discourse of 9/11 Truth,"Dean, Jodi",2016,,capitulo,en,W2547283711,https://doi.org/10.1007/978-3-319-39850-1_8,Administration (probate law); Terrorism; Government (linguistics); Pentagon; Law; Political science; History; Media studies; Psychology; Sociology
RS2296,208,10.1007/978-3-319-13458-1_11,The Role of Expressive Versus Instrumental Preferences in U.S. Attitudes Toward Taxation and Redistribution,"Stark, Kirk J.",2015,Ius gentium,capitulo,en,W45208780,https://doi.org/10.1007/978-3-319-13458-1_11,Polling; Redistribution (election); Opposition (politics); Politics; Inequality; Positive economics; Economics; Tax policy; Public economics; Political economy; Law and economics; Political science; Social psychology; Tax reform; Psychology; Law
RS1801,209,10.2139/ssrn.2791625,Twitter and Facebook are Not Representative of the General Population: Political Attitudes and Demographics of Social Media Users,"Mellon, Jonathan | Prosser, Christopher",2016,SSRN Electronic Journal,preprint,en,W3125579480,https://doi.org/10.2139/ssrn.2791625,Demographics; Social media; Politics; Population; Internet privacy; Advertising; Political science; Psychology; Media studies; Sociology; Business; Computer science; Demography; Law
RS2919,210,10.1016/s0140-6736(10)60642-3,UK election: the main parties' health policies,"Siva, Nayanah",2010,The Lancet,artigo,en,W2143874834,https://doi.org/10.1016/s0140-6736(10)60642-3,Surprise; Politics; General election; Health care; Government (linguistics); Health policy; State (computer science); Political science; Public administration; Public relations; Sociology; Law
RS2913,211,10.1016/s0140-6736(15)61187-4,US Supreme Court upholds ACA subsidies,"Jaffe, Susan",2015,The Lancet,artigo,en,W2137151066,https://doi.org/10.1016/s0140-6736(15)61187-4,Supreme court; Law; Opposition (politics); Subsidy; Victory; Presidency; Patient Protection and Affordable Care Act; Health care; Trial court; Political science; Medicaid; Politics
RS1778,212,10.1016/j.ijforecast.2018.05.005,When are prediction market prices most informative?,"Brown, Alasdair | James Reade, J. | Williams, Leighton Vaughan",2018,International Journal of Forecasting,artigo,en,W2804376477,https://doi.org/10.1016/j.ijforecast.2018.05.005,Prediction market; Economics; Market efficiency; Meaning (existential); Market price; Financial economics; Econometrics; Microeconomics
RS1773,213,10.1016/j.electstud.2015.11.017,140 characters to victory?: Using Twitter to predict the UK 2015 General Election,"Burnap, Pete | Gibson, Rachel | Sloan, Luke | Southern, Rosalynd | Williams, Matthew",2015,Electoral Studies,artigo,en,W1857977105,https://doi.org/10.1016/j.electstud.2015.11.017,Parliament; Victory; General election; Baseline (sea); Political science; Federal election; Econometrics; Economics; Law; Politics
RS1620,214,10.4135/9781452234410.n4,4. Presidential Voting Preferences of Exit Poll Respondents,"Best, Samuel J. | Krueger, Brian S.",2012,CQ Press eBooks,capitulo,en,W2476980405,https://doi.org/10.4135/9781452234410.n4,Presidential system; Voting; Advertising; Political science; Business; Law
RS1882,215,10.4135/9781452234410.n5,5. Congressional Voting Preferences of Exit Poll Respondents,"Best, Samuel J. | Krueger, Brian S.",2012,CQ Press eBooks,capitulo,en,W2503671687,https://doi.org/10.4135/9781452234410.n5,Voting; Political science; Advertising; Law; Business
RS1792,216,10.1007/978-3-319-27164-4_2,A Comparison of the Effects of Face-to-Face and Online Deliberation on Young Students’ Attitudes About Public Opinion Polls,"Triantafillidou, Amalia | Yannas, Prodromos | Lappas, Georgios | Kleftodimos, Alexandros",2015,Communications in computer and information science,evento,en,W2293132637,https://doi.org/10.1007/978-3-319-27164-4_2,Deliberation; Face (sociological concept); Voting; Face-to-face; Psychology; Public opinion; Social psychology; Political science; Government (linguistics); Public relations; Sociology; Politics; Epistemology; Law; Social science; Philosophy
RS1700,217,10.18854/kpsr.2013.47.4.004,A Comprehensive Election Forecast Model Based on “Party Support” :An Analysis of Party Support Distribution of the 19th National Assembly Elections,"KISUK, CHO",2013,Korean Political Science Review,artigo,en,W2646141967,https://doi.org/10.18854/kpsr.2013.47.4.004,Distribution (mathematics); Political science; Primary election; Computer science; General election; Mathematics; Politics; Law; Mathematical analysis
RS2583,218,10.2139/ssrn.2193399,"A Flexible, Unified, Normalized Euclidean (FUN) Voter Utility Function","Dopp, Kathy Anne | Trautman, Linda M.",2012,SSRN Electronic Journal,preprint,en,W1564355694,https://doi.org/10.2139/ssrn.2193399,Function (biology); Computer science; Mathematical economics; Econometrics; Mathematics; Biology; Cell biology
RS1725,219,10.2139/ssrn.3275872,A Method for Election Forecasting,"Charles, Christopher A. D. | Reid, Gleasia | Albarus, Neena",2018,SSRN Electronic Journal,preprint,en,W4243251620,https://doi.org/10.2139/ssrn.3275872,Econometrics; Computer science; Political science; Economics
RS1753,220,10.1007/978-3-319-61578-3_1,A Network-Oriented Modeling Approach to Voting Behavior During the 2016 US Presidential Election,"Goedschalk, Linford | Treur, Jan | Verwolf, Roos",2017,Advances in intelligent systems and computing,evento,en,W2602936805,https://doi.org/10.1007/978-3-319-61578-3_1,Voting; Presidential election; Computer science; Presidential system; Voting behavior; Focus (optics); Political science; Politics; Law
RS2034,221,10.2139/ssrn.4915968,Accounting for Nonresponse in Election Polls: Total Margin of Error,"Dominitz, Jeff | Manski, Charles F.",2024,SSRN Electronic Journal,preprint,en,W4401407671,http://dx.doi.org/10.2139/ssrn.4915968,Margin (machine learning); Accounting; Statistics; Econometrics; Political science; Economics; Computer science; Mathematics
RS1816,222,10.1016/j.electstud.2010.09.010,Aggregate level forecasting of the 2010 general election in Britain: The Seats-Votes model,"Whiteley, Paul | Sanders, David | Stewart, Marianne C. | Clarke, Harold D.",2010,Electoral Studies,artigo,en,W1981023312,https://doi.org/10.1016/j.electstud.2010.09.010,Parliament; House of Commons; General election; Voting; Political science; Aggregate (composite); Split-ticket voting; Econometrics; Economics; Law; Politics
RS2323,223,10.1007/978-3-031-38930-6_6,Alliance 90/The Greens and the 2021 Federal Election: A Disappointing Success Story,"Sullivan-Thomsett, Chantal",2023,New perspectives in German political studies,capitulo,en,W4389747623,https://doi.org/10.1007/978-3-031-38930-6_6,Ballot; Political science; Alliance; Disappointment; Negotiation; Opposition (politics); General election; Public administration; Government (linguistics); Primary election; Politics; Law; Voting; Psychology
RS2523,224,10.2139/ssrn.4550801,Analyzing the polls of the US 2020 Presidential Election Campaign: A New Perspective,"Durand, Claire",2023,SSRN Electronic Journal,preprint,en,W4386199779,https://doi.org/10.2139/ssrn.4550801,Perspective (graphical); Presidential election; Political science; Presidential system; Presidential campaign; Public administration; Advertising; Computer science; Business; Politics; Law; Artificial intelligence
RS1958,225,10.1007/s13278-023-01087-8,Application of Twitter sentiment analysis in election prediction: a case study of 2019 Indian general election,"Chauhan, Priyavrat | Sharma, Nonita | Sikka, Geeta",2023,Social Network Analysis and Mining,artigo,en,W4377027480,https://doi.org/10.1007/s13278-023-01087-8,Social media; Politics; General election; Sentiment analysis; Work (physics); Political science; Microblogging; Public relations; Computer science; Advertising; Business; Artificial intelligence; Law; Engineering
RS2194,226,10.1016/j.electstud.2018.05.002,Autoregressive effects in poll-based election models for the German federal election,"Michaelis, Patrick",2018,Electoral Studies,artigo,en,W2803319513,https://doi.org/10.1016/j.electstud.2018.05.002,Markov chain Monte Carlo; Covariate; Econometrics; Random walk; Variable (mathematics); Autoregressive model; Markov chain; German; Bayesian probability; Computer science; Statistics; Mathematics; Artificial intelligence; Machine learning; Geography
RS2600,227,10.1016/j.csda.2018.04.010,Bayesian inference on group differences in multivariate categorical data,"Russo, Massimiliano | Durante, Daniele | Scarpa, Bruno",2018,Computational Statistics & Data Analysis,artigo,en,W2471363041,https://doi.org/10.1016/j.csda.2018.04.010,Categorical variable; Multivariate statistics; Computer science; Bayesian probability; Econometrics; Statistics; Artificial intelligence; Mathematics; Machine learning
RS2418,228,10.2139/ssrn.7012258,Biased Electoral Polls,"Sigstad, Henrik",2026,SSRN Electronic Journal,preprint,,W7169774759,https://doi.org/10.2139/ssrn.7012258,Polling; Opinion poll; Work (physics); Reputation; Incentive; Government (linguistics)
RS1847,229,,Can Voters in Proportional Multi-Party Systems act Strategically? Challenging the Concept of Strategic Voting using Evidence from Exit-Poll Data at the 2012 Belgian Municipal Elections,"Beyens, Stefanie | Verthé, Tom",2013,VUBIR (Vrije Universiteit Brussel),artigo,en,W3128284110,https://biblio.vub.ac.be/vubir/can-voters-in-proportional-multiparty-systems-act-strategically-challenging-the-concept-of-strategic-voting-using-evidence-from-exitpoll-data-at-the-2012-belgian-municipal-elections(0cf1b208-4edf-42e5-8647-2b445eb11a83).html,Voting; General election; Spoilt vote; Ranked voting system; Group voting ticket; Approval voting; Bullet voting; Political science; Cardinal voting systems; Straight-ticket voting; Public administration; Contingent vote; Computer science; Law; Politics
RS1641,230,10.1016/j.electstud.2018.04.014,Candidates and campaigns: How they alter election forecasts,"Lewis‐Beck, Michael S. | Tien, Charles",2018,Electoral Studies,artigo,en,W2802317451,https://doi.org/10.1016/j.electstud.2018.04.014,CONTEST; Polling; Presidential election; Presidential system; Political science; Ex-ante; Democracy; Test (biology); General election; Econometrics; Economics; Politics; Computer science; Macroeconomics
RS1770,231,10.1016/j.electstud.2010.09.012,Citizen forecasting: Can UK voters see the future?,"Lewis‐Beck, Michael S. | Stegmaier, Mary",2010,Electoral Studies,artigo,en,W1997454391,https://doi.org/10.1016/j.electstud.2010.09.012,Outcome (game theory); Political science; General election; Public relations; Economics; Law; Politics; Microeconomics
RS1595,232,10.1007/s11109-010-9127-8,Do Campaigns Drive Partisan Turnout?,"McGhee, Eric | Sides, John",2010,Political Behavior,artigo,en,W1980094430,https://doi.org/10.1007/s11109-010-9127-8,Turnout; Popularity; Balance (ability); Mobilization; Politics; Democracy; State (computer science); Political science; Affect (linguistics); Political economy; Economics; Psychology; Law; Voting
RS2016,233,10.2139/ssrn.2780539,Do Higher Housing Values Make Communities More Conservative? Evidence from the Introduction of E-ZPass,"Jerzak, Connor",2016,SSRN Electronic Journal,preprint,en,W2397208326,https://doi.org/10.2139/ssrn.2780539,Political science; Economics; Geography
RS1565,234,10.1016/j.electstud.2015.11.008,Do local elections predict the outcome of the next general election? Forecasting British general elections from local election national vote share estimates,"Prosser, Christopher",2015,Electoral Studies,artigo,en,W2184021038,https://doi.org/10.1016/j.electstud.2015.11.008,General election; Spoilt vote; Parliament; Political science; Outcome (game theory); Primary election; Group voting ticket; Contingent vote; Public administration; Political economy; Economics; Law; Politics; Microeconomics
RS1683,235,10.1007/s10611-016-9671-1,Does local public corruption generate partisan effects on polls?,"Jiménez, Juan Luis | García, Carmen",2016,Crime Law and Social Change,artigo,en,W2558866596,https://doi.org/10.1007/s10611-016-9671-1,Voting; Language change; Wrongdoing; Polling; Politics; Legislature; Political science; Matching (statistics); Political economy; Socioeconomic status; Political corruption; Economics; Law; Sociology; Demography
RS1968,236,10.35731/kpca.2012..27.003,Effects of Candidate Support Rates in Public Opinion Polls on News Coverages of Nationwide Newspapers and Broadcasters in Korea,"Kim, Byoungcheol",2012,Journal of Political Communication,artigo,en,W2960916948,https://doi.org/10.35731/kpca.2012..27.003,Newspaper; Public opinion; Political science; Advertising; Business; Law; Politics
RS1718,237,10.1016/j.ijforecast.2012.05.003,Election forecasting in Lithuania: The case of municipal elections,"Jastramskis, Mažvydas",2012,International Journal of Forecasting,artigo,en,W2081933968,https://doi.org/10.1016/j.ijforecast.2012.05.003,General election; Unemployment; Population; Political science; Economics; Public administration; Politics; Political economy; Macroeconomics; Sociology; Law
RS1713,238,10.1016/j.ijforecast.2025.02.006,Election forecasting: Political economy models,"Lewis‐Beck, Michael S. | Kenny, John | Leiter, Debra | Murr, Andreas | Ogili, Onyinye B. | Stegmaier, Mary | Tien, Charles",2025,International Journal of Forecasting,artigo,en,W4408544628,https://doi.org/10.1016/j.ijforecast.2025.02.006,Economics; Politics; Economy; Political science; Law
RS1569,239,10.1016/j.ijforecast.2019.12.002,Election forecasting: Too far out?,"Jennings, Will | Lewis‐Beck, Michael S. | Wlezien, Christopher",2020,International Journal of Forecasting,artigo,en,W3006375358,https://doi.org/10.1016/j.ijforecast.2019.12.002,Outcome (game theory); Lead time; Federal election; Econometrics; National election; Computer science; Event (particle physics); Lead (geology); Politics; General election; Economics; Political science; Microeconomics; Law; Operations management
RS1638,240,10.1016/j.ijforecast.2019.09.007,Election forecasts: Cracking the Danish case,"Nadeau, Richard | Lewis‐Beck, Michael S.",2020,International Journal of Forecasting,artigo,en,W3014197267,https://doi.org/10.1016/j.ijforecast.2019.09.007,CONTEST; Voting; Danish; Outcome (game theory); Economics; Democracy; Econometrics; Ex-ante; Variable (mathematics); Regression analysis; Social Democratic Party; Computer science; Political science; Macroeconomics; Microeconomics; Law; Mathematics
RS2038,241,10.2139/ssrn.2941433,Electoral Externalities in Federations - Evidence from German Opinion Polls,"Frei, Xenia | Langer, Sebastian | Lehmann, Robert | Rösel, Felix",2017,SSRN Electronic Journal,preprint,en,W3000497030,https://doi.org/10.2139/ssrn.2941433,Parliament; Externality; Voting; German; Economics; State (computer science); Interdependence; Government (linguistics); Straight-ticket voting; Public economics; Opinion poll; Federal state; Political science; Disapproval voting; Public administration; Microeconomics; Public opinion; Economic policy; Law; Geography; Politics
RS1941,242,10.1007/978-3-642-32419-2_6,Estimation of Underrepresented Strata in Preelection Polls: A Comparative Study,"Figueiredo, João | Campos, Pedro",2012,,capitulo,en,W29094750,https://doi.org/10.1007/978-3-642-32419-2_6,Small area estimation; Polling; Multilevel model; Estimation; Regression; Statistics; Macro; Econometrics; Mathematics; Computer science; Data mining; Engineering
RS1695,243,10.1057/ap.2009.25,Ethnic voting in Brussels: Voting patterns among ethnic minorities in Brussels (Belgium) during the 2006 local elections,"Teney, Céline | Jacobs, Dirk | Réa, Andréa | Delwit, Pascal",2010,Acta Politica,artigo,en,W1990608372,https://doi.org/10.1057/ap.2009.25,Voting; Ethnic group; Immigration; Context (archaeology); Ranked voting system; Political science; Politics; Voting behavior; Comparative politics; Political economy; Demographic economics; Sociology; Geography; Law; Economics
RS2128,244,10.1016/j.electstud.2025.102934,Evaluating nonresponse and non-sampling error trends in election studies,"Einarsson, Hafsteinn | Helgason, Agnar Freyr",2025,Electoral Studies,artigo,en,W4409477748,https://doi.org/10.1016/j.electstud.2025.102934,Political science; Sampling (signal processing); Econometrics; Statistics; Computer science; Economics; Mathematics; Telecommunications
RS1892,245,10.1057/s41253-018-0075-8,Exploring the democratic linkage through the lens of governmental polling: a research agenda,"Belot, Céline",2018,French Politics,artigo,en,W2897968906,https://doi.org/10.1057/s41253-018-0075-8,Democracy; Public opinion; Polling; Linkage (software); Politics; Political science; Persuasion; Comparative politics; Public administration; Government (linguistics); Public relations; Sociology; Law; Social psychology; Psychology
RS2632,246,10.1016/j.electstud.2026.103044,Finding your perfect match nearby. A test of proximity and issue salience voting in local elections,"Reuse, Raf | Stiers, Dieter",2026,Electoral Studies,artigo,en,W7118484844,https://doi.org/10.1016/j.electstud.2026.103044,Salience (neuroscience); Ideology; Technocracy; Voting; Ballot; Position (finance); Test (biology)
RS2692,247,10.2139/ssrn.5041387,Forecasting 2024 US Presidential Election by States Using County Level Data: Too Close to Call,"Hashem Pesaran, M. | Song, Hayun",2024,SSRN Electronic Journal,preprint,en,W4404914133,https://doi.org/10.2139/ssrn.5041387,Presidential election; Political science; Presidential system; Econometrics; Business; Computer science; Economics; Politics; Law
RS1699,248,10.1016/j.ijforecast.2021.03.006,Forecasting government support in Irish general elections: Opinion polls and structural models,"Quinlan, Stephen | Lewis‐Beck, Michael S.",2021,International Journal of Forecasting,artigo,en,W3166867793,https://doi.org/10.1016/j.ijforecast.2021.03.006,Irish; Government (linguistics); General election; Politics; Opinion poll; Public opinion; Economics; Political science; Law
RS2025,249,10.1016/j.ijforecast.2012.04.009,Forecasting Norwegian elections: Out of work and out of office,"Arnesen, Sveinung",2012,International Journal of Forecasting,artigo,en,W1964910390,https://doi.org/10.1016/j.ijforecast.2012.04.009,Norwegian; Voting; Unemployment; Economics; Work (physics); Benchmark (surveying); Test (biology); Politics; Depreciation (economics); Government (linguistics); Empirical research; Political science; Econometrics; Macroeconomics; Microeconomics; Law
RS1819,250,10.1016/j.ijforecast.2023.01.004,Forecasting South Korea’s presidential election via multiparty dynamic Bayesian modeling,"Kang, Seungwoo | Oh, Hee‐Seok",2023,International Journal of Forecasting,artigo,en,W4319871150,https://doi.org/10.1016/j.ijforecast.2023.01.004,Presidential election; Presidential system; Outcome (game theory); Political science; Bayesian probability; Politics; Computer science; Econometrics; Economics; Artificial intelligence; Microeconomics; Law
RS1970,251,10.1016/j.ijforecast.2012.04.007,Forecasting Spanish elections,"Magalhães, Pedro C. | Aguiar‐Conraria, Luís | Lewis‐Beck, Michael S.",2012,International Journal of Forecasting,artigo,en,W2110028515,https://doi.org/10.1016/j.ijforecast.2012.04.007,CONTEST; Legislature; Core (optical fiber); Ex-ante; Economics; Political science; Econometrics; Macroeconomics; Computer science; Law
RS2726,252,,Forecasting Spanish Elections,"Magalhães, Pedro C. | Aguiar, Luís Francisco | Lewis‐Beck, Michael S.",2011,RePEc: Research Papers in Economics,preprint,en,W3124277615,http://www3.eeg.uminho.pt/economia/nipe/docs/2011/NIPE_WP_17_2011.pdf,CONTEST; General election; Ex-ante; Core (optical fiber); Political science; Economics; Work (physics); Econometrics; Politics; Macroeconomics; Computer science; Engineering
RS1809,253,10.1016/j.electstud.2015.11.016,Forecasting the 2015 British general election: The 1992 debacle all over again?,"Fisher, Stephen D. | Lewis‐Beck, Michael S.",2015,Electoral Studies,artigo,en,W2178065458,https://doi.org/10.1016/j.electstud.2015.11.016,Fell; Margin (machine learning); General election; Political science; Economic history; History; Law; Politics; Geography; Computer science; Cartography
RS2202,254,10.1016/j.electstud.2015.11.007,Forecasting the 2015 general election using aggregate local election data,"Rallings, Colin | Thrasher, Michael | Borisyuk, Galina",2015,Electoral Studies,artigo,en,W4230023724,https://doi.org/10.1016/j.electstud.2015.11.007,General election; Parliament; Political science; National election; Aggregate (composite); Primary election; Public administration; Government (linguistics); Swing; Economics; Politics; Law; Engineering
RS1900,255,10.1016/j.ijforecast.2015.03.004,Forecasting US presidential elections: New approaches (an introduction),"Linzer, Drew A. | Lewis‐Beck, Michael S.",2015,International Journal of Forecasting,artigo,en,W2011304353,https://doi.org/10.1016/j.ijforecast.2015.03.004,Presidential system; CONTEST; Polling; Econometrics; Presidential election; Democracy; Economics; Ex-ante; Test (biology); Political science; Computer science; Politics; Macroeconomics; Law
RS1758,256,10.1016/j.electstud.2010.09.005,From polls to votes to seats: Forecasting the 2010 British general election,"Fisher, Stephen D. | Ford, Robert | Jennings, Will | Pickup, Mark | Wlezien, Christopher",2010,Electoral Studies,artigo,en,W2168801028,https://doi.org/10.1016/j.electstud.2010.09.005,Opinion poll; General election; Political science; Public opinion; Probabilistic logic; Public administration; Computer science; Law; Artificial intelligence; Politics
RS1807,257,10.1016/j.electstud.2015.11.013,From polls to votes to seats: Forecasting the 2015 British general election,"Ford, Robert | Jennings, Will | Pickup, Mark | Wlezien, Christopher",2015,Electoral Studies,artigo,en,W2916745530,https://doi.org/10.1016/j.electstud.2015.11.013,Polling; Political science; General election; Politics; Opinion poll; Diversity (politics); Public opinion; Public administration; Law; Computer science
RS1946,258,10.1007/s11109-010-9128-7,Getting Out the Vote: Minority Mobilization in a Presidential Election,"Stevens, Daniel | Bishin, Benjamin G.",2010,Political Behavior,artigo,en,W2083681609,https://doi.org/10.1007/s11109-010-9128-7,Turnout; Miami; Ethnic group; Political science; National election; Test (biology); Presidential election; Mobilization; Voter turnout; Presidential system; Demographic economics; Social psychology; Psychology; Voting; Law; Politics; Economics
RS1755,259,10.2139/ssrn.2631165,Investigating the Great British Polling Miss: Evidence from the British Election Study,"Mellon, Jonathan | Prosser, Christopher",2015,SSRN Electronic Journal,preprint,en,W2273478603,https://doi.org/10.2139/ssrn.2631165,Polling; Political science; History; Computer science; Computer network
RS1751,260,10.1007/s11109-018-9446-8,"Is Sexism for White People? Gender Stereotypes, Race, and the 2016 Presidential Election","Bracic, Ana | Israel‐Trummel, Mackenzie | Shortle, Allyson F.",2018,Political Behavior,artigo,en,W2788082349,https://doi.org/10.1007/s11109-018-9446-8,Race (biology); Presidential election; White (mutation); Presidential system; Gender studies; Political science; National election; Social psychology; Psychology; Sociology; Politics; Law
RS1932,261,10.1016/j.electstud.2013.04.003,Issue and leader voting in U.S. presidential elections,"Graefe, Andreas",2013,Electoral Studies,artigo,en,W1995866611,https://doi.org/10.1016/j.electstud.2013.04.003,Voting; Political science; Presidential election; Competence (human resources); General election; Presidential system; Percentage point; Spoilt vote; Politics; Economics; Group voting ticket; Public administration; Law; Management; Finance
RS1665,262,10.1016/j.ijforecast.2012.04.005,Japanese election forecasting: Classic tests of a hard case,"Lewis‐Beck, Michael S. | Tien, Charles",2012,International Journal of Forecasting,artigo,en,W1978215668,https://doi.org/10.1016/j.ijforecast.2012.04.005,Generalizability theory; Core (optical fiber); Democracy; Economics; Work (physics); Positive economics; Econometrics; Politics; Political science; Computer science; Law; Mathematics; Statistics
RS2777,263,10.2139/ssrn.4913589,Limited Returns: Credit Attribution and the Co-optation of Conditional Cash Transfers,"Meireles, Fernando | Schaefer, Bruno Marques | Simoni, Sérgio",2024,SSRN Electronic Journal,preprint,en,W4401692692,http://dx.doi.org/10.2139/ssrn.4913589,Business; Cash; Finance
RS2248,264,10.2139/ssrn.2232371,Lost in Space? Shortcuts and Spatial Voting in Low-Information Elections,"Elmendorf, Christopher | Boudreau, Cheryl | MacKenzie, Scott A.",2013,SSRN Electronic Journal,preprint,en,W1561417028,https://doi.org/10.2139/ssrn.2232371,Voting; Space (punctuation); Political science; Computer science; Information retrieval; Data science; Politics; Law
RS2089,265,10.1016/j.giq.2022.101782,Machine learning for predicting elections in Latin America based on social media engagement and polls,"Brito, Kellyton | Adeodato, Paulo J. L.",2022,Government Information Quarterly,artigo,en,W4311632592,https://doi.org/10.1016/j.giq.2022.101782,Social media; Popularity; Nowcasting; Presidential system; Sentiment analysis; Context (archaeology); Computer science; Latin Americans; Presidential election; Process (computing); Democracy; Political science; Data science; Artificial intelligence; Politics; World Wide Web; Geography
RS2644,266,10.2139/ssrn.4082838,"Mixed Records, Cognitive Complexity, and Ethnic Voting in African Elections","Ferree, Karen E. | Gibson, Clark C. | Long, James E.",2020,SSRN Electronic Journal,preprint,en,W4285724067,https://doi.org/10.2139/ssrn.4082838,Ethnic group; Voting; Political science; Cognition; Cognitive complexity; Political economy; Psychology; Law; Politics; Sociology; Psychiatry
RS1664,267,10.1016/j.ijforecast.2020.06.011,Modeling undecided voters to forecast elections: From bandwagon behavior and the spiral of silence perspective,"Liu, Yezheng | Ye, Chang | Sun, Jianshan | Jiang, Yuanchun | Wang, Hai",2020,International Journal of Forecasting,artigo,en,W3048921052,https://doi.org/10.1016/j.ijforecast.2020.06.011,Bandwagon effect; Voting; Perspective (graphical); Public opinion; Presidential election; Economics; Political science; Econometrics; Psychology; Social psychology; Computer science; Politics; Artificial intelligence; Law
RS2505,268,10.2139/ssrn.2879390,New Findings on Key Factors Influencing the UK's Referendum on Leaving the EU,"Zhang, Aihua",2016,SSRN Electronic Journal,preprint,en,W3124351067,https://doi.org/10.2139/ssrn.2879390,Referendum; Key (lock); Political science; Law; Politics; Computer science; Computer security
RS1786,269,10.1016/j.worlddev.2017.07.017,New Findings on Key Factors Influencing the UK’s Referendum on Leaving the EU,"Zhang, Aihua",2017,World Development,artigo,en,W2563623171,https://doi.org/10.1016/j.worlddev.2017.07.017,Referendum; Turnout; Voting; Demographic economics; Political science; Brexit; Ranked voting system; Logit; General election; Unemployment; Economics; Economic growth; Law; European union; Politics; Economic policy; Econometrics
RS2200,270,10.5771/0032-3470-2017-3-442,Nicht was Du denkst! Was wir wirklich von Wahlvorhersagen lernen können,"Strijbis, Oliver",2017,Politische Vierteljahresschrift,artigo,de,W2763849392,https://doi.org/10.5771/0032-3470-2017-3-442,Political science
RS1868,271,10.1016/j.electstud.2010.09.013,Nowcasting V. polling: The 2010 UK election trials,"Lewis‐Beck, Michael S. | Nadeau, Richard | Bélanger, Éric",2010,Electoral Studies,artigo,en,W2065693922,https://doi.org/10.1016/j.electstud.2010.09.013,Nowcasting; Polling; Political science; General election; Computer science; Geography; Meteorology; Law; Politics
RS2592,272,10.2139/ssrn.6630578,O construcție alternativă: Alianța Dreptate și Adevăr An Alternative Construction: The Justice and Truth Alliance,"Pîrvulescu, Cristian",2026,SSRN Electronic Journal,preprint,,W7155516960,https://doi.org/10.2139/ssrn.6630578,Romanian; Politics; Voting; Incentive; Dominance (genetics); Context (archaeology); Proportional representation; Opposition (politics)
RS1226,273,10.64628/ade.k5g3wmyvw,O quanto se pode confiar nas pesquisas de intenção de voto próximo dos dias de eleição?,"Vasques, Beto",2024,,outro,pt,W4413540441,https://doi.org/10.64628/ade.k5g3wmyvw,Political science
RS1572,274,10.1007/978-3-642-54943-4_26,On Quantum Models for Opinion and Voting Intention Polls,"Dubois, François",2014,Lecture notes in computer science,evento,en,W1432291454,https://doi.org/10.1007/978-3-642-54943-4_26,Voting; Operator (biology); Computer science; Construct (python library); Presidential system; Quantum; Density matrix; Mathematical economics; Theoretical computer science; Algorithm; Mathematics; Political science; Law; Quantum mechanics; Physics
RS1648,275,10.1007/978-3-662-45912-6_26,On Quantum Models for Opinion and Voting Intention Polls,"Dubois, François",2014,Lecture notes in computer science,evento,en,W4240661456,https://doi.org/10.1007/978-3-662-45912-6_26,Voting; Psychology; Political science; Computer science; Law; Politics
RS1857,276,10.1016/j.ijforecast.2020.05.006,Playing the synthesizer with Canadian data: Adding polls to a structural forecasting model,"Mongrain, Philippe | Nadeau, Richard | Jérôme, Bruno",2020,International Journal of Forecasting,artigo,en,W3039432723,https://doi.org/10.1016/j.ijforecast.2020.05.006,Polling; Ex-ante; Politics; Economics; Computer science; Econometrics; Political science; Macroeconomics; Law
RS2450,277,10.21203/rs.3.rs-5440358/v1,Predicting US Elections: A Machine Learning Approach,"Gadde, Nishant | Kumar, Sanjit | Altaf, Rayaan | Bharath, Shreyas",2024,Research Square,preprint,en,W4404362651,http://dx.doi.org/10.21203/rs.3.rs-5440358/v1,Computer science; Artificial intelligence; Machine learning; Political science
RS1905,278,10.1007/s12397-012-9093-z,Reconsidering Jewish Presidential Voting Statistics,"Weisberg, Herbert F.",2012,Contemporary Jewry,artigo,en,W2015065176,https://doi.org/10.1007/s12397-012-9093-z,Voting; Polling; Presidential system; Ranked voting system; Disapproval voting; Political science; Instant-runoff voting; Law; Computer science; Politics
RS1576,279,10.1057/s41269-021-00208-5,Reporting the polls: the quality of media reporting of vote intention polls in the Netherlands,"Louwerse, Tom | Dijk, Rozemarijn E. van",2021,Acta Politica,artigo,en,W3175892698,https://doi.org/10.1057/s41269-021-00208-5,Polling; Headline; Popularity; Quality (philosophy); Advertising; Political science; Business; Computer science; Law
RS2231,280,10.2139/ssrn.2066850,Robo-Polls: Taking Cues from Traditional Sources?,"Clinton, Joshua D. | Rogers, Steven",2012,SSRN Electronic Journal,preprint,en,W2164800583,https://doi.org/10.2139/ssrn.2066850,Psychology; Computer science
RS2059,281,10.1007/978-3-658-40884-8_8,Seize the Day (of the Election)! Using Exit Polls in Electoral Research,"Faas, Thorsten | Reinermann, Holger",2023,Wahlen und politische Einstellungen,capitulo,de,W4383100542,https://doi.org/10.1007/978-3-658-40884-8_8,Voting; Politics; Complement (music); Voting behavior; General election; Data collection; Political science; Positive economics; Order (exchange); Public relations; Psychology; Social psychology; Sociology; Social science; Economics; Law
RS2485,282,10.2139/ssrn.3645233,Strategic Polling Limits the External Validity of Early Election Polling,"Dong, Ling Liang | Rothschild, David",2020,SSRN Electronic Journal,preprint,en,W3116700794,https://doi.org/10.2139/ssrn.3645233,Polling; Business; Computer science; Computer network
RS2902,283,10.2139/ssrn.2904722,Strategy for Democracy: Why and How to Get Money Out of Politics,"Hager, Rob",2017,SSRN Electronic Journal,preprint,en,W2580042834,https://doi.org/10.2139/ssrn.2904722,Politics; Democracy; Political science; Political economy; Economics; Law and economics; Law
RS1726,284,10.1007/978-3-319-73628-0_9,"Terrorism and the Public: Gender, Public Opinion, and Voting Behavior","Ortbals, Candice D. | Poloni-Staudinger, Lori",2018,,capitulo,en,W4237793068,https://doi.org/10.1007/978-3-319-73628-0_9,Terrorism; Voting; Public opinion; Political science; Voting behavior; Criminology; Psychology; Social psychology; Law; Politics
RS1727,285,10.1007/978-1-4614-5641-4_6,"Terrorism and the Public: Gender, Public Opinion, and Voting Behavior","Poloni-Staudinger, Lori | Ortbals, Candice D.",2012,SpringerBriefs in political science,capitulo,en,W2283928912,https://doi.org/10.1007/978-1-4614-5641-4_6,Terrorism; Public opinion; Politics; Political science; Prime minister; Voting; Law; Public administration
RS1557,286,10.2139/ssrn.1618875,Testing Models of Distributive Politics Using Exit Polls to Measure Voters' Preferences and Partisanship,"Larcinese, Valentino | Snyder, James M. | Testa, Cecilia",2010,SSRN Electronic Journal,preprint,en,W2143138365,https://doi.org/10.2139/ssrn.1618875,Measure (data warehouse); Politics; Distributive property; Political science; Economics; Econometrics; Social psychology; Psychology; Computer science; Law; Mathematics; Data mining
RS2863,287,10.2139/ssrn.4499460,The Differential Impact of the Hong Kong National Security Law on Political Sensitivity Bias in Local Opinion Polls,"Yang, Dianyi | Huang, Jackson",2023,SSRN Electronic Journal,preprint,en,W4383041148,https://doi.org/10.2139/ssrn.4499460,Political science; Politics; Law; Popular opinion; Differential (mechanical device); Sensitivity (control systems); National security; Public administration; Sociology; Media studies; Engineering
RS2339,288,10.1016/j.retrec.2019.100809,The impact of a transportation intervention on electoral politics: Evidence from E-ZPass,"Jerzak, Connor | Libgober, Brian",2020,Research in Transportation Economics,artigo,en,W3002006762,https://doi.org/10.1016/j.retrec.2019.100809,Politics; Intervention (counseling); Transport engineering; Political science; Business; Public economics; Psychology; Economics; Engineering; Law
RS2245,289,10.1007/978-3-642-44927-7_23,The Impact of Exchanging Opinions in Political Decision-Making on Voting by Using Multi-agent Simulation,"Sudo, Yuichiro | Kato, Shōhei | Mutoh, Atsuko",2013,Lecture notes in computer science,evento,en,W23892773,https://doi.org/10.1007/978-3-642-44927-7_23,Voting; Ambiguity; Computer science; Voting behavior; Politics; Space (punctuation); Political communication; Order (exchange); The Internet; Management science; Operations research; Political science; Law; World Wide Web; Economics; Mathematics
RS1998,290,10.1016/j.electstud.2017.01.003,The miracle of the markets: Identifying key campaign events in the Scottish independence referendum using betting odds,"Wall, Matthew | Costello, Rory | Lindsay, Stephen",2017,Electoral Studies,artigo,en,W2577860520,https://doi.org/10.1016/j.electstud.2017.01.003,Miracle; Referendum; Odds; Independence (probability theory); Political science; Key (lock); Political economy; Economics; Law; Politics; Computer security; Medicine; Computer science; Internal medicine
RS1697,291,10.2139/ssrn.2316417,The RAND Continuous 2012 Presidential Election Poll,"Gutsche, Tania | Kapteyn, Arie | Meijer, Erik | Weerman, Bas",2013,SSRN Electronic Journal,preprint,en,W3124745901,https://doi.org/10.2139/ssrn.2316417,Political science; Presidential election; Presidential system; Public administration; Law; Politics
RS2265,292,10.2139/ssrn.6826140,"The Symbolic Coherence Index Does Not Predict Electoral Support in Romania 2019-2024: A Null Result, a Methodological Artefact, and the Governing Party Penalty","Florin, Serban Gabriel",2026,SSRN Electronic Journal,preprint,,W7163736879,https://doi.org/10.2139/ssrn.6826140,Coherence (philosophical gambling strategy); Null hypothesis; Panel data; Null (SQL); Index (typography); Lag; Voting; Composite index; Test (biology)
RS1873,293,10.2139/ssrn.6968718,"The Veda-Consolidation Mechanism Poll Aggregation, Strategic Voting, and Electoral Forecasting in Latin American Two-Round Elections Evidence from Colombia 2022 and 2026","Cabrera-Abinader, Levis R.",2026,SSRN Electronic Journal,preprint,,W7168367029,https://doi.org/10.2139/ssrn.6968718,Polling; Latin Americans; Robustness (evolution); Weighting; Benchmark (surveying); Presidential system
RS1825,294,,The Virtual Polling Station - Transferring the Sociocultural Effect of Poll Site Elections to Remote Internet Voting.,"Richter, Philipp",2010,TUbilio (Technical University of Darmstadt),artigo,en,W346844147,http://tubiblio.ulb.tu-darmstadt.de/view/person/Richter=3APhilipp=3A=3A.html>,Polling; Voting; The Internet; Advertising; Computer science; Internet privacy; Telecommunications; Business; Political science; World Wide Web; Computer network; Law; Politics
RS1863,295,10.1016/j.electstud.2017.03.003,The “timeline” method of studying electoral dynamics,"Wlezien, Christopher | Jennings, Will | Erikson, Robert S.",2017,Electoral Studies,artigo,en,W2605589255,https://doi.org/10.1016/j.electstud.2017.03.003,Timeline; General election; Set (abstract data type); Dynamics (music); Political science; Econometrics; Computer science; Sociology; Statistics; Economics; Mathematics; Law
RS2480,296,10.2139/ssrn.1810466,"Urban Voters, Racial Attitudes, and Neighborhood Context: A Multilevel Analysis of the 2005 Los Angeles Mayoral Election","McDaniel, Jason A.",2011,SSRN Electronic Journal,preprint,en,W2197095382,https://doi.org/10.2139/ssrn.1810466,Context (archaeology); Multilevel model; Political science; Demographic economics; Sociology; Geography; Economics; Computer science
RS2506,297,10.2139/ssrn.2602955,Using Bayesian Data Combination of Fundamental Variable-Based Forecasts and Poll-Based Forecasts to Predict the 2013 German Election,"Küntzler, Theresa",2015,SSRN Electronic Journal,preprint,en,W3123249945,https://doi.org/10.2139/ssrn.2602955,German; Bayesian probability; Econometrics; Consensus forecast; Variable (mathematics); Computer science; Statistics; Economics; Geography; Mathematics; Artificial intelligence
RS2572,298,10.2139/ssrn.2222629,Voting Islamist or Voting Secular? An Empirical Analysis of Voting Outcomes in 'Arab Spring' Egypt,"Elsayyad, May | Hanafy, Shimaa",2013,SSRN Electronic Journal,preprint,en,W1583413026,https://doi.org/10.2139/ssrn.2222629,Voting; Download; Electronic voting; Spring (device); Political science; Computer science; Computer security; Internet privacy; World Wide Web; Law; Engineering
RS1886,299,10.1007/s11127-014-0173-3,Voting Islamist or voting secular? An empirical analysis of voting outcomes in Egypt’s “Arab Spring”,"Elsayyad, May | Hanafy, Shimaa",2014,Public Choice,artigo,en,W2166682694,https://doi.org/10.1007/s11127-014-0173-3,Voting; Bandwagon effect; Ranked voting system; Disapproval voting; Straight-ticket voting; Political science; Public finance; Economics; Demographic economics; Split-ticket voting; Political economy; Law
RS1961,300,,Why do Local Voters Deviate from their National Party Preference? An Analysis of the 2012 PartiRep Exit Poll in Belgium,"Mariën, Sofie | Hooghe, Marc | Dassonneville, Ruth",2013,,artigo,en,W2526276449,https://lirias.kuleuven.be/handle/123456789/414708,Preference; Political science; Economics; Microeconomics
RS0656,301,10.2139/ssrn.3026637,¿Fotografía o caricatura?: Distorsiones en las encuestas electorales en tres ciudades colombianas (Photography or Caricature?: Biases in Election Polls in Three Colombian Cities),"Plata, Juan",2017,SSRN Electronic Journal,preprint,es,W2755869924,https://doi.org/10.2139/ssrn.3026637,Political science; Humanities; Art
RS1353,302,10.64628/aao.uf4kndnna,¿Por qué varían tanto algunas encuestas de intención de voto?,"Eynde, Ana Muñoz van den",2023,,outro,es,W4413521613,https://doi.org/10.64628/aao.uf4kndnna,Political science; Economics; Humanities; Philosophy
RS1919,303,10.1016/j.ijforecast.2017.12.001,Affect versus cognition: Wishful thinking on election day,"Stiers, Dieter | Dassonneville, Ruth",2018,International Journal of Forecasting,artigo,en,W2747176191,https://doi.org/10.1016/j.ijforecast.2017.12.001,Wishful thinking; Affect (linguistics); Variation (astronomy); Ballot; Political science; Survey data collection; Social psychology; Psychology; Voting; Law; Politics; Statistics
RS1600,304,10.1016/j.electstud.2015.08.005,An experimental analysis of the impact of campaign polls on electoral information seeking,"Roy, Jason | Singh, Shane | Fournier, Patrick | Andrew, Blake",2015,Electoral Studies,artigo,en,W1147879919,https://doi.org/10.1016/j.electstud.2015.08.005,Political science; Public administration; Public relations
RS1986,305,10.35731/kpca.2014..32.001,"Perceptions of election poll reporting and their effects on the support for election poll censorship: Structural equation models for mediating roles of the third person effect, importance of electability, and voting behavior and moderating role of education level","Kim, Yong-Ho",2014,Journal of Political Communication,artigo,en,W2955904542,https://doi.org/10.35731/kpca.2014..32.001,Voting; Structural equation modeling; Censorship; Perception; Psychology; Social psychology; Econometrics; Political science; Politics; Economics; Statistics; Mathematics; Law
RS1684,306,10.2139/ssrn.3195486,The Effect of Opinion Polls on Political Information Seeking,"Singh, Shane | Roy, Jason | Fournier, Patrick",2018,SSRN Electronic Journal,preprint,en,W3001644032,https://doi.org/10.2139/ssrn.3195486,Politics; Political science; Law
RS1597,307,10.2139/ssrn.2532324,The Influence of Public Opinion Polls on Issue Preferences,"Ragozzino, Michael Matthew | Hartman, Todd K.",2014,SSRN Electronic Journal,preprint,en,W1771353029,https://doi.org/10.2139/ssrn.2532324,Bandwagon effect; Public opinion; Opinion poll; Polling; Politics; Political science; Social psychology; Identity (music); Psychology; Public relations; Law
RS2620,308,10.2139/ssrn.2283793,"Election Briefing No 52: Europe and the Presidential Election in Romania, November 22-December 6 2009","Gherghina, Sergiu",2013,SSRN Electronic Journal,preprint,en,W2264752713,https://doi.org/10.2139/ssrn.2283793,Presidential election; Political science; General election; Public administration; Law; Politics
RS2585,309,10.1007/978-3-032-37438-7_31,Towards an Agent-Based Model of Opinion Dynamics for Political Elections,"Jiménez-Guerrero, Ulises | Guerra‐Hernández, Alejandro | Cruz-Ramírez, Nicandro | Luna-Ramírez, Wulfrano Arturo",2026,Communications in computer and information science,evento,en,W7213195080,https://doi.org/10.1007/978-3-032-37438-7_31,Politics; Replicate; Public opinion; Dynamics (music); Presidential system; Work (physics); Bounded function; Presidential election
RS2818,310,10.1057/s41253-022-00183-z,Editor’s Note 20(3),"Mazur, Amy G.",2022,French Politics,artigo,en,W4229025777,https://doi.org/10.1057/s41253-022-00183-z,Comparative politics; Linguistics; Philosophy; Political science; Law; Politics
RS1779,311,10.1007/978-3-030-86492-7,Elections and Voters in Britain,"Denver, David | Johns, Robert",2021,,livro,en,W4206816336,https://doi.org/10.1007/978-3-030-86492-7,Voting; Political science; Politics; Political economy; General election; Positive economics; Public administration; Sociology; Law; Economics
RS2082,312,10.1007/978-3-031-31654-8_23,Manipulation by Coalitions in Voting with Incomplete Information,"Veselova, Yuliya",2023,Springer optimization and its applications,capitulo,en,W4386984423,https://doi.org/10.1007/978-3-031-31654-8_23,Voting; Preference; Incentive; Probabilistic logic; Computer science; Affect (linguistics); Mathematical economics; Complete information; Microeconomics; Operations research; Economics; Political science; Psychology; Mathematics; Artificial intelligence
RS1933,313,,"Research Guides: Statistics: Voting Behavior, Polling Data, and Political Attitudes","Boucher, Ian",2014,,outro,en,W2943737440,https://libguides.dickinson.edu/statistics/voting,Polling; Voting; Politics; Voting behavior; Statistics; Computer science; Political science; Mathematics; Law
RS1570,314,10.1007/s11127-017-0457-5,Risk aversion and bandwagon effect in the pivotal voter model,"Grillo, Alberto",2017,Public Choice,artigo,en,W2619677872,https://doi.org/10.1007/s11127-017-0457-5,Bandwagon effect; Public finance; Economics; Voter model; Risk aversion (psychology); Econometrics; Financial economics; Psychology; Macroeconomics; Social psychology; Expected utility hypothesis; Mathematics; Statistics
RS1703,315,10.1007/s00199-022-01413-9,Welfare-improving misreported polls,"Durazzo, Felipe R. | Turchick, David",2022,Economic Theory,artigo,en,W4211009677,https://doi.org/10.1007/s00199-022-01413-9,Bandwagon effect; Economics; Voting; Welfare; Victory; Microeconomics; Public finance; Mathematical economics; Political science; Law; Macroeconomics; Market economy
RS3906,404,10.1787/9789264301085-en,A Broken Social Elevator? How to Promote Social Mobility,OECD,2018,OECD eBooks,livro,en,W4255060753,https://doi.org/10.1787/9789264301085-en,Elevator; Sociology; Business; Engineering; Structural engineering
RS3875,405,10.2139/ssrn.4045630,A Cognitive Insight into Political Minds: Exploring Cognitive Biases Among Indian Political Representatives,"Beri, Dhruv | Reddy, Dr. K Jayasankara",2022,SSRN Electronic Journal,preprint,en,W4226026135,https://doi.org/10.2139/ssrn.4045630,Politics; Cognition; Psychology; Political science; Cognitive bias; Cognitive psychology; Social psychology; Law; Neuroscience
RS3958,406,10.1007/s43545-023-00613-x,A comparative analysis of the causes of the protests in Southern Africa,"Kali, Moeketsi",2023,SN Social Sciences,artigo,en,W4317234260,https://doi.org/10.1007/s43545-023-00613-x,Aggression; Poverty; Political science; Development economics; Unemployment; Economic growth; Political economy; Sociology; Psychology; Economics; Social psychology; Law
RS3846,407,10.2139/ssrn.4009136,Advanced Technologies and Worker Voice,"Belloc, Filippo | Burdín, Gabriel | Landini, Fabio",2022,SSRN Electronic Journal,preprint,en,W4206435548,https://doi.org/10.2139/ssrn.4009136,Context (archaeology); Representation (politics); Regression discontinuity design; Sample (material); Work (physics); Business; De facto; Industrial organization; Politics; Political science; Engineering; Statistics; Mathematics
RS3266,408,10.1016/j.jrp.2013.05.009,At what sample size do correlations stabilize?,"Schönbrodt, Felix D. | Perugini, Marco",2013,Journal of Research in Personality,artigo,en,W2087160026,https://doi.org/10.1016/j.jrp.2013.05.009,Sample size determination; Monte Carlo method; Statistics; Sample (material); Stability (learning theory); Magnitude (astronomy); Correlation; Population; Econometrics; Mathematics; Statistical physics; Physics; Demography; Computer science; Geometry
RS4093,409,10.1007/978-981-95-2844-8_28,Attacks on DAOs,"Vonlanthen, Yann | Feichtinger, Rainer | Fritsch, Robin | Heimbach, Lioba | Wattenhofer, Roger",2025,,capitulo,en,W7117969687,https://doi.org/10.1007/978-981-95-2844-8_28,Joint (building); George (robot); Server; The Internet
RS3766,410,10.2139/ssrn.3585364,Betting on the House: Subjective Expectations and Market Choices,"Bottan, Nicolás | Pérez-Truglia, Ricardo",2020,SSRN Electronic Journal,preprint,en,W3123884638,https://doi.org/10.2139/ssrn.3585364,House price; Economics; Actuarial science; Psychology; Econometrics
RS3098,411,10.1016/j.jdeveco.2012.01.002,Beyond baseline and follow-up: The case for more T in experiments,"McKenzie, David",2012,Journal of Development Economics,artigo,en,W1999203981,https://doi.org/10.1016/j.jdeveco.2012.01.002,Baseline (sea); Autocorrelation; Analysis of covariance; Sample size determination; Econometrics; Statistics; Power (physics); Sample (material); Statistical power; Randomized experiment; Economics; Mathematics
RS3985,412,10.2139/ssrn.4520859,Blaming Your Predecessor: Government Turnover and External Financial Assistance,"Abad, José | Bermejo, Vicente J. | Carozzi, Felipe | Gago, Andrés",2023,SSRN Electronic Journal,preprint,en,W4385589322,https://doi.org/10.2139/ssrn.4520859,Business; Government (linguistics); Finance; Financial system
RS3529,413,10.1016/j.euroecorev.2017.08.011,Can a common currency foster a shared social identity across different nations? The case of the euro,"Buscha, Franz | Müller, Daniel | Page, Lionel",2017,European Economic Review,artigo,en,W2395685095,https://doi.org/10.1016/j.euroecorev.2017.08.011,Identity (music); Currency; Feeling; Order (exchange); Common currency; Social identity theory; Economics; Political science; International economics; Social psychology; Psychology; Monetary economics; Social group; Finance
RS3895,414,10.1177/1536867x1101100407,Causal Mediation Analysis,"Hicks, Raymond | Tingley, Dustin",2011,The Stata Journal Promoting communications on statistics and Stata,artigo,en,W4246275167,https://doi.org/10.1177/1536867x1101100407,Mediation; Econometrics; Computer science; Psychology; Mathematics; Political science; Law
RS3764,415,10.2139/ssrn.2943760,Collective Action in Networks: Evidence from the Chilean Student Movement,"Gonzzlez, Felipe",2016,SSRN Electronic Journal,preprint,en,W3123754718,https://doi.org/10.2139/ssrn.2943760,Collective action; Movement (music); Action (physics); Political science; Psychology; Law; Politics; Art; Aesthetics
RS3668,416,10.1016/j.ecolecon.2019.106434,Experimental evidence of an environmental attitude-behavior gap in high-cost situations,"Farjam, Mike | Nikolaychuk, Olexandr | Bravo, Giangiacomo",2019,Ecological Economics,artigo,en,W2969457357,https://doi.org/10.1016/j.ecolecon.2019.106434,Cognitive dissonance; Order (exchange); Work (physics); Economics; Environmental economics; Risk analysis (engineering); Psychology; Social psychology; Business; Engineering
RS3863,417,10.1017/9781108779104.001,Foundations of Political Psychology,,2022,Cambridge University Press eBooks,capitulo,en,W4213240457,https://doi.org/10.1017/9781108779104.001,Content (measure theory); Politics; Political science; Psychology; Computer science; Data science; Information retrieval; Law; Mathematics
RS3580,418,10.2139/ssrn.2939744,Free-Riders and Underdogs: Participation in Corporate Voting,"Cvijanović, Dragana | Groen-Xu, Moqi | Zachariadis, Konstantinos E.",2017,SSRN Electronic Journal,preprint,en,W2608713021,https://doi.org/10.2139/ssrn.2939744,Voting; Business; Political science; Law; Politics
RS4057,419,10.2139/ssrn.5069466,From Flat to Fair? The Effects of a Progressive Tax Reform,"Ajzenman, Nicolás | Cruces, Guillermo | Pérez-Truglia, Ricardo | Tortarolo, Dario | Vázquez-Baré, Gonzalo",2024,SSRN Electronic Journal,preprint,en,W4405797048,https://doi.org/10.2139/ssrn.5069466,Tax reform; Economics; Flat tax; Keynesian economics; Public economics; State income tax; Gross income; Political science
RS4063,420,10.2139/ssrn.5139177,How Do People Perceive Deepfakes?Deepfake User Perception and its Implications for Deepfake Discernment,"Shin, Donghee",2025,SSRN Electronic Journal,preprint,en,W4407594076,https://doi.org/10.2139/ssrn.5139177,Discernment; Perception; Psychology; Social psychology; Computer science; Epistemology; Philosophy
RS3999,421,10.1007/978-3-031-34738-2_4,Improving Evaluation Using Visualization Decision-Making Models: A Practical Guide,"Bancilhon, Melanie | Padilla, Lace | Ottley, Alvitta",2023,,capitulo,en,W4388429686,https://doi.org/10.1007/978-3-031-34738-2_4,Visualization; Computer science; Cognition; Creative visualization; Visual analytics; Context (archaeology); Data visualization; Data science; Intersection (aeronautics); Management science; Human–computer interaction; Artificial intelligence; Psychology; Engineering
RS3897,422,10.1787/459aa7f1-en,Income inequality,,2014,,outro,en,W4248247043,https://doi.org/10.1787/459aa7f1-en,Inequality; Economic inequality; Economics; Mathematics; Mathematical analysis
RS3751,423,10.2139/ssrn.3695115,Inference from Biased Polls,"Brownback, Andy | Burke, Nathaniel | Gagnon-Bartsch, Tristan",2020,SSRN Electronic Journal,preprint,en,W3122015173,https://doi.org/10.2139/ssrn.3695115,Political science; Psychology
RS3484,424,10.2139/ssrn.2664262,Intended College Attendance: Evidence from an Experiment on College Returns and Costs,"Bleemer, Zachary | Zafar, Basit",2015,SSRN Electronic Journal,preprint,en,W2244569361,https://doi.org/10.2139/ssrn.2664262,Attendance; Economics; Actuarial science; Demographic economics; Economic growth
RS3709,425,10.1016/j.jpubeco.2017.11.002,Intended college attendance: Evidence from an experiment on college returns and costs,"Bleemer, Zachary | Zafar, Basit",2017,Journal of Public Economics,artigo,en,W3024590565,https://doi.org/10.1016/j.jpubeco.2017.11.002,Attendance; Salience (neuroscience); Economics; Baseline (sea); Demographic economics; Survey data collection; College education; Actuarial science; Psychology; Economic growth; Political science; Statistics
RS3729,426,10.1007/978-3-030-60975-7_30,Jump on the Bandwagon? – Characterizing Bandwagon Phenomenon in Online NBA Fan Communities,"Wang, Yichen | Zhang, Jason Shuo | Han, Xu | Lv, Qin",2020,Lecture notes in computer science,evento,en,W3092424041,https://doi.org/10.1007/978-3-030-60975-7_30,Bandwagon effect; Jump; Phenomenon; Context (archaeology); Leverage (statistics); Dynamics (music)
RS4110,427,10.1016/j.jretconser.2026.104932,"Jumping on the bandwagon: Emotional responses, attitude, and willingness to buy in luxury fine dining choices","Eastman, Jacqueline K. | Tran, Gina A. | Mark Case, F. | Belier, Vincent",2026,Journal of Retailing and Consumer Services,artigo,en,W7165177961,https://doi.org/10.1016/j.jretconser.2026.104932,Bandwagon effect; Affect (linguistics); Willingness to pay; Ambivalence; Sample (material); Perception; Endogeneity
RS3808,428,10.1038/s41586-021-03660-7,Meaningful measures of human society in the twenty-first century,"Lazer, David | Hargittai, Eszter | Freelon, Deen | González‐Bailón, Sandra | Munger, Kevin | Ognyanova, Katherine | Radford, Jason Pilny",2021,Nature,artigo,en,W3173730528,https://doi.org/10.1038/s41586-021-03660-7,Data science; Meaning (existential); Instrumentation (computer programming); Scientific instrument; Focus (optics); Computer science; Epistemology; Engineering ethics; Sociology; Engineering
RS4086,429,10.1016/j.ijhm.2025.104411,Measuring hotel leadership’s perception of trust: Development of the trust in governance systems (TGS) scale,"Subedi, Swechchha | Kubíčková, Markéta",2025,International Journal of Hospitality Management,artigo,en,W4414080281,https://doi.org/10.1016/j.ijhm.2025.104411,Corporate governance; Scale (ratio); Confirmatory factor analysis; Interpersonal communication; Reliability (semiconductor); Government (linguistics); Exploratory factor analysis; Hospitality industry; Exploratory research
RS3905,430,10.1037/e573552014-069,Misconceptions of Chance: Evidence from an Integrated Experiment,"Benjamin, Daniel J. | Moore, Don A. | Rabin, Matthew",2014,PsycEXTRA Dataset,outro,en,W4253501661,https://doi.org/10.1037/e573552014-069,Psychology; Computer science
RS3857,431,10.2139/ssrn.3966686,Motivated Optimism and Workplace Risk,"Yesim Orhun, A. | Cohn, Alain | Raymond, Collin",2022,SSRN Electronic Journal,preprint,en,W4210295609,https://doi.org/10.2139/ssrn.3966686,Optimism; Psychology; Social psychology; Business
RS3818,432,10.1016/j.ijintrel.2021.08.008,"National pride, social trust, and cultural nativism: Findings from East and Southeast Asia","Kim, Harris Hyun‐soo | Kim, Harris Hyun-soo | Kim, Hyun Jin (Katelyn) | Kim, Hyun Jin (Katelyn)",2021,International Journal of Intercultural Relations,artigo,en,W3194772129,https://doi.org/10.1016/j.ijintrel.2021.08.008,Pride; Psychological nativism; East Asia; Political science; Gender studies; Sociology; Immigration; China
RS3771,433,10.2139/ssrn.3483834,Optimality of Matched-Pair Designs in Randomized Controlled Trials,"Bai, Yuehao",2019,SSRN Electronic Journal,preprint,en,W3124687950,https://doi.org/10.2139/ssrn.3483834,Randomized controlled trial; Computer science; Mathematics; Medicine; Internal medicine
RS4023,434,10.2139/ssrn.4850602,Paying Your Fair Share: Perceived Fairness and Tax Compliance,"Nathan, Brad | Pérez-Truglia, Ricardo | Zentner, Alejandro",2024,SSRN Electronic Journal,preprint,en,W4399399450,https://doi.org/10.2139/ssrn.4850602,Taxpayer; Context (archaeology); Fair share; Compliance (psychology); Business; Economics; Appeal; Public economics; Demographic economics; Law
RS4056,435,10.2139/ssrn.5013507,"Preventing the Misuse of Digital Influence: The Development of Systems for Preserving and Analyzing Big Tech Content, and Why Such Systems Are Essential for Democracy","Epstein, Robert",2024,SSRN Electronic Journal,preprint,en,W4405440002,https://doi.org/10.2139/ssrn.5013507,Chemistry; Computer science; Medicine
RS3404,436,10.1016/j.jml.2012.11.001,Random effects structure for confirmatory hypothesis testing: Keep it maximal,"Barr, Dale J. | Lévy, Roger | Scheepers, Christoph | Tily, Harry",2013,Journal of Memory and Language,artigo,en,W2141845152,https://doi.org/10.1016/j.jml.2012.11.001,Psychology; Confirmatory factor analysis; Cognitive psychology; Statistical hypothesis testing; Social psychology; Developmental psychology; Structural equation modeling; Statistics; Mathematics
RS3769,437,10.2139/ssrn.1638468,Rational Choice and Voter Turnout: Evidence from Union Representation Elections,"Farber, Henry S.",2010,SSRN Electronic Journal,preprint,en,W3124281597,https://doi.org/10.2139/ssrn.1638468,Turnout; Voter turnout; Representation (politics); Political science; Proportional representation; Voting; Social psychology; Political economy; Demographic economics; Econometrics; Psychology; Economics; Politics; Law; Democracy
RS2943,438,10.1007/s11616-012-0154-9,Reliabilitätstests in Inhaltsanalysen,"Vogelgesang, Jens | Scharkow, Michael",2012,Publizistik,artigo,de,W121152809,https://doi.org/10.1007/s11616-012-0154-9,Gynecology; Political science; Humanities; Philosophy; Medicine
RS4062,439,10.1016/j.bar.2025.101566,"Reprint of: Political uncertainty, corporate social responsibility, and firm performance","Hu, Yi | Yin, Chao",2025,The British Accounting Review,artigo,en,W4407409625,https://doi.org/10.1016/j.bar.2025.101566,Reprint; Corporate social responsibility; Politics; Business; Law and economics; Economics; Accounting; Political science; Public relations; Law; Physics
RS3156,440,10.3758/s13423-013-0572-3,Robust misinterpretation of confidence intervals,"Hoekstra, Rink | Morey, Richard D. | Rouder, Jeffrey N. | Wagenmakers, Eric‐Jan",2014,Psychonomic Bulletin & Review,artigo,it,W2027873737,https://doi.org/10.3758/s13423-013-0572-3,Psychology; Interpretation (philosophy); Inference; Null hypothesis; Statistical inference; Value (mathematics); Statistical hypothesis testing; Social psychology; Epistemology; Statistics
RS3621,441,10.1016/j.jesp.2018.03.009,"Social class, control, and action: Socioeconomic status differences in antecedents of support for pro-environmental action","Eom, Kimin | Kim, Heejung S. | Sherman, David K.",2018,Journal of Experimental Social Psychology,artigo,en,W2802835076,https://doi.org/10.1016/j.jesp.2018.03.009,Socioeconomic status; Psychology; Social psychology; Action (physics); Control (management); Social support; Climate change; Social class; Sense of control; Developmental psychology; Sociology; Political science; Demography; Ecology; Population
RS3955,442,10.1016/j.jdeveco.2022.103035,Social stigma as a barrier to HIV testing: Evidence from a randomized experiment in Mozambique,"Yu, Hang",2022,Journal of Development Economics,artigo,en,W4312083902,https://doi.org/10.1016/j.jdeveco.2022.103035,Stigma (botany); Incentive; Human immunodeficiency virus (HIV); Social psychology; Psychology; Intervention (counseling); Social stigma; Clinical psychology; Medicine; Psychiatry; Economics; Family medicine
RS3970,443,10.2139/ssrn.4484166,Sustainable Investing and Political Behavior,"Heeb, Florian | Kölbel, Julian F | Ramelli, Stefano | Vasileva, Anna",2023,SSRN Electronic Journal,preprint,en,W4381895311,https://doi.org/10.2139/ssrn.4484166,Referendum; Politics; Crowds; Context (archaeology); Population; Climate policy; Order (exchange); Work (physics); Political science; Sample (material); Public economics; Economics; Climate change; Finance; Sociology; Law; Geography; Computer security; Engineering; Computer science
RS3855,444,10.2139/ssrn.3979018,Swimming with the Tide: Election Polls and Firm Decisions,"Viehweger, Martin",2021,SSRN Electronic Journal,preprint,en,W4206839188,https://doi.org/10.2139/ssrn.3979018,Political science; Economics
RS3670,445,10.1016/j.jretconser.2019.101903,The bandwagon luxury consumption in Tunisian case: The roles of independent and interdependent self concept,"Bahri-Ammari, Nedra | Coulibaly, Daouda | Mimoun, Mohamed Slim Ben",2019,Journal of Retailing and Consumer Services,artigo,en,W2975717116,https://doi.org/10.1016/j.jretconser.2019.101903,Bandwagon effect; Interdependence; Consumption (sociology); Empirical research; Advertising; Economics; Marketing; Social psychology; Psychology; Sociology; Business; Social science
RS3498,446,,THE CHARACTERISTICS AND IMPACT OF NON-SOURCE ITEMS IN THE SOCIAL SCIENCES - A PILOT STUDY OF TWO POLITICAL SCIENCE DEPARTMENTS IN GERMANY,"Chi, Pei‐Shan | Olbertz, Jan-Hendrik | Dekan, Der | Seadle, Michael | Petras, Vivien",2014,,tese,en,W2291825269,http://edoc.hu-berlin.de/docviews/abstract.php?lang=ger&id=41044,Politics; Political science; Social science; Sociology; Public relations
RS3587,447,10.4135/9781526451248.n14,The Personality Bases of Political Ideology and Behavior,"Cichocka, Aleksandra | Dhont, Kristof",2018,,capitulo,en,W2638111515,https://doi.org/10.4135/9781526451248.n14,Ideology; Personality; Politics; Psychology; Social psychology; Political science; Sociology; Law
RS3010,448,10.2139/ssrn.1995811,The Price is Right: Updating of Inflation Expectations in a Randomized Price Information Experiment,"Armantier, Olivier | Nelson, Scott | Topa, Giorgio | Klaauw, Wilbert van der | Zafar, Basit",2012,SSRN Electronic Journal,preprint,en,W1575829945,https://doi.org/10.2139/ssrn.1995811,Inflation (cosmology); Economics; Econometrics; Monetary economics; Price level
RS3926,449,10.2139/ssrn.4178350,The Role of Media in Financial Decision-Making,"Ahern, Kenneth R. | Peress, Joël",2022,SSRN Electronic Journal,preprint,en,W4290759242,https://doi.org/10.2139/ssrn.4178350,Herding; Social media; Financial market; Key (lock); Business; Set (abstract data type); Finance; Economics; Computer science
RS2933,450,10.1007/978-3-658-00875-8_20,Unbekanntes Europa? Eine vergleichende Analyse zu Verteilung und Determinanten von Kenntnissen über die Europäische Union,"Maier, Jürgen | Bathelt, Severin",2012,,capitulo,de,W1051673,https://doi.org/10.1007/978-3-658-00875-8_20,Political science
RS2981,451,10.2139/ssrn.2399804,Union Organizing Decisions in a Deteriorating Environment: The Composition of Representation Elections and the Decline in Turnout,"Farber, Henry S.",2014,SSRN Electronic Journal,preprint,en,W1488570402,https://doi.org/10.2139/ssrn.2399804,Turnout; Composition (language); Representation (politics); Political science; Proportional representation; Demographic economics; Economics; Voting; Politics; Democracy; Law
RS3599,452,10.1007/s41025-017-0078-2,Verhaltensökonomische Theorie der Politik und die Robustheit politischer Institutionen,"Schnellenbach, Jan",2017,List Forum für Wirtschafts- und Finanzpolitik,artigo,de,W2768191372,https://doi.org/10.1007/s41025-017-0078-2,Political science
RS4038,453,10.1016/j.bar.2024.101467,"WITHDRAWN: Political uncertainty, corporate social responsibility, and firm performance","Hu, Yi | Yin, Chao",2024,The British Accounting Review,errata,en,W4401852518,https://doi.org/10.1016/j.bar.2024.101467,Corporate social responsibility; Politics; Business; Accounting; Political science; Public relations; Law
RS3779,454,10.2139/ssrn.2979942,Worker Overconfidence: Field Evidence and Implications for Employee Turnover and Returns from Training,"Hoffman, Mitchell | Burks, Stephen V.",2017,SSRN Electronic Journal,preprint,en,W3125820303,https://doi.org/10.2139/ssrn.2979942,Overconfidence effect; Training (meteorology); Turnover; Psychology; Business; Field (mathematics); Labour economics; Economics; Social psychology; Management; Mathematics; Geography
RS4091,455,10.1007/s12144-025-08479-3,Young adults’ moral double standards toward the advantaged and disadvantaged: the role of power distance,"Wu, Jingshan | Wang, Na | Shu, Xiaoli",2025,Current Psychology,artigo,en,W4414903570,https://doi.org/10.1007/s12144-025-08479-3,Disadvantaged; Power (physics); Trait; Affect (linguistics); Social power; Virtue
RS4115,456,10.1515/9783111386034-016,"1813.5 Political Parties and Their Voters: Mobilising Their Brethren, Persuading the Likely Converts","Domínguez, Eva Campos | Massuchin, Michele Goulart",2026,,capitulo,,W7169766704,https://doi.org/10.1515/9783111386034-016,Politics; Government (linguistics); Work (physics); Context (archaeology); Agency (philosophy); Perspective (graphical)
RS3171,457,10.1038/nature11421,A 61-million-person experiment in social influence and political mobilization,"Bond, Robert M. | Fariss, Christopher J. | Jones, Jason | Kramer, Adam | Marlow, Cameron | Settle, Jaime E. | Fowler, James H.",2012,Nature,artigo,en,W2033198212,https://doi.org/10.1038/nature11421,Voting; Politics; Face (sociological concept); Interpersonal ties; Social psychology; Turnout; Mobilization; Observational study; Randomized experiment; Social mobilization; Internet privacy; Social network (sociolinguistics); Face-to-face; Political science; Psychology; Social media; Sociology; Computer science; Law; Social science; Medicine
RS3615,458,10.1016/j.electstud.2018.03.005,A Bayesian explanation for the effect of incumbency,"Fowler, Anthony",2018,Electoral Studies,artigo,en,W2795313654,https://doi.org/10.1016/j.electstud.2018.03.005,Phenomenon; Quality (philosophy); Simple (philosophy); Bayesian probability; Empirical evidence; Positive economics; Political science; Econometrics; Economics; Social psychology; Psychology; Computer science; Artificial intelligence; Epistemology
RS3746,459,10.2139/ssrn.3756988,A Simple Test for the Extent of Vote Fraud with Absentee Ballots in the 2020 Presidential Election: Georgia and Pennsylvania Data,"Lott, John R.",2020,SSRN Electronic Journal,preprint,en,W3114051958,https://doi.org/10.2139/ssrn.3756988,Presidential election; Test (biology); Political science; Presidential system; Simple (philosophy); Public administration; Law; Criminology; Psychology; Politics
RS3701,460,10.1016/j.ijforecast.2020.02.004,A two-stage model to forecast elections in new democracies,"Bunker, Kenneth",2020,International Journal of Forecasting,artigo,en,W3015035924,https://doi.org/10.1016/j.ijforecast.2020.02.004,Latin Americans; Markov chain; Econometrics; Stage (stratigraphy); Bayesian probability; Computer science; General election; Economics; Political science; Artificial intelligence; Law; Machine learning
RS4116,461,10.1109/mc.2026.3695675,Betting on the Future in Prediction Markets,"Kshetri, Nir | Voas, J. | Kshetri, Nir",2026,Computer,artigo,,W7172407724,https://doi.org/10.1109/mc.2026.3695675,
RS4104,462,10.2139/ssrn.6249558,Changing Modes or Changing Pollsters? U.S. Presidential Election Polls From 2016 to 2024,"Durand, Claire",2026,SSRN Electronic Journal,preprint,,W7133693586,https://doi.org/10.2139/ssrn.6249558,Polling; Presidential system; Presidential election; General election; Administration (probate law); Mode (computer interface); Variation (astronomy); Opinion poll
RS3581,463,10.1016/j.jpubeco.2020.104220,Collective action in networks: Evidence from the Chilean student movement,"González, Felipe",2020,Journal of Public Economics,artigo,en,W2611184572,https://doi.org/10.1016/j.jpubeco.2020.104220,Attendance; Collective action; Identification (biology); Action (physics); Movement (music); Political science; Economics; Economic growth
RS3550,464,10.1016/j.ejpoleco.2018.10.004,"Complex ballot propositions, individual voting behavior, and status quo bias","Hessami, Zohal | Resnjanskij, Sven",2018,European Journal of Political Economy,artigo,en,W2512968054,https://doi.org/10.1016/j.ejpoleco.2018.10.004,Referendum; Voting; Ballot; Status quo bias; Status quo; Direct democracy; Proposition; Conservatism; Public economics; Selection bias; Economics; Voting behavior; Sample (material); Democracy; Secret ballot; Econometrics; Political science; Microeconomics; Law; Statistics
RS3491,465,10.1016/j.jpubeco.2016.10.002,"Compulsory voting, turnout, and government spending: Evidence from Austria","Hoffman, Mitchell | León, Gianmarco | Lombardi, María Rosa",2016,Journal of Public Economics,artigo,en,W2273470132,https://doi.org/10.1016/j.jpubeco.2016.10.002,Turnout; Voting; Demographic economics; Government (linguistics); Economics; Politics; Political science; Public economics; Political economy; Law
RS3821,466,10.2139/ssrn.3910462,Concurrent Elections and Voting Behaviour: Evidence from an Italian Referendum,"Armillei, Francesco | Cavallotti, Enrico",2021,SSRN Electronic Journal,preprint,en,W3196682613,https://doi.org/10.2139/ssrn.3910462,Referendum; Turnout; Voting; Political science; Null (SQL); Political economy; Public administration; Public economics; Demographic economics; Economics; Law; Politics; Computer science
RS3962,467,10.2139/ssrn.4354261,Cross-State Strategic Voting,"Dahl, Gordon B. | Engelberg, Joseph | Lu, Runjing | Mullins, William",2023,SSRN Electronic Journal,preprint,en,W4320488497,https://doi.org/10.2139/ssrn.4354261,Voting; State (computer science); Business; Political science; Computer science; Politics; Law
RS3929,468,10.1016/j.jpubeco.2022.104735,Do social media ads matter for political behavior? A field experiment,"Beknazar-Yuzbashev, George | Stalinski, Mateusz",2022,Journal of Public Economics,artigo,en,W4294118431,https://doi.org/10.1016/j.jpubeco.2022.104735,Politics; Turnout; Natural experiment; Advertising; Democracy; Social psychology; Polarization (electrochemistry); Economics; Exploit; Psychology; Political science; Voting; Computer science; Statistics; Business; Law; Computer security
RS3957,469,10.1016/j.electstud.2022.102570,Does the early bird always get the worm? First round advantages and second round victories in Latin America,"Lucardi, Adrián | Micozzi, Juan Pablo | Vallejo, Agustín",2023,Electoral Studies,artigo,en,W4313531546,https://doi.org/10.1016/j.electstud.2022.102570,Presidential system; Latin Americans; Regression discontinuity design; Presidential election; Political science; Ideology; Political economy; Politics; Economics; Statistics; Law
RS3743,470,10.1016/j.geb.2020.11.004,Elections under biased candidate endorsements — an experimental study,"Sun, Junze | Schram, Arthur | Sloof, Randolph",2020,Games and Economic Behavior,artigo,en,W3110285291,https://doi.org/10.1016/j.geb.2020.11.004,Turnout; Closeness; Outcome (game theory); Voting; Ex-ante; Economics; Competition (biology); Rationality; Voting behavior; Set (abstract data type); Test (biology); Monotonic function; Econometrics; Social psychology; Construct (python library); Microeconomics; Psychology; Political science; Computer science; Mathematics
RS3645,471,10.1016/j.ejpoleco.2018.12.001,Electoral fraud and voter turnout: An experimental study,"Baghdasaryan, Vardan | Iannantuoni, Giovanna | Maggian, Valeria",2018,European Journal of Political Economy,artigo,en,W2913791690,https://doi.org/10.1016/j.ejpoleco.2018.12.001,Turnout; Voting; Framing (construction); Voter turnout; Ballot; Certainty; Econometrics; Cardinal voting systems; Economics; Political science; Microeconomics; Law; Mathematics
RS3271,472,10.1057/ap.2011.19,"Electoral volatility, political sophistication, trust and efficacy: A study on changes in voter preferences during the Belgian regional elections of 2009","Dassonneville, Ruth",2011,Acta Politica,artigo,en,W2088929475,https://doi.org/10.1057/ap.2011.19,Volatility (finance); Sophistication; Politics; Comparative politics; Economics; Political science; Political economy; Financial economics; Sociology; Law; Social science
RS3613,473,10.1016/j.chb.2018.01.026,Expanding affective intelligence theory through social viewing: Focusing on the South Korea's 2017 presidential election,"Lee, Jiyoung | Choi, Yun‐Jung",2018,Computers in Human Behavior,artigo,en,W2793105659,https://doi.org/10.1016/j.chb.2018.01.026,Enthusiasm; Presidential system; Psychology; Presidential election; Cognition; Social psychology; Context (archaeology); Affect (linguistics); Political science; Politics
RS3467,474,10.1016/j.ijforecast.2014.06.001,Forecasting elections with non-representative polls,"Wang, Wei | Rothschild, David | Goel, Sharad | Gelman, Andrew",2014,International Journal of Forecasting,artigo,en,W2166730394,https://doi.org/10.1016/j.ijforecast.2014.06.001,Polling; Presidential election; Presidential system; Public opinion; Opinion poll; Econometrics; Computer science; Economics; Political science; Politics
RS4112,475,10.2139/ssrn.6991839,How Elections Reshape Beliefs: Cognitive and Social Dissonance in Political Preference Formation,"Stratman, Thomas | Wang, Siyu",2026,SSRN Electronic Journal,preprint,,W7165755613,https://doi.org/10.2139/ssrn.6991839,Cognitive dissonance; Conformity; Voting; Politics; Preference; Victory; Cognition; Voting behavior; Motivated reasoning
RS4065,476,10.2139/ssrn.5116817,Impacts of Third-Party Entry to a Polarized Two-Party Political System: A Structural Analysis of Taiwan General Elections,"Ma, Chao",2025,SSRN Electronic Journal,preprint,en,W4407871843,https://doi.org/10.2139/ssrn.5116817,Third party; Politics; Political science; Polarization (electrochemistry); Single non-transferable vote; Business; Political economy; Chemistry; Economics; Computer science; Internet privacy; Law; Democracy
RS3666,477,10.2139/ssrn.3009791,Is There Within-outlet Demand for Media Slant? Evidence from US Presidential Campaign News,"Garz, Marcel | Sood, Gaurav | Stone, Daniel | Wallace, Justin",2017,SSRN Electronic Journal,preprint,en,W2960048896,https://doi.org/10.2139/ssrn.3009791,Business; Computer science; Advertising
RS3879,478,10.2139/ssrn.3929857,It Takes Money to Make MPs: Evidence from 160 Years of British Campaign Spending,"Cagé, Julia | Dewitte, Edgard",2021,SSRN Electronic Journal,preprint,en,W4231537973,https://doi.org/10.2139/ssrn.3929857,Campaign finance; Political science; Politics; Quarter (Canadian coin); General election; Contextualization; Electoral politics; Advertising; Business; Demographic economics; Democracy; Economics; Geography; Law
RS3399,479,10.2139/ssrn.2396775,Laboratory Elections with Endogenous Turnout: Proportional Representation versus Majoritarian Rule,"Kartal, Melis",2014,SSRN Electronic Journal,preprint,en,W2141153827,https://doi.org/10.2139/ssrn.2396775,Turnout; Proportional representation; Representation (politics); Econometrics; Political science; Economics; Mathematics; Voting; Law; Democracy; Politics
RS3910,480,10.2139/ssrn.3919789,Los efectos del fin del conflicto armado con las FARC sobre la participación política regional en Colombia (The Effects of the End of the Armed Conflict with the FARC on Regional Political Participation in Colombia),"Leguízamo, Emilio",2021,SSRN Electronic Journal,preprint,es,W4255529493,https://doi.org/10.2139/ssrn.3919789,Armed conflict; Humanities; Political science; Geography; Art
RS4064,481,10.1016/j.electstud.2025.102910,Magnitude matters: Voter turnout under different electoral systems,"Pierzgalski, Michał | Górecki, Maciej A. | Stępień, Paweł",2025,Electoral Studies,artigo,en,W4407827949,https://doi.org/10.1016/j.electstud.2025.102910,Voter turnout; Turnout; Political science; Magnitude (astronomy); Electoral system; Political economy; Public administration; Voting; Economics; Law; Politics; Democracy; Physics
RS3806,482,10.1016/j.geb.2023.05.012,Minority turnout and representation under cumulative voting. An experiment.,"Casella, Alessandra | Guo, Jeffrey Da-Ren | Jiang, Michelle",2023,Games and Economic Behavior,artigo,en,W3172660640,https://doi.org/10.1016/j.geb.2023.05.012,Voting; Turnout; Voter turnout; Representation (politics); Salient; Proportional representation; Political science; Majority rule; Demographic economics; Econometrics; Economics; Law; Democracy; Politics
RS3920,483,10.2139/ssrn.4120151,"No Surprises, Please: Voting Costs and Electoral Turnout","Alipour, Jean-Victor | Lindlacher, Valentin",2022,SSRN Electronic Journal,preprint,en,W4285181860,https://doi.org/10.2139/ssrn.4120151,Turnout; Voting; Political science; Voter turnout; Economics; Law and economics; Demographic economics; Law; Politics
RS3551,484,10.1007/s11558-018-9305-8,Opening hours of polling stations and voter turnout: Evidence from a natural experiment,"Potrafke, Niklas | Roesel, Felix",2018,The Review of International Organizations,artigo,en,W2519480913,https://doi.org/10.1007/s11558-018-9305-8,Turnout; Voter turnout; Polling; Natural experiment; Political science; Duty; Political economy; Democracy; Demographic economics; Public administration; Politics; Voting; Economics; Law; Computer science
RS3975,485,10.2139/ssrn.4505072,Pack-Crack-Pack: Gerrymandering with Differential Turnout,"Bouton, Laurent | Genicot, Garance | Castanheira, Micaël | Stashko, Allison",2023,SSRN Electronic Journal,preprint,en,W4383720470,https://doi.org/10.2139/ssrn.4505072,Gerrymandering; Differential (mechanical device); Turnout; Political science; Mathematics; Law; Engineering; Aerospace engineering; Voting; Politics; Democracy; Business; Forensic engineering
RS3075,486,10.1016/j.electstud.2010.09.021,Party contestation and Europe on the news agenda: The 2009 European Parliamentary Elections,"Schuck, Andreas | Xezonakis, Georgios | Elenbaas, Matthijs | Banducci, Susan | Vreese, Claes H. de",2010,Electoral Studies,artigo,en,W1984038346,https://doi.org/10.1016/j.electstud.2010.09.021,Political science; Salient; Politics; Order (exchange); Political economy; Member states; General election; Public administration; Sociology; Law; European union; Economics; International trade
RS3495,487,10.2139/ssrn.2613987,Political Advertising and Election Outcomes,"Spenkuch, Jörg L. | Toniatti, David",2015,SSRN Electronic Journal,preprint,en,W2284299153,https://doi.org/10.2139/ssrn.2613987,Advertising; Audience measurement; Regression discontinuity design; Political advertising; Turnout; Politics; Contrast (vision); Presidential election; Television advertising; Variation (astronomy); Exploit; Presidential system; Economics; Voting; Political science; Business; Computer science; Statistics; Law
RS2942,488,10.1007/978-3-642-41575-3_14,Restricted Manipulation in Iterative Voting: Condorcet Efficiency and Borda Score,"Grandi, Umberto | Loreggia, Andrea | Rossi, Francesca | Venable, Kristen Brent | Walsh, Toby",2013,Lecture notes in computer science,evento,en,W117600906,https://doi.org/10.1007/978-3-642-41575-3_14,Condorcet method; Voting; Computer science; Majority rule; Approval voting; Group decision-making; Set (abstract data type); Convergence (economics); Group (periodic table); Ballot; Theoretical computer science; Iterative method; Algorithm; Artificial intelligence; Mathematical optimization; Mathematics; Psychology; Law; Economics
RS3299,489,10.1016/j.electstud.2010.09.017,Second-order effects plus pan-European political swings: An analysis of European Parliament elections across time,"Hix, Simon | Marsh, Michael",2010,Electoral Studies,artigo,en,W2101966716,https://doi.org/10.1016/j.electstud.2010.09.017,Parliament; European union; Political science; Primary election; Politics; General election; Resizing; Order (exchange); Political economy; Robustness (evolution); Government (linguistics); Public administration; Economics; Law; International economics
RS3593,490,10.1016/j.socec.2018.03.001,Social desirability bias and polling errors in the 2016 presidential election,"Brownback, Andy | Novotny, Aaron",2018,Journal of Behavioral and Experimental Economics,artigo,en,W2746723409,https://doi.org/10.1016/j.socec.2018.03.001,Polling; Presidential system; Presidential election; Social desirability bias; Voting; Social desirability; Political science; Ideology; Social psychology; Agreement; Test (biology); Identification (biology); Positive economics; Psychology; Public economics; Economics; Econometrics; Politics; Computer science; Law
RS3663,491,10.2139/ssrn.3001360,Social Desirability Bias and Polling Errors in the 2016 Presidential Election,"Brownback, Andy | Novotny, Aaron",2017,SSRN Electronic Journal,preprint,en,W2953063750,https://doi.org/10.2139/ssrn.3001360,Polling; Presidential election; Social desirability bias; Political science; Presidential system; Social desirability; Psychology; Social psychology; Computer science; Law; Politics
RS3574,492,10.1016/j.jebo.2019.04.024,Social interactions in voting behavior: Evidence from india,"Khalil, Umair | Mookerjee, Sulagna | Tierney, Ryan",2019,Journal of Economic Behavior & Organization,artigo,en,W2598567701,https://doi.org/10.1016/j.jebo.2019.04.024,Voting; Psychology; Political science; Politics
RS3490,493,10.2139/ssrn.2619406,Split Ticket Voting and Social Networks in New and Established Democracies: A Quasi-Experiment in the 1990 German Unification Elections,"Leiter, Debra",2015,SSRN Electronic Journal,preprint,en,W2271283742,https://doi.org/10.2139/ssrn.2619406,German; Unification; Voting; Political science; Ticket; Split-ticket voting; Computer science; Computer security; Advertising; Political economy; Business; Economics; Linguistics; Politics; Law; Programming language
RS3562,494,10.1007/s11127-016-0399-3,The effect of a reduction in the opening hours of polling stations on turnout,"Garmann, Sebastian",2016,Public Choice,artigo,en,W2565539736,https://doi.org/10.1007/s11127-016-0399-3,Polling; Turnout; Voter turnout; Administration (probate law); State (computer science); Public finance; Reduction (mathematics); Politics; Demographic economics; Public administration; Political science; Economics; Public economics; Voting; Computer science; Law; Computer network; Mathematics
RS3724,495,10.1016/j.jpubeco.2021.104559,"The Heterogeneous Price of a Vote: Evidence from Multiparty Systems, 1993-2017 *","Bekkouche, Yasmine | Cagé, Julia | Dewitte, Edgard",2020,Journal of Public Economics,artigo,en,W3081844602,https://doi.org/10.1016/j.jpubeco.2021.104559,Legislature; Mainstream; Voting; Public economics; Identification (biology); Politics; Empirical evidence; Contingent vote; Political science; Economics; Group voting ticket; Law
RS3565,496,10.1007/s11109-017-9389-5,The Impact of Procedural Information Costs on Voting: Evidence from a Natural Experiment in Chile,"Corvalán, Alejandro | Cox, Paulo",2017,Political Behavior,artigo,en,W2582408220,https://doi.org/10.1007/s11109-017-9389-5,Closing (real estate); Natural experiment; Exploit; Voting; Regression discontinuity design; Natural (archaeology); Computer science; Economics; Political science; Geography; Statistics; Computer security; Politics; Finance; Law; Mathematics
RS3095,497,10.1007/s11238-013-9383-2,The potential of iterative voting to solve the separability problem in referendum elections,"Bowman, Clark | Hodge, Jonathan K. | Yu, Ada",2013,Theory and Decision,artigo,en,W1998230308,https://doi.org/10.1007/s11238-013-9383-2,Referendum; Voting; Outcome (game theory); Anti-plurality voting; Cardinal voting systems; Bullet voting; Computer science; Scheme (mathematics); Approval voting; Mathematical economics; Disapproval voting; Mathematical optimization; Econometrics; Economics; Mathematics; Political science; Law
RS3913,498,10.1057/s41269-022-00250-x,The predictive value of polls in a fragmented multi-party system: the Netherlands (1998–2021),"Meer, Tom van der | Janssen, Lisa | Louwerse, Tom",2022,Acta Politica,artigo,en,W4283312241,https://doi.org/10.1057/s41269-022-00250-x,Polling; Value (mathematics); Opinion poll; Political science; Predictive value; General election; Public opinion; Law; Politics; Medicine; Computer science
RS3281,499,10.1016/j.electstud.2012.05.007,The relationship between age and turnout: A roller-coaster ride,"Bhatti, Yosef | Hansen, Kasper Møller | Wass, Hanna",2012,Electoral Studies,artigo,en,W2094065078,https://doi.org/10.1016/j.electstud.2012.05.007,Turnout; Roller coaster; Scale (ratio); Political science; Demographic economics; Geography; Demography; Sociology; Engineering; Cartography; Economics; Law; Mechanical engineering; Politics
RS3703,500,10.1016/j.ejpoleco.2020.101877,The supply of media slant across outlets and demand for slant within outlets: Evidence from US presidential campaign news,"Garz, Marcel | Sood, Gaurav | Stone, Daniel | Wallace, Justin",2020,European Journal of Political Economy,artigo,en,W3016111153,https://doi.org/10.1016/j.ejpoleco.2020.101877,Race (biology); Advertising; Presidential system; Presidential campaign; Presidential election; Political science; Business; Sociology; Politics; Law
RS2979,501,10.2139/ssrn.2322420,Trading Strategies and Market Microstructure: Evidence from a Prediction Market,"Rothschild, David | Sethi, Rajiv K.",2013,SSRN Electronic Journal,preprint,en,W1484606897,https://doi.org/10.2139/ssrn.2322420,Market microstructure; Business; Algorithmic trading; Market impact; High-frequency trading; Financial economics; Economics; Finance; Order (exchange)
RS3364,502,10.1016/j.electstud.2012.11.004,"Voter overrepresentation, vote misreporting, and turnout bias in postelection surveys","Selb, Peter | Munzert, Simon",2012,Electoral Studies,artigo,en,W2126665730,https://doi.org/10.1016/j.electstud.2012.11.004,Turnout; Voter turnout; Survey data collection; Affect (linguistics); Econometrics; Political science; National election; Demographic economics; Response bias; Focus (optics); Psychology; Voting; Social psychology; Statistics; Economics; Politics; Mathematics; Law
RS3603,503,10.1016/j.electstud.2017.10.001,Voter preferences and party loyalty under cumulative voting: Political behaviour after electoral reform in Bremen and Hamburg,"Bowler, Shaun | McElroy, Gail | Müller, Stefan",2017,Electoral Studies,artigo,en,W2773760279,https://doi.org/10.1016/j.electstud.2017.10.001,Loyalty; Voting; Political science; Politics; German; Electoral reform; Electoral system; Political economy; First-past-the-post voting; Law and economics; Public administration; Economics; Law; Democracy
RS3288,504,10.2139/ssrn.1582971,"Voters, Dictators, and Peons: Expressive Voting and Pivotality","Kamenica, Emir | Egan, Louisa",2010,SSRN Electronic Journal,preprint,en,W2097154526,https://doi.org/10.2139/ssrn.1582971,Voting; Political science; Social psychology; Linguistics; Psychology; Political economy; Politics; Sociology; Law; Philosophy
RS3828,505,10.1016/j.giq.2021.101658,Voting intentions on social media and political opinion polls,"Pekar, Viktor | Najafi, Hossein | Binner, Jane M. | Swanson, Riley | Rickard, Charles | Fry, John",2021,Government Information Quarterly,artigo,en,W3215598588,https://doi.org/10.1016/j.giq.2021.101658,Popularity; Voting; Public opinion; Politics; Opinion poll; Social media; Presidential system; Democracy; Presidential election; Public relations; Political science; General election; Voting behavior; Government (linguistics); Sentiment analysis; Computer science; Artificial intelligence; Law; Linguistics
RS3747,506,10.1017/s104909652000133x,Why Forecast? The Value of Forecasting to Political Science,"Dowding, Keith",2020,PS Political Science & Politics,artigo,en,W3119471123,https://doi.org/10.1017/s104909652000133x,Value (mathematics); Politics; Econometrics; Economics; Political science; Statistics; Mathematics
RS3982,507,10.2139/ssrn.4527559,(How) Do Electoral Surprises Drive Business Cycles? Evidence from a New Dataset,"Fetzer, Thiemo | Yotzov, Ivan",2023,SSRN Electronic Journal,preprint,en,W4385467461,https://doi.org/10.2139/ssrn.4527559,Digital evidence; Business cycle; Economics; Business; Computer science; Keynesian economics; Computer security
RS4025,508,10.2139/ssrn.4864243,All the Growth We Cannot See: Staggered Elections in World's Largest Democracy,"Singh, Nisha | Mishra, Prachi | Mukherjee, Shohan | Nair, Ankita",2024,SSRN Electronic Journal,preprint,en,W4399910031,https://doi.org/10.2139/ssrn.4864243,Economics; Business; Development economics
RS3649,509,10.1016/j.electstud.2019.02.014,Do parties respond strategically to opinion polls? Evidence from campaign statements,"Pereira, Miguel M.",2019,Electoral Studies,artigo,en,W2923534105,https://doi.org/10.1016/j.electstud.2019.02.014,Political science; Public relations; Public administration
RS3919,510,10.2139/ssrn.4123330,Endogenous Popularity: How Perceptions of Support Affect the Popularity of Authoritarian Regimes,"Buckley, Noah | Marquardt, Kyle L. | Reuter, Ora John | Tertytchnaya, Katerina",2022,SSRN Electronic Journal,preprint,en,W4285152008,https://doi.org/10.2139/ssrn.4123330,Popularity; Autocracy; Authoritarianism; Framing (construction); Scholarship; Perception; Affect (linguistics); Social psychology; Political science; Psychology; Political economy; Economics; Politics; Democracy; Law; Geography
RS3555,511,10.1016/j.electstud.2017.06.005,Learning on the job? Adapting party campaign strategy to changing information on the local political context,"Hartman, Todd K. | Pattie, Charles | Johnston, Ron",2017,Electoral Studies,artigo,en,W2526150264,https://doi.org/10.1016/j.electstud.2017.06.005,Politics; Political science; General election; Context (archaeology); Opinion poll; Set (abstract data type); Public relations; Local election; Political economy; Public administration; Public opinion; Economics; Law; Geography; Computer science
RS3661,512,10.2139/ssrn.2824507,Learning on the Job? Adapting Party Campaign Strategy to Changing Information on the Local Political Context,"Hartman, Todd K. | Pattie, Charles | Johnston, Ron",2016,SSRN Electronic Journal,preprint,en,W2951918974,https://doi.org/10.2139/ssrn.2824507,Politics; Context (archaeology); Public relations; Political science; Business; Law; Geography
RS4024,513,10.2139/ssrn.4864181,Macroeconomic Impact of Harmonizing Electoral Cycles: Evidence from India,"Singh, NK | Mishra, Prachi",2024,SSRN Electronic Journal,preprint,en,W4399908830,http://doi.org/10.2139/ssrn.4864181,Economics; Macroeconomics; Econometrics
RS4030,514,10.2139/ssrn.4893582,Macroeconomic Impact of Harmonizing Electoral Cycles: Evidence from India,"Mishra, Prachi | Singh, NK | Mukherjee, Shohan | Nair, Ankita",2024,SSRN Electronic Journal,preprint,en,W4400606289,http://doi.org/10.2139/ssrn.4893582,Economics; Macroeconomics; Development economics
RS3533,515,10.1007/s11109-011-9158-9,On-line and Memory-based: Revisiting the Relationship Between Candidate Evaluation Processing Models,"Kim, Young Mie | Garrett, R.",2011,Political Behavior,artigo,en,W2463057373,https://doi.org/10.1007/s11109-011-9158-9,Computer science; Information processing; Line (geometry); Cognitive psychology; Psychology; Information processing theory; Artificial intelligence; Mathematics
RS3794,516,10.2139/ssrn.3671244,Political Activists as Free-Riders: Evidence from a Natural Field Experiment,"Hager, Anselm | Hensel, Lukas | Hermle, Johannes | Roth, Christopher",2020,SSRN Electronic Journal,preprint,en,W3151577140,https://doi.org/10.2139/ssrn.3671244,Politics; Natural (archaeology); Natural experiment; Political science; Field (mathematics); Law; Geography; Medicine
RS3824,517,10.1016/j.ejpoleco.2021.102116,Populism and propagation of far-right extremism,"Hagemeister, Felix",2021,European Journal of Political Economy,artigo,en,W3200923869,https://doi.org/10.1016/j.ejpoleco.2021.102116,Far right; Populism; Surprise; Radical right; State (computer science); Shock (circulatory); Political economy; Political science; Right wing; Natural experiment; Demographic economics; Law; Economics; Politics; Social psychology; Statistics; Psychology
RS3543,518,10.1057/9780230374959.0019,"Published Opinion Polls, Strategic Party Behavior and News Management","StrÃ¶mbÃ¤ck, Jesper",2014,Palgrave Macmillan eBooks,capitulo,en,W2495596707,https://doi.org/10.1057/9780230374959.0019,Political science; Business; Advertising; Public relations
RS3501,519,10.2139/ssrn.2696236,Social Media and Protest Participation: Evidence from Russia,"Ениколопов, Рубен | Makarin, Alexey | Petrova, Maria",2015,SSRN Electronic Journal,preprint,en,W2297191726,https://doi.org/10.2139/ssrn.2696236,Fractionalization; Collective action; Social media; Polarization (electrochemistry); Penetration (warfare); Political science; Political economy; Public relations; Sociology; Economics; Law; Ethnic group; Politics
RS3925,520,10.1007/s11109-022-09811-4,"What Influences Citizen Forecasts? The Effects of Information, Elite Cues, and Social Cues","Morisi, Davide | Leeper, Thomas J.",2022,Political Behavior,artigo,en,W4289443536,https://doi.org/10.1007/s11109-022-09811-4,Referendum; Elite; Motivated reasoning; Voting; Political science; Sophistication; Wishful thinking; Public opinion; Context (archaeology); Politics; Social psychology; Democracy; Positive economics; Psychology; Economics; Sociology
RS3448,521,10.1016/j.electstud.2010.03.007,Why can voters anticipate post-election coalition formation likelihoods?,"Armstrong, David | Duch, Raymond",2010,Electoral Studies,artigo,en,W2160622696,https://doi.org/10.1016/j.electstud.2010.03.007,Ideology; Political science; Order (exchange); Prime (order theory); Primary election; Composition (language); Multi-party system; Prime minister; Federal election; Period (music); Political economy; Politics; General election; Economics; Law; Democracy
RS3734,522,10.1016/j.ejpoleco.2020.101961,Complete information pivotal-voter model with asymmetric group size and asymmetric benefits,"Mavridis, Christos | Serena, Marco",2020,European Journal of Political Economy,artigo,en,W3093446775,https://doi.org/10.1016/j.ejpoleco.2020.101961,Voter model; Information asymmetry; Group (periodic table); Economics; Econometrics; Microeconomics; Statistics; Mathematics
RS3721,523,10.1016/j.jebo.2021.04.013,Convergence and divergence in dynamic voting with inequality,"Guilmi, Corrado Di | Galanis, Giorgos",2021,Journal of Economic Behavior & Organization,artigo,en,W3047598698,https://doi.org/10.1016/j.jebo.2021.04.013,Unobservable; Voting; Convergence (economics); Divergence (linguistics); Outcome (game theory); Economics; Politics; Cardinal voting systems; Inequality; Microeconomics; Mathematical economics; Econometrics; Political science; Mathematics; Law; Macroeconomics
RS3696,524,10.2139/ssrn.3482344,On the Possibility of Democratic Redistribution in a Two Class Society,"Mavridis, Christos | Serena, Marco",2019,SSRN Electronic Journal,preprint,en,W3009136559,https://doi.org/10.2139/ssrn.3482344,Redistribution (election); Democracy; Political science; Class (philosophy); Political economy; Law; Sociology; Politics; Epistemology; Philosophy
RS2984,525,10.2139/ssrn.2359391,Referenda Outcomes and the Influence of Polls: A Social Network Feedback Process,"Matos, João Amaro de | Guerreiro, Ariel",2013,SSRN Electronic Journal,preprint,en,W1496904467,https://doi.org/10.2139/ssrn.2359391,Process (computing); Social network (sociolinguistics); Computer science; Business; Econometrics; Political science; Economics; Social media; World Wide Web
RS3570,526,10.1016/j.ejpoleco.2017.02.001,Single round vs. runoff elections under plurality rule: A theoretical analysis,"Bordignon, Massimo | Nannicini, Tommaso | Tabellini, Guido",2017,European Journal of Political Economy,artigo,en,W2590490570,https://doi.org/10.1016/j.ejpoleco.2017.02.001,Surface runoff; Economics; Econometrics; Mathematical economics; Environmental science; Biology
RS3671,527,10.1016/j.jet.2021.105228,The effect of handicaps on turnout for large electorates with an application to assessment voting,"Gersbach, Hans | Mamageishvili, Akaki | Tejada, Oriol",2021,Journal of Economic Theory,artigo,en,W2979061281,https://doi.org/10.1016/j.jet.2021.105228,Turnout; Voting; Incentive; Bullet voting; Democracy; Cardinal voting systems; Outcome (game theory); Baseline (sea); Approval voting; Political science; Microeconomics; Econometrics; Public economics; Economics; Computer science; Law; Politics
RS3864,528,10.1007/s00355-022-01391-w,Voter conformism and inefficient policies,"Aubert, Cécile | Ding, Huihui",2022,Social Choice and Welfare,artigo,en,W4213305268,https://doi.org/10.1007/s00355-022-01391-w,Incentive; Economics; Pooling; Microeconomics; Private information retrieval; Welfare; Public economics; Market economy
RS3650,529,10.1016/j.ejpoleco.2019.03.004,Voter turnout and government's legitimate mandate,"Grillo, Alberto",2019,European Journal of Political Economy,artigo,en,W2924810849,https://doi.org/10.1016/j.ejpoleco.2019.03.004,Turnout; Mandate; Victory; Government (linguistics); Margin (machine learning); Voting; Economics; Public administration; Political science; Demographic economics; Political economy; Public economics; Law; Politics
RS3561,530,10.1515/9781400883172-007,6. Experiments in Political Economy,"Palfrey, Thomas R.",2016,Princeton University Press eBooks,capitulo,en,W2553362281,https://doi.org/10.1515/9781400883172-007,Politics; Economics; Economic system; Political science; Political economy
RS3839,531,10.1017/9781108923323.011,Appendix,"Krupnikov, Yanna | Ryan, John Barry",2022,,outro,en,W4205631128,https://doi.org/10.1017/9781108923323.011,Appendix; Geology; Paleontology
RS3762,532,10.2139/ssrn.3638879,Designing Information Provision Experiments,"Haaland, Ingar | Roth, Christopher | Wohlfart, Johannes",2020,SSRN Electronic Journal,preprint,en,W3123615408,https://doi.org/10.2139/ssrn.3638879,Incentive; Computer science; Key (lock); Information design; Intervention (counseling); Management science; Risk analysis (engineering); Data science; Knowledge management; Human–computer interaction; Psychology; Computer security; Engineering; Business; Microeconomics; Economics
RS3503,533,10.1016/j.electstud.2016.03.005,Explaining voter turnout: A meta-analysis of national and subnational elections,"Cancela, João | Geys, Benny",2016,Electoral Studies,revisao,en,W2299321574,https://doi.org/10.1016/j.electstud.2016.03.005,Turnout; Closeness; Political science; Voter turnout; Sample (material); Population; Explanatory power; Demographic economics; Exploit; Public administration; Economics; Demography; Sociology; Voting; Politics; Law
RS4059,534,10.1038/s44159-024-00398-7,How aggregated opinions shape beliefs,"Oktar, Kerem | Lombrozo, Tania",2025,Nature Reviews Psychology,revisao,en,W4406118376,https://doi.org/10.1038/s44159-024-00398-7,Psychology; Epistemology; Philosophy
RS3851,535,10.1017/9781108923323.013,Index,"Krupnikov, Yanna | Ryan, John Barry",2022,Cambridge University Press eBooks,outro,en,W4206576308,https://doi.org/10.1017/9781108923323.013,Index (typography); Computer science; World Wide Web
RS3899,536,10.1007/978-3-319-40573-5_1,Introduction,"Blais, André | Laslier, Jean‐François | Straeten, Karine Van der",2016,,capitulo,en,W4250322916,https://doi.org/10.1007/978-3-319-40573-5_1,Political science; Turnout; Politics; Contingent vote; Public relations; Social psychology; Psychology; Computer science; Voting; Group voting ticket; Law
RS4028,537,10.1007/978-3-031-60672-4_1,Introduction,"Roberts‐Miller, Patricia",2024,,capitulo,en,W4400076572,https://doi.org/10.1007/978-3-031-60672-4_1,Computer science
RS3556,538,10.1016/j.tics.2016.08.013,Issues or Identity? Cognitive Foundations of Voter Choice,"Jenke, Libby | Huettel, Scott A.",2016,Trends in Cognitive Sciences,revisao,en,W2539175778,https://doi.org/10.1016/j.tics.2016.08.013,Voting; Cognition; Identity (music); Psychology; Politics; Key (lock); Voting behavior; Cognitive science; Personality; Political psychology; Cognitive psychology; Social identity theory; Epistemology; Social psychology; Positive economics; Sociology; Political science; Computer science; Social group; Economics; Neuroscience; Law
RS3749,539,10.1017/s1049096520001432,Let’s Be Honest about Election Forecasting,"Victor, Jennifer Nicoll",2020,PS Political Science & Politics,artigo,en,W3120642320,https://doi.org/10.1017/s1049096520001432,Political science; Economics; Law and economics
RS3819,540,10.2139/ssrn.3909951,Misperceptions About Others,"Bursztyn, Leonardo | Yang, David Y.",2021,SSRN Electronic Journal,preprint,en,W3194774764,https://doi.org/10.2139/ssrn.3909951,Stylized fact; Social psychology; Psychology; Persistence (discontinuity); Perception; Social comparison theory; Positive economics; Economics
RS3537,541,10.1007/978-3-658-13213-2_36,"Paul F. Lazarsfeld/Bernard Berelson/Hazel Gaudet: The People’s Choice – How the Voter makes up his Mind in a Presidential Campaign, Duell, Sloan and Pearce: New York 1944, XXXIII + 178 S. (dt. Wahlen und Wähler, Luchterhand: Neuwied/Berlin 1969, 231 S.)","Pelinka, Anton",2016,Klassiker der Sozialwissenschaften,capitulo,de,W2485686948,https://doi.org/10.1007/978-3-658-13213-2_36,Political science; Presidential system; Humanities; Art; Law; Politics
RS3853,542,10.1017/9781108923323.001,Preface and Acknowledgments,"Krupnikov, Yanna | Ryan, John Barry",2022,,outro,en,W4206655579,https://doi.org/10.1017/9781108923323.001,Geography
RS3844,543,10.1017/9781108923323.012,References,,2022,Cambridge University Press eBooks,outro,en,W4206242051,https://doi.org/10.1017/9781108923323.012,Political science
RS3575,544,,Stanford Encyclopedia of Philosophy,"Wahlberg, Lena",2017,Lund University Publications (Lund University),revisao,en,W2598639751,https://lup.lub.lu.se/record/2f8f4d56-b1ea-437c-8e4a-1b1be027b96d,Encyclopedia; Philosophy; Linguistics
RS3416,545,10.1016/j.electstud.2012.12.006,The embarrassment of riches? A meta-analysis of individual-level research on voter turnout,"Smets, Kaat | Ham, Carolien van",2013,Electoral Studies,revisao,en,W2147332011,https://doi.org/10.1016/j.electstud.2012.12.006,Turnout; Voter turnout; Embarrassment; Political science; Jury; Voting; Politics; Public administration; Demographic economics; Law; Psychology; Social psychology; Economics
RS3887,546,10.2139/ssrn.3279218,Voting Game Experiments with Incomplete Information: A Survey,"Großer, Jens",2018,SSRN Electronic Journal,preprint,en,W4239809197,https://doi.org/10.2139/ssrn.3279218,Voting; Complete information; Bullet voting; Cardinal voting systems; Computer science; Mathematical economics; Economics; Political science; Law; Politics
RS4119,605,10.1016/b978-0-444-62731-5.00012-9,Forecasters’ Objectives and Strategies,"Marinovic, Iván | Ottaviani, Marco | Sørensen, Peter Norman",2013,Handbook of economic forecasting,capitulo,en,W7235930,https://doi.org/10.1016/b978-0-444-62731-5.00012-9,Competition (biology); Computer science; Management science; Operations research; Data science; Economics; Engineering
RS4123,606,10.4324/9781315756240,Routledge Handbook of Contemporary Malaysia,,2014,,livro,en,W435586376,https://doi.org/10.4324/9781315756240,History
RS4129,607,,Does right-wing authoritarianism reduce fear? : an experimental study,"Russo, Silvia | Roccato, Michele",2013,Institutional Research Information System University of Turin (University of Turin),capitulo,en,W655441389,http://hdl.handle.net/2318/142461,Authoritarianism; Social psychology; Psychology; Computer science; Political science; Law; Democracy; Politics
RS4130,608,10.1016/j.electstud.2015.08.001,Vote expectations at the next level. Trying to predict vote shares in the 2013 German federal election by polling expectations,"Ganser, Christian | Riordan, Patrick",2015,Electoral Studies,artigo,en,W1081783307,https://doi.org/10.1016/j.electstud.2015.08.001,Polling; German; Sample (material); Interdependence; Federal election; Political science; Yield (engineering); Wishful thinking; Contingent vote; Econometrics; Economics; Social psychology; Psychology; Voting; Group voting ticket; Computer science; Law
RS4201,609,10.1038/nn.3495,Probabilistic brains: knowns and unknowns,"Pouget, Alexandre | Beck, Jeffrey M. | Ji, Wei | Latham, Peter E.",2013,Nature Neuroscience,artigo,en,W2017357931,https://doi.org/10.1038/nn.3495,Probabilistic logic; Generality; Computer science; Inference; Artificial intelligence; Computational neuroscience; Focus (optics); Machine learning; Computation; Cognitive science; Computational model; Cognition; Sensory processing; Sensory system; Neuroscience; Psychology; Algorithm
RS4208,610,10.1016/j.jdeveco.2010.01.008,Measuring subjective expectations in developing countries: A critical review and new evidence,"Delavande, Adeline | Giné, Xavier | McKenzie, David",2010,Journal of Development Economics,artigo,en,W2035010156,https://doi.org/10.1016/j.jdeveco.2010.01.008,Developing country; Ask price; Value (mathematics); Economics; Positive economics; Public economics; Economic growth; Computer science
RS4213,611,10.1016/j.electstud.2011.05.009,Offices and policies – Why do oppositional parties form pre-electoral coalitions in competitive authoritarian regimes?,"Wahman, Michael",2011,Electoral Studies,artigo,en,W2044065113,https://doi.org/10.1016/j.electstud.2011.05.009,Authoritarianism; Opposition (politics); Political science; Political economy; Empirical evidence; Government (linguistics); Politics; Public administration; Economics; Law; Democracy; Epistemology
RS4215,612,10.1016/j.pec.2011.01.033,"Representing randomness in the communication of individualized cancer risk estimates: Effects on cancer risk perceptions, worry, and subjective uncertainty about risk","Han, Paul K. J. | Klein, William M. P. | Killam, Bill | Lehman, Tom | Massett, Holly A. | Freedman, Andrew N.",2011,Patient Education and Counseling,artigo,en,W2047590700,https://doi.org/10.1016/j.pec.2011.01.033,Worry; Risk perception; Optimism; Randomness; Psychology; Perception; Social psychology; Statistics; Anxiety; Mathematics; Psychiatry
RS4221,613,10.1016/j.electstud.2011.07.005,“Wisdom of crowds”? A decentralised election forecasting model that uses citizens’ local expectations,"Murr, Andreas",2011,Electoral Studies,artigo,en,W2059496075,https://doi.org/10.1016/j.electstud.2011.07.005,Crowds; Parliament; Political science; Yield (engineering); Economics; Econometrics; Computer science; Law; Computer security
RS4267,614,10.1007/s11109-010-9112-2,When Corrections Fail: The Persistence of Political Misperceptions,"Nyhan, Brendan | Reifler, Jason",2010,Political Behavior,artigo,en,W2132553681,https://doi.org/10.1007/s11109-010-9112-2,Ignorance; Persistence (discontinuity); Politics; Ideology; Psychology; Social psychology; Motivated reasoning; Positive economics; Political science; Law; Economics
RS4268,615,10.1007/978-1-4471-2161-9_20,Casual Social Games as Serious Games: The Psychology of Gamification in Undergraduate Education and Employee Training,"Landers, Richard N. | Callan, Rachel C.",2011,,capitulo,en,W2133209125,https://doi.org/10.1007/978-1-4471-2161-9_20,Casual; Psychology; Context (archaeology); Social media; Mathematics education; Order (exchange); Pedagogy; Applied psychology; Computer science; World Wide Web
RS4272,616,10.1016/j.cptl.2015.08.001,How to analyze Likert and other rating scale data,"Harpe, Spencer E.",2015,Currents in Pharmacy Teaching and Learning,artigo,en,W2136589719,https://doi.org/10.1016/j.cptl.2015.08.001,Nonparametric statistics; Rating scale; Terminology; Computer science; Likert scale; Scale (ratio); Data science; Ordinal data; Parametric statistics; Rubric; Management science; Data mining; Econometrics; Psychology; Machine learning; Mathematics education; Statistics; Mathematics; Engineering
RS4281,617,10.1002/wea.2094,How forecasts expressing uncertainty are perceived by UK students,"Peachey, Jodie Anne | Schultz, David M. | Morss, Rebecca E. | Roebber, Paul J. | Wood, Robert E.",2013,Weather,artigo,en,W2147587913,https://doi.org/10.1002/wea.2094,Atmospheric research; Library science; Sociology; Meteorology; Geography; Computer science
RS4294,618,,Competitive Authoritarianism: Acronyms and Abbreviations,"Levitsky, Steven | Way, Lucan A.",2010,,livro,en,W2243220957,http://ebooks.cambridge.org/chapter.jsf?bid=CBO9780511781353&cid=CBO9780511781353A007,Authoritarianism; Political science; History; Computer science; Politics; Law; Democracy
RS4296,619,10.2139/ssrn.2611952,Trading Old Errors for New Errors? The Impact of Electronic Voting Technology on Party Label Votes in Brazil,"Zucco, César | Nicolau, Jairo",2015,SSRN Electronic Journal,preprint,en,W2257334036,https://doi.org/10.2139/ssrn.2611952,Electronic voting; Voting; Business; Econometrics; Computer science; Political science; Economics; Law
RS4297,620,,Competitive Authoritarianism: Introduction and Theory,"Levitsky, Steven | Way, Lucan A.",2010,,livro,en,W2264769561,http://ebooks.cambridge.org/chapter.jsf?bid=CBO9780511781353&cid=CBO9780511781353A008,Authoritarianism; Epistemology; Positive economics; Political science; Economics; Philosophy; Politics; Democracy; Law
RS4335,621,10.1016/j.leaqua.2019.02.001,Where power resides in committees,"Granic, Georg D. | Wagner, Alexander K.",2019,The Leadership Quarterly,artigo,en,W2901688269,https://doi.org/10.1016/j.leaqua.2019.02.001,Voting; Attractiveness; Legitimacy; Power (physics); Salience (neuroscience); Control (management); Rationality; Social psychology; Norwegian; Psychology; Political science; Microeconomics; Economics; Law; Politics; Cognitive psychology; Management
RS4339,622,10.1007/s11109-019-09532-1,All the Best Polls Agree with Me: Bias in Evaluations of Political Polling,"Madson, Gabriel | Sunshine Hillygus, D.",2019,Political Behavior,artigo,en,W2912860991,https://doi.org/10.1007/s11109-019-09532-1,Polling; Credibility; Transparency (behavior); Politics; Opinion poll; Public opinion; Respondent; Source credibility; Political science; Psychology; Social psychology; Motivated reasoning; Public relations; Computer science; Law
RS4344,623,10.2139/ssrn.2821948,Intended and Unintended Consequences of Democracy Promotion Assistance to Georgia after the Rose Revolution,"Driscoll, Jesse | Daniel Hidalgo, F.",2014,SSRN Electronic Journal,preprint,en,W2949240029,https://doi.org/10.2139/ssrn.2821948,Rose (mathematics); Unintended consequences; Democracy; Promotion (chess); Political science; Public administration; Political economy; Economic history; History; Law; Economics; Politics; Horticulture
RS4349,624,10.1007/s12369-019-00596-x,Towards a Theory of Longitudinal Trust Calibration in Human–Robot Teams,"Visser, Ewart J. de | Peeters, Marieke | Jung, Malte | Kohn, Spencer | Shaw, Tyler H. | Pak, Richard | Neerincx, Mark A.",2019,International Journal of Social Robotics,artigo,en,W2989822567,https://doi.org/10.1007/s12369-019-00596-x,Goodwill; Robot; Equity (law); Transparency (behavior); Computer science; Human–robot interaction; Knowledge management; Psychology; Artificial intelligence; Business; Political science; Computer security; Accounting
RS4351,625,10.2139/ssrn.3538831,Elections under Biased Candidate Endorsements — An Experimental Study,"Sun, Junze | Schram, Arthur | Sloof, Randolph",2020,SSRN Electronic Journal,preprint,en,W3007961798,https://doi.org/10.2139/ssrn.3538831,Turnout; Outcome (game theory); Closeness; Economics; Econometrics; Ex-ante; General election; Microeconomics; Voting; Political science; Mathematics
RS4354,626,10.1016/j.electstud.2020.102167,Timing matters: The impact of regularity of election cycles on autocratic stability,"Nygård, Håvard Mokleiv",2020,Electoral Studies,artigo,en,W3029966813,https://doi.org/10.1016/j.electstud.2020.102167,Autocracy; Dictatorship; Proposition; Political economy; Political science; Extant taxon; Politics; Political stability; Positive economics; Economics; Development economics; Economic system; Law; Democracy
RS4355,627,10.2139/ssrn.2611010,Where Power Resides in Committees,"Granic, Georg | Wagner, Alexander K.",2015,SSRN Electronic Journal,preprint,en,W3031330696,https://doi.org/10.2139/ssrn.2611010,Power (physics); Economics; Law and economics; Physics
RS4356,628,10.2139/ssrn.3633649,(Dis)honesty and the Value of Transparency for Campaign Promises,"Lang, Matthias | Schudy, Simeon",2020,SSRN Electronic Journal,preprint,en,W3037278509,https://doi.org/10.2139/ssrn.3633649,Transparency (behavior); Value (mathematics); Law and economics; Political science; Computer security; Business; Law; Computer science; Economics
RS4357,629,10.1016/j.geb.2020.07.004,Peers or police?: The effect of choice and type of monitoring in the provision of public goods,"DeAngelo, Gregory | Gee, Laura",2020,Games and Economic Behavior,artigo,en,W3042659120,https://doi.org/10.1016/j.geb.2020.07.004,Public good; Patrolling; SAFER; Business; Point (geometry); Willingness to pay; Contrast (vision); Public economics; Economics; Microeconomics; Computer security; Political science; Law; Computer science
RS4369,630,10.2139/ssrn.2158733,Accuracy of Vote Expectation Surveys in Forecasting Elections,"Graefe, Andreas",2012,SSRN Electronic Journal,preprint,en,W3122199520,https://doi.org/10.2139/ssrn.2158733,Econometrics; Statistics; Computer science; Political science; Economics; Mathematics
RS4370,631,10.2139/ssrn.3079545,Norms in Bargaining: Evidence from Government Formation in Spain,"Fujiwara, Thomas | Sanz, Carlos",2017,SSRN Electronic Journal,preprint,en,W3122386628,https://doi.org/10.2139/ssrn.3079545,Government (linguistics); Economics; Political science; Law and economics; Philosophy
RS4372,632,10.2139/ssrn.3354559,"Democracy in America? Partisanship, Polarization, and the Robustness of Support for Democracy in the United States","Graham, Matthew | Svolik, Milan W.",2019,SSRN Electronic Journal,preprint,en,W3122795554,https://doi.org/10.2139/ssrn.3354559,Democracy; Polarization (electrochemistry); Robustness (evolution); Political science; Direct democracy; Political economy; Law; Economics; Chemistry; Politics
RS4374,633,10.1016/j.electstud.2016.04.001,Trading old errors for new errors? The impact of electronic voting technology on party label votes in Brazil,"Zucco, César | Nicolau, Jairo",2016,Electoral Studies,artigo,en,W3123452976,https://doi.org/10.1016/j.electstud.2016.04.001,Electronic voting; Voting; Context (archaeology); Political science; Regression discontinuity design; De facto; Instant-runoff voting; Econometrics; Disapproval voting; Computer security; Computer science; Law; Economics; Statistics; Geography; Politics; Mathematics
RS4378,634,10.2139/ssrn.1884644,Forecasting Elections: Voter Intentions Versus Expectations,"Rothschild, David | Wolfers, Justin",2011,SSRN Electronic Journal,preprint,en,W3124505561,https://doi.org/10.2139/ssrn.1884644,Econometrics; Voter turnout; Economics; Psychology; Political science; Voting; Politics; Law
RS4382,635,10.2139/ssrn.3243470,When Polarization Trumps Civic Virtue: Partisan Conflict and the Subversion of Democracy by Incumbents,"Svolik, Milan W.",2018,SSRN Electronic Journal,preprint,en,W3126022265,https://doi.org/10.2139/ssrn.3243470,Subversion; Democracy; Virtue; Polarization (electrochemistry); Political science; Political economy; Sociology; Law; Politics
RS4383,636,10.1007/s11109-021-09685-y,Partisan Alignment Increases Voter Turnout: Evidence from Redistricting,"Fraga, Bernard L. | Moskowitz, Daniel J. | Schneer, Benjamin",2021,Political Behavior,artigo,en,W3130323943,https://doi.org/10.1007/s11109-021-09685-y,Redistricting; Gerrymandering; Turnout; Voting; Political science; Democracy; Voter turnout; Polarization (electrochemistry); Public administration; Politics; Political economy; Demographic economics; Economics; Law
RS4384,637,10.1016/j.euroecorev.2021.103691,Can ATMs get out the vote? Evidence from a nationwide field experiment,"Santos, João Pereira dos | Tavares, José | Vicente, Pedro C.",2021,European Economic Review,artigo,en,W3131050852,https://doi.org/10.1016/j.euroecorev.2021.103691,Turnout; Voting; Set (abstract data type); Treatment and control groups; Randomized experiment; Control (management); Demographic economics; Economics; Econometrics; Public administration; Political science; Advertising; Statistics; Computer science; Business; Law; Mathematics; Politics; Management
RS4385,638,,Forecasting US elections,"Williams, Leighton Vaughan",2016,,artigo,en,W3132122327,http://irep.ntu.ac.uk/id/eprint/38169/,Computer science; Economics
RS4395,639,,A máquina do ódio : notas de uma repórter sobre fake news e violência digital,"Mello, Patrícia Campos",2020,,artigo,pt,W3159911828,https://bibliotecadigital.tse.jus.br/xmlui/handle/bdtse/8291,Art; Humanities
RS4397,640,10.2139/ssrn.3111982,Communication and Information in Games of Collective Decision: A Survey of Experimental Results,"Martinelli, César | Palfrey, Thomas R.",2018,SSRN Electronic Journal,preprint,en,W3173682506,https://doi.org/10.2139/ssrn.3111982,Data science; Mathematical economics; Computer science; Management science; Psychology; Economics
RS4401,641,10.1016/j.jfineco.2021.07.013,"Retail shareholder participation in the proxy process: Monitoring, engagement, and voting","Brav, Alon | Cain, Matthew D. | Zytnick, Jonathon",2021,Journal of Financial Economics,artigo,en,W3193669687,https://doi.org/10.1016/j.jfineco.2021.07.013,Shareholder; Voting; Proxy voting; Turnout; Business; Proxy (statistics); Sample (material); Accounting; Corporate governance; Disapproval voting; Finance; Politics; Computer science; Political science
RS4413,642,10.2200/s00849ed1v01y201804aim038,Strategic Voting,"Meir, Reshef",2018,Synthesis lectures on artificial intelligence and machine learning,artigo,en,W4210992926,https://doi.org/10.2200/s00849ed1v01y201804aim038,Voting; Business; Political science; Computer science; Politics; Law
RS4421,643,10.2139/ssrn.3842416,Elections with candidate filtering and the demobilization effect: The prologue to Hong Kong’s authoritarian turn,"Chan, Ka Ming | Ng, Ka Lun",2021,SSRN Electronic Journal,preprint,en,W4235506631,https://doi.org/10.2139/ssrn.3842416,Demobilization; Authoritarianism; Prologue; Political science; Law; Geography; Politics; Democracy
RS4428,644,10.1515/9789048521814,The Malaysian Islamic Party 1951-2013,"Noor, Farish A.",2014,Amsterdam University Press eBooks,livro,en,W4243978577,https://doi.org/10.1515/9789048521814,Islam; Business; Philosophy; Theology
RS4434,645,10.5860/choice.50-3510,"Monitoring democracy: when international election observation works, and why it often fails",,2013,Choice Reviews Online,editorial,en,W4253269211,https://doi.org/10.5860/choice.50-3510,Democracy; Political science; Political economy; Sociology; Law; Politics
RS4439,646,10.2139/ssrn.4092033,Predictive Journalism: On the Role of Computational Prospection in News Media,"Diakopoulos, Nicholas",2022,SSRN Electronic Journal,preprint,en,W4285294439,https://doi.org/10.2139/ssrn.4092033,Journalism; Prospection; Media studies; Computer science; Political science; Data science; Sociology; History; Archaeology
RS4449,647,10.5860/choice.187753,Why electoral integrity matters,,2015,Choice Reviews Online,editorial,en,W4295990614,https://doi.org/10.5860/choice.187753,
RS4481,648,10.1007/s11109-024-09952-8,Can Elite Allegations of Election Fraud Demobilize Supporters?,"Fraga, Bernard L. | Peskowitz, Zachary | Szewczyk, James",2024,Political Behavior,artigo,en,W4400380178,https://doi.org/10.1007/s11109-024-09952-8,Elite; Political science; Internet privacy; Criminology; Law; Psychology; Politics; Computer science
RS4482,649,10.1007/s12286-024-00602-1,From general electıons to local electıons: ıntroductıon to the second part of the specıal ıssue on democracy and opposıtıon ın Turkey,"Öztürk, Armağan | Bilgin, Ayhan",2024,Zeitschrift für Vergleichende Politikwissenschaft,artigo,en,W4400885972,http://dx.doi.org/10.1007/s12286-024-00602-1,Spec#; Democracy; Political science; Law; Computer science
RS4499,650,10.1007/978-3-658-47201-6_23,Eine wissenschaftliche Arbeit schreiben,"Schlegel, Benjamin E.",2025,,capitulo,de,W4410805819,https://doi.org/10.1007/978-3-658-47201-6_23,Art; Art history; Psychology; Psychoanalysis
RS4500,651,10.1007/978-3-658-47201-6_14,Kausalität,"Schlegel, Benjamin E.",2025,,capitulo,de,W4410806026,https://doi.org/10.1007/978-3-658-47201-6_14,Philosophy
RS4501,652,10.2139/ssrn.5280627,"Myth and Measurement: Spatial Heterogeneity, Ecological Fallacy, and the Urban Narrative in Peninsular Malaysia's Electoral Politics *","Chen, Tyler Rongxuan",2025,SSRN Electronic Journal,preprint,en,W4410980799,https://doi.org/10.2139/ssrn.5280627,Fallacy; Narrative; Politics; Mythology; Geography; Economic geography; Spatial heterogeneity; Political ecology; Ecology; Political science; History; Biology; Epistemology; Art; Literature; Law
RS4502,653,10.1016/j.jebo.2025.107098,The limits of behavioral nudges to increase youth turnout: Experimental evidence from two French elections,"Romaniuc, Rustam | Guido, Andrea | Baudry, Pierre | Bazart, Cécile | Berger, Loïc | Berlin, Noémi | Bonein, Aurélie | Bouhlel, Imen | My, Kene Boun | Chessa, Michela | Crosetto, Paolo | Dagorn, Etienne | David, Quentin | Farva, Etienne | Farvaque, Étienne | Festré, Agnès | François, Abel | Ibanez, Lisette | Igersheim, Herrade | Jacquemet, Nicolas | Lebon, Isabelle | Lefèbvre, Mathieu | L’Haridon, Olivier | Li, Danlin | Lohéac, Youenn | Luchini, Stéphane | Muller, Laurent | Pourieux, Matthieu | Priour, Elven | Roussel, Sébastien | Sekeris, Petros G. | Stéphan, Maïté | Spiegelman, Eli | Sutan, Angela | Turmunkh, Uyanga | Vardaxoglou, Laurence | Willinger, Marc | Dubois, Dimitri",2025,Journal of Economic Behavior & Organization,artigo,en,W4411235319,https://doi.org/10.1016/j.jebo.2025.107098,Nudge theory; Turnout; Voter turnout; Political science; Psychology; Demographic economics; Social psychology; Economics; Law; Politics; Voting
RS4503,654,10.2139/ssrn.5350361,Evaluating Experimental Designs,"Snowberg, Erik | Yariv, Leeat",2025,SSRN Electronic Journal,preprint,en,W4412424121,https://doi.org/10.2139/ssrn.5350361,Computer science
RS4507,655,10.1007/978-3-662-71458-4_13,Elemente des Entscheidungsprozesses in Gruppen,"Laux, Helmut | Gillenkirch, Robert M. | Schenk-Mathes, Heike Y.",2025,,capitulo,de,W4414548908,https://doi.org/10.1007/978-3-662-71458-4_13,Delegation; Context (archaeology); Work (physics)
RS4512,656,10.1016/bs.hbem.2025.09.003,Communication in games,"Agranov, Marina",2025,Elsevier eBooks,capitulo,en,W4416950061,https://doi.org/10.1016/bs.hbem.2025.09.003,Focus (optics); Key (lock); Sequence (biology); Two-way communication; Communications system
RS4513,657,10.1016/bs.hbem.2025.09.011,Evaluating experimental designs,"Snowberg, Erik | Yariv, Leeat",2025,Elsevier eBooks,capitulo,en,W4416950268,https://doi.org/10.1016/bs.hbem.2025.09.011,Design of experiments; Selection (genetic algorithm); Key (lock); Experimental data; Experimental research
RS4516,658,10.1007/978-3-658-49801-6_14,Causality,"Schlegel, Benjamin E.",2026,Springer texts in political science and international relations,capitulo,en,W7127182766,https://doi.org/10.1007/978-3-658-49801-6_14,Causality (physics); Task (project management); Variable (mathematics); Causal model; Instrumental variable
RS4518,659,10.1016/j.socec.2026.102543,Tournament vs. Order elicitation in Borda aggregation: An experimental investigation,"Barokas, Guy | Choen, Chen | Darioshi, Roy",2026,Journal of Behavioral and Experimental Economics,artigo,en,W7133323421,https://doi.org/10.1016/j.socec.2026.102543,Tournament; Pairwise comparison; Ranking (information retrieval); Transitive relation; USable; Task (project management); Order (exchange)
RS4527,660,10.2139/ssrn.7123960,"Crisis from Within: Elite Defection, Intraparty Competition, and the Breakdown of Dominant-party Systems","Chen, Tyler Rongxuan",2026,SSRN Electronic Journal,preprint,,W7171816018,https://doi.org/10.2139/ssrn.7123960,CONTEST; Elite; Phenomenon; Cleavage (geology); Politics; Dominance (genetics)
RS4528,661,10.2139/ssrn.7123979,"Writings on the Soil: Ascriptive Entitlements, Territorial Brokerage, and the Pseudo-Urban Breakdown of Malaysia's Dominant Party","Chen, Tyler Rongxuan",2026,SSRN Electronic Journal,preprint,,W7171993912,https://doi.org/10.2139/ssrn.7123979,Entitlement (fair division); Nothing; Malay; Argument (complex analysis); Human settlement; Ethnic group; Authoritarianism; Constitution; Poverty
RS4578,694,10.1016/j.geb.2013.12.008,Compulsory versus voluntary voting: An experimental study,"Bhattacharya, Sourav | Duffy, John | Kim, SunTak",2014,Games and Economic Behavior,artigo,en,W2102228069,https://doi.org/10.1016/j.geb.2013.12.008,Voting; Disapproval voting; Bullet voting; Cardinal voting systems; Institution; Anti-plurality voting; Single-member district; Group voting ticket; First-past-the-post voting; Microeconomics; Economics; Political science; Law
RS4587,695,10.1016/j.electstud.2013.05.013,Voter perceptions of agenda power and attribution of responsibility for economic performance,"Duch, Raymond | Stevenson, Randolph T.",2013,Electoral Studies,artigo,en,W2139085469,https://doi.org/10.1016/j.electstud.2013.05.013,Voting; Veto; Political science; Power (physics); Heuristics; Opposition (politics); Attribution; Law and economics; Accountability; Rationality; Positive economics; Economics; Social psychology; Law; Psychology; Computer science
RS4591,696,10.1016/j.jpubeco.2009.12.004,Social preferences and voting: An exploration using a novel preference revealing mechanism,"Messer, Kent D. | Poe, Gregory L. | Rondeau, Daniel | Schulze, William D. | Vossler, Christian A.",2010,Journal of Public Economics,artigo,en,W2148021125,https://doi.org/10.1016/j.jpubeco.2009.12.004,Voting; Referendum; Public good; Economics; Social preferences; Preference; Public economics; Microeconomics; Mechanism (biology); Social choice theory; Political science
RS4593,697,10.1016/j.jpubeco.2015.03.008,Selection vs. accountability: An experimental investigation of campaign promises in a moral-hazard environment,"Feltovich, Nick | Giovannoni, Francesco",2015,Journal of Public Economics,artigo,en,W2152300241,https://doi.org/10.1016/j.jpubeco.2015.03.008,Moral hazard; Appropriation; Economics; Voting; Agency (philosophy); Discounting; Accountability; Selection (genetic algorithm); Microeconomics; Public economics; Political science; Finance; Incentive; Law; Sociology; Computer science
RS4598,698,10.2139/ssrn.2399123,Party-Crashers or Wallflowers: Costly Voting in Elections with Differing Primary Types,"Blackwell, Calvin | Calcagno, Peter T.",2014,SSRN Electronic Journal,preprint,en,W2263869772,https://doi.org/10.2139/ssrn.2399123,Voting; Primary (astronomy); Approval voting; Political science; Cardinal voting systems; Law; Politics; Physics
RS4599,699,10.2139/ssrn.2703602,BLP-Lasso for Aggregate Discrete Choice Models of Elections with Rich Demographic Covariates,"Gillen, Ben | Montero, Sergio | Moon, Hyungsik Roger | Shum, Matthew",2015,SSRN Electronic Journal,preprint,en,W2300397590,https://doi.org/10.2139/ssrn.2703602,Covariate; Lasso (programming language); Aggregate (composite); Econometrics; Discrete choice; Statistics; Computer science; Geography; Economics; Mathematics
RS4609,700,10.1016/j.euroecorev.2018.01.006,Long-term evidence of retrospective voting: A natural experiment from the German Democratic Republic,"Avdeenko, Alexandra",2018,European Economic Review,artigo,en,W2793960522,https://doi.org/10.1016/j.euroecorev.2018.01.006,German; Democracy; Voting; Successor cardinal; Communism; Natural experiment; Punishment (psychology); Political science; Political economy; Economics; Law; Politics; History; Psychology; Social psychology
RS4629,701,10.1016/j.euroecorev.2023.104560,(Dis)honesty and the value of transparency for campaign promises,"Lang, Matthias | Schudy, Simeon",2023,European Economic Review,artigo,en,W4386101841,https://doi.org/10.1016/j.euroecorev.2023.104560,Transparency (behavior); Honesty; Competition (biology); Economics; Value (mathematics); Cheap talk; Deception; Law and economics; Microeconomics; Political science; Law; Computer science
RS4634,702,10.2139/ssrn.7389359,Observational Equivalence of LLM and Human Annotation *,"Nakamura, Kentaro | Tan, Jing Ling | Yean, George",2026,SSRN Electronic Journal,preprint,,W7207778063,https://doi.org/10.2139/ssrn.7389359,Ambiguity; Annotation; Inference; Coding (social sciences); Observational study; Equivalence (formal languages)
