chave,titulo,autores,ano,doi,status,fonte,url,versao,motivo,arquivo
Rodriguez2020,¿Quién se expone a los sondeos preelectorales en campaña? Voto estratégico y competencia electoral en España (2011-2019),"Rodríguez, José María",2020,10.21308/recp.53.03,ok,unpaywall,https://recyt.fecyt.es/index.php/recp/article/download/77898/60926,,,03-textos/pdfs/Rodriguez2020.pdf
Plata2017,¿Fotografía o caricatura?: Distorsiones en las encuestas electorales en tres ciudades colombianas (Photography or Caricature?: Biases in Election Polls in Three Colombian Cities),"Plata, Juan",2017,10.2139/ssrn.3026637,nao_encontrado,,,,sem versão de acesso aberto encontrada,
Belo2013,"Sondeos electorales, su divulgación y el comportamiento electoral de los portugueses","Belo, António",2013,,ok,agente_busca_web,https://docta.ucm.es/bitstreams/34f63e04-8dc5-4802-b476-267cd6bb858d/download,,Tese de doutorado no repositório institucional DOCTA da Universidad Complutense de Madrid (eprints.ucm.es/23309 redireciona para docta.ucm.es). Conteúdo conferido com pdftotext: título e autor batem.,03-textos/pdfs/Belo2013.pdf
Moura2018,Pesquisa de intenção de voto,"Moura, Jefferson José Ribeiro de | Marcelo, João Rangel",2018.0,,nao_encontrado,,,,sem DOI e sem versão OA encontrada por título,
Moura2010,Pesquisa de intenção de voto: o tigre de papel,"Moura, Jefferson José Ribeiro de | Marcelo, João Rangel",2010,,ok,agente_busca_web,https://bibliotecadigital.tse.jus.br/server/api/core/bitstreams/953bc104-26a1-4822-b674-3283eb81bf47/content,,"Depósito na Biblioteca Digital da Justiça Eleitoral (TSE) do artigo publicado na revista ECCOM v.1, n.1, 2010. Conteúdo conferido com pdftotext: título e ambos os autores batem.",03-textos/pdfs/Moura2010.pdf
Vasques2024,O quanto se pode confiar nas pesquisas de intenção de voto próximo dos dias de eleição?,"Vasques, Beto",2024,10.64628/ade.k5g3wmyvw,ok,landing_page,https://cdn.theconversation.com/static_files/files/4231/Diretrizes_Editoriais_Globais.pdf,,,03-textos/pdfs/Vasques2024.pdf
Galvao2015,Comportamento do investidor diante de oscilações positivas/negativas nas pesquisas de intenção de voto na campanha presidencial de 2014: evidências da prospect theory,"Galvão, Ricardo Cavalcante | Raboni, Pierre Lucena",2015,,nao_encontrado,,,,sem DOI e sem versão OA encontrada por título,
Menezes2014,"Sondagens, voto e democracia: pesquisas eleitorais nas eleições municipais de Natal/RN - 2012","Menezes, Daniel Gonçalves de",2014,,ok,agente_busca_web,https://repositorio.ufrn.br/server/api/core/bitstreams/28317cb6-93b9-45a2-80bb-33161fdcd636/content,,"Tese de doutorado no repositório institucional da UFRN (DSpace), localizada via API de busca (handle 123456789/27105) já que o link bitstream direto do registro original havia mudado de formato. Conteúdo conferido com pdftotext: título e autor batem.",03-textos/pdfs/Menezes2014.pdf
Benavente2013,Apuntes sobre encuestas electorales,"Benavente, Luis",2013,10.18259/acs.2013021,ok,core,https://core.ac.uk/download/230439966.pdf,,,03-textos/pdfs/Benavente2013.pdf
Duenas2020,El efecto de la exposición a los sondeos preelectorales en el comportamiento de los votantes en las elecciones autonómicas en Andalucía de 2018,"Dueñas, José María Ramírez | Tejero, María Lourdes Vinuesa",2020,10.5565/rev/papers.2711,ok,unpaywall,https://papers.uab.cat/article/download/v106-n2-ramirez-vinuesa/2711-pdf-es,,,03-textos/pdfs/Duenas2020.pdf
Valdez2013,"Efectos, errores y regulación de las encuestas preelectorales: una política de transparencia para el caso mexicano","Valdez, Alfonso Hernández",2013,,ok,agente_busca_web,http://www.redalyc.org/pdf/633/63329691003.pdf,,"url_registro já era o PDF direto no Redalyc (acesso aberto); baixado e conferido: título e autor (Hernández Valdez, Alfonso) batem no texto extraído.",03-textos/pdfs/Valdez2013.pdf
Duenas2025,La influencia de los sondeos preelectorales en votantes indecisos y decididos durante las campañas electorales en España,"Dueñas, José María Ramírez | Tejero, María Lourdes Vinuesa",2025,10.5209/poso.94050,ok,unpaywall,https://revistas.ucm.es/index.php/POSO/article/download/94050/4564456572382,,,03-textos/pdfs/Duenas2025.pdf
Eynde2023,¿Por qué varían tanto algunas encuestas de intención de voto?,"Eynde, Ana Muñoz van den",2023,10.64628/aao.uf4kndnna,ok,landing_page,http://www.keithstanovich.com/Site/Research_on_Reasoning_files/Stanovich.Sternberg2003.pdf,,,03-textos/pdfs/Eynde2023.pdf
BejarAlgazi2022,EFECTOS ELECTORALES SOBRE EL PROCESO LEGISLATIVO Y LAS POLÍTICAS PÚBLICAS: LA NUEVA RELACIÓN ENTRE PODERES,"Béjar-Algazi, Luisa",2022,10.59760/873383.09,ok,landing_page,https://fddf0ba6-dda4-4b29-8584-6142831cf6bb.usrfiles.com/ugd/fddf0b_0e07c974c6a54d49af7e9b664144b318.pdf,,,03-textos/pdfs/BejarAlgazi2022.pdf
Anon2022b,Los estados en 2018. Desafíos de los procesos locales intermedios,,2022,10.59760/873384,ok,landing_page,https://fddf0ba6-dda4-4b29-8584-6142831cf6bb.usrfiles.com/ugd/fddf0b_d3bb2879a6b0498b9f2f28e23ec11a8b.pdf,,,03-textos/pdfs/Anon2022b.pdf
Villa2015,El factor Uribe : de la democracia de partidos a la democracia de audiencia. Los efectos Bandwagon y Gobermedia en las elecciones Presidenciales de 2002 y 2006 en Colombia,"Villa, Víctor Augusto Arteaga",2015.0,,nao_encontrado,,,,sem DOI e sem versão OA encontrada por título,
CazarinMartinez2022,ESCENARIOS CAMBIANTES. ELECCIONES FEDERALES EN TLAXCALA. 2018,"Cazarín-Martínez, Angélica",2022,10.59760/873384.19,ok,landing_page,https://fddf0ba6-dda4-4b29-8584-6142831cf6bb.usrfiles.com/ugd/fddf0b_d3bb2879a6b0498b9f2f28e23ec11a8b.pdf,,,03-textos/pdfs/CazarinMartinez2022.pdf
HuescaRodriguez2022,LA PARTICIPACIÓN CIUDADANA EN LOS PROCESOS ELECTORALES DE 2018,"Huesca-Rodríguez, Mauricio",2022,10.59760/873383.11,ok,landing_page,https://fddf0ba6-dda4-4b29-8584-6142831cf6bb.usrfiles.com/ugd/fddf0b_0e07c974c6a54d49af7e9b664144b318.pdf,,,03-textos/pdfs/HuescaRodriguez2022.pdf
RamirezGonzalez2022,SONORA 2018: LA IRRUPCIÓN MORENISTA EN UN SISTEMA BIPARTIDISTA,"Ramírez-González, Brandon",2022,10.59760/873384.17,ok,landing_page,https://fddf0ba6-dda4-4b29-8584-6142831cf6bb.usrfiles.com/ugd/fddf0b_d3bb2879a6b0498b9f2f28e23ec11a8b.pdf,,,03-textos/pdfs/RamirezGonzalez2022.pdf
ManuelReynoso2022,LA FORTALEZA Y EL TSUNAMI. LAS ELECCIONES DE 2018 EN PUEBLA,"Manuel-Reynoso, Víctor",2022,10.59760/873383.19,ok,landing_page,https://fddf0ba6-dda4-4b29-8584-6142831cf6bb.usrfiles.com/ugd/fddf0b_0e07c974c6a54d49af7e9b664144b318.pdf,,,03-textos/pdfs/ManuelReynoso2022.pdf
HernandezNorzagaray2022,"SINALOA, LA SEGUNDA Y MEDIA ALTERNANCIA DE 2018","Hernández-Norzagaray, Ernesto",2022,10.59760/873384.16,ok,landing_page,https://fddf0ba6-dda4-4b29-8584-6142831cf6bb.usrfiles.com/ugd/fddf0b_d3bb2879a6b0498b9f2f28e23ec11a8b.pdf,,,03-textos/pdfs/HernandezNorzagaray2022.pdf
CarreraBarroso2022,DURANGO 2018: LA PRIMERA ELECCIÓN DESPUÉS DE LA ALTERNANCIA,"Carrera-Barroso, José",2022,10.59760/873384.07,ok,landing_page,https://fddf0ba6-dda4-4b29-8584-6142831cf6bb.usrfiles.com/ugd/fddf0b_d3bb2879a6b0498b9f2f28e23ec11a8b.pdf,,,03-textos/pdfs/CarreraBarroso2022.pdf
PootCapetillo2022,YUCATÁN 2018: EL AÑO DE LA TERCERA ALTERNANCIA EN EL GOBIERNO DEL ESTADO,"Poot-Capetillo, Efraín",2022,10.59760/873383.21,ok,landing_page,https://fddf0ba6-dda4-4b29-8584-6142831cf6bb.usrfiles.com/ugd/fddf0b_0e07c974c6a54d49af7e9b664144b318.pdf,,,03-textos/pdfs/PootCapetillo2022.pdf
CarreraBarroso2022a,"LA COALICIÓN JUNTOS HAREMOS HISTORIA: IDEOLOGÍA, COMUNICACIÓN Y PRAGMATISMO POLÍTICO","Carrera-Barroso, Jose",2022,10.59760/873383.08,ok,landing_page,https://fddf0ba6-dda4-4b29-8584-6142831cf6bb.usrfiles.com/ugd/fddf0b_0e07c974c6a54d49af7e9b664144b318.pdf,,,03-textos/pdfs/CarreraBarroso2022a.pdf
Pena2022,EL PAPEL DE LAS ENCUESTAS EN LOS COMICIOS LOCALES DE 2018,"Peña, Ricardo de la",2022,10.59760/873383.10,ok,landing_page,https://fddf0ba6-dda4-4b29-8584-6142831cf6bb.usrfiles.com/ugd/fddf0b_0e07c974c6a54d49af7e9b664144b318.pdf,,,03-textos/pdfs/Pena2022.pdf
RangelJuarez2022,"2018, LA DISPUTA POR LA GUBERNATURA: JALISCO ENTRE DOS MOVIMIENTOS","Rangel-Juárez, Griselda | Rosas-Palacios, María",2022,10.59760/873383.17,ok,landing_page,https://fddf0ba6-dda4-4b29-8584-6142831cf6bb.usrfiles.com/ugd/fddf0b_0e07c974c6a54d49af7e9b664144b318.pdf,,,03-textos/pdfs/RangelJuarez2022.pdf
AlvarezGomez2022,"LOS COMICIOS EN COAHUILA, 2018","Álvarez-Gómez, Santiago",2022,10.59760/873384.04,ok,landing_page,https://fddf0ba6-dda4-4b29-8584-6142831cf6bb.usrfiles.com/ugd/fddf0b_d3bb2879a6b0498b9f2f28e23ec11a8b.pdf,,,03-textos/pdfs/AlvarezGomez2022.pdf
CaballeroAlvarez2022,LA EXPERIENCIA ELECTORAL LOCAL: TAMAULIPAS 2018,"Caballero-Álvarez, Rafael",2022,10.59760/873384.18,ok,landing_page,https://fddf0ba6-dda4-4b29-8584-6142831cf6bb.usrfiles.com/ugd/fddf0b_d3bb2879a6b0498b9f2f28e23ec11a8b.pdf,,,03-textos/pdfs/CaballeroAlvarez2022.pdf
Black2012,"Valores humanos fundamentais, valores políticos centrais e voto","Black, Peter Ulrich Vieth",2012,,ok,busca_por_titulo,http://repositorio.unb.br/bitstream/10482/10128/3/2011_PeterUlrichViethBlack.pdf,,,03-textos/pdfs/Black2012.pdf
Duailibe2023,Opinião pública e surveys servem à democracia? : elementos para uma reflexão,"Duailibe, Karina Damous",2023,,ok,busca_por_titulo,http://repositorio.unb.br/bitstream/10482/47215/1/KarinaDamousDuailibe_TESE.pdf,,,03-textos/pdfs/Duailibe2023.pdf
Molina2020,Um pouco da matemática por rás da margem de erro,"Molina, Bruna de Oliveira Bueno",2020,,ok,busca_por_titulo,http://repositorio.uem.br:8080/jspui/bitstream/1/6404/1/Bruna%20de%20Oliveira%20Bueno%20Molina_2020.pdf,,,03-textos/pdfs/Molina2020.pdf
Duailibe2012,Pesquisas de opinião nas eleições presidenciais de 2010 no Brasil : um estudo da cobertura do jornal O Globo,"Duailibe, Karina Damous",2012,,ok,busca_por_titulo,http://repositorio.unb.br/bitstream/10482/12617/1/2012_KarinaDamousDualibe.pdf,,,03-textos/pdfs/Duailibe2012.pdf
Cruz2013,Comportamento eleitoral : uma análise comparada das eleições municipais 2008 de São Paulo e Salvador,"Cruz, Patrícia Alves da",2013.0,,nao_encontrado,,,,sem DOI e sem versão OA encontrada por título,
Salomao2022,Do PSDB ao lavajatismo : a representação política da alta classe média na crise política do governo Dilma,"Salomão, Arthur, 1996-",2022.0,,nao_encontrado,,,,sem DOI e sem versão OA encontrada por título,
Mantovani2014,Quem agenda a mídia : um estudo de agenda-setting a partir da tematização do aborto nas eleições de 2010,"Mantovani, Denise Maria",2014,,ok,busca_por_titulo,http://repositorio.unb.br/bitstream/10482/17179/1/2014_DeniseMariaMantovani.pdf,,,03-textos/pdfs/Mantovani2014.pdf
Morton2015a,"Exit polls, turnout, and bandwagon voting: Evidence from a natural experiment","Morton, Rebecca B. | Müller, Daniel | Page, Lionel | Torgler, Benno",2015,10.1016/j.euroecorev.2015.03.012,ok,semantic_scholar,https://eprints.qut.edu.au/83681/1/1-s2.0-S0014292115000483-main.pdf,,,03-textos/pdfs/Morton2015a.pdf
Westwood2020a,Projecting Confidence: How the Probabilistic Horse Race Confuses and Demobilizes the Public,"Westwood, Sean | Messing, Solomon | Lelkes, Yphtach",2020,10.1086/708682,ok,agente_busca_web,https://bpb-us-e1.wpmucdn.com/sites.dartmouth.edu/dist/d/2314/files/2021/03/WestwoodMessingLelkes2020.pdf,,"Página pessoal/institucional do autor (Sean Westwood, Dartmouth College), versão publicada no Journal of Politics (2020). Título e autores conferidos via pdftotext.",03-textos/pdfs/Westwood2020a.pdf
Dahlgaard2017a,How Election Polls Shape Voting Behaviour,"Dahlgaard, Jens Olav | Hansen, Jonas Hedegaard | Hansen, Kasper Møller | Larsen, Martin Vinæs",2017,10.1111/1467-9477.12094,ok,unpaywall,https://curis.ku.dk/ws/files/290728259/jens_olav_dahlgaard_et_al_how_election_polls_shape_voting_behaviour_accepted_version_3_18.pdf,,,03-textos/pdfs/Dahlgaard2017a.pdf
Freden2016a,"Opinion Polls, Coalition Signals and Strategic Voting: Evidence from a Survey Experiment","Fredén, Annika",2016.0,10.1111/1467-9477.12087,nao_encontrado,,,,"Não encontrado em nenhuma fonte permitida. Lund University Publications/Pure (portal.research.lu.se e lup.lub.lu.se) só tem metadados, sem arquivo. Karlstad DiVA (kau.diva-portal.org, registro diva2:1263696, urn:nbn:se:kau:diva-70130) diz explicitamente 'Open Access in DiVA: No full text in DiVA' (checado via Wayback Machine, pois o host kau.diva-portal.org está inacessível pela rede deste agente). GUPEA (Gothenburg), o blog pessoal da autora (annikafreden.blogspot.com) e seu perfil do Google Scholar não trazem link de PDF. Unpaywall confirma is_oa=false, oa_locations=[] para o DOI 10.1111/1467-9477.12087. A versão publicada na Wiley (Scandinavian Political Studies) é paywalled; onlinelibrary.wiley.com devolveu 403 (bloqueio anti-bot), não contornado.",
Daoust2020a,Are Pre-Election Polls More Helpful than Harmful? Evidence from the Canadian Case,"Daoust, Jean‐François | Durand, Claire | Blais, André",2020.0,10.3138/cpp.2019-011,nao_encontrado,,,,sem versão de acesso aberto encontrada,
Meffert2011,"Polls, coalition signals and strategic voting: An experimental investigation of perceptions and effects","Meffert, Michael F. | Gschwend, Thomas",2011,10.1111/j.1475-6765.2010.01986.x,ok,core,https://core.ac.uk/download/42100634.pdf,,,03-textos/pdfs/Meffert2011.pdf
Dahlgaard2016a,How are Voters Influenced by Opinion Polls? The Effect of Polls on Voting Behavior and Party Sympathy,"Dahlgaard, Jens Olav | Hansen, Jonas Hedegaard | Hansen, Kasper Møller | Larsen, Martin Vinæs",2016,10.1515/wps-2016-0012,ok,agente_busca_web,http://kaspermhansen.eu/Work/wps_2016.pdf,,"Página pessoal do autor (Kasper M. Hansen, University of Copenhagen), versão publicada em World Political Science (2016). Título, autores e DOI conferidos via pdftotext.",03-textos/pdfs/Dahlgaard2016a.pdf
Agranov2017a,What Makes Voters Turn Out: The Effects of Polls and Beliefs,"Agranov, Marina | Goeree, Jacob K. | Romero, Julian | Yariv, Leeat",2017.0,10.1093/jeea/jvx023,ok,core,https://core.ac.uk/download/93346869.pdf,,,03-textos/pdfs/Agranov2017a.pdf
Herrmann2013,"Polls, coalitions and strategic voting under proportional representation","Herrmann, Michael",2013,10.1177/0951629813505722,ok,unpaywall,https://kops.uni-konstanz.de/server/api/core/bitstreams/3369e0bd-616e-40d3-a687-04e0da213099/content,,,03-textos/pdfs/Herrmann2013.pdf
Gasperoni2015a,The impact of exposure to pre-election polls on voting behaviour,"Gasperoni, Giancarlo | Mantovani, Debora",2015.0,10.1017/ipo.2015.3,ok,core,https://core.ac.uk/download/226685947.pdf,,,03-textos/pdfs/Gasperoni2015a.pdf
Westwood2018a,Projecting Confidence: How the Probabilistic Horse Race Confuses and Demobilizes the Public,"Westwood, Sean | Messing, Solomon | Lelkes, Yphtach",2018.0,10.2139/ssrn.3117054,nao_encontrado,,,,sem versão de acesso aberto encontrada,
Meer2015a,"Off the Fence, Onto the Bandwagon? A Large-Scale Survey Experiment on Effect of Real-Life Poll Outcomes on Subsequent Vote Intentions","Meer, Tom van der | Hakhverdian, Armèn | Aaldering, Loes",2015,10.1093/ijpor/edu041,ok,agente_busca_web,https://www.tomvandermeer.nl/wp-content/uploads/2021/04/21-Off-the-fence-onto-the-bandwagon-final-manuscript-IJPOR.pdf,preprint,"Página pessoal do autor (Tom van der Meer, University of Amsterdam), manuscrito final aceito (postprint) autoarquivado, com URL claramente distinta da editora (Oxford/IJPOR). Título, autores e abstract conferidos via pdftotext.",03-textos/pdfs/Meer2015a.pdf
Rich2015a,Strategic Voting and the Role of Polls: Evidence from an Embedded Web Survey,"Rich, Timothy S.",2015.0,10.1017/s104909651400208x,nao_encontrado,,,,sem versão de acesso aberto encontrada,
Chatterjee2020a,Voting for the underdog or jumping on the bandwagon? Evidence from India’s exit poll ban,"Chatterjee, Somdeep | Kamal, Jai",2020.0,10.1007/s11127-020-00837-y,nao_encontrado,,,,sem versão de acesso aberto encontrada,
Araujo2010,Tactical Voting in Plurality Elections,"Araújo, N. A. M. | Andrade, José S. | Herrmann, Hans J.",2010,10.1371/journal.pone.0012446,ok,unpaywall,https://journals.plos.org/plosone/article/file?id=10.1371/journal.pone.0012446&type=printable,,,03-textos/pdfs/Araujo2010.pdf
Fairstein2019a,Modeling People's Voting Behavior with Poll Information,"Fairstein, Roy | Lauz, Adam | Meir, Reshef | Gal, Kobi",2019,10.65109/srvt6467,ok,unpaywall,https://arxiv.org/pdf/1909.10492,,,03-textos/pdfs/Fairstein2019a.pdf
Anderson2011a,Voting Behaviour in Canada,"Anderson, Cameron D. | Stephenson, Laura B.",2011.0,10.59962/9780774817851,nao_encontrado,,,,sem versão de acesso aberto encontrada,
Chatterjee2019a,Voting for the Underdog or Jumping on the Bandwagon? Evidence from India's Exit Poll Ban,"Chatterjee, Somdeep | Kamal, Jai",2019,10.2139/ssrn.3332196,ok,agente_busca_web,https://www.aeaweb.org/conference/2020/preliminary/paper/i4a3Qy36,preprint,SSRN bloqueou o download automatizado (Content Blocked / 403 mesmo via WebFetch). Localizado o mesmo preprint (datado dezembro de 2019) hospedado como paper preliminar da AEA Conference 2020; conteúdo conferido (título e autores idênticos ao registro).,03-textos/pdfs/Chatterjee2019a.pdf
Fairstein2018a,Predicting Strategic Voting Behavior with Poll Information,"Fairstein, Roy | Lauz, Adam | Gal, Kobi | Meir, Reshef",2018,10.48550/arxiv.1805.07606,ok,openalex,https://arxiv.org/pdf/1805.07606,,,03-textos/pdfs/Fairstein2018a.pdf
Stolwijk2016a,How Anxiety and Enthusiasm Help Explain the Bandwagon Effect,"Stolwijk, Sjoerd | Schuck, Andreas | Vreese, Claes H. de",2016,10.1093/ijpor/edw018,ok,agente_busca_web,https://claesdevreese.wordpress.com/wp-content/uploads/2018/02/stolwijk-schuck-devreese_2017.pdf,,"Cópia hospedada no blog pessoal de um dos autores (Claes de Vreese). Conteúdo conferido: título, autores e cabeçalho da IJPOR (Vol. 29 No. 4) batem com o registro.",03-textos/pdfs/Stolwijk2016a.pdf
Feric2013a,"Opinion Polls, Voters’ Intentions and Expectations in the 2011 Croatian Parliamentary Elections","Ferić, Ivana | Posavec, Vesna Lamza",2013.0,,nao_encontrado,,,,sem DOI e sem versão OA encontrada por título,
Meir2020a,Strategic voting in the lab: compromise and leader bias behavior,"Meir, Reshef | Gal, Kobi | Tal, Maor",2020.0,10.1007/s10458-020-09446-x,nao_encontrado,,,,sem versão de acesso aberto encontrada,
Farjam2020a,The Bandwagon Effect in an Online Voting Experiment With Real Political Organizations,"Farjam, Mike",2020,10.1093/ijpor/edaa008,ok,agente_busca_web,https://academic.oup.com/ijpor/article-pdf/33/2/412/39770176/edaa008.pdf,,"Artigo publicado em acesso aberto (CC BY-NC) pela Oxford University Press/IJPOR. Conteúdo conferido: título, autor (Mike Farjam, Linnaeus University) e DOI batem com o registro.",03-textos/pdfs/Farjam2020a.pdf
Larcinese2010a,Testing Models of Distributive Politics Using Exit Polls to Measure Voters' Preferences and Partisanship,"Larcinese, Valentino | Snyder, James M. | Testa, Cecilia",2010,10.2139/ssrn.1618875,nao_encontrado,,,,sem versão de acesso aberto encontrada,
Cunningham2021a,Voting Behaviour: The Sinn Féin Election,"Cunningham, Kevin | Marsh, Michael",2021.0,10.1007/978-3-030-66405-3_10,nao_encontrado,,,,sem versão de acesso aberto encontrada,
Klor2017a,On public opinion polls and voters' turnout,"Klor, Esteban F. | Winter, Eyal",2017,10.1111/jpet.12274,ok,agente_busca_web,http://www.dklevine.com/archive/refs4321307000000000451.pdf,preprint,"Working paper (CEPR Discussion Paper 5669, set/2006) hospedado no arquivo aberto de working papers de economia de David K. Levine (espelho do RePEc/Levy Economics archive). A página do próprio autor na HUJI retornou erro de servidor. Conteúdo conferido: título, autores e afiliação batem com o registro; texto claramente anterior à publicação no JPET.",03-textos/pdfs/Klor2017a.pdf
Prosser2015a,Do local elections predict the outcome of the next general election? Forecasting British general elections from local election national vote share estimates,"Prosser, Christopher",2015,10.1016/j.electstud.2015.11.008,ok,semantic_scholar,https://pure.manchester.ac.uk/ws/files/47182601/Prosser_2016_Do_local_elections_predict_the_outcome_of_the_next_general_election.pdf,,,03-textos/pdfs/Prosser2015a.pdf
Jennings2020a,Election forecasting: Too far out?,"Jennings, Will | Lewis‐Beck, Michael S. | Wlezien, Christopher",2020,10.1016/j.ijforecast.2019.12.002,nao_encontrado,,,,sem versão de acesso aberto encontrada,
Grillo2017a,Risk aversion and bandwagon effect in the pivotal voter model,"Grillo, Alberto",2017,10.1007/s11127-017-0457-5,nao_encontrado,,,,sem versão de acesso aberto encontrada,
Dubois2014b,On Quantum Models for Opinion and Voting Intention Polls,"Dubois, François",2014,10.1007/978-3-642-54943-4_26,nao_encontrado,,,,sem versão de acesso aberto encontrada,
Holmes2016a,The Dark Side of Electoralism: Opinion Polls and Voting in the 2016 Philippine Presidential Election,"Holmes, Ronald",2016,10.1177/186810341603500302,ok,agente_busca_web,https://journals.sub.uni-hamburg.de/giga/jsaa/article/viewFile/1008/1008-1046-1-PB.pdf,,"Journal of Current Southeast Asian Affairs é publicação de acesso aberto (GIGA/Hamburg University Press, CC BY-ND); PDF baixado e conferido: título, autor (Ronald D. Holmes) e paginação (15-38, 25 páginas) batem.",03-textos/pdfs/Holmes2016a.pdf
Krause2023a,Should we include margins of error in public opinion polls?,"Krause, Werner | Gahn, Christina",2023.0,10.1111/1475-6765.12633,nao_encontrado,,,,sem versão de acesso aberto encontrada,
Morton2013a,"Exit Polls, Turnout, and Bandwagon Voting: Evidence from a Natural Experiment","Morton, Rebecca B. | Mueller, Daniel | Page, Lionel | Torgler, Benno",2013,,ok,busca_por_titulo,https://eprints.qut.edu.au/83681/1/1-s2.0-S0014292115000483-main.pdf,,,03-textos/pdfs/Morton2013a.pdf
Louwerse2021,Reporting the polls: the quality of media reporting of vote intention polls in the Netherlands,"Louwerse, Tom | Dijk, Rozemarijn E. van",2021,10.1057/s41269-021-00208-5,ok,semantic_scholar,https://scholarlypublications.universiteitleiden.nl/access/item%3A3204238/view,,,03-textos/pdfs/Louwerse2021.pdf
Geers2018,Effects of issue and poll news on electoral volatility: conversion or crystallization?,"Geers, Sabine | Bos, L. | Vreese, Claes H. de",2018,10.1057/s41269-018-0089-x,ok,agente_busca_web,https://claesdevreese.wordpress.com/wp-content/uploads/2020/10/effects-of-issue-and-poll-news.pdf,,"Página de publicações do autor Claes de Vreese (claesdevreese.wordpress.com/publications), cópia hospedada pelo próprio autor. Conteúdo conferido: título, autores (Geers, Bos, de Vreese) e cabeçalho 'Acta Polit (2019) 54:521-539' batem com o registro.",03-textos/pdfs/Geers2018.pdf
Cantu2021,The effects of election polls in Mexico's 2018 presidential campaign,"Cantú, Francisco | Márquez, Javier",2021.0,10.1016/j.electstud.2021.102379,nao_encontrado,,,,sem versão de acesso aberto encontrada,
Moon2018a,Testing Overestimation of Polling Effect on Other Voters and Underestimation of Polling Effect on Oneself : Perceived and Actual Bandwagon and Underdog Effect of Election Polls,"Moon, Junghyun | Chung, Sungeun",2018.0,10.20879/kjjcs.2018.62.3.001,nao_encontrado,,,,sem versão de acesso aberto encontrada,
Chia2015a,"Not My Horse: Voter Preferences, Media Sources, and Hostile Poll Reports in Election Campaigns","Chia, Stella C. | Chang, Tsan‐Kuo",2015.0,10.1093/ijpor/edv046,nao_encontrado,,,,sem versão de acesso aberto encontrada,
Gerber2020a,One in a Million: Field Experiments on Perceived Closeness of the Election and Voter Turnout,"Gerber, Alan S. | Hoffman, Mitchell | Morgan, John | Raymond, Collin",2020,10.1257/app.20180574,ok,unpaywall,https://utoronto.scholaris.ca/bitstreams/938918a6-11fd-4895-ad7a-032be32a0703/download,,,03-textos/pdfs/Gerber2020a.pdf
Groer2010a,"Public Opinion Polls, Voter Turnout, and Welfare: An Experimental Study","Großer, Jens | Schram, Arthur",2010,10.1111/j.1540-5907.2010.00455.x,ok,unpaywall,http://www.labsi.org/wp/labsi14.pdf,,,03-textos/pdfs/Groer2010a.pdf
Dahlgaard2015a,How do opinion polls affect voters? The effect of opinion polls on the Danes’ voting behavior and sympathy for parties,"Dahlgaard, Jens Olav | Hansen, Jonas Hedegaard | Hansen, Kasper Møller | Larsen, Martin Vinæs",2015,10.7146/politica.v47i1.131475,ok,agente_busca_web,https://kaspermhansen.eu/Work/Effect_of_polls%282014%29.pdf,preprint,"Relatório/working paper CVAP WP 1/2014 ('Hvordan påvirkes vælgerne af meningsmålinger?'), hospedado na página pessoal de um dos autores (Kasper Møller Hansen, Universidade de Copenhague), precursor explícito do artigo publicado na Politica em 2015; mesmos quatro autores e mesmo objeto de estudo. O periódico (tidsskrift.dk/politica) não expõe link de PDF acessível sem JavaScript.",03-textos/pdfs/Dahlgaard2015a.pdf
McGhee2010a,Do Campaigns Drive Partisan Turnout?,"McGhee, Eric | Sides, John",2010,10.1007/s11109-010-9127-8,nao_encontrado,,,,sem versão de acesso aberto encontrada,
Grillo2024c,Exit Polls and Voter Turnout in the 2017 French Elections,"Grillo, Alberto | Raiber, Eva",2024,10.3917/reco.pr2.0188,ok,agente_busca_web,https://drive.google.com/uc?export=download&id=1oqvHZPKYTGe79_GGIK1EOaLL6EY3WPP7,preprint,"Working paper (AMSE WP 2022-Nr07, mesmo título/autores) linkado na página pessoal de pesquisa de Alberto Grillo (Google Sites); conteúdo conferido por pdftotext (título e autores batem).",03-textos/pdfs/Grillo2024c.pdf
Ragozzino2014b,The Influence of Public Opinion Polls on Issue Preferences,"Ragozzino, Michael Matthew | Hartman, Todd K.",2014,10.2139/ssrn.2532324,nao_encontrado,,,,sem versão de acesso aberto encontrada,
Roy2015a,An experimental analysis of the impact of campaign polls on electoral information seeking,"Roy, Jason | Singh, Shane | Fournier, Patrick | Andrew, Blake",2015,10.1016/j.electstud.2015.08.005,nao_encontrado,,,,sem versão de acesso aberto encontrada,
Bursztyn2023a,Identifying the Effect of Election Closeness on Voter Turnout: Evidence from Swiss Referenda,"Bursztyn, Leonardo | Cantoni, Davide | Funk, Patricia | Schönenberger, Felix | Yuchtman, Noam",2023,10.1093/jeea/jvad038,ok,unpaywall,https://researchonline.lse.ac.uk/id/eprint/118778/1/BCFSY_20230424.pdf,,,03-textos/pdfs/Bursztyn2023a.pdf
Hodgson2012a,"Bandwagon effects in British elections, 1885–1910","Hodgson, Robert | Maloney, John",2012,10.1007/s11127-012-0027-9,ok,agente_busca_web,https://ndownloader.figshare.com/files/56687114,preprint,"Repositório institucional Open Research Exeter (ORE), hospedado agora em plataforma Figshare (ore.exeter.ac.uk/articles/journal_contribution/.../29685359); URL de download direto obtida via API pública do Figshare (a página web tem proteção anti-bot/WAF que bloqueia curl e WebFetch). Metadados do arquivo indicam explicitamente 'Author's post-print version'. Conteúdo conferido: título 'Bandwagon effects in British elections, 1885-1910' e autores Hodgson/Maloney batem.",03-textos/pdfs/Hodgson2012a.pdf
Stolwijk2019b,More interest in interest: Does poll coverage help or hurt efforts to make more young voters show up at the ballot box?,"Stolwijk, Sjoerd | Schuck, Andreas",2019,10.1177/1465116519837351,ok,agente_busca_web,https://pure.uva.nl/ws/files/144489363/More_interest_in_interest.pdf,,"Versão final publicada (CC BY-NC) no repositório institucional UvA-DARE, encontrada via localizações OpenAlex do DOI; conteúdo conferido por pdftotext (título, autores e citação batem).",03-textos/pdfs/Stolwijk2019b.pdf
Obermaier2014a,Everybody follows the crowd? Effects of opinion polls and past election results on electoral preferences,"Obermaier, Magdalena | Koch, Thomas | Baden, Christian",2014.0,10.1027/1864-1105/a000160,nao_encontrado,,,,sem versão de acesso aberto encontrada,
Gherghina2012a,Voting after Watching: The Strategic Role of Election Polls,"Gherghina, Sergiu | Chiru, Mihail",2012.0,10.1017/s1062798711000548,nao_encontrado,,,,sem versão de acesso aberto encontrada,
Chou2010a,How do candidate poll ranking and election status affect the effects of negative political advertising?,"Chou, Hsuan‐Yi | Lien, Nai‐Hwa",2010.0,10.2501/s0265048710201476,nao_encontrado,,,,sem versão de acesso aberto encontrada,
Best2012b,4. Presidential Voting Preferences of Exit Poll Respondents,"Best, Samuel J. | Krueger, Brian S.",2012,10.4135/9781452234410.n4,nao_encontrado,,,,sem versão de acesso aberto encontrada,
Lammers2022a,"Disentangling the factors behind shifting voting intentions: The bandwagon effect reflects heuristic processing, while the underdog effect reflects fairness concerns","Lammers, Joris | Bukowski, Marcin | Potoczek, Anna | Fleischmann, Alexandra | Hofmann, Wilhelm",2022,10.5964/jspp.9241,ok,unpaywall,https://jspp.psychopen.eu/index.php/jspp/article/download/9241/9241.pdf,,,03-textos/pdfs/Lammers2022a.pdf
Kaplan2019a,Experimental Electionomics: How Election Forecasts Influence Voter Turnout,"Kaplan, Ben",2019,10.1184/r1/9338318.v1,ok,agente_busca_web,https://ndownloader.figshare.com/files/16946948,,Download direto via API do Figshare/Kilthub (CMU) do arquivo bjkaplan_sds_2019.pdf; conteúdo conferido por pdftotext (título e autor batem exatamente).,03-textos/pdfs/Kaplan2019a.pdf
Cornejo2023a,"Do (Perceptions of) Electoral Polling Affect Voters' Behavior? Campaigns, Partisan Bias, and Strategic Voting","Cornejo, Rodrigo Castro",2023,10.14201/rlop.29606,ok,unpaywall,https://revistas.usal.es/cuatro/index.php/1852-9003/article/download/29606/29231,,,03-textos/pdfs/Cornejo2023a.pdf
Bursztyn2017b,Identifying the Effect of Election Closeness on Voter Turnout: Evidence from Swiss Referenda,"Bursztyn, Leonardo | Cantoni, Davide | Funk, Patricia | Schönenberger, Felix | Yuchtman, Noam",2017,10.3386/w23490,ok,unpaywall,https://doi.org/10.3386/w23490,,,03-textos/pdfs/Bursztyn2017b.pdf
Rich2018a,"Partisanship, Polling and Strategic Voting in East Asia: Evidence From an Experimental Web Survey","Rich, Timothy S.",2018.0,10.1177/0021909618763950,nao_encontrado,,,,sem versão de acesso aberto encontrada,
Stolwijk2017a,"Who is driving whom: The media, voters and the bandwagon","Stolwijk, Sjoerd",2017,,ok,agente_busca_web,https://pure.uva.nl/ws/files/8102415/Stolwijk_Thesis_zonder_Dankwoord_p._183_186_.pdf,,"Tese de doutorado completa (versão final publicada) no repositório UvA-DARE, mesmo título/autor do registro; conteúdo conferido por pdftotext.",03-textos/pdfs/Stolwijk2017a.pdf
Nadeau2020a,Election forecasts: Cracking the Danish case,"Nadeau, Richard | Lewis‐Beck, Michael S.",2020,10.1016/j.ijforecast.2019.09.007,nao_encontrado,,,,sem versão de acesso aberto encontrada,
Garcia2010a,Nationalism and Public Opinion in Contemporary Spain:The Demobilization of the Working Class in Catalonia,"García, César",2010,,ok,agente_busca_web,https://www.globalmediajournal.com/open-access/nationalism-and-public-opinion-in-contemporary-spain-the-demobilization-of-the-working-class-in-catalonia.pdf,,"Baixado diretamente do site da revista de acesso aberto Global Media Journal (Fall 2010, v.10 n.17, artigo 3); PDF confere título e autor (Cesar Garcia) nas duas primeiras páginas. A URL do registro original (digitalcommons.cwu.edu/cahfac/68) está protegida por desafio Cloudflare e não permitiu download direto.",03-textos/pdfs/Garcia2010a.pdf
LewisBeck2018a,Candidates and campaigns: How they alter election forecasts,"Lewis‐Beck, Michael S. | Tien, Charles",2018,10.1016/j.electstud.2018.04.014,nao_encontrado,,,,sem versão de acesso aberto encontrada,
Marsh2016a,Voting Behaviour: Continuing De-alignment,"Marsh, Michael | McElroy, Gail",2016.0,10.1007/978-3-319-40889-7_7,nao_encontrado,,,,sem versão de acesso aberto encontrada,
Bursztyn2017c,"Polls, the Press, and Political Participation: The Effects of Anticipated Election Closeness on Voter Turnout","Bursztyn, Leonardo | Cantoni, Davide | Funk, Patricia | Yuchtman, Noam",2017,,ok,agente_busca_web,http://humcap.uchicago.edu/RePEc/hka/wpaper/Bursztyn_Cantoni_etal_2017_election-closeness-turnout.pdf,preprint,"Download direto pela própria url_registro (working paper 2017-052, University of Chicago/RePEc); conteúdo conferido por pdftotext (título e autores batem).",03-textos/pdfs/Bursztyn2017c.pdf
Dubois2014c,On Quantum Models for Opinion and Voting Intention Polls,"Dubois, François",2014,10.1007/978-3-662-45912-6_26,nao_encontrado,,,,sem versão de acesso aberto encontrada,
Unkelbach2022a,Jumping on the Bandwagon: The Role of Voters’ Social Class in Poll Effects in the Context of the 2021 German Federal Election,"Unkelbach, Fabienne | John, Melvin | Vogel, Vera",2022,10.1007/s11615-022-00417-3,ok,pmc_oa_aws,https://pmc-oa-opendata.s3.amazonaws.com/PMC9364306.1/PMC9364306.1.pdf,,"PMC Open Access Subset (AWS Open Data, CC BY), PMC9364306; baixado pelo coordenador",03-textos/pdfs/Unkelbach2022a.pdf
Faust2013a,Forecasting Inflation,"Faust, Jon | Wright, Jonathan H.",2013,10.1016/b978-0-444-53683-9.00001-3,nao_encontrado,,,,sem versão de acesso aberto encontrada,
Dawson2022b,Poll Wars: Perceptions of Poll Credibility and Voting Behaviour,"Dawson, Stephen",2022.0,10.1177/19401612221087181,nao_encontrado,,,,sem versão de acesso aberto encontrada,
Liu2020a,Modeling undecided voters to forecast elections: From bandwagon behavior and the spiral of silence perspective,"Liu, Yezheng | Ye, Chang | Sun, Jianshan | Jiang, Yuanchun | Wang, Hai",2020,10.1016/j.ijforecast.2020.06.011,nao_encontrado,,,,sem versão de acesso aberto encontrada,
LewisBeck2012a,Japanese election forecasting: Classic tests of a hard case,"Lewis‐Beck, Michael S. | Tien, Charles",2012,10.1016/j.ijforecast.2012.04.005,nao_encontrado,,,,sem versão de acesso aberto encontrada,
Rai2021b,Demystifying the Bandwagon Effect of Election Opinion Polls in India,"Rai, Praveen",2021,10.20935/al3042,ok,agente_busca_web,https://www.csds.in/uploads/custom_files_new/1635407557_Demystifying%20the%20Bandwagon%20Effect%20of%20Election%20Opinion%20Polls%20in%20India.pdf,,"Baixado do site institucional do CSDS (Centre for the Study of Developing Societies), instituição do próprio autor Praveen Rai; PDF confere título, autor e afiliação (Academia Letters, Article 3042, Open Access CC BY 4.0).",03-textos/pdfs/Rai2021b.pdf
Wu2021b,Strategic voting revisited: the case of the 2018 Taipei City mayoral election,"Wu, Chung‐li | Lin, Alex Min‐Wei | Chang, Chingching",2021.0,10.1017/s146810992100013x,nao_encontrado,,,,sem versão de acesso aberto encontrada,
Canen2020a,Information Accumulation and the Timing of Voting Decisions,"Canen, Nathan",2020,10.2139/ssrn.3514328,ok,agente_busca_web,https://drive.google.com/uc?export=download&id=14QUFnVT5buVTnt1bJACTPraFkxa-a-Bv,preprint,"Página pessoal do autor Nathan Canen (sites.google.com/site/njcanen/research/working-papers), seção explícita de 'working papers', arquivo indicado como 'previous version' hospedado no Google Drive do próprio autor. Conteúdo conferido: título 'Information Accumulation and the Timing of Voting Decisions' e autoria (Nathan J. Canen) batem; datado de dez/2017, versão de working paper anterior ao registro SSRN de 2020.",03-textos/pdfs/Canen2020a.pdf
Jimenez2016,Does local public corruption generate partisan effects on polls?,"Jiménez, Juan Luis | García, Carmen",2016,10.1007/s10611-016-9671-1,nao_encontrado,,,,sem versão de acesso aberto encontrada,
Singh2018a,The Effect of Opinion Polls on Political Information Seeking,"Singh, Shane | Roy, Jason | Fournier, Patrick",2018,10.2139/ssrn.3195486,nao_encontrado,,,,sem versão de acesso aberto encontrada,
Lachance2023,Policy signals and strategic voting for minor parties: Evidence from Germany,"Lachance, Sarah",2023.0,10.1016/j.electstud.2022.102577,nao_encontrado,,,,sem versão de acesso aberto encontrada,
Freden2016b,Strategic Voting under Coalition Governments,"Fredén, Annika",2016,10.13140/rg.2.1.3580.3125,ok,agente_busca_web,https://lup.lub.lu.se/search/files/5310456/8520346.pdf,,"Baixado do repositório institucional Lund University Publications (registro lup.lub.lu.se/record/8516297); PDF (50 páginas) confere título 'Strategic Voting under Coalition Governments' e autoria (Annika Fredén, 2016), identificado como 'Publisher's PDF / Version of record' da tese de doutorado em formato de compilação.",03-textos/pdfs/Freden2016b.pdf
Gerber2017b,One in a Million: Field Experiments on Perceived Closeness of the Election and Voter Turnout,"Gerber, Alan S. | Hoffman, Mitchell | Morgan, John | Raymond, Collin",2017,10.3386/w23071,ok,unpaywall,https://doi.org/10.3386/w23071,,,03-textos/pdfs/Gerber2017b.pdf
Teney2010a,Ethnic voting in Brussels: Voting patterns among ethnic minorities in Brussels (Belgium) during the 2006 local elections,"Teney, Céline | Jacobs, Dirk | Réa, Andréa | Delwit, Pascal",2010,10.1057/ap.2009.25,nao_encontrado,,,,sem versão de acesso aberto encontrada,
Gutsche2013a,The RAND Continuous 2012 Presidential Election Poll,"Gutsche, Tania | Kapteyn, Arie | Meijer, Erik | Weerman, Bas",2013,10.2139/ssrn.2316417,nao_encontrado,,,,sem versão de acesso aberto encontrada,
Quinlan2021a,Forecasting government support in Irish general elections: Opinion polls and structural models,"Quinlan, Stephen | Lewis‐Beck, Michael S.",2021,10.1016/j.ijforecast.2021.03.006,nao_encontrado,,,,sem versão de acesso aberto encontrada,
Kisuk2013a,A Comprehensive Election Forecast Model Based on “Party Support” :An Analysis of Party Support Distribution of the 19th National Assembly Elections,"KISUK, CHO",2013,10.18854/kpsr.2013.47.4.004,nao_encontrado,,,,sem versão de acesso aberto encontrada,
Chou2019a,Labeling candidates as underdogs in political communications: The moderation of candidate-related factors,"Chou, Hsuan‐Yi",2019.0,10.1016/j.electstud.2019.04.003,nao_encontrado,,,,sem versão de acesso aberto encontrada,
Durazzo2022a,Welfare-improving misreported polls,"Durazzo, Felipe R. | Turchick, David",2022,10.1007/s00199-022-01413-9,nao_encontrado,,,,sem versão de acesso aberto encontrada,
Brugarolas2021,The Causal Effect of Polls on Turnout Intention: A Local Randomization Regression Discontinuity Approach,"Brugarolas, Pablo | Miller, Luis",2021,10.1017/pan.2020.50,ok,agente_busca_web,https://pablobrugarolas.github.io/assets/pdf/brugarolas_miller_2021.pdf,,Baixado da página pessoal (GitHub Pages) do autor Pablo Brugarolas. Conteúdo conferido: título e autores (Brugarolas e Miller) batem com o registro; PDF de 9 páginas.,03-textos/pdfs/Brugarolas2021.pdf
Mamaraev2017a,THE INFLUENCE OF THE SOCIAL AND ECONOMIC FACTORON THE ELECTORAL BEHAVIOR OF PEOPLE OF THE REPUBLIC OF DAGESTAN ACCORDING TO THE RESULTS OF THE OPINION POLL,"Mamaraev, Ruslan M.",2017,10.18384/2310-676x-2017-5-241-252,ok,landing_page,https://www.istpolitmgou.ru/jour/article/download/490/490,,,03-textos/pdfs/Mamaraev2017a.pdf
LewisBeck2025a,Election forecasting: Political economy models,"Lewis‐Beck, Michael S. | Kenny, John | Leiter, Debra | Murr, Andreas | Ogili, Onyinye B. | Stegmaier, Mary | Tien, Charles",2025,10.1016/j.ijforecast.2025.02.006,nao_encontrado,,,,sem versão de acesso aberto encontrada,
Jastramskis2012a,Election forecasting in Lithuania: The case of municipal elections,"Jastramskis, Mažvydas",2012,10.1016/j.ijforecast.2012.05.003,nao_encontrado,,,,sem versão de acesso aberto encontrada,
Riambau2014a,Bandwagon or strategic voting in Israel? Note on Bargsted and Kedar 2009,"Riambau, Guillem",2014.0,10.1016/j.electstud.2014.10.007,nao_encontrado,,,,sem versão de acesso aberto encontrada,
Charles2018a,A Method for Election Forecasting,"Charles, Christopher A. D. | Reid, Gleasia | Albarus, Neena",2018,10.2139/ssrn.3275872,nao_encontrado,,,,sem versão de acesso aberto encontrada,
Ortbals2018a,"Terrorism and the Public: Gender, Public Opinion, and Voting Behavior","Ortbals, Candice D. | Poloni-Staudinger, Lori",2018,10.1007/978-3-319-73628-0_9,nao_encontrado,,,,sem versão de acesso aberto encontrada,
PoloniStaudinger2012a,"Terrorism and the Public: Gender, Public Opinion, and Voting Behavior","Poloni-Staudinger, Lori | Ortbals, Candice D.",2012,10.1007/978-1-4614-5641-4_6,nao_encontrado,,,,sem versão de acesso aberto encontrada,
Obermaier2015a,Everybody Follows the Crowd?,"Obermaier, Magdalena | Koch, Thomas | Baden, Christian",2015.0,10.1027/1864-1105/a000160,nao_encontrado,,,,sem versão de acesso aberto encontrada,
Bracic2018a,"Is Sexism for White People? Gender Stereotypes, Race, and the 2016 Presidential Election","Bracic, Ana | Israel‐Trummel, Mackenzie | Shortle, Allyson F.",2018,10.1007/s11109-018-9446-8,nao_encontrado,,,,sem versão de acesso aberto encontrada,
Knappen2014a,Capturing the Effects of Public Opinion Polls on Voter Support in the NY 25th Congressional Election,"Knappen, Heather",2014.0,,nao_encontrado,,,,sem DOI e sem versão OA encontrada por título,
Goedschalk2017a,A Network-Oriented Modeling Approach to Voting Behavior During the 2016 US Presidential Election,"Goedschalk, Linford | Treur, Jan | Verwolf, Roos",2017,10.1007/978-3-319-61578-3_1,nao_encontrado,,,,sem versão de acesso aberto encontrada,
Mellon2015a,Investigating the Great British Polling Miss: Evidence from the British Election Study,"Mellon, Jonathan | Prosser, Christopher",2015,10.2139/ssrn.2631165,nao_encontrado,,,,sem versão de acesso aberto encontrada,
Heo2024a,Why Do People Underestimate Polling Effects? Examining the Gap Between Actual and Perceived Polling Effects,"Heo, Yujin | Moon, Junghyun | Mo Jones-Jang, S. | Chung, Sungeun",2024.0,10.1080/15205436.2024.2308840,nao_encontrado,,,,sem versão de acesso aberto encontrada,
Fisher2010a,From polls to votes to seats: Forecasting the 2010 British general election,"Fisher, Stephen D. | Ford, Robert | Jennings, Will | Pickup, Mark | Wlezien, Christopher",2010,10.1016/j.electstud.2010.09.005,nao_encontrado,,,,sem versão de acesso aberto encontrada,
LewisBeck2010b,Citizen forecasting: Can UK voters see the future?,"Lewis‐Beck, Michael S. | Stegmaier, Mary",2010,10.1016/j.electstud.2010.09.012,nao_encontrado,,,,sem versão de acesso aberto encontrada,
Burnap2015b,140 characters to victory?: Using Twitter to predict the UK 2015 General Election,"Burnap, Pete | Gibson, Rachel | Sloan, Luke | Southern, Rosalynd | Williams, Matthew",2015,10.1016/j.electstud.2015.11.017,ok,semantic_scholar,https://arxiv.org/pdf/1505.01511,,,03-textos/pdfs/Burnap2015b.pdf
Brown2018,When are prediction market prices most informative?,"Brown, Alasdair | James Reade, J. | Williams, Leighton Vaughan",2018,10.1016/j.ijforecast.2018.05.005,ok,unpaywall,https://centaur.reading.ac.uk/77453/1/poll-releases-v2.pdf,,,03-textos/pdfs/Brown2018.pdf
Denver2021c,Elections and Voters in Britain,"Denver, David | Johns, Robert",2021,10.1007/978-3-030-86492-7,nao_encontrado,,,,sem versão de acesso aberto encontrada,
Chernov2025b,The Comovement of Voter Preferences: Insights from U.S. Presidential Election Prediction Markets Beyond Polls,"Chernov, Mikhail | Elenev, Vadim | Song, Dongho",2025,10.2139/ssrn.5099876,ok,agente_busca_web,https://www.nber.org/system/files/working_papers/w33339/w33339.pdf,preprint,"NBER Working Paper No. 33339 (rótulo explícito 'NBER WORKING PAPER SERIES'), mesmo título e autores (Chernov, Elenev, Song) do registro SSRN. Conteúdo conferido com pdftotext.",03-textos/pdfs/Chernov2025b.pdf
Zhang2017b,New Findings on Key Factors Influencing the UK’s Referendum on Leaving the EU,"Zhang, Aihua",2017,10.1016/j.worlddev.2017.07.017,nao_encontrado,,,,sem versão de acesso aberto encontrada,
Muller2016a,"Data for: Exit polls, turnout, and bandwagon voting: Evidence from a natural experiment","Müller, Daniel",2016,10.17632/rdb5cgfczr.1,nao_e_manuscrito,,,,"O identificador (DOI 10.17632/rdb5cgfczr.1) leva a um repositório de dados (Mendeley Data, título 'Data for: Exit polls, turnout, and bandwagon voting...'), não ao manuscrito. É apenas o arquivo de dados que acompanha o artigo de Morton, Müller, Page e Torgler (2015); o artigo em si já consta na revisão sob outra chave (Morton2015a). Não copiado por ser registro diferente.",
Hoffman2018b,One in a Million: Field Experiments on Perceived Closeness of the Election and Voter Turnout,"Hoffman, Mitchell",2018,10.1257/rct.3199,nao_e_manuscrito,,,,"O identificador (DOI 10.1257/rct.3199) leva ao registro do ensaio no AEA RCT Registry (social science registry), não a um manuscrito; a página não lista 'Relevant Paper(s)'. O artigo publicado correspondente (Gerber, Hoffman, Morgan, Raymond, AEJ: Applied Economics 2020) já consta na revisão sob outra chave (Gerber2020a). Não copiado por ser registro diferente.",
Triantafillidou2015a,A Comparison of the Effects of Face-to-Face and Online Deliberation on Young Students’ Attitudes About Public Opinion Polls,"Triantafillidou, Amalia | Yannas, Prodromos | Lappas, Georgios | Kleftodimos, Alexandros",2015,10.1007/978-3-319-27164-4_2,nao_encontrado,,,,sem versão de acesso aberto encontrada,
Muller2014a,ESSAYS IN THE POLITICAL ECONOMY OF VOTING AND REFORMS,"Müller, Daniel",2014.0,,nao_encontrado,,,,sem DOI e sem versão OA encontrada por título,
Agranov2012a,What Makes Voters Turn Out: The Effects of Polls and Beliefs,"Agranov, Marina | Goeree, Jacob K. | Romero, Julian | Yariv, Leeat",2012,10.2139/ssrn.2029598,ok,agente_busca_web,https://www.iast.fr/sites/default/files/IAST/IAST_V1/Conferences/elect/papers/yariv.pdf,preprint,"Cópia hospedada no site do IAST (Institute for Advanced Study in Toulouse), mesmo título e autores (Agranov, Goeree, Romero, Yariv); é a versão de working paper (datada dez/2014, revisão do mesmo estudo de 2012 depois publicado na JEEA 2018). Conteúdo conferido com pdftotext.",03-textos/pdfs/Agranov2012a.pdf
Gasperoni2012b,Pre-Election Polls and Italian Voter Preferences in an On-Line Simulation of a Mayoral Election Campaign,"Gasperoni, Giancarlo | Mantovani, Debora",2012.0,,nao_encontrado,,,,sem DOI e sem versão OA encontrada por título,
Mellon2016a,Twitter and Facebook are Not Representative of the General Population: Political Attitudes and Demographics of Social Media Users,"Mellon, Jonathan | Prosser, Christopher",2016,10.2139/ssrn.2791625,nao_encontrado,,,,sem versão de acesso aberto encontrada,
Gasperoni2012c,"Pre-Election Polls, Italian Voter Preferences, and Their Study Via On-Line Campaign Simulations","Gasperoni, Giancarlo | Mantovani, Debora",2012.0,,nao_encontrado,,,,sem DOI e sem versão OA encontrada por título,
Fichnova2015a,ELECTION OPINION POLLS AND THEIR IMPACTS ON VOTING PREFERENCES OF SLOVAK AND POLISH VOTERS,"Fichnová, Katarína | Wojciechowski, P.",2015,,ok,agente_busca_web,http://www.ejst.tuiasi.ro/Files/55/26_Fichnova%20&%20Wojciechowski.pdf,,PDF baixado diretamente da página do periódico European Journal of Science and Theology (acesso aberto). Conteúdo conferido: título e autores (Fichnová e Wojciechowski) batem na primeira página.,03-textos/pdfs/Fichnova2015a.pdf
Grillo2024d,Exit Polls and Voter Turnout in the 2017 French Elections,"Grillo, Alberto | Raiber, Eva",2024,10.3917/reco.752.0353,ok,agente_busca_web,https://drive.google.com/uc?export=download&id=1oqvHZPKYTGe79_GGIK1EOaLL6EY3WPP7,preprint,"Artigo publicado na Revue économique (Cairn) está pago. Encontrado o working paper AMSE 2022-Nr07 do mesmo estudo (rótulo explícito 'Working Papers/Documents de travail', datado de 15/03/2022, anterior à publicação de 2024), hospedado no Google Drive linkado pela própria página pessoal de pesquisa do autor Alberto Grillo (sites.google.com/view/alberto-grillo/research). Conteúdo conferido: título e autores (Grillo e Raiber) batem.",03-textos/pdfs/Grillo2024d.pdf
Ford2015a,From polls to votes to seats: Forecasting the 2015 British general election,"Ford, Robert | Jennings, Will | Pickup, Mark | Wlezien, Christopher",2015,10.1016/j.electstud.2015.11.013,nao_encontrado,,,,sem versão de acesso aberto encontrada,
Fisher2015a,Forecasting the 2015 British general election: The 1992 debacle all over again?,"Fisher, Stephen D. | Lewis‐Beck, Michael S.",2015,10.1016/j.electstud.2015.11.016,nao_encontrado,,,,sem versão de acesso aberto encontrada,
Whiteley2010a,Aggregate level forecasting of the 2010 general election in Britain: The Seats-Votes model,"Whiteley, Paul | Sanders, David | Stewart, Marianne C. | Clarke, Harold D.",2010,10.1016/j.electstud.2010.09.010,nao_encontrado,,,,sem versão de acesso aberto encontrada,
Kang2023a,Forecasting South Korea’s presidential election via multiparty dynamic Bayesian modeling,"Kang, Seungwoo | Oh, Hee‐Seok",2023,10.1016/j.ijforecast.2023.01.004,nao_encontrado,,,,sem versão de acesso aberto encontrada,
Richter2010,The Virtual Polling Station - Transferring the Sociocultural Effect of Poll Site Elections to Remote Internet Voting.,"Richter, Philipp",2010,,nao_encontrado,,,,sem DOI e sem versão OA encontrada por título,
Krause2026a,Polling and parliamentary representation: Strategic voting in the 2025 German federal election,"Krause, Werner | Thomeczek, Jan Philipp | Wagner, Aiko",2026.0,10.1016/j.electstud.2026.103142,nao_encontrado,,,,sem versão de acesso aberto encontrada,
Roy2021b,The Power of Polls?,"Roy, Jason | Singh, Shane | Fournier, Patrick",2021.0,10.1017/9781108877428,nao_encontrado,,,,sem versão de acesso aberto encontrada,
Beyens2013a,Can Voters in Proportional Multi-Party Systems act Strategically? Challenging the Concept of Strategic Voting using Evidence from Exit-Poll Data at the 2012 Belgian Municipal Elections,"Beyens, Stefanie | Verthé, Tom",2013,,nao_encontrado,,,,sem DOI e sem versão OA encontrada por título,
Mongrain2020a,Playing the synthesizer with Canadian data: Adding polls to a structural forecasting model,"Mongrain, Philippe | Nadeau, Richard | Jérôme, Bruno",2020,10.1016/j.ijforecast.2020.05.006,nao_encontrado,,,,sem versão de acesso aberto encontrada,
Wu2021c,Replication Data for: Strategic Voting Revisited,"Wu, Chung‐li | Lin, Alex Min‐Wei | Chang, Chingching",2021,10.7910/dvn/jykqlh,nao_e_manuscrito,,,,"O registro é uma entrada de dados de replicação no Harvard Dataverse ('Replication Data for: Strategic Voting Revisited'), não um manuscrito. O artigo correspondente é 'Strategic voting revisited: the case of the 2018 Taipei City mayoral election' (Wu, Lin, Chang), Japanese Journal of Political Science, DOI 10.1017/S146810992100013X, publicado pela Cambridge University Press e pago.",
Wlezien2017a,The “timeline” method of studying electoral dynamics,"Wlezien, Christopher | Jennings, Will | Erikson, Robert S.",2017,10.1016/j.electstud.2017.03.003,nao_encontrado,,,,sem versão de acesso aberto encontrada,
LewisBeck2010c,Nowcasting V. polling: The 2010 UK election trials,"Lewis‐Beck, Michael S. | Nadeau, Richard | Bélanger, Éric",2010,10.1016/j.electstud.2010.09.013,nao_encontrado,,,,sem versão de acesso aberto encontrada,
Baek2014a,Political homophily on social network sites and users' poll skepticism,"Baek, Young Min | Jeong, Irkwon | Rhee, June Woong",2014.0,10.1080/01292986.2014.955861,nao_encontrado,,,,sem versão de acesso aberto encontrada,
CabreraAbinader2026a,"The Veda-Consolidation Mechanism Poll Aggregation, Strategic Voting, and Electoral Forecasting in Latin American Two-Round Elections Evidence from Colombia 2022 and 2026","Cabrera-Abinader, Levis R.",2026,10.2139/ssrn.6968718,nao_encontrado,,,,sem versão de acesso aberto encontrada,
Utych2013,"Viability, Information Seeking, and Vote Choice","Utych, Stephen | Kam, Cindy D.",2013.0,10.1017/s0022381613001126,nao_encontrado,,,,sem versão de acesso aberto encontrada,
Timotei2013a,HOW MUCH CAN WE TRUST PUBLIC OPINION POLLS?,"Timotei, Vierasu",2013,,ok,agente_busca_web,http://anale.steconomiceuoradea.ro/volume/2013/n1/194.pdf,,"PDF baixado diretamente dos anais (Analele Universității din Oradea, acesso aberto). Conteúdo conferido: título e autor (Vierasu Timotei) batem na primeira página.",03-textos/pdfs/Timotei2013a.pdf
Best2012c,5. Congressional Voting Preferences of Exit Poll Respondents,"Best, Samuel J. | Krueger, Brian S.",2012,10.4135/9781452234410.n5,nao_encontrado,,,,sem versão de acesso aberto encontrada,
Smith2025b,Group Politics or Horse Race Experiment 1,"Smith, Jasmine",2025,10.17605/osf.io/4ruqm,nao_e_manuscrito,,,,"Registro é um pré-registro OSF (registration:true) sem nenhum arquivo anexado (API OSF confirma 0 arquivos em osfstorage). Nenhum working paper com esse título exato foi encontrado nas páginas da autora (Jasmine Carrera Smith, GWU) nem em seu CV.",
Smith2025c,Group Politics or Horse Race Experiment 2,"Smith, Jasmine",2025,10.17605/osf.io/2e48t,nao_e_manuscrito,,,,Mesmo caso do lote: pré-registro OSF (registration:true) sem nenhum arquivo anexado (API OSF confirma 0 arquivos). Nenhum working paper correspondente encontrado nas páginas da autora.,
Elsayyad2014a,Voting Islamist or voting secular? An empirical analysis of voting outcomes in Egypt’s “Arab Spring”,"Elsayyad, May | Hanafy, Shimaa",2014,10.1007/s11127-014-0173-3,nao_encontrado,,,,sem versão de acesso aberto encontrada,
John2021a,Jumping on the Bandwagon: Investigation of the role of voters' social class for poll effects in the context of the 2021 German federal election,"John, Melvin | Vogel, Vera | Unkelbach, Fabienne",2021,10.17605/osf.io/ms3ek,nao_e_manuscrito,,,,"OSF Preregistration (API OSF: type registrations, 2021-11-14), sem resultados; o artigo publicado é Unkelbach2022a",
Mori2019a,How Betters Vote in Horse Race Betting Market,"Mori, Shintaro | Hisakado, Masato",2019,10.1007/978-981-10-7194-2_13,nao_encontrado,,,,sem versão de acesso aberto encontrada,
Belot2018a,Exploring the democratic linkage through the lens of governmental polling: a research agenda,"Belot, Céline",2018,10.1057/s41253-018-0075-8,nao_encontrado,,,,sem versão de acesso aberto encontrada,
Alabrese2024a,"Opinion Polls, Turnout and the Demand for Safe Seats","Alabrese, Eleonora | Fetzer, Thiemo",2024,10.2139/ssrn.4803850,ok,agente_busca_web,https://warwick.ac.uk/fac/soc/economics/research/centres/cage/manage/publications/wp707.2024.pdf,preprint,"CAGE Working Paper no. 707 (Universidade de Warwick), rótulo explícito de working paper, mesmo título e autores (Alabrese, Fetzer) do registro SSRN. Conteúdo conferido com pdftotext.",03-textos/pdfs/Alabrese2024a.pdf
Spanje2011a,"Do perceived poll results affect party preferences, or do party preferences affect perceived poll results?","Spanje, Joost van | Bürscher, Barbara",2011.0,,nao_encontrado,,,,sem DOI e sem versão OA encontrada por título,
Linzer2015a,Forecasting US presidential elections: New approaches (an introduction),"Linzer, Drew A. | Lewis‐Beck, Michael S.",2015,10.1016/j.ijforecast.2015.03.004,nao_encontrado,,,,sem versão de acesso aberto encontrada,
Witsman2016a,The effect of polling data on independent voting behavior,"Witsman, Katherine A.",2016,,ok,agente_busca_web,https://soar.wichita.edu/bitstreams/efc3bcea-0dd9-438f-93e8-c169198d4b5f/download,,"Dissertação encontrada no repositório institucional SOAR (Shocker Open Access Repository) da Wichita State University, via o handle original (hdl.handle.net/10057/13515 redireciona para soar.wichita.edu/handle/10057/13515). Conteúdo conferido: título 'The Effects of Polling Data on Independent Voting Behavior' e autora Katherine Astrid Witsman batem.",03-textos/pdfs/Witsman2016a.pdf
Weisberg2012a,Reconsidering Jewish Presidential Voting Statistics,"Weisberg, Herbert F.",2012,10.1007/s12397-012-9093-z,nao_encontrado,,,,sem versão de acesso aberto encontrada,
Grillo2024e,Exit Polls and Voter Turnout in the 2017 French Elections,"Grillo, Alberto | Raiber, Eva",2024,10.3917/e.reco.752.0353,ok,agente_busca_web,https://drive.google.com/uc?export=download&id=1oqvHZPKYTGe79_GGIK1EOaLL6EY3WPP7,preprint,"Working paper AMSE WP 2022-Nr07 'Exit polls and voter turnout in the 2017 French elections', mesmos autores (Grillo, Raiber) do artigo publicado na Revue économique; arquivo linkado na própria página de pesquisa de Alberto Grillo (sites.google.com/view/alberto-grillo/research). Conteúdo conferido com pdftotext.",03-textos/pdfs/Grillo2024e.pdf
Singh2016a,"Polls, Partisanship, and Voter Decision-Making: An Experimental Analysis","Singh, Shane | Roy, Jason | Fournier, Patrick",2016.0,10.1007/978-3-319-40573-5_9,nao_encontrado,,,,sem versão de acesso aberto encontrada,
Stiers2018a,Affect versus cognition: Wishful thinking on election day,"Stiers, Dieter | Dassonneville, Ruth",2018,10.1016/j.ijforecast.2017.12.001,nao_encontrado,,,,sem versão de acesso aberto encontrada,
Alabrese2022a,"National Polls, Local Preferences and Voters' Behaviour: Evidence from the UK General Elections","Alabrese, Eleonora",2022,10.2139/ssrn.4265932,ok,agente_busca_web,https://warwick.ac.uk/fac/soc/economics/research/workingpapers/2022/twerp_1426_-_alabrese.pdf,preprint,"Warwick Economics Research Paper no. 1426 (TWERP), rótulo explícito de working paper, mesmo título e autora (Alabrese) do registro SSRN. Conteúdo conferido com pdftotext.",03-textos/pdfs/Alabrese2022a.pdf
Pruysers2026a,Do strategic voters have a strategic personality? Examining the role of machiavellianism in strategic voting,"Pruysers, Scott | Blais, Julie | Mungall, Luke R.",2026.0,10.1016/j.electstud.2026.103074,nao_encontrado,,,,sem versão de acesso aberto encontrada,
Roy2021c,The Power of Polls?: A Cross-National Experimental Analysis of the Effects of Campaign Polls,"Roy, Jason | Singh, Shane | Fournier, Patrick",2021.0,,nao_encontrado,,,,sem DOI e sem versão OA encontrada por título,
Graefe2013a,Issue and leader voting in U.S. presidential elections,"Graefe, Andreas",2013,10.1016/j.electstud.2013.04.003,nao_encontrado,,,,sem versão de acesso aberto encontrada,
Boucher2014a,"Research Guides: Statistics: Voting Behavior, Polling Data, and Political Attitudes","Boucher, Ian",2014,,nao_encontrado,,,,sem DOI e sem versão OA encontrada por título,
Raiber2022a,Replication Data for: Exit polls and voter turnout in the 2017 French elections,"Raiber, Eva",2022,10.7910/dvn/yx9jlu,nao_e_manuscrito,,,,"Registro é dataset de replicação no Harvard Dataverse (não manuscrito). O agente baixou o WP AMSE 2022-07 de Grillo & Raiber, que é outro relato (já em Grillo2024c); achado rejeitado pelo coordenador e PDF removido.",
Daigle2010a,Catching the Big Wave: Public Opinion Polls and Bandwagons in US and Canadian Elections,"Daigle, Delton T.",2010,,ok,agente_busca_web,https://etd.ohiolink.edu/acprod/odb_etd/ws/send_file/send?accession=osu1282138561&disposition=inline,,Tese de doutorado encontrada no OhioLink ETD Center via o link de registro original (rave.ohiolink.edu redireciona para etd.ohiolink.edu). Conteúdo conferido: título 'Catching the Big Wave: Public Opinion Polls and Bandwagons in US and Canadian Elections' e autor Delton T. Daigle batem.,03-textos/pdfs/Daigle2010a.pdf
Lengauer2012a,Contest Framing and its Effects on Voter (DE)Mobilisation,"Lengauer, Günther | Höller, Iris",2012,10.1080/13183222.2012.11009097,ok,agente_busca_web,https://javnost-thepublic.org/article/pdf/2012/4/5/,,"Artigo de acesso aberto no site oficial do periódico Javnost - The Public (javnost-thepublic.org), volume 19, número 4 (2012), artigo 5, páginas 73-91/92. Conteúdo conferido: título/subtítulo e autores Günther Lengauer e Iris Höller (Universidade de Innsbruck) batem, página inicial 73 confere.",03-textos/pdfs/Lengauer2012a.pdf
Figueiredo2012a,Estimation of Underrepresented Strata in Preelection Polls: A Comparative Study,"Figueiredo, João | Campos, Pedro",2012,10.1007/978-3-642-32419-2_6,nao_encontrado,,,,sem versão de acesso aberto encontrada,
Westwood2019a,Replication Data for: Projecting confidence: How the probabilistic horserace confuses and demobilizes the public,"Westwood, Sean | Messing, Solomon | Lelkes, Yphtach",2019,10.7910/dvn/trief2,nao_e_manuscrito,,,,"O url_registro (DOI 10.7910/dvn/trief2) leva a um dataset de replicação no Harvard Dataverse ('Replication Data for: ...'), não ao manuscrito do artigo em si; é a própria definição de entrada de dataset citada nas instruções. Não é um manuscrito completo.",
Stevens2010a,Getting Out the Vote: Minority Mobilization in a Presidential Election,"Stevens, Daniel | Bishin, Benjamin G.",2010,10.1007/s11109-010-9128-7,nao_encontrado,,,,sem versão de acesso aberto encontrada,
Farjam2019a,The bandwagon effect and less interest in election results due to poll exposure; an online experiment,"Farjam, Mike",2019,10.17632/3cmwpt23y8.2,nao_e_manuscrito,,,,"url_registro e veiculo apontam para um registro de dataset no arquivo DANS (easy.dans.knaw.nl/ui/datasets/id/easy-dataset:134734); a página retorna 404 (o sistema EASY foi descontinuado/migrado em dez/2024) e não localizei manuscrito associado sob esse DOI (10.17632/3cmwpt23y8.2, prefixo de dado, não de artigo) - é entrada de dados, não texto completo.",
Chauhan2023a,Application of Twitter sentiment analysis in election prediction: a case study of 2019 Indian general election,"Chauhan, Priyavrat | Sharma, Nonita | Sikka, Geeta",2023,10.1007/s13278-023-01087-8,nao_encontrado,,,,sem versão de acesso aberto encontrada,
Minjeongsik2013a,A Study on Relationship between The Third-Person Effect about Opinion Poll and Defensive voting Behavior,minjeongsik,2013.0,,nao_encontrado,,,,sem DOI e sem versão OA encontrada por título,
Marien2013a,Why do Local Voters Deviate from their National Party Preference? An Analysis of the 2012 PartiRep Exit Poll in Belgium,"Mariën, Sofie | Hooghe, Marc | Dassonneville, Ruth",2013,,nao_encontrado,,,,sem DOI e sem versão OA encontrada por título,
Kim2012a,Effects of Candidate Support Rates in Public Opinion Polls on News Coverages of Nationwide Newspapers and Broadcasters in Korea,"Kim, Byoungcheol",2012,10.35731/kpca.2012..27.003,nao_encontrado,,,,sem versão de acesso aberto encontrada,
Magalhaes2012a,Forecasting Spanish elections,"Magalhães, Pedro C. | Aguiar‐Conraria, Luís | Lewis‐Beck, Michael S.",2012,10.1016/j.ijforecast.2012.04.007,ok,core,https://core.ac.uk/download/55613336.pdf,,,03-textos/pdfs/Magalhaes2012a.pdf
Denter2013b,Do Polls Create Momentum in Political Competition?,"Denter, Philipp | Sisak, Dana",2013,10.2139/ssrn.2340125,ok,openalex,https://repub.eur.nl/pub/50287/2013_169.pdf,,,03-textos/pdfs/Denter2013b.pdf
Soroceanu2025a,Opinion polls during the elections,"Soroceanu, Igor",2025,10.59295/mpdnwe2024.27,ok,agente_busca_web,https://msuir.usm.md/bitstreams/ef5ec832-4259-4f41-92a3-ded5a43a6b7b/download,,"O DOI redireciona para o repositório institucional da Universidade de Stat din Moldova (MSUIR), que hospeda os anais da conferência 'Modern Paradigms in the Development of the National and World Economy'. Conteúdo conferido: título 'Opinion Polls During the Elections' e autor Igor Soroceanu batem.",03-textos/pdfs/Soroceanu2025a.pdf
Kim2014a,"Perceptions of election poll reporting and their effects on the support for election poll censorship: Structural equation models for mediating roles of the third person effect, importance of electability, and voting behavior and moderating role of education level","Kim, Yong-Ho",2014,10.35731/kpca.2014..32.001,nao_encontrado,,,,sem versão de acesso aberto encontrada,
DeMora2022a,Ready for a Woman President?,"DeMora, Stephanie L. | Lindke, Christian A. | Merolla, Jennifer L. | Stephenson, Laura B.",2022.0,10.1093/poq/nfac012,nao_encontrado,,,,sem versão de acesso aberto encontrada,
Schuck2011a,Who's afraid of conflict? How conflict framing in campaign news coverage mobilized voters in the 2009 European Parliamentary elections,"Schuck, Andreas | Vliegenthart, Rens | Vreese, Claes H. de",2011,,ok,agente_busca_web,https://pure.uva.nl/ws/files/42374798/146220_355470.pdf,preprint,"A página de registro original (UvA-DARE/handle.uba.uva.nl) não tinha PDF anexado, só um link morto para citation.allacademic.com. Localizado, no mesmo repositório institucional (UvA-DARE/Pure), o arquivo do 'submitted manuscript' do mesmo trabalho (mesmos autores, mesmo ano, mesma conferência ECPR 2011), rotulado explicitamente como 'Document Version: Submitted manuscript'. Conteúdo conferido: título 'Who's afraid of conflict? How conflict framing in campaign news mobilizes voters' e autores Schuck, Vliegenthart e de Vreese batem.",03-textos/pdfs/Schuck2011a.pdf
Wall2017,The miracle of the markets: Identifying key campaign events in the Scottish independence referendum using betting odds,"Wall, Matthew | Costello, Rory | Lindsay, Stephen",2017,10.1016/j.electstud.2017.01.003,ok,core,https://core.ac.uk/download/78862813.pdf,,,03-textos/pdfs/Wall2017.pdf
Kleinnijenhuis2014a,"Electoral volatility and fragmentation: Effects of voting advice, issue voting and news on the vote","Kleinnijenhuis, Jan | Pol, Jasper Van de | Krouwel, André",2014.0,,nao_encontrado,,,,sem DOI e sem versão OA encontrada por título,
Jerzak2016a,Do Higher Housing Values Make Communities More Conservative? Evidence from the Introduction of E-ZPass,"Jerzak, Connor",2016,10.2139/ssrn.2780539,nao_encontrado,,,,sem versão de acesso aberto encontrada,
Arnesen2012e,Forecasting Norwegian elections: Out of work and out of office,"Arnesen, Sveinung",2012,10.1016/j.ijforecast.2012.04.009,nao_encontrado,,,,sem versão de acesso aberto encontrada,
Dominitz2024c,Accounting for Nonresponse in Election Polls: Total Margin of Error,"Dominitz, Jeff | Manski, Charles F.",2024,10.2139/ssrn.4915968,nao_encontrado,,,,sem versão de acesso aberto encontrada,
Frei2017a,Electoral Externalities in Federations - Evidence from German Opinion Polls,"Frei, Xenia | Langer, Sebastian | Lehmann, Robert | Rösel, Felix",2017,10.2139/ssrn.2941433,nao_encontrado,,,,sem versão de acesso aberto encontrada,
Ferreira2022b,Risk-Corrected Probabilities of a Binary Event,"Ferreira, Alex Luiz | Gong, Yujing | Gozluklu, Arie E.",2022,10.2139/ssrn.4007618,nao_encontrado,,,,sem versão de acesso aberto encontrada,
Jungherr2015a,Predictor of Electoral Success and Public Opinion at Large,"Jungherr, Andreas",2015.0,10.1007/978-3-319-20319-5_7,nao_encontrado,,,,sem versão de acesso aberto encontrada,
Ragozzino2014c,Funhouse Mirrors: Do Polls Reflect Public Opinion or Refract Democracy?,"Ragozzino, Michael Matthew",2014,10.71889/5fylantbak.29860103,ok,agente_busca_web,https://ndownloader.figshare.com/files/57031586,,"Tese de mestrado (Appalachian State University, maio de 2012) hospedada no Figshare institucional da universidade (appstate.figshare.com), acesso aberto. PDF baixado e conferido: título 'Funhouse Mirrors: Do Polls Reflect Public Opinion or Refract Democracy?' e autor Michael Matthew Ragozzino batem exatamente.",03-textos/pdfs/Ragozzino2014c.pdf
Rogers2015a,It’s Close but We’re Losing: The Motivating Power of Under-Confidence,"Rogers, Todd | Moore, Don A.",2015,10.5465/ambpp.2015.15338abstract,nao_e_manuscrito,,,,"O DOI (10.5465/ambpp.2015.15338abstract) e a página da Academy of Management Proceedings (bloqueada por Cloudflare, mas com URL confirmando o sufixo 'abstract') indicam que o registro é apenas o resumo de uma comunicação apresentada no encontro da AOM de 2015, não um manuscrito completo. Não foi localizada versão de working paper equivalente nas páginas dos autores (Todd Rogers/Don A. Moore) nem em SSRN, OSF/PsyArXiv ou ResearchGate.",
Faas2023a,Seize the Day (of the Election)! Using Exit Polls in Electoral Research,"Faas, Thorsten | Reinermann, Holger",2023,10.1007/978-3-658-40884-8_8,nao_encontrado,,,,sem versão de acesso aberto encontrada,
Sturges2014,Duverger's Law and Strategic Voting in Large Scale Elections,"Sturges, Caleb",2014.0,,nao_encontrado,,,,sem DOI e sem versão OA encontrada por título,
Alidu2024a,"Polls, Pundits and Religious Leaders: The Politics of Predicting Election Outcomes in Ghana’s Fourth Republic","Alidu, Seidu M.",2024.0,10.1007/978-3-031-54744-7_12,nao_encontrado,,,,sem versão de acesso aberto encontrada,
Veselova2023a,Manipulation by Coalitions in Voting with Incomplete Information,"Veselova, Yuliya",2023,10.1007/978-3-031-31654-8_23,nao_encontrado,,,,sem versão de acesso aberto encontrada,
Jennings2018a,The Polls in 2017,"Jennings, Will",2018.0,10.1007/978-3-030-00822-2_14,nao_encontrado,,,,sem versão de acesso aberto encontrada,
Brito2022a,Machine learning for predicting elections in Latin America based on social media engagement and polls,"Brito, Kellyton | Adeodato, Paulo J. L.",2022,10.1016/j.giq.2022.101782,nao_encontrado,,,,sem versão de acesso aberto encontrada,
Kilibarda2020a,Do Campaign Events Matter? New Evidence from Voting Advice Applications,"Kilibarda, Anja | Linden, Clifton van der | Dufresne, Yannick",2020.0,10.1002/polq.13034,nao_encontrado,,,,sem versão de acesso aberto encontrada,
Miranda2017,Information Consumption and Strategic Voting: Evidence from Brazil,"Miranda, Jessica Gagete | Meloni, Luis",2017.0,10.2139/ssrn.2922709,nao_encontrado,,,,sem versão de acesso aberto encontrada,
Hodgson2025a,"Bandwagon effects in British general elections, 1885-1910","Hodgson, Robert (2026294) | Maloney, John (21813590)",2025,,ok,agente_busca_web,https://ndownloader.figshare.com/files/56687114,,"Post-print dos autores hospedado no Figshare institucional (metadado do próprio registro indica: 'Author's post-print version. The original publication is available at https://doi.org/10.1007/s11127-012-0027-9', publicado em Public Choice). PDF baixado e conferido: título 'Bandwagon effects in British general elections, 1885-1910' e autores Robert Hodgson e John Maloney batem exatamente com o texto completo. Não marcado como 'preprint' por ser explicitamente pós-impressão (post-print), não pré-impressão.",03-textos/pdfs/Hodgson2025a.pdf
Einarsson2025a,Evaluating nonresponse and non-sampling error trends in election studies,"Einarsson, Hafsteinn | Helgason, Agnar Freyr",2025,10.1016/j.electstud.2025.102934,nao_encontrado,,,,sem versão de acesso aberto encontrada,
Strijbis2026a,Bandwagon or Titanic? How outcome expectations influence voting in direct democracy,"Strijbis, Oliver",2026.0,10.1016/j.electstud.2026.103080,nao_encontrado,,,,sem versão de acesso aberto encontrada,
Graefe2015a,Improving forecasts using equally weighted predictors,"Graefe, Andreas",2015,10.1016/j.jbusres.2015.03.038,ok,agente_busca_web,https://statmodeling.stat.columbia.edu/wp-content/uploads/2013/08/Graefe-2013-Improving-forecasts-using-equally-weighted-predictors-JBR.pdf,preprint,"PDF hospedado no blog acadêmico Statistical Modeling, Causal Inference, and Social Science (Andrew Gelman), arquivo nomeado 'Graefe-2013-...-JBR.pdf', versão de manuscrito de 2013 anterior à publicação no Journal of Business Research em 2015 (DOI 10.1016/j.jbusres.2015.03.038). Conteúdo conferido: título e autor (Andreas Graefe) batem exatamente com o registro.",03-textos/pdfs/Graefe2015a.pdf
Boukouras2023a,Can biased polls distort electoral results? Evidence from the lab,"Boukouras, Aristotelis | Jennings, Will | Li, Lunzheng | Maniadis, Zacharias",2023,10.1016/j.ejpoleco.2023.102383,ok,agente_busca_web,https://cdn.southampton.ac.uk/assets/imported/transforms/content-block/UsefulDownloads_Download/804520610F424EFE937F8D71926C3EEA/combined-1902.pdf,preprint,"Working paper 'Can Biased Polls Distort Electoral Results? Evidence from the Lab and the Field' (University of Southampton, Discussion Papers in Economics and Econometrics No. 1902), mesmos autores (Boukouras, Jennings, Li, Maniadis) do artigo publicado na European Journal of Political Economy (2023); hospedado no CDN institucional da University of Southampton. Conteúdo conferido com pdftotext: título e autores batem.",03-textos/pdfs/Boukouras2023a.pdf
Chernov2026a,The comovement of voter preferences: Insights from U.S. presidential election prediction markets beyond polls,"Chernov, Mikhail | Elenev, Vadim | Song, Dongho",2026,10.1016/j.jeconom.2026.106192,ok,openalex,http://www.nber.org/papers/w33339.pdf,,,03-textos/pdfs/Chernov2026a.pdf
Ognibene2021a,"Home, Abroad or both? The hybridity of external voting choices in Europe and the influence of public opinion","Ognibene, Marco | Paulis, Emilien",2021,,ok,agente_busca_web,https://orbilu.uni.lu/bitstream/10993/57598/1/HybridVoters.pdf,,"O link original do repositório da ULB (dipot.ulb.ac.be) retorna 'Item withdrawn'. Localizada cópia legítima (via checagem do Unpaywall pelo DOI real do artigo, 10.1080/00344893.2021.1978531, que não constava no lote automático) no repositório institucional ORBilu da Universidade de Luxemburgo, coautoria de Emilien Paulis. PDF baixado e conferido: título 'Hybrid Voters: How the Politics in the Home and the New Country Influences External Voters' e autores Marco Ognibene e Emilien Paulis batem exatamente.",03-textos/pdfs/Ognibene2021a.pdf
Randhawa2021,Effects of poll breeding on reproductive traits in beef cattle,"Randhawa, Imtiaz A. S. | Lyons, Russell E. | McGowan, Michael",2021,,nao_encontrado,,,,sem DOI e sem versão OA encontrada por título,
Cochrane2017a,"If You Can't Beat 'Em, Join 'Em","Cochrane, Russell",2017,,ok,agente_busca_web,https://journals.library.mun.ca/index.php/MP/article/download/1733/1345/5887,,"PDF de acesso aberto na revista Mapping Politics (Memorial University of Newfoundland, OJS). Conteúdo conferido: título 'If you can't beat 'em, join 'em' e autor Russell Cochrane batem. A revista identifica o volume 7 como de 2016, ano ligeiramente diferente do informado no lote (2017), mas título e autor conferem sem ambiguidade.",03-textos/pdfs/Cochrane2017a.pdf
Nichols2013,The Enduring Power of Isolationism: An Historical Perspective,"Nichols, Christopher McKnight",2013,10.1016/j.orbis.2013.05.006,nao_encontrado,,,,sem versão de acesso aberto encontrada,
Michaelis2018,Autoregressive effects in poll-based election models for the German federal election,"Michaelis, Patrick",2018,10.1016/j.electstud.2018.05.002,nao_encontrado,,,,sem versão de acesso aberto encontrada,
Strijbis2017a,Nicht was Du denkst! Was wir wirklich von Wahlvorhersagen lernen können,"Strijbis, Oliver",2017,10.5771/0032-3470-2017-3-442,nao_encontrado,,,,sem versão de acesso aberto encontrada,
Rallings2015a,Forecasting the 2015 general election using aggregate local election data,"Rallings, Colin | Thrasher, Michael | Borisyuk, Galina",2015,10.1016/j.electstud.2015.11.007,nao_encontrado,,,,sem versão de acesso aberto encontrada,
Yamao2025a,When Conflicts are Incited: Depicting the Cycle of Sectarian Conflict from Party Support Structures,"Yamao, Dai",2025.0,10.1007/978-981-96-7560-9_6,nao_encontrado,,,,sem versão de acesso aberto encontrada,
Rickenbach2023a,Influences and Preferences Among Older Voters in the 2020 U.S. Presidential Election,"Rickenbach, Elizabeth Hahn | Fassi, Janelle | Doran, Kevin",2023.0,10.1007/978-3-031-28384-0_7,nao_encontrado,,,,sem versão de acesso aberto encontrada,
Donovan2016a,Experiments on the Effects of Opinion Polls and Implications for Laws Banning Pre-election Polling,"Donovan, Todd | Bowler, Shaun",2016.0,10.1007/978-3-319-40573-5_8,nao_encontrado,,,,sem versão de acesso aberto encontrada,
Rogers2014a,The Motivating Power of Under-Confidence: 'The Race is Close But We're Losing',"Rogers, Todd | Moore, Don A.",2014.0,10.2139/ssrn.2528690,nao_encontrado,,,,sem versão de acesso aberto encontrada,
Krause2026b,Replication Data for: Self-Fulfilling Prophecies at the Voting Booth: Evidence from Polling Effects Around Electoral Thresholds,"Krause, Werner | Gahn, Christina",2026,10.7910/dvn/5502ta,nao_e_manuscrito,,,,"url_registro/doi (10.7910/dvn/5502ta) levam ao Harvard Dataverse com os dados de replicação do artigo 'Self-Fulfilling Prophecies at the Voting Booth' (Journal of Politics, just accepted), não ao manuscrito. A própria página de pesquisa da coautora (christina.gahn.at/research) diz 'Let me know via e-mail if you want access to the paper!', confirmando que não há PDF aberto; nenhum preprint em OSF/SSRN/página pessoal de Werner Krause (krausewe.github.io) encontrado.",
Clinton2012a,Robo-Polls: Taking Cues from Traditional Sources?,"Clinton, Joshua D. | Rogers, Steven",2012,10.2139/ssrn.2066850,nao_encontrado,,,,sem versão de acesso aberto encontrada,
Gerber2017c,One in a Million: Field Experiments on Perceived Closeness of the Election and Voter Turnout,"Gerber, Alan S. | Hoffman, Mitchell | Morgan, John | Raymond, Collin",2017,,ok,agente_busca_web,https://www.nber.org/system/files/working_papers/w23071/revisions/w23071.rev0.pdf?sy=071,preprint,"NBER Working Paper No. 23071 (janeiro de 2017), 'One in a Million: Field Experiments on Perceived Closeness of the Election and Voter Turnout', mesmos autores do registro (Gerber, Hoffman, Morgan, Raymond). Conteúdo conferido com pdftotext: capa e título batem exatamente.",03-textos/pdfs/Gerber2017c.pdf
Hoffman2018c,One in a Million: Field Experiments on Perceived Closeness of the Election and Voter Turnout,"Hoffman, Mitchell",2018,10.1257/rct.3199-1.0,nao_e_manuscrito,,,,"doi/url_registro levam a um registro de pré-registro (AEA RCT Registry / socialscienceregistry.org/trials/3199), do mesmo estudo do item Gerber2017c deste lote, sem manuscrito associado - seções 'Relevant Paper(s)' e 'Reports & Other Materials' do registro estão vazias.",
Sudo2013a,The Impact of Exchanging Opinions in Political Decision-Making on Voting by Using Multi-agent Simulation,"Sudo, Yuichiro | Kato, Shōhei | Mutoh, Atsuko",2013,10.1007/978-3-642-44927-7_23,nao_encontrado,,,,sem versão de acesso aberto encontrada,
Boukouras2020a,Can Biased Polls Distort Electoral Results? Evidence From The Lab,"Boukouras, Aristotelis | Jennings, Will | Li, Lunzheng | Maniadis, Zacharias",2020,10.2139/ssrn.3644952,ok,agente_busca_web,https://cdn.southampton.ac.uk/assets/imported/transforms/content-block/UsefulDownloads_Download/804520610F424EFE937F8D71926C3EEA/combined-1902.pdf,preprint,"Discussion Paper nº 1902 do Economics Department, University of Southampton ('Can Biased Polls Distort Electoral Results? Evidence from the Lab and the Field', mesmos quatro autores, título quase idêntico ao registro). Conteúdo conferido com pdftotext: título e autores batem.",03-textos/pdfs/Boukouras2020a.pdf
Elmendorf2013a,Lost in Space? Shortcuts and Spatial Voting in Low-Information Elections,"Elmendorf, Christopher | Boudreau, Cheryl | MacKenzie, Scott A.",2013,10.2139/ssrn.2232371,nao_encontrado,,,,sem versão de acesso aberto encontrada,
Cutler2023a,"13 Cognitive Preconditions for Direct Poll Effects on Voters: Evidence on Attention, Retention, and Judgments of Applicability","Cutler, Fred | Scott Matthews, J. | Pickup, Mark",2023.0,10.3138/9781487536213-014,nao_encontrado,,,,sem versão de acesso aberto encontrada,
Poland2021a,Improving COVID-19 vaccine acceptance: Including insights from human decision-making under conditions of uncertainty and human-centered design,"Poland, Caroline M. | Matthews, Allison K.S. | Poland, Gregory A.",2021,10.1016/j.vaccine.2021.02.008,ok,pmc_oa_aws,https://pmc-oa-opendata.s3.amazonaws.com/PMC7875011.1/PMC7875011.1.pdf,,"PMC Open Access Subset (AWS Open Data, None), PMC7875011",03-textos/pdfs/Poland2021a.pdf
Florin2026a,"The Symbolic Coherence Index Does Not Predict Electoral Support in Romania 2019-2024: A Null Result, a Methodological Artefact, and the Governing Party Penalty","Florin, Serban Gabriel",2026,10.2139/ssrn.6826140,nao_encontrado,,,,sem versão de acesso aberto encontrada,
Stark2015a,The Role of Expressive Versus Instrumental Preferences in U.S. Attitudes Toward Taxation and Redistribution,"Stark, Kirk J.",2015,10.1007/978-3-319-13458-1_11,nao_encontrado,,,,sem versão de acesso aberto encontrada,
Toff2018a,Replication Data for: Exploring the Effects of Polls on Public Opinion: How and When Media Reports of Policy Preferences Can Become Self-Fulfilling Prophesies,"Toff, Benjamin",2018,10.7910/dvn/x7nksl,nao_e_manuscrito,,,,"Registro no Harvard Dataverse é um dataset de replicação ('Replication Data for: Exploring the Effects of Polls on Public Opinion...'), não um manuscrito. Conforme instrução, dataset de replicação é tratado como não-manuscrito e não deve ter o artigo correspondente baixado para esta chave.",
SullivanThomsett2023a,Alliance 90/The Greens and the 2021 Federal Election: A Disappointing Success Story,"Sullivan-Thomsett, Chantal",2023,10.1007/978-3-031-38930-6_6,nao_encontrado,,,,sem versão de acesso aberto encontrada,
Magone2025a,Portugal,"Magone, José M.",2025.0,10.1007/978-3-031-87397-3_28,nao_encontrado,,,,sem versão de acesso aberto encontrada,
Freden2024a,Insurance Voting in the Centre: An Experimental Approach,"Fredén, Annika | Bruinsma, Bastiaan | Theorin, Nora | Oscarsson, Henrik",2024.0,10.1093/ijpor/edae041,ok,agente_busca_web,https://academic.oup.com/ijpor/article-pdf/36/3/edae041/58780727/edae041.pdf,,"Artigo é Open Access (CC BY) na própria editora, Oxford Academic (International Journal of Public Opinion Research, v.36 n.3, edae041, DOI 10.1093/ijpor/edae041). Baixado via link de PDF da página do artigo (redireciona para watermark02.silverchair.com, servidor de distribuição de PDF da OUP). Confirmado com pdftotext/pdfinfo: 11 páginas, título 'Insurance Voting in the Centre: An Experimental Approach' e autoria (Annika Fredén, Bastiaan Bruinsma, Nora Theorin, Henrik Oscarsson) na primeira página, com seções de abstract, introdução, métodos, resultados e Tabelas 1-4 (texto completo, não apenas resumo).",03-textos/pdfs/Freden2024a.pdf
Posavec2015a,Measuring Public. Methodological and Analytical Approaches to Public Opinion Research,"Posavec, Vesna Lamza",2015,,ok,agente_busca_web,https://www.pilar.hr/wp-content/uploads/2023/01/Mjerenje_javnosti_full_final.pdf,,"Livro publicado pelo Institut društvenih znanosti Ivo Pilar (Zagreb, 2015), disponibilizado em acesso aberto no próprio site da editora/instituto. PDF baixado e conferido: título 'Mjerenje javnosti: Metodologijski i analitički pristupi istraživanju javnoga mnijenja' e autora Vesna Lamza Posavec batem exatamente.",03-textos/pdfs/Posavec2015a.pdf
Jerzak2020a,The impact of a transportation intervention on electoral politics: Evidence from E-ZPass,"Jerzak, Connor | Libgober, Brian",2020,10.1016/j.retrec.2019.100809,nao_encontrado,,,,sem versão de acesso aberto encontrada,
Walker2022,Effect of Ground and Raised Poles on Kinematics of the Walk,"Walker, Vicki A. | Tranquillle, Carolyne A. | MacKechnie‐Guire, Russell | Spear, J. | Newton, Richard | Murray, Rachel C.",2022,10.1016/j.jevs.2022.104005,nao_encontrado,,,,sem versão de acesso aberto encontrada,
Vallee2016,Sondage sur les sondages : us et coutumes des infirmiers en France,"Vallée, M. | Luyckx, F.",2016,10.1016/j.purol.2016.08.022,nao_encontrado,,,,sem versão de acesso aberto encontrada,
Sasa2017a,Mogućnost utjecaja predizbornih anketa na birače,"Saša, Tomislava",2017.0,,nao_encontrado,,,,sem DOI e sem versão OA encontrada por título,
Casey2024a,The Opinion-Agenda Linkage: How Letters From the Public to the Prime Minister Impact the Policy Agenda,"Casey, Daniel",2024,10.2139/ssrn.4957286,nao_encontrado,,,,sem versão de acesso aberto encontrada,
Miller2020,Replication data for: The causal eeffect of polls on turnout intention: A local randomization regression discontinuity approach,"Miller, Luis | Brugarolas, Pablo",2020,10.7910/dvn/lbewbr,nao_e_manuscrito,,,,"O DOI 10.7910/dvn/lbewbr aponta para uma entrada de dataset no Harvard Dataverse ('Replication data for: The causal effect of polls on turnout intention...'), confirmada via API do Dataverse (datasetType: dataset), não para o manuscrito completo.",
Sigstad2026a,Biased Electoral Polls,"Sigstad, Henrik",2026,10.2139/ssrn.7012258,nao_encontrado,,,,sem versão de acesso aberto encontrada,
Membery2021a,The making of Orpington,"Membery, York",2021,10.26481/dis.20210517ym,ok,unpaywall,https://cris.maastrichtuniversity.nl/ws/files/64319761/c7046.pdf,,,03-textos/pdfs/Membery2021a.pdf
Gadde2024a,Predicting US Elections: A Machine Learning Approach,"Gadde, Nishant | Kumar, Sanjit | Altaf, Rayaan | Bharath, Shreyas",2024,10.21203/rs.3.rs-5440358/v1,ok,landing_page,https://www.researchsquare.com/article/rs-5440358/latest.pdf,,,03-textos/pdfs/Gadde2024a.pdf
DeMora2021a,"Replication Data for: Ready for a Woman President? Polls, public comfort, and perceptions of electability in the 2020 Democratic nomination","DeMora, Stephanie L. | Lindke, Christian A. | Merolla, Jennifer L. | Stephenson, Laura B.",2021,10.7910/dvn/fqpykb,nao_e_manuscrito,,,,"O DOI 10.7910/dvn/fqpykb aponta para uma entrada de dataset no Harvard Dataverse ('Replication Data for: Ready for a Woman President?...'), confirmada via API do Dataverse (datasetType: dataset), não para o manuscrito completo.",
Jones2021a,Political Parties Over 25 Years,"Jones, Bernadine",2021.0,10.1007/978-3-030-71792-6_2,nao_encontrado,,,,sem versão de acesso aberto encontrada,
McDaniel2011b,"Urban Voters, Racial Attitudes, and Neighborhood Context: A Multilevel Analysis of the 2005 Los Angeles Mayoral Election","McDaniel, Jason A.",2011,10.2139/ssrn.1810466,nao_encontrado,,,,sem versão de acesso aberto encontrada,
Dong2020a,Strategic Polling Limits the External Validity of Early Election Polling,"Dong, Ling Liang | Rothschild, David",2020,10.2139/ssrn.3645233,nao_encontrado,,,,sem versão de acesso aberto encontrada,
Oncology2020,Ireland's general election: new goals for cancer care?,"Oncology, The Lancet",2020,10.1016/s1470-2045(20)30103-0,nao_encontrado,,,,sem versão de acesso aberto encontrada,
Alam2021a,Social Media and Elections: An Analysis of Recent Trends in India,"Alam, Hm Izhar",2021.0,10.20935/al4092,nao_encontrado,,,,sem versão de acesso aberto encontrada,
Tal2015a,A Study of Human Behavior in Online Voting,"Tal, Maor | Meir, Reshef | Gal, Ya'akov (Kobi)",2015,10.65109/dngc7810,ok,agente_busca_web,https://www.ifaamas.org/Proceedings/aamas2015/aamas/p665.pdf,,"Baixado dos anais oficiais e abertos da IFAAMAS (International Foundation for Autonomous Agents and Multiagent Systems), AAMAS 2015, p.665-673. PDF confere: título 'A Study of Human Behavior in Online Voting' e autores Maor Tal, Reshef Meir, Ya'akov (Kobi) Gal aparecem nas duas primeiras páginas.",03-textos/pdfs/Tal2015a.pdf
Rivadeneira2024a,Using Non-textual Content of Tweets in Sentiment Analysis: A Data Pre-processing Approach,"Rivadeneira, Lucía",2024.0,10.1007/978-3-031-70760-5_6,nao_encontrado,,,,sem versão de acesso aberto encontrada,
Zhang2016c,New Findings on Key Factors Influencing the UK's Referendum on Leaving the EU,"Zhang, Aihua",2016,10.2139/ssrn.2879390,nao_encontrado,,,,sem versão de acesso aberto encontrada,
Kuntzler2015a,Using Bayesian Data Combination of Fundamental Variable-Based Forecasts and Poll-Based Forecasts to Predict the 2013 German Election,"Küntzler, Theresa",2015,10.2139/ssrn.2602955,nao_encontrado,,,,sem versão de acesso aberto encontrada,
Mavridis2016a,Essays in political economy,"Mavridis, Christos",2016,10.2870/76979,ok,landing_page,https://cadmus.eui.eu/bitstreams/f662693b-4177-59b8-a6dc-bc2f48b8d0b4/download,,,03-textos/pdfs/Mavridis2016a.pdf
Kim2018b,The Impacts of Perceived Effects of Polling News,"Kim, Hyeon Jeong",2018,10.22174/jcr.2018.55.4.216,ok,agente_busca_web,https://s-space.snu.ac.kr/bitstream/10371/214434/1/06%20%EA%B9%80%ED%98%84%EC%A0%95.pdf,,"Baixado do repositório institucional S-Space da Seoul National University, cópia da versão publicada no Journal of Communication Research (언론정보연구) v.55 n.4, 2018, p.216-251. Conteúdo confere: mesmo periódico, volume, páginas e autora (김현정 / Kim Hyeon-jeong) do registro.",03-textos/pdfs/Kim2018b.pdf
Prentice2023a,2022 Showed Us that the Brexit Divide of the 2010S Has Limitations,"Prentice, James",2023.0,10.2139/ssrn.4491255,nao_encontrado,,,,sem versão de acesso aberto encontrada,
Bergen2011,Taktikröstning i svenska val : - existerar det och påverkades det svenska valet 2010 av det?,"Bergen, Michael Nordqvist",2011.0,,nao_encontrado,,,,sem DOI e sem versão OA encontrada por título,
Durand2023a,Analyzing the polls of the US 2020 Presidential Election Campaign: A New Perspective,"Durand, Claire",2023,10.2139/ssrn.4550801,nao_encontrado,,,,sem versão de acesso aberto encontrada,
Mastellar2015,176 Use of protracted “think-pair-share” activity on American Horse Council Welfare Code of Practice,"Mastellar, S.L. | Carroll, Heidi | Bott, Rebecca C.",2015,10.1016/j.jevs.2015.03.189,nao_encontrado,,,,sem versão de acesso aberto encontrada,
Kim2025a,An experimental study of prisoners' dilemma and stag hunt games played by teams of players,"Kim, Jeongbin | Palfrey, Thomas R.",2025,10.1016/j.geb.2025.02.009,ok,agente_busca_web,https://www.its.caltech.edu/~trp/team_games_experiment_Dec06_2023.pdf,preprint,"Baixado da página pessoal do coautor Thomas R. Palfrey (Caltech). Título e autores (Jeongbin Kim, Thomas R. Palfrey) conferem exatamente com o pdftotext. Versão de working paper datada de 7 dez. 2023, anterior à publicação em Games and Economic Behavior.",03-textos/pdfs/Kim2025a.pdf
Wahlen2026a,"German Election Panel Study, 1990","Wahlen, Forschungsgruppe | Kaase, M. | Klingermann, H.-D. | Kuechler, M. | Pappi, F.U. | Semetko, H.A.",2026,10.3886/icpsr34776,nao_e_manuscrito,,,,"Registro é um dataset do ICPSR ('German Election Panel Study, 1990', ICPSR Data Holdings), não um manuscrito. Conforme instrução, dataset é nao_e_manuscrito mesmo que exista artigo do mesmo estudo; não se buscou artigo para esta chave.",
Signore2025a,"Coalition dynamics, voting strategies, and redistributive policies: theoretical and experimental perspectives","SIGNORE, MARIA LUIGIA",2025.0,,nao_encontrado,,,,sem DOI e sem versão OA encontrada por título,
Elsayyad2013a,Voting Islamist or Voting Secular? An Empirical Analysis of Voting Outcomes in 'Arab Spring' Egypt,"Elsayyad, May | Hanafy, Shimaa",2013,10.2139/ssrn.2222629,nao_encontrado,,,,sem versão de acesso aberto encontrada,
Dopp2012a,"A Flexible, Unified, Normalized Euclidean (FUN) Voter Utility Function","Dopp, Kathy Anne | Trautman, Linda M.",2012,10.2139/ssrn.2193399,nao_encontrado,,,,sem versão de acesso aberto encontrada,
JimenezGuerrero2026a,Towards an Agent-Based Model of Opinion Dynamics for Political Elections,"Jiménez-Guerrero, Ulises | Guerra‐Hernández, Alejandro | Cruz-Ramírez, Nicandro | Luna-Ramírez, Wulfrano Arturo",2026,10.1007/978-3-032-37438-7_31,nao_encontrado,,,,sem versão de acesso aberto encontrada,
Pirvulescu2026a,O construcție alternativă: Alianța Dreptate și Adevăr An Alternative Construction: The Justice and Truth Alliance,"Pîrvulescu, Cristian",2026,10.2139/ssrn.6630578,nao_encontrado,,,,sem versão de acesso aberto encontrada,
Russo2018a,Bayesian inference on group differences in multivariate categorical data,"Russo, Massimiliano | Durante, Daniele | Scarpa, Bruno",2018,10.1016/j.csda.2018.04.010,ok,unpaywall,https://arxiv.org/pdf/1606.09415,,,03-textos/pdfs/Russo2018a.pdf
Klamler2023a,Proximity-Based Preferences and Their Implications Based on Data from the Styrian Parliamentary Elections in 2019,"Klamler, Christian",2023.0,10.1007/978-3-031-21696-1_20,nao_encontrado,,,,sem versão de acesso aberto encontrada,
Koliastasis2024c,Selection Criteria in the Party Leadership Elections of ND (2009–2016),"Koliastasis, Panos A.",2024.0,10.1007/978-3-031-74860-8_3,nao_encontrado,,,,sem versão de acesso aberto encontrada,
Koliastasis2024d,Selection Criteria in Leadership Elections of PASOK (2007–2021),"Koliastasis, Panos A.",2024.0,10.1007/978-3-031-74860-8_2,nao_encontrado,,,,sem versão de acesso aberto encontrada,
Koliastasis2024e,Selection Criteria in Party Leadership Elections of SYRIZA (2023),"Koliastasis, Panos A.",2024.0,10.1007/978-3-031-74860-8_4,nao_encontrado,,,,sem versão de acesso aberto encontrada,
Gherghina2013a,"Election Briefing No 52: Europe and the Presidential Election in Romania, November 22-December 6 2009","Gherghina, Sergiu",2013,10.2139/ssrn.2283793,nao_encontrado,,,,sem versão de acesso aberto encontrada,
Eyebe2025,Risk factors for colonization and infection by multi drug resistant Pseudomonas aeruginosa in Intensive Care Unit: a Systematic Review and Meta-analysis,"Eyébé, Serge | Wafeu, Guy Sadeu | Lyonga, Emilia | Evina, Chritine Danielle | Ongolo‐Zogo, Pierre | Dongmo, Alain Bertrand | Mbida, Arthur Mbida",2025,10.21203/rs.3.rs-5478983/v1,ok,landing_page,https://www.researchsquare.com/article/rs-5478983/latest.pdf,,,03-textos/pdfs/Eyebe2025.pdf
Klugman2020a,The 2020 US election is a crucial opportunity to advance women's reproductive rights,"Klugman, Jeni",2020,10.1016/s0140-6736(20)32139-5,nao_encontrado,,,,sem versão de acesso aberto encontrada,
Reuse2026a,Finding your perfect match nearby. A test of proximity and issue salience voting in local elections,"Reuse, Raf | Stiers, Dieter",2026,10.1016/j.electstud.2026.103044,nao_encontrado,,,,sem versão de acesso aberto encontrada,
Ferree2020a,"Mixed Records, Cognitive Complexity, and Ethnic Voting in African Elections","Ferree, Karen E. | Gibson, Clark C. | Long, James E.",2020,10.2139/ssrn.4082838,nao_encontrado,,,,sem versão de acesso aberto encontrada,
Arian2026a,"Israeli Election Study, 2001","Arian, Asher | Shamir, Michael",2026,10.3886/icpsr3514,nao_e_manuscrito,,,,"Registro é um dataset do ICPSR ('Israeli Election Study, 2001', ICPSR Data Holdings), não um manuscrito. Conforme instrução, dataset é nao_e_manuscrito mesmo que exista artigo do mesmo estudo; não se buscou artigo para esta chave.",
Eijk2026a,"Dutch Parliamentary Election Study, 1986","van der Eijk, C. | Irwin, G.A. | Niemoeller, B.",2026,10.3886/icpsr8876,nao_e_manuscrito,,,,"url_registro é uma entrada de acervo de dados do ICPSR (""Dutch Parliamentary Election Study, 1986"", ICPSR 8876): é um dataset/codebook de survey, não um manuscrito acadêmico para baixar em PDF.",
HashemPesaran2024a,Forecasting 2024 US Presidential Election by States Using County Level Data: Too Close to Call,"Hashem Pesaran, M. | Song, Hayun",2024,10.2139/ssrn.5041387,ok,openalex,https://www.econ.cam.ac.uk/sites/default/files/publication-cwpe-pdfs/cwpe2464.pdf,,,03-textos/pdfs/HashemPesaran2024a.pdf
Verdun2025a,The Netherlands,"Verdun, Amy | Holsteyn, Joop van",2025,10.1007/978-3-031-87397-3_26,ok,agente_busca_web,https://scholarlypublications.universiteitleiden.nl/access/item%3A4256737/download,,"Capítulo 'The Netherlands' (Verdun & van Holsteyn) no Palgrave Handbook on the 2024 European Parliament Elections. Encontrado no repositório institucional da Universidade de Leiden (Leiden Scholarly Publications, handle 1887/4256736), depositado como versão da editora sob a Article 25fa Copyright Act/Law (Amendment Taverne). PDF baixado e conferido: título 'The Netherlands' e autores Amy Verdun e Joop van Holsteyn confirmados nas duas primeiras páginas.",03-textos/pdfs/Verdun2025a.pdf
Merkle2019,Campaign Polls and America's Sense of Democratic Consensus,"Merkle, Daniel | Miller, Peter V.",2019.0,10.4324/9780429302947-12,nao_encontrado,,,,sem versão de acesso aberto encontrada,
Kraus2025a,The 2024 Battle for the Hudson Valley,"Kraus, Jeffrey",2025.0,10.1007/978-3-032-07120-0_9,nao_encontrado,,,,sem versão de acesso aberto encontrada,
Cutts2023,List of tables,"Cutts, David | Russell, Andrew | Townsley, Joshua",2023,10.7765/9781526127822.00005,nao_e_manuscrito,,,,"Título do registro é ""List of tables"" (DOI 10.7765/9781526127822.00005, Manchester University Press eBooks): é a lista de tabelas (paratexto/sumário) de um livro, não um capítulo com conteúdo próprio; não há manuscrito para baixar.",
Collingridge2020,The Lancet Oncology at 20—two decades of influencing the oncology landscape,"Collingridge, David",2020,10.1016/s1470-2045(20)30477-0,nao_encontrado,,,,sem versão de acesso aberto encontrada,
Magalhaes2011a,Forecasting Spanish Elections,"Magalhães, Pedro C. | Aguiar, Luís Francisco | Lewis‐Beck, Michael S.",2011,,nao_encontrado,,,,sem DOI e sem versão OA encontrada por título,
Zhang2025a,Donald Trumps in the Virtual Polls: Simulating and Predicting Public Opinions in Surveys Using Large Language Models,"Zhang, Chen | Wei, Lijia | Jiang, Song",2025,10.2139/ssrn.5008330,nao_encontrado,,,,sem versão de acesso aberto encontrada,
Reveco2026,Voting When You Already Know the Results: Electoral Information and Strategic Coordination in Peru’s 2026 Presidential Election,"Reveco, Alejandro Plaza",2026,10.31235/osf.io/dzntx_v1,ok,agente_busca_web,https://osf.io/download/6a484150a86e272291daa181/,preprint,"Preprint no OSF/SocArXiv (osf.io/dzntx_v1), mesmo DOI do registro (10.31235/osf.io/dzntx_v1). PDF baixado e conferido: título ""Voting When You Already Know the Results: Electoral Information and Strategic Coordination in Peru's 2026 Presidential Election"" e autor Alejandro Plaza (Humboldt-Universität zu Berlin; e-mail [e-mail removido], condizente com o sobrenome 'Reveco' da chave) batem com o registro.",03-textos/pdfs/Reveco2026.pdf
Brisbane2020,"The Fordham Poll - The Coronavirus, the Election, and Daily Life","Brisbane, Sheila",2020,,nao_e_manuscrito,,,,"url_registro é a página HTML de um press release da Fordham University (""The Fordham Poll - The Coronavirus, the Election, and Daily Life"", contato Prof. Monika McDermott), resumindo resultados de uma sondagem da NORC/Univ. Chicago; não existe PDF de relatório completo por trás do link (confirmado no HTML original e no snapshot do Wayback Machine de 2021) — é nota de imprensa/sumário, não manuscrito.",
Meireles2024a,Limited Returns: Credit Attribution and the Co-optation of Conditional Cash Transfers,"Meireles, Fernando | Schaefer, Bruno Marques | Simoni, Sérgio",2024,10.2139/ssrn.4913589,nao_encontrado,,,,sem versão de acesso aberto encontrada,
Hansen2012a,Late Deciders: Changing Patterns in Which Voters Make Up Their Mind during Campaigns?,"Hansen, Kasper Møller | Slothuus, Rune | Stubager, Rune",2012,,ok,agente_busca_web,http://www.kaspermhansen.eu/Work/late_deciders.pdf,,"PDF na página pessoal do autor Kasper M. Hansen (kaspermhansen.eu). Baixado e conferido: título ""Late Deciders: Changing Patterns in Which Voters Make Up Their Mind during Campaigns?"" e autores Kasper M. Hansen, Rune Slothuus e Rune Stubager batem com o registro (capítulo publicado no livro 'Democracy, Elections and Political Parties', Politica, Aarhus).",03-textos/pdfs/Hansen2012a.pdf
Mazur2022a,Editor’s Note 20(3),"Mazur, Amy G.",2022,10.1057/s41253-022-00183-z,nao_encontrado,,,,sem versão de acesso aberto encontrada,
Yang2023a,The Differential Impact of the Hong Kong National Security Law on Political Sensitivity Bias in Local Opinion Polls,"Yang, Dianyi | Huang, Jackson",2023,10.2139/ssrn.4499460,nao_encontrado,,,,sem versão de acesso aberto encontrada,
Walker2022a,Effect of Ground and Raised Poles on Kinematics of the Walk,"Walker, Vicki | Tranquille, C | MacKechnie‐Guire, Russell | Spear, J. | Newton, Richard | Murray, Rachel C.",2022,10.2139/ssrn.4011881,nao_encontrado,,,,sem versão de acesso aberto encontrada,
Dean2016,The Psychotic Discourse of 9/11 Truth,"Dean, Jodi",2016,10.1007/978-3-319-39850-1_8,nao_encontrado,,,,sem versão de acesso aberto encontrada,
Hager2017,Strategy for Democracy: Why and How to Get Money Out of Politics,"Hager, Rob",2017,10.2139/ssrn.2904722,nao_encontrado,,,,sem versão de acesso aberto encontrada,
Solyom2020,Raport privind nivelul de cunoaștere a siturilor și a problematicii protecției naturii în rândul persoanelor prezente la evenimentele de informare. Analiză comparativă despre sondajul ex ante și ex post (Report on the Level of Knowledge of the Participants Regarding the Information Campaign About Natura 2000 Sites and Nature Protection Issues: Comparative Analysis of the Ex Ante and Ex Post Studies),"Sólyom, Andrea | Telegdy, Balázs",2020,10.2139/ssrn.3738748,nao_encontrado,,,,sem versão de acesso aberto encontrada,
Jaffe2015a,US Supreme Court upholds ACA subsidies,"Jaffe, Susan",2015,10.1016/s0140-6736(15)61187-4,nao_encontrado,,,,sem versão de acesso aberto encontrada,
Siva2010a,UK election: the main parties' health policies,"Siva, Nayanah",2010,10.1016/s0140-6736(10)60642-3,nao_encontrado,,,,sem versão de acesso aberto encontrada,
Hoffmann2013,"Wirkungen von veröffentlichten Wahlumfragen auf die Koalitionserwartung, die Wahlbeteiligung und die Wahlentscheidung bei der Bundestagswahl 2009: Eine Mehrebenenanalyse auf der Grundlage der Rolling Cross-Section-Befragung der German Longitudinal Election Study (GLES)","Hoffmann, Hanna | Klein, Markus",2013.0,10.1007/978-3-531-94010-6_11,nao_encontrado,,,,sem versão de acesso aberto encontrada,
HoltzBacha2012,Opinion Polls and the Media,"Holtz‐Bacha, Christina | Strömbäck, Jesper",2012.0,10.1057/9780230374959,nao_encontrado,,,,sem versão de acesso aberto encontrada,
Strijbis2015,Haben die Umfragen das Wahlergebnis beeinflusst? Strategisches Wählen und Mitläufereffekte bei der Bundestagswahl 2013,"Strijbis, Oliver | Paltins, Tom | Bouare, Aguibou",2015.0,10.1007/978-3-658-05050-4_10,nao_encontrado,,,,sem versão de acesso aberto encontrada,
Kiss2015,Identifying strategic voting in two-round elections,"Kiss, Áron",2015.0,10.1016/j.electstud.2015.08.002,nao_encontrado,,,,sem versão de acesso aberto encontrada,
Meffert2010,Coalition Signals as Cues for Party and Coalition Preferences,"Meffert, Michael F. | Gschwend, Thomas",2010.0,,ok,agente_busca_web,https://d-nb.info/1192180496/34,,"Cópia hospedada no SSOAR (Social Science Open Access Repository), espelhada via Deutsche Nationalbibliothek (d-nb.info); o acesso direto ao SSOAR e ao MADOC (Universidade de Mannheim, URL de registro) retornou bloqueio automatizado (403/anti-bot), mas o mirror d-nb.info do mesmo depósito SSOAR baixou o PDF. Conteúdo conferido com pdftotext: título 'Coalition signals as cues for party and coalition preferences' e autores Meffert/Gschwend batem.",03-textos/pdfs/Meffert2010.pdf
Tyszler2015,Information and strategic voting,"Tyszler, Marcelo | Schram, Arthur",2015.0,10.1007/s10683-015-9443-2,ok,agente_busca_web,https://www1feb-uva.nl/creed/pdffiles/Information%20and%20Strategic%20Voting%20revised%20round%202.pdf,preprint,"Encontrado na página institucional do CREED (coautor Arthur Schram, University of Amsterdam), como manuscrito ('revised round 2') sem diagramação/paginação de periódico, distinto da versão publicada na Experimental Economics. Conteúdo conferido com pdftotext: título e autores (Tyszler e Schram) batem com o registro.",03-textos/pdfs/Tyszler2015.pdf
Leon2017,"Turnout, political preferences and information: Experimental evidence from Peru","León, Gianmarco",2017.0,10.1016/j.jdeveco.2017.02.005,ok,agente_busca_web,https://bw.bse.eu/wp-content/uploads/2015/09/691-file.pdf,preprint,"Encontrado no repositório de working papers da Barcelona School of Economics (Barcelona GSE Working Paper nº 691), explicitamente rotulado como working paper na capa do documento. Conteúdo conferido com pdftotext: título 'Turnout, Political Preferences and Information: Experimental Evidence from Peru' e autor Gianmarco León batem.",03-textos/pdfs/Leon2017.pdf
Morton2011,Electoral Systems and Strategic Voting (Laboratory Election Experiments),"Morton, Rebecca B. | Williams, Kenneth C.",2011.0,10.1017/cbo9780511921452.026,nao_encontrado,,,,sem versão de acesso aberto encontrada,
Bytzek2011,Koalitionssignale und ihre Wirkungen auf Wahlentscheidungen,"Bytzek, Evelyn | Gschwend, Thomas | Huber, Sascha | Linhart, Eric | Meffert, Michael F.",2011.0,10.5771/9783845262178_400,nao_encontrado,,,,sem versão de acesso aberto encontrada,
Houser2011,"Turned on or turned out? Campaign advertising, information and voting","Houser, Daniel | Morton, Rebecca B. | Stratmann, Thomas",2011.0,10.1016/j.ejpoleco.2011.05.003,ok,agente_busca_web,http://www.gmu.edu/schools/chss/economics/icesworkingpapers.gmu.edu/pdf/1005.pdf,preprint,"Encontrado no repositório de working papers do ICES (Interdisciplinary Center for Economic Science), George Mason University, explicitamente rotulado 'Discussion Paper' (título ligeiramente diferente da versão publicada: 'Turned Off' no working paper vs. 'Turned on' no título publicado, mesmos autores e mesmo estudo). Conteúdo conferido com pdftotext: título e os três autores (Houser, Morton, Stratmann) batem.",03-textos/pdfs/Houser2011.pdf
Soderlund2011,The impact of motivational and contextual factors on turnout in first- and second-order elections,"Söderlund, Peter | Wass, Hanna | Blais, André",2011.0,10.1016/j.electstud.2011.06.013,nao_encontrado,,,,sem versão de acesso aberto encontrada,
Freden2014,Threshold Insurance Voting in PR Systems: A Study of Voters’ Strategic Behavior in the 2010 Swedish General Election,"Fredén, Annika",2014.0,10.1080/17457289.2013.872118,nao_encontrado,,,,"Não encontrado em nenhuma fonte permitida. Lund University Publications/Pure só tem metadados e o DOI, sem arquivo local. Karlstad DiVA (kau.diva-portal.org, registro diva2:1263481, urn:nbn:se:kau:diva-70119) diz explicitamente 'Open Access in DiVA: No full text in DiVA' (checado via Wayback Machine, pois o host kau.diva-portal.org está inacessível pela rede deste agente). GUPEA, blog pessoal e Google Scholar da autora não trazem PDF. Unpaywall confirma is_oa=false, oa_locations=[] para o DOI 10.1080/17457289.2013.872118. A versão publicada é paywalled na Taylor & Francis (tandfonline.com); tanto o link direto de PDF quanto a página 'full' devolveram bloqueio anti-bot Cloudflare (403 / cf-mitigated: challenge), não contornado.",
Morton2015b,What motivates bandwagon voting behavior: Altruism or a desire to win?,"Morton, Rebecca B. | Ou, Kai",2015.0,10.1016/j.ejpoleco.2015.04.009,ok,agente_busca_web,https://nyuad.nyu.edu/content/dam/nyuad/faculty/social-science/rebecca-morton/publications/Bandwagon_09April2015.pdf,preprint,"Cópia hospedada na página institucional da própria autora (Rebecca B. Morton, NYU/NYU Abu Dhabi). PDF conferido: título 'What motivates bandwagon voting behavior: Altruism or a desire to win?' e autores Rebecca B. Morton e Kai Ou batem exatamente. Documento datado de '9 April 2015' (working paper), sem cabeçalho de editora/DOI, publicado depois em European Journal of Political Economy 2015.",03-textos/pdfs/Morton2015b.pdf
Shayo2011,Non-consequentialist voting,"Shayo, Moses | Harel, Alon",2011.0,10.1016/j.jebo.2011.10.021,nao_encontrado,,,,sem versão de acesso aberto encontrada,
Sinclair2011,"From uninformed to informed choices: Voters, pre-election polls and updating","Sinclair, Betsy | Plott, Charles R.",2011.0,10.1016/j.electstud.2011.03.002,nao_encontrado,,,,sem versão de acesso aberto encontrada,
Paola2013,The impact of closeness on electoral participation exploiting the Italian double ballot system,"Paola, Maria De | Scoppa, Vincenzo",2013.0,10.1007/s11127-013-0105-7,ok,agente_busca_web,http://www.ecostat.unical.it/RePEc/WorkingPapers/WP03_2012.pdf,preprint,"Working paper da série institucional da Università della Calabria (Dipartimento di Economia e Statistica), rotulado explicitamente 'Working Paper n. 03-2012'. PDF conferido: autores Maria De Paola e Vincenzo Scoppa batem; título 'The Causal Impact of Closeness on Electoral Participation Exploiting the Italian Dual Ballot System' é a versão pré-publicação do artigo 'The impact of closeness on electoral participation exploiting the Italian double ballot system' (Public Choice, 2014), mesmo estudo e mesmos dados (eleições municipais italianas 1993-2011).",03-textos/pdfs/Paola2013.pdf
Irwin2011,Strategic electoral considerations under proportional representation,"Irwin, Galen A. | van Holsteyn, J.J.M.",2011.0,10.1016/j.electstud.2011.10.007,nao_encontrado,,,,sem versão de acesso aberto encontrada,
Debus2013a,Expected utility or learned familiarity? The formation of voters' coalition preferences,"Debus, Marc | Müller, Jochen",2013.0,10.1016/j.electstud.2013.09.007,nao_encontrado,,,,sem versão de acesso aberto encontrada,
Straeten2010,"Strategic, sincere, and heuristic voting under four election rules: an experimental study","Straeten, Karine Van der | Laslier, Jean‐François | Sauger, Nicolas | Blais, André",2010.0,10.1007/s00355-010-0448-7,ok,semantic_scholar,http://idei.fr/sites/default/files/medias/doc/wp/2009/election_rules.pdf,,,03-textos/pdfs/Straeten2010.pdf
Raymond2014,What’s information got to do with it? Third-party voting in plurality systems,"Raymond, Christopher | Tromborg, Mathias Wessel",2014.0,10.1177/1354068814551295,nao_encontrado,,,,sem versão de acesso aberto encontrada,
McCuen2010,Tactical coalition voting and information in the laboratory,"McCuen, Brian | Morton, Rebecca B.",2010.0,10.1016/j.electstud.2010.03.009,nao_encontrado,,,,sem versão de acesso aberto encontrada,
Kiss2013,Identifying the bandwagon effect in two-round elections,"Kiss, Áron | Simonovits, Gábor",2013.0,10.1007/s11127-013-0146-y,nao_encontrado,,,,sem versão de acesso aberto encontrada,
Takens2013,Media Logic and Electoral Democracy,"Takens, Janet",2013.0,,nao_encontrado,,,,sem DOI e sem versão OA encontrada por título,
Meer2012,Bounded volatility in the Dutch electoral battlefield: A panel study on the structure of changing vote intentions in the Netherlands during 2006–2010,"Meer, Tom van der | Lubbe, Rozemarijn | Elsas, Erika van | Elff, Martin | Brug, Wouter van der",2012.0,10.1057/ap.2012.5,ok,agente_busca_web,https://www.tomvandermeer.nl/wp-content/uploads/2021/04/29-Bounded-volatility-in-the-Dutch-electoral-battlefield-Final-manuscript.pdf,preprint,"Encontrado na página pessoal do autor Tom van der Meer (tomvandermeer.nl), arquivo nomeado 'Final manuscript' (versão do autor, sem a formatação/paginação da Acta Politica, hospedada fora do domínio da editora). Conteúdo conferido com pdftotext: título, autores (Meer, Lubbe, Elsas, Elff, Brug) e citação completa ao artigo batem com o registro.",03-textos/pdfs/Meer2012.pdf
Meffert2011a,More than wishful thinking: Causes and consequences of voters’ electoral expectations about parties and coalitions,"Meffert, Michael F. | Huber, Sascha | Gschwend, Thomas | Pappi, Franz Urban",2011.0,10.1016/j.electstud.2011.08.001,ok,agente_busca_web,https://www.sowi.uni-mannheim.de/media/Lehrstuehle/sowi/Gschwend/Article/Meffert_et_al2011_More_than_wishful_thinking__1_.pdf,,"Encontrado na página institucional do coautor Thomas Gschwend (Universidade de Mannheim). Conteúdo conferido com pdftotext: cabeçalho da Electoral Studies 30 (2011) 804-815, título e todos os quatro autores (Meffert, Huber, Gschwend, Pappi) batem com o registro. É a versão com a formatação do periódico (Elsevier/ScienceDirect), por isso não foi marcada como preprint.",03-textos/pdfs/Meffert2011a.pdf
Meffert2010a,Strategic coalition voting: Evidence from Austria,"Meffert, Michael F. | Gschwend, Thomas",2010.0,10.1016/j.electstud.2010.03.005,nao_encontrado,,,,sem versão de acesso aberto encontrada,
Hillman2010,Expressive behavior in economics and politics,"Hillman, Arye L.",2010.0,10.1016/j.ejpoleco.2010.06.004,ok,agente_busca_web,https://sorbonne.pierrekopp.com/downloads/2010%20Hillman%20expressive%20behavior%2021%20January%202010.pdf,preprint,"Cópia de working paper (rascunho datado de 21/01/2010, com nota 'Comments welcome', hospedado em espelho acadêmico fora do domínio da editora/Elsevier) do artigo de Arye L. Hillman. Conteúdo conferido com pdftotext: título 'Expressive behavior in economics and politics', autor (Hillman, Bar-Ilan University) e afiliação batem com o registro.",03-textos/pdfs/Hillman2010.pdf
Adriaansen2012,A mixed report: The effects of strategic and substantive news content on political cynicism and voting,"Adriaansen, M.L. | Praag, Philip van | Vreese, Claes H. de",2012.0,10.1515/commun-2012-0008,nao_encontrado,,,,sem versão de acesso aberto encontrada,
Meffert2010b,Coalition Signals as Voter Cues,"Meffert, Michael F. | Gschwend, Thomas",2010.0,,nao_encontrado,,,,sem DOI e sem versão OA encontrada por título,
Moreno2016,"Conformity, Information and Truthful Voting","Moreno, Bernardo | Ramos-Sosa, María del Pino | Rodríguez-Lara, Ismael",2016.0,10.2139/ssrn.2740364,ok,agente_busca_web,https://theeconomics.uma.es/malagawpseries/Papers/METCwp2016-1.pdf,preprint,"Localizado na série 'Málaga Economic Theory Research Center Working Papers' (WP 2016-1), indexado no IDEAS/RePEc (https://ideas.repec.org/p/mal/wpaper/2016-1.html). Conteúdo conferido com pdftotext: título e autores (Moreno, Ramos-Sosa, Rodríguez-Lara) batem.",03-textos/pdfs/Moreno2016.pdf
Meffert2012a,"Experimental Triangulation of Coalition Signals: Varying Designs, Converging Results","Meffert, Michael F. | Gschwend, Thomas",2012.0,10.1057/9781137016645_7,ok,core,https://core.ac.uk/download/42082403.pdf,,,03-textos/pdfs/Meffert2012a.pdf
Moy2012,Attitudinal and Behavioral Consequences of Published Opinion Polls,"Moy, Patricia | Rinke, Eike Mark",2012.0,10.1057/9780230374959_11,ok,semantic_scholar,https://osf.io/32z5j/download,,,03-textos/pdfs/Moy2012.pdf
Hoffmann2016,Beeinflussen veröffentlichte Umfrageergebnisse die Wählerschaft?,"Hoffmann, Hanna",2016.0,10.1007/978-3-658-13677-2_8,nao_encontrado,,,,sem versão de acesso aberto encontrada,
Gschwend2016,What drives rental votes? How coalitions signals facilitate strategic coalition voting,"Gschwend, Thomas | Stoetzer, Lukas F. | Zittlau, Steffen",2016.0,10.1016/j.electstud.2016.06.011,ok,agente_busca_web,https://www.sowi.uni-mannheim.de/media/Lehrstuehle/sowi/Gschwend/Article/Gschwend_et_al._2016_-_What_drives_rental_votes.pdf,,"PDF hospedado na página institucional de Thomas Gschwend (Universidade de Mannheim). Conteúdo conferido com pdftotext: título, autores (Gschwend, Stoetzer, Zittlau), periódico e datas de submissão batem com Electoral Studies 44 (2016).",03-textos/pdfs/Gschwend2016.pdf
Chytilek2016,Stopping the Evil or Settling for the Lesser Evil: An Experimental Study of Costly Voting with Negative Payoffs in a TRS Electoral System,"Chytílek, Roman | Tóth, Michal",2016.0,10.1007/978-3-319-40585-8_9,nao_encontrado,,,,sem versão de acesso aberto encontrada,
Dassonneville2017,Electoral volatility in Belgium (2009–2014). Is there a difference between stable and volatile voters?,"Dassonneville, Ruth | Stiers, Dieter",2017.0,10.1057/s41269-016-0038-5,ok,unpaywall,https://lirias.kuleuven.be/retrieve/d5ca6428-053c-4db6-91e9-f6bbd840fabf,,,03-textos/pdfs/Dassonneville2017.pdf
Dassonneville2014a,"How Partisanship is Strengthened in Election Times: A Longitudinal Analysis using the German Socio-Economic Panel, 1984-2012","Dassonneville, Ruth | Katherine Grieb, A.",2014.0,,ok,agente_busca_web,https://lirias.kuleuven.be/retrieve/4d06d38d-7c64-40af-aa2d-dac941265f43,preprint,"Localizado no repositório institucional Lirias (KU Leuven), a partir do handle indicado no registro. Conteúdo conferido com pdftotext: título e autores (Dassonneville, Grieb) batem; é o paper apresentado na 13th Belgian Dutch Political Science Conference (2014), sem DOI de periódico.",03-textos/pdfs/Dassonneville2014a.pdf
Riambau2016,"Do citizens vote for parties, policies or the expected winner in proportional representation systems? Evidence from four different countries using a multiple-type model","Riambau, Guillem",2016.0,10.1177/1354068816668669,nao_encontrado,,,,sem versão de acesso aberto encontrada,
Gschwend2017,Weighting Parties and Coalitions: How Coalition Signals Influence Voting Behavior,"Gschwend, Thomas | Meffert, Michael F. | Stoetzer, Lukas F.",2017.0,10.1086/688678,ok,agente_busca_web,https://lukasstoetzer.org/assets/pdf/Gschwend_et_al_2017_Weighting_Parties_and_Coalitions.pdf,,"PDF hospedado na página pessoal de Lukas F. Stoetzer (coautor). Conteúdo conferido com pdftotext: título e autores (Gschwend, Meffert, Stoetzer) batem com o registro.",03-textos/pdfs/Gschwend2017.pdf
Schliebs2017,Die Auswirkungen von Koalitionssignalen auf das Wahlverhalten. Experimentelle Befunde bezüglich der Landtagswahl in Baden-Württemberg von 2016,"Schliebs, Marcel | Fritz, Benedikt S. L. | Messerschmidt, Luca | Volkmann, Johannes | Behnke, Joachim",2017.0,10.1007/978-3-658-16714-1_3,nao_encontrado,,,,sem versão de acesso aberto encontrada,
Verthe2017,Making votes count in parliament or government?,"Verthé, Tom | Bol, Damien | Beyens, Stefanie | Blais, André",2017.0,10.1080/17457289.2017.1350861,ok,agente_busca_web,https://www.damienbol.eu/ewExternalFiles/jepop1.pdf,,"PDF hospedado na página pessoal de Damien Bol (coautor). Conteúdo conferido com pdftotext: título, veículo (Journal of Elections, Public Opinion and Parties, 2017) e todos os quatro autores batem com o registro.",03-textos/pdfs/Verthe2017.pdf
Rich2017,Staying sincere: an experimental analysis of non-strategic voting in South Korea,"Rich, Timothy S.",2017.0,10.1080/02185377.2017.1351381,nao_encontrado,,,,sem versão de acesso aberto encontrada,
Yosef2017,Haste makes waste,"Yosef, David Ben | Dery, Lihi | Obraztsova, Svetlana | Rabinovich, Zinovi | Bánnikova, Marina",2017.0,10.1145/3106426.3106532,ok,agente_busca_web,https://campuscore.ariel.ac.il/wp/lihi-dery/wp-content/uploads/sites/84/2020/03/Naamani-Dery_WI_2017.pdf,,"PDF hospedado na página institucional de Lihi Naamani-Dery (coautora) na Ariel University. Conteúdo conferido com pdftotext: título ""Haste Makes Waste: a Case to Favour Voting Bots"" e todos os autores batem com o registro (WI '17, DOI 10.1145/3106426.3106532).",03-textos/pdfs/Yosef2017.pdf
Faravelli2019,Costly voting: a large-scale real effort experiment,"Faravelli, Marco | Kalaycı, Kenan | Pimienta, Carlos",2019.0,10.1007/s10683-019-09620-3,ok,semantic_scholar,http://research.economics.unsw.edu.au/RePEc/papers/2017-16.pdf,,,03-textos/pdfs/Faravelli2019.pdf
Gersbach2017,Assessment Voting in Large Electorates,"Gersbach, Hans | Mamageishvili, Akaki | Tejada, Oriol",2017.0,10.2139/ssrn.3088530,ok,openalex,http://arxiv.org/pdf/1712.05470,,,03-textos/pdfs/Gersbach2017.pdf
Velden2017a,"Political ""Frenemies"". Party Strategies, Electoral Competition & Coalition Cooperation","Velden, Mariken Anna Catharina Geertruida van der",2017.0,,ok,agente_busca_web,https://research.vu.nl/ws/portalfiles/portal/42801793/complete%20dissertation.pdf,,"Tese de doutorado completa (Publisher's PDF / Version of record) no VU Research Portal, o repositório institucional da própria universidade onde foi defendida. Conteúdo conferido com pdftotext: título ""Political 'Frenemies': Party Strategies, Electoral Competition & Coalition Cooperation"" e autora batem com o registro.",03-textos/pdfs/Velden2017a.pdf
Blais2017,L’étude empirique du vote stratégique,"Blais, André | Degan, Arianna",2017.0,10.7202/1044715ar,nao_encontrado,,,,sem versão de acesso aberto encontrada,
Draca2018,How Polarized are Citizens? Measuring Ideology from the Ground-Up,"Draca, Mirko | Schwarz, Carlo",2018.0,10.2139/ssrn.3154431,ok,semantic_scholar,https://warwick.ac.uk/fac/soc/economics/research/centres/cage/manage/publications/432-2019_draca_schwarz.pdf,,,03-textos/pdfs/Draca2018.pdf
Spenkuch2018a,Expressive vs. strategic voters: An empirical assessment,"Spenkuch, Jörg L.",2018.0,10.1016/j.jpubeco.2018.06.008,nao_encontrado,,,,sem versão de acesso aberto encontrada,
Freden2018,Insurance strategic considerations in coalition-oriented systems: A consideration set model approach,"Fredén, Annika | Sohlberg, Jacob",2018.0,10.1016/j.electstud.2018.08.008,nao_encontrado,,,,sem versão de acesso aberto encontrada,
Frankovic2018,Tracking restrictions on the freedom to publish opinion polls,"Frankovic, Kathy",2018.0,10.1002/rwm3.20695,nao_encontrado,,,,sem versão de acesso aberto encontrada,
Lee2018a,The Impact of Gender and Nomination Paths on Strategic Voting: Experimental Evidence from South Korea,"Lee, Young-Im | Rich, Timothy S.",2018.0,10.1080/00344893.2018.1539027,nao_encontrado,,,,sem versão de acesso aberto encontrada,
Kuru2018,Communicating Public Opinion in Post-Fact Politics: Biased Processing of Public Opinion Reports and Potential Journalistic Correctives,"Kuru, Ozan",2018.0,,nao_encontrado,,,,sem DOI e sem versão OA encontrada por título,
Moreno2019,Conformity and truthful voting under different voting rules,"Moreno, Bernardo | Ramos-Sosa, María del Pino | Rodríguez-Lara, Ismael",2019.0,10.1007/s00355-019-01182-w,ok,unpaywall,http://www.ugr.es/~teoriahe/RePEc/gra/wpaper/thepapers19_04.pdf,,,03-textos/pdfs/Moreno2019.pdf
Scheuerman2019,Heuristics in Multi-Winner Approval Voting,"Scheuerman, Jaelle | Harman, Jason L. | Mattei, Nicholas | Venable, Kristen Brent",2019.0,10.48550/arxiv.1905.12104,ok,openalex,http://arxiv.org/pdf/1905.12104,,,03-textos/pdfs/Scheuerman2019.pdf
Gandhi2019,Committed or Conditional Democrats? Opposition Dynamics in Electoral Autocracies,"Gandhi, Jennifer | Ong, Elvin",2019.0,10.1111/ajps.12441,ok,agente_busca_web,https://www.jennifergandhi.com/s/Committed-or-Conditional-Democrats.pdf,,"Baixado da página pessoal da autora Jennifer Gandhi (jennifergandhi.com/publications). Conferido com `file` (PDF) e `pdftotext` (título, autores Gandhi/Ong e abstract batem exatamente).",03-textos/pdfs/Gandhi2019.pdf
Kim2013,Mediating Role of Third Person Effects by Biased Media Coverage of Election Opinion Polls on Their Behavioral Consequences,"Kim, Yong-Ho",2013.0,10.35731/kpca.2013..29.002,nao_encontrado,,,,sem versão de acesso aberto encontrada,
Halbach2019,Follow Me: The Impact of Opinion Majorities in Social Networks and the Role of Digital Maturity,"Halbach, Patrick | Burbach, Laura | Ziefle, Martina | Calero Valdez, André",2019.0,10.1007/978-3-030-22219-2_36,ok,agente_busca_web,https://calerovaldez.com/pdf/halbach2019follow.pdf,preprint,"Baixado da página pessoal do coautor André Calero Valdez (calerovaldez.com/publication/_final/2019/halbach2019follow/). O próprio PDF se identifica como preprint na primeira página ('This paper is a preprint. The final paper was published by Springer under https://link.springer.com/chapter/10.1007/978-3-030-22219-2_36'). Conferido com `file` (PDF) e `pdftotext` (título e autores Halbach, Burbach, Ziefle, Calero Valdez batem exatamente).",03-textos/pdfs/Halbach2019.pdf
Scheuerman2020,Heuristic Strategies in Uncertain Approval Voting Environments,"Scheuerman, Jaelle | Harman, Jason L. | Mattei, Nicholas | Venable, Kristen Brent",2020.0,10.65109/bwyg4163,ok,unpaywall,https://arxiv.org/pdf/1912.00011,,,03-textos/pdfs/Scheuerman2020.pdf
Kleinnijenhuis2019,The Combined Effects of Mass Media and Social Media on Political Perceptions and Preferences,"Kleinnijenhuis, Jan | van Hoof, A.M.J. | Atteveldt, Wouter van",2019.0,10.1093/joc/jqz038,nao_encontrado,,,,sem versão de acesso aberto encontrada,
Freden2020,Political Science: Moving from Numbers to Words in the Case of Brexit,"Fredén, Annika",2020.0,10.1007/978-3-030-37250-7_15,nao_encontrado,,,,sem versão de acesso aberto encontrada,
Bahnsen2020,How do coalition signals shape voting behavior? Revealing the mediating role of coalition expectations,"Bahnsen, Oke | Gschwend, Thomas | Stoetzer, Lukas F.",2020.0,10.1016/j.electstud.2020.102166,ok,agente_busca_web,https://obahnsen.com/uploads/ES2020_Article.pdf,preprint,"Baixado da página pessoal do autor (Dr. Oke Bahnsen, obahnsen.com). PDF confere: título, autores (Bahnsen, Gschwend, Stoetzer) e o rodapé traz o rótulo explícito 'Preprint submitted to Elsevier'.",03-textos/pdfs/Bahnsen2020.pdf
Granzier2019,Coordination and Bandwagon Effects: How Past Rankings Shape the Behavior of Voters and Candidates,"Granzier, Riako | Pons, Vincent | Tricaud, Clémence",2019.0,10.3386/w26599,ok,unpaywall,https://doi.org/10.3386/w26599,,,03-textos/pdfs/Granzier2019.pdf
Kselman2020,Measuring ‘closeness’ in 3-candidate elections: Methodology and an application to strategic voting,"Kselman, Daniel M. | Niou, Emerson M. S. | Wang, Austin Horng‐En",2020.0,10.1016/j.electstud.2020.102220,nao_encontrado,,,,sem versão de acesso aberto encontrada,
Scheuerman2021,Modeling Voters in Multi-Winner Approval Voting,"Scheuerman, Jaelle | Harman, Jason L. | Mattei, Nicholas | Venable, Kristen Brent",2021.0,10.1609/aaai.v35i6.16716,ok,openalex,https://arxiv.org/pdf/2012.02811,,,03-textos/pdfs/Scheuerman2021.pdf
Boudreau2010,The Blind Leading the Blind: Who Gets Polling Information and Does it Improve Decisions?,"Boudreau, Cheryl | McCubbins, Mathew D.",2010.0,10.1017/s0022381609990946,ok,agente_busca_web,https://cherylboudreau.weebly.com/uploads/9/2/1/3/92138496/boudreau_and_mccubbins_2010--jop.pdf,,"Baixado da página pessoal de publicações da autora (Cheryl Boudreau, UC Davis). PDF confere: título e autores (Boudreau e McCubbins) batem exatamente com o registro. Sem rótulo de preprint/working paper visível.",03-textos/pdfs/Boudreau2010.pdf
Freden2021,How Polling Trends Influence Compensational Coalition-Voting,"Fredén, Annika",2021.0,10.3389/fpos.2021.598771,ok,unpaywall,https://www.frontiersin.org/articles/10.3389/fpos.2021.598771/pdf,,,03-textos/pdfs/Freden2021.pdf
Filip2021,Eurosceptic Contagion and European Elections,"Filip, Alexandru",2021.0,10.1007/978-3-030-69036-6_7,nao_encontrado,,,,sem versão de acesso aberto encontrada,
Araujo2021,Casting ballots when knowing results,"Araujo, Víctor | Gatto, Malu A. C.",2021.0,10.33774/apsa-2021-5d090-v2,ok,unpaywall,https://preprints.apsanet.org/engage/api-gateway/apsa/assets/orp/resource/item/606c0f1a25de03434435c523/original/casting-ballots-when-knowing-results.pdf,,,03-textos/pdfs/Araujo2021.pdf
Urminsky2019,High Chances and Close Margins: How Equivalent Forecasts Yield Different Beliefs,"Urminsky, Oleg | Shen, Lucy",2019.0,10.2139/ssrn.3448172,ok,agente_busca_web,http://home.uchicago.edu/ourminsky/ChancesMargins_Urminsky_Shen.pdf,preprint,"Baixado da página pessoal do autor na University of Chicago (Oleg Urminsky). PDF confere: título e autores (Urminsky, Shen) batem. O documento traz 'First Draft: 2/8/2018' e 'Current Draft: 2/13/2020' e a nota 'Please contact authors for current version before citing', caracterizando explicitamente uma versão de working paper.",03-textos/pdfs/Urminsky2019.pdf
Anon2021,"УЯВНЕ, АРХЕТИПИ І СОЦІАЛЬНЕ ПРОГНОЗУВАННЯ: МОЖЛИВОСТІ ТА ОБМЕЖЕННЯ ЗАСТОСУВАННЯ","Суший, Олена",2021.0,10.32689/2617-2224-2021-1(26)-248-260,ok,unpaywall,http://journals.maup.com.ua/index.php/public-management/article/download/491/873,,,03-textos/pdfs/Anon2021.pdf
Larsen2021,"Alternatives to Opinion Polls: No Polls, Vox Pop, Poll Aggregators and Social Media","Larsen, Erik Gahner | Fazekas, Zoltán",2021.0,10.1007/978-3-030-75350-4_6,nao_encontrado,,,,sem versão de acesso aberto encontrada,
Larsen2021a,Reactions and Implications: How Do the Elite and the Public Respond to Polls?,"Larsen, Erik Gahner | Fazekas, Zoltán",2021.0,10.1007/978-3-030-75350-4_5,nao_encontrado,,,,sem versão de acesso aberto encontrada,
Larsen2021b,Bringing Public Opinion to the Public: From Polls to Media Coverage,"Larsen, Erik Gahner | Fazekas, Zoltán",2021.0,10.1007/978-3-030-75350-4_1,nao_encontrado,,,,sem versão de acesso aberto encontrada,
Granziersd,Coordination and Bandwagon Effects: How Past Rankings Shape the Behavior of Voters and Candidates,"Granzier, Riako | Pons, Vincent | Tricaud, Clémence",,,ok,busca_por_titulo,https://doi.org/10.3386/w26599,,,03-textos/pdfs/Granziersd.pdf
Araujo2021a,Casting Ballots When Knowing Results,"Araujo, Víctor | Gatto, Malu A. C.",2021.0,10.1017/s000712342100034x,ok,core,https://core.ac.uk/download/491338799.pdf,,,03-textos/pdfs/Araujo2021a.pdf
Torres2022,Reproduction of 'One in a Million: Field Experiments on Perceived Closeness of the Election and Voter Turnout',"Torres, Camilo",2022.0,10.48152/ssrp-ztqr-1663,nao_encontrado,,,,sem versão de acesso aberto encontrada,
Anon2022f,Reproduction of 'One in a Million: Field Experiments on Perceived Closeness of the Election and Voter Turnout',,2022.0,10.48152/ssrp-n3qm-kg83,nao_encontrado,,,,sem versão de acesso aberto encontrada,
Krupnikov2022g,Beyond Political Interest,"Krupnikov, Yanna | Ryan, John Barry",2022.0,10.1017/9781108923323.004,nao_encontrado,,,,sem versão de acesso aberto encontrada,
Krupnikov2022h,Middle Grove,"Krupnikov, Yanna | Ryan, John Barry",2022.0,10.1017/9781108923323.010,nao_encontrado,,,,sem versão de acesso aberto encontrada,
Krupnikov2022i,The Voice of Which People?,"Krupnikov, Yanna | Ryan, John Barry",2022.0,10.1017/9781108923323.009,nao_encontrado,,,,sem versão de acesso aberto encontrada,
Krupnikov2022k,Perceptions of the Most Sacred Duty,"Krupnikov, Yanna | Ryan, John Barry",2022.0,10.1017/9781108923323.007,nao_encontrado,,,,sem versão de acesso aberto encontrada,
Daido2022,Impact of Information Concerning the Popularity of Candidates on Loss-Averse Voters’ Abstention,"Daido, Kohei | Tajika, Tomoya",2022.0,10.1007/s40505-021-00214-y,nao_encontrado,,,,sem versão de acesso aberto encontrada,
Neyazi2022,Motivated Mobilization: The Role of Emotions in the Processing of Poll Messages,"Neyazi, Taberez Ahmed | Kuru, Ozan",2022.0,10.1177/19401612221086907,nao_encontrado,,,,sem versão de acesso aberto encontrada,
Welz2022,Koalitionen und ihre Auswirkungen auf das Wahlverhalten in Ost- und Westdeutschland,"Welz, Robert | Huber, Sascha",2022.0,10.1007/978-3-658-35171-7_8,nao_encontrado,,,,sem versão de acesso aberto encontrada,
Moy2014,Attitudinal and Behavioral Consequences of Published Opinion Polls,"Moy, Patricia | Rinke, Eike Mark",2014.0,10.1057/9780230374959.0018,nao_encontrado,,,,sem versão de acesso aberto encontrada,
Dahlgaard2015b,Hvordan påvirkes vælgerne af meningsmålinger? Effekten af meningsmålinger på danskernes stemmeadfærd og sympati for partierne,"Dahlgaard, Jens Olav | Hansen, Jonas Hedegaard | Hansen, Kasper Møller | Larsen, Martin Vinæs",2015.0,10.7146/politica.v47i1.131474,ok,unpaywall,https://tidsskrift.dk/politica/article/download/131474/176959,,,03-textos/pdfs/Dahlgaard2015b.pdf
Ou2018,"The Quality of Democratic Choice: An Experimental Study of Expertise, Political Engagement, and Social Knowledge","Ou, Kai | Tyson, Scott",2018.0,10.2139/ssrn.3336212,nao_encontrado,,,,sem versão de acesso aberto encontrada,
Halbach2019a,Follow Me:,"Halbach, Patrick | Burbach, Laura | Ziefle, Martina | Valdez, André Calero",2019.0,10.1007/978-3-030-22219-2_36,nao_encontrado,,,,sem versão de acesso aberto encontrada,
Moy2018,Attitudinal and Behavioral Consequences of Published Opinion Polls,"Moy, Patricia | Rinke, Eike Mark",2018.0,10.31235/osf.io/32z5j,nao_encontrado,,,,sem versão de acesso aberto encontrada,
Misko2022,Szeretlek és/vagy nem is! – A hazai taktikai szavazás formáinak hipotetikus modellalkotása és azok kutatására tett módszertani kísérlet a hagyományos fókuszcsoportok szemszögéből,"Miskó, Dávid",2022.0,10.55052/themis.2022.1.99.139,ok,unpaywall,https://doi.org/10.55052/themis.2022.1.99.139,,,03-textos/pdfs/Misko2022.pdf
TenenboimWeinblatt2022a,Persistent Optimism under Political Uncertainty,"Tenenboim‐Weinblatt, Keren | Baden, Christian | Aharoni, Tali | Overbeck, Maximilian",2022.0,10.4324/9781003267911-11,nao_encontrado,,,,sem versão de acesso aberto encontrada,
Guo2022,When is intergroup herding beneficial?,"Guo, Xiaoli | Ryvkin, Dmitry",2022.0,10.1016/j.mathsocsci.2022.09.003,nao_encontrado,,,,sem versão de acesso aberto encontrada,
Aldrich2018,The Many Faces of Strategic Voting,"Aldrich, John | Blais, André | Stephenson, Laura B.",2018.0,10.3998/mpub.9946117,nao_encontrado,,,,sem versão de acesso aberto encontrada,
Stoetzer2022,Learning from Polls During Electoral Campaigns,"Stoetzer, Lukas F. | Leemann, Lucas | Traunmueller, Richard",2022.0,10.1007/s11109-022-09837-8,ok,core,https://core.ac.uk/download/586579449.pdf,,,03-textos/pdfs/Stoetzer2022.pdf
Leontiou2023,Bandwagons in costly elections: The role of loss aversion,"Leontiou, Anastasia | Manalis, Georgios | Xefteris, Dimitrios",2023.0,10.1016/j.jebo.2023.03.011,ok,core,https://core.ac.uk/download/564186915.pdf,,,03-textos/pdfs/Leontiou2023.pdf
Yang2023d,"Swaying the Public? Impacts of Election Forecast Visualizations on Emotion, Trust, and Intention in the 2022 U.S. Midterms","Yang, Fumeng | Cai, Mandi | Mortenson, Chloe | Fakhari, Hoda | Lokmanoglu, Ayse D. | Hullman, Jessica | Franconeri, Steven | Diakopoulos, Nicholas | Nisbet, Erik C. | Kay, Matthew",2023.0,10.31219/osf.io/qpyna,ok,unpaywall,https://osf.io/qpyna/download,,,03-textos/pdfs/Yang2023d.pdf
Erlich2023,Measuring How Information Changes Electoral Uncertainty in a Developing Democracy: Experimental Evidence from the Country of Georgia,"Erlich, Aaron",2023.0,10.31219/osf.io/mwg7u,ok,unpaywall,https://osf.io/mwg7u/download,,,03-textos/pdfs/Erlich2023.pdf
Revelli2023,Ties,"Revelli, Federico | Tsai, Tsung‐Sheng | Wu, Cheng‐Tai",2023.0,10.1007/s00355-023-01476-0,ok,core,https://core.ac.uk/download/599316304.pdf,,,03-textos/pdfs/Revelli2023.pdf
Schlegel2023,When information is not enough for strategic voting,"Schlegel, Benjamin E. | Stoetzer, Lukas F. | Kraft, Patrick",2023.0,10.1016/j.electstud.2023.102692,ok,core,https://core.ac.uk/download/590329239.pdf,,,03-textos/pdfs/Schlegel2023.pdf
Yang2023e,"Swaying the Public? Impacts of Election Forecast Visualizations on Emotion, Trust, and Intention in the 2022 U.S. Midterms","Yang, Fumeng | Cai, Mandi | Mortenson, Chloe | Fakhari, Hoda | Lokmanoglu, Ayse D. | Hullman, Jessica | Franconeri, Steven | Diakopoulos, Nicholas | Nisbet, Erik C. | Kay, Matthew",2023.0,10.1109/tvcg.2023.3327356,ok,semantic_scholar,https://osf.io/qpyna/download,,,03-textos/pdfs/Yang2023e.pdf
Gee2024,Pivotal or popular: The effects of social information and feeling pivotal on civic actions,"Gee, Laura | Kiyawat, Anoushka | Meer, Jonathan | Schreck, Michael J.",2024.0,10.1016/j.jebo.2023.12.016,ok,agente_busca_web,https://www.nber.org/system/files/working_papers/w31042/w31042.pdf,preprint,"NBER Working Paper No. 31042 (março de 2023), com título 'Pivotal or Popular: The Effects of Social Information and Feeling Pivotal on Civic Actions' e os quatro autores (Gee, Kiyawat, Meer, Schreck) idênticos ao artigo publicado no Journal of Economic Behavior & Organization (2024). Conferido com file (PDF document) e pdftotext (título e autores batem na primeira página).",03-textos/pdfs/Gee2024.pdf
Overbeck2024,Divining Elections: Religious Citizens’ Political Projections and Electoral Turnout in Israel and France,"Overbeck, Maximilian | Aharoni, Tali | Baden, Christian | Freedman, Michael | Tenenboim‐Weinblatt, Keren",2024.0,10.1093/ijpor/edae015,nao_encontrado,,,,sem versão de acesso aberto encontrada,
Stoetzer2024,Voters’ Expectations in Constituency Elections without Local Polls,"Stoetzer, Lukas F. | Kayser, Mark Andreas Lindst Auml Dt | Leininger, Arndt | Murr, Andreas",2024.0,10.1093/poq/nfae015,ok,unpaywall,https://wrap.warwick.ac.uk/id/eprint/184945/1/WRAP-voters-expectations-constituency-elections-without-local-polls-Murr-2024.pdf,,,03-textos/pdfs/Stoetzer2024.pdf
Shaw2020,Notes,"Shaw, Daron R. | Petrocik, John R.",2020.0,10.1093/oso/9780190089450.002.0008,nao_e_manuscrito,,,,"O DOI 10.1093/oso/9780190089450.002.0008 corresponde ao capítulo 'Notes' (as notas de rodapé/referências) do livro 'The Turnout Myth: Voting Rates and Partisan Outcomes in American National Elections' de Daron R. Shaw e John R. Petrocik (Oxford Scholarship Online, 2020). Não é um manuscrito de pesquisa, é a seção de notas do livro.",
Shaw2020a,Dedication,"Shaw, Daron R. | Petrocik, John R.",2020.0,10.1093/oso/9780190089450.002.0004,nao_e_manuscrito,,,,"É a seção ""Dedication"" (dedicatória) do livro The Turnout Myth: Voting Rates and Partisan Outcomes in American National Elections, de Shaw & Petrocik (Oxford, 2020; DOI do livro 10.1093/oso/9780190089450.001.0001). Não é um manuscrito, é matéria pré-textual do livro.",
Shaw2020c,Appendices,"Shaw, Daron R. | Petrocik, John R.",2020.0,10.1093/oso/9780190089450.005.0001,nao_e_manuscrito,,,,"É a seção ""Appendices"" do mesmo livro (The Turnout Myth, Shaw & Petrocik, Oxford, 2020). É matéria pós-textual (apêndices), não um manuscrito completo em si.",
Herrmann2024,Reference Dependence in Voting Behavior: Experimental Evidence,"Herrmann, Oliver | Jong‐A‐Pin, Richard | Schoonbeek, Lambert",2024.0,10.2139/ssrn.4834498,nao_encontrado,,,,sem versão de acesso aberto encontrada,
Herrmann2024a,Is your vote vital?,"Herrmann, Oliver",2024.0,10.33612/diss.1049901276,ok,core,https://core.ac.uk/download/620101834.pdf,,,03-textos/pdfs/Herrmann2024a.pdf
Brownback2024,Inference from biased polls,"Brownback, Andy | Burke, Nathaniel | Gagnon-Bartsch, Tristan",2024.0,10.1016/j.geb.2024.10.007,ok,agente_busca_web,https://gagnon-bartsch.com/files/Polling_Inferences.pdf,,"Baixado da página pessoal do coautor Tristan Gagnon-Bartsch (gagnon-bartsch.com). Conteúdo conferido: primeira página traz o cabeçalho ""Games and Economic Behavior 148 (2024) 449–486"" e os três autores (Brownback, Burke, Gagnon-Bartsch), batendo com título e veículo do registro.",03-textos/pdfs/Brownback2024.pdf
Magesan2024,Pivotality,"Magesan, Arvind | Migrow, Dimitri",2024.0,10.2139/ssrn.4981101,ok,agente_busca_web,https://drive.google.com/uc?export=download&id=1eXbCoaNIiLT_La7dsNuOpea4fujzPS0B,preprint,"Link para o PDF encontrado na página pessoal de pesquisa do coautor Dimitri Migrow (sites.google.com/site/dimitrimigrow/research), que também linka a mesma versão no SSRN. Conteúdo conferido: título ""Pivotality"", autores Arvind Magesan e Dimitri Migrow, datado de 7 de julho de 2025, sem marca de publicação em periódico (working paper/SSRN Electronic Journal).",03-textos/pdfs/Magesan2024.pdf
Barnfield2025a,The Effects of Forecasts on the Accuracy and Precision of Expectations,"Barnfield, Matthew | Phillips, Joseph | Stoeckel, Florian | Lyons, Benjamin | Szewach, Paula | Thompson, Jack | Mérola, Vittorio | Stöckli, Sabrina | Reifler, Jason",2025.0,10.1093/poq/nfaf003,nao_encontrado,,,,sem versão de acesso aberto encontrada,
Verdoes2026,District expectations and strategic defection in two-tiered proportional systems: The case of the 2021 Norwegian election,"Verdoes, Alexander",2026.0,10.1016/j.electstud.2026.103061,nao_encontrado,,,,sem versão de acesso aberto encontrada,
Voets2026,Does electoral volatility imply short-term voting motives?,"Voets, Amber | Stiers, Dieter | Hooghe, Marc",2026.0,10.1057/s41295-026-00492-5,nao_encontrado,,,,sem versão de acesso aberto encontrada,
Reuben2015,Advocacy and political convergence under preference uncertainty,"Reuben, Ernesto | Traxler, Christian | Winden, Frans van",2015.0,10.1016/j.euroecorev.2015.07.003,ok,agente_busca_web,https://www.ereuben.net/research/AdvocacyGroups.pdf,preprint,"Página pessoal do autor Ernesto Reuben (ereuben.net). PDF conferido: título e autores batem; o próprio documento declara 'This version: July 2015' e 'This is the authors' version of a work that was accepted for publication in the European Economic Review', com DOI final citado à parte.",03-textos/pdfs/Reuben2015.pdf
Lago2015,Regulating Disinformation,"Lago, Ignacio | Guinjoan, Marc | Bermúdez, Sandra",2015.0,10.1093/poq/nfv036,ok,agente_busca_web,https://repositori.upf.edu/server/api/core/bitstreams/7a5a9aa1-264b-4e87-b083-12ecb5ece755/content,preprint,"Repositório institucional e-Repositori UPF (Ignacio Lago é do Departament de Ciències Polítiques i Socials da UPF). PDF conferido: título e os três autores batem. Formatação de manuscrito (contagem de palavras, running header) e URL claramente distinta da editora (Oxford/POQ) indicam versão de autor/pré-print.",03-textos/pdfs/Lago2015.pdf
Blais2010a,Strategic Vote Choice in One-round and Two-round Elections,"Blais, André | Labbé-St-Vincent, Simon | Jean-François, Laslier | Sauger, Nicolas | Straeten, Karine Van der",2010.0,10.1177/1065912909358583,nao_encontrado,,,,sem versão de acesso aberto encontrada,
Blais2014,Voting correctly in lab elections with monetary incentives,"Blais, André | St-Vincent, Simon Labbé | Pilet, Jean‐Benoît | Treibich, Rafael",2014.0,10.1177/1354068814560933,nao_encontrado,,,,sem versão de acesso aberto encontrada,
Tyszler2013,Strategic Voting in Heterogeneous Electorates: An Experimental Study,"Tyszler, Marcelo | Schram, Arthur",2013.0,10.3390/g4040624,ok,agente_busca_web,https://res.mdpi.com/d_attachment/games/games-04-00624/article_deploy/games-04-00624.pdf,,"Versão publicada em acesso aberto pela própria editora (MDPI, periódico Games, CC-BY), obtida via CDN de anexos da editora após o domínio principal mdpi.com bloquear downloads automatizados. PDF conferido: título, autores, DOI e data de publicação batem integralmente.",03-textos/pdfs/Tyszler2013.pdf
Fumagalli2014,The 2013 Presidential Election in the Republic of Georgia,"Fumagalli, Matteo",2014.0,10.1016/j.electstud.2014.04.015,nao_encontrado,,,,sem versão de acesso aberto encontrada,
Mueller2013,"The parliamentary and executive elections in the Republic of Georgia, 2012","Mueller, Sean",2013.0,10.1016/j.electstud.2013.08.011,nao_encontrado,,,,sem versão de acesso aberto encontrada,
Bischoff2012,Social information and bandwagon behavior in voting: An economic experiment,"Bischoff, Ivo | Egbert, Henrik",2012.0,10.1016/j.joep.2012.10.009,ok,agente_busca_web,https://www.uni-marburg.de/en/fb02/research-groups/economics/macroeconomics/research/magks-joint-discussion-papers-in-economics/papers/2010-papers/05-2010_bischoff.pdf,preprint,"MAGKS Joint Discussion Paper Series in Economics (Universidade de Marburg), No. 05-2010, rotulado 'This version: Feb. 23, 2010'; título e autores (Bischoff, Egbert) conferem com pdftotext.",03-textos/pdfs/Bischoff2012.pdf
Loewen2015,Beauty contests and strategic voting,"Loewen, Peter John | Hinton, Kelly | Sheffer, Lior",2015.0,10.1016/j.electstud.2015.01.001,nao_encontrado,,,,sem versão de acesso aberto encontrada,
Robalo2014,Understanding political behavior: Essays in experimental political economy,"Robalo, Pedro",2014.0,,ok,agente_busca_web,https://pure.uva.nl/ws/files/2451919/153224_Thesis_complete_3_.pdf,,"URL de registro já apontava para o PDF completo da tese no repositório institucional UvA-DARE (Universidade de Amsterdã), marcado como 'Final published version'; título e autor conferem com pdftotext.",03-textos/pdfs/Robalo2014.pdf
Evrenk2015,Social interactions in voting behavior: distinguishing between strategic voting and the bandwagon effect,"Evrenk, Haldun | Sher, Chien-Yuan",2015.0,10.1007/s11127-015-0241-3,ok,agente_busca_web,https://mpra.ub.uni-muenchen.de/62794/1/MPRA_paper_62794.pdf,preprint,"Munich Personal RePEc Archive (MPRA), MPRA Paper No. 62794, repositório explícito de working papers; título e autores (Evrenk, Sher) conferem com pdftotext.",03-textos/pdfs/Evrenk2015.pdf
Guarnieri2015,Voto estratégico e coordenação eleitoral testando a Lei de Duverger no Brasil,"Guarnieri, Fernando",2015.0,10.17666/308977-92/2015,ok,agente_busca_web,https://www.redalyc.org/pdf/107/10742575005.pdf,,"Redalyc (rede aberta de revistas científicas da América Latina), reproduzindo o artigo publicado na Revista Brasileira de Ciências Sociais v.30 n.89 (2015), pp. 77-92, com a mesma paginação e DOI da editora; título e autor conferem com pdftotext.",03-textos/pdfs/Guarnieri2015.pdf
Horowitz2016,"Strategic voting, information, and ethnicity in emerging democracies: Evidence from Kenya","Horowitz, Jeremy | Long, James E.",2016.0,10.1016/j.electstud.2016.08.009,ok,agente_busca_web,https://bpb-us-e1.wpmucdn.com/sites.dartmouth.edu/dist/9/452/files/2016/08/Horowitz-and-Long-2016.pdf,preprint,"Página pessoal de Jeremy Horowitz (Dartmouth College, sites.dartmouth.edu/jhorowitz), em formato de manuscrito de autor (sem diagramação da editora/Electoral Studies, sem paginação de periódico), URL claramente diferente da editora (ScienceDirect); título e ambos os autores conferem com pdftotext; conteúdo completo com apêndice de robustez (54 páginas).",03-textos/pdfs/Horowitz2016.pdf
Buechel2019,The swing voter's curse in social networks,"Buechel, Berno | Mechtenberg, Lydia",2019.0,10.1016/j.geb.2019.08.009,ok,agente_busca_web,https://www.unifr.ch/amabe/en/assets/public/uploads/Articles/The%20swing%20voter's%20curse%20in%20social%20networks.pdf,,"Página institucional do grupo de pesquisa de Berno Büchel (Applied Microeconomics and Behavioral Economics, Universidade de Fribourg); o PDF reproduz a diagramação e paginação exatas da editora (Games and Economic Behavior 118 (2019) 241-268), portanto não foi marcado como preprint; título e autores conferem com pdftotext.",03-textos/pdfs/Buechel2019.pdf
Ergin2018,Strategic voting and social welfare rules,"Ergin, Emre",2018.0,10.26481/dis.20181219ee,ok,unpaywall,https://cris.maastrichtuniversity.nl/ws/files/32136239/c6263.pdf,,,03-textos/pdfs/Ergin2018.pdf
Dillenberger2019,On the consensus effect,"Dillenberger, David | Raymond, Collin",2019.0,10.1016/j.jet.2019.07.002,ok,agente_busca_web,https://bpb-us-w2.wpmucdn.com/web.sas.upenn.edu/dist/8/675/files/2019/06/groupcons_21_06_2019.pdf,preprint,"Página pessoal de David Dillenberger (University of Pennsylvania), rascunho datado explicitamente de '22 June 2019' sem diagramação da editora (Journal of Economic Theory), com nota de que o artigo já teve outros títulos ('Group-Shift and the Consensus Effect'); título e autores conferem com pdftotext.",03-textos/pdfs/Dillenberger2019.pdf
Ambrus2017,The case for nil votes: Voter behavior under asymmetric information in compulsory and voluntary voting systems,"Ambrus, Attila | Greiner, Ben | Sastro, Anne",2017.0,10.1016/j.jpubeco.2017.08.006,ok,agente_busca_web,https://public.econ.duke.edu/~aa231/nil_votes-8.pdf,preprint,"Encontrado na página institucional do autor (Attila Ambrus, Duke University). É uma versão de working paper (URL do próprio autor, distinta da editora Elsevier/DOI). Título e autores (Ambrus, Greiner, Sastro) conferem no conteúdo do PDF.",03-textos/pdfs/Ambrus2017.pdf
Corbetta2013,Uso delle euristiche nella scelta elettorale: un approccio basato sulla simulazione della decisione di voto,"Corbetta, Piergiorgio | Colloca, Pasquale",2013.0,10.36253/qoe-9561,ok,unpaywall,https://oaj.fupress.net/index.php/qoe/article/download/9561/8669,,,03-textos/pdfs/Corbetta2013.pdf
Fehrler2024,Beliefs About Others: A Striking Example of Information Neglect,"Fehrler, Sebastian | Renerte, Baiba | Wolff, Irenaeus",2024.0,10.2139/ssrn.5023202,ok,agente_busca_web,http://sebastianfehrler.bplaced.net/wordpress/wp-content/uploads/fehrler-renerte-wolff-beliefs-about-others-2023.pdf,preprint,"Encontrado na página pessoal do autor Sebastian Fehrler. Working paper datado de 16/02/2023, hospedado em URL distinta do registro SSRN. Título e autores (Fehrler, Renerte, Wolff) conferem no conteúdo do PDF.",03-textos/pdfs/Fehrler2024.pdf
Tryggvason2021,Under the influence? Understanding media’s coverage of opinion polls and their effects on citizens and politicians,"Tryggvason, Per Oleskog",2021.0,,nao_encontrado,,,,sem DOI e sem versão OA encontrada por título,
Kawai2013,Inferring Strategic Voting,"Kawai, Kei | Watanabe, Yasutora",2013.0,10.1257/aer.103.2.624,ok,agente_busca_web,http://www.keikawai.com/strategicvoting.pdf,preprint,"Encontrado na página pessoal do autor Kei Kawai. Working paper datado de abril de 2012, anterior à publicação na American Economic Review (2013). Título e autores (Kawai, Watanabe) conferem no conteúdo do PDF.",03-textos/pdfs/Kawai2013.pdf
Kawai2012,Inferring Strategic Voting,"Kawai, Kei | Watanabe, Yasutora",2012.0,10.2139/ssrn.2188562,ok,agente_busca_web,https://www.cirje.e.u-tokyo.ac.jp/research/workshops/micro/micropaper09/micro0707.pdf,preprint,"Encontrado no repositório de working papers do CIRJE (Universidade de Tóquio). Rascunho datado de maio de 2009, uma versão anterior à do registro SSRN de 2012, mas claramente o mesmo estudo (mesmo título e autores). Arquivo distinto do usado para a chave Kawai2013 (conteúdo, MD5 e percentuais estimados diferentes), confirmando que não é cópia da outra chave.",03-textos/pdfs/Kawai2012.pdf
Svolik2021,Voting Against Autocracy,"Svolik, Milan W.",2021.0,10.2139/ssrn.3847894,ok,agente_busca_web,https://bpb-us-w2.wpmucdn.com/campuspress.yale.edu/dist/6/1038/files/2024/02/Svolik-2023-Voting-against-autocracy-World-Politics-d657a003e0940dc9.pdf,,"Encontrado na página institucional do autor (Milan Svolik, Yale University). É a versão final publicada em World Politics 75(4), 2023 (traz selo de copyright e paginação da revista), hospedada pelo próprio autor — não é preprint. Título e autor conferem no conteúdo do PDF.",03-textos/pdfs/Svolik2021.pdf
Bartels2020,Presidential Primaries and the Dynamics of Public Choice,"BARTELS, LARRY M.",2020.0,10.2307/j.ctv173dzv9,nao_encontrado,,,,sem versão de acesso aberto encontrada,
Brownback2022,Inference from Biased Polls,"Brownback, Andy | Burke, Nathaniel | Gagnon-Bartsch, Tristan",2022.0,10.2139/ssrn.4173083,nao_encontrado,,,,sem versão de acesso aberto encontrada,
Feltovich2022,"Campaign Messages, Polling, and Elections: Theory and Experimental Evidence","Feltovich, Nick | Giovannoni, Francesco",2022.0,10.1111/ajps.12722,ok,core,https://core.ac.uk/download/617985395.pdf,,,03-textos/pdfs/Feltovich2022.pdf
Mamageishvili2022,Large elections and interim turnout,"Mamageishvili, Akaki | Tejada, Oriol",2022.0,10.1016/j.geb.2022.08.003,nao_encontrado,,,,sem versão de acesso aberto encontrada,
Anon2022j,Coordinated Voting Against the Autocracy: The Case of the ‘Smart Vote’ Strategy in Russia,"Турченко, Михаил | Golosov, Grigorii V.",2022.0,10.1080/09668136.2022.2147485,nao_encontrado,,,,sem versão de acesso aberto encontrada,
Puppe2023,Participation in Voting Over Budget Allocations: A Field Experiment,"Puppe, Clemens | Rollmann, Jana",2023.0,10.1007/978-3-031-21696-1_21,ok,agente_busca_web,https://econpapers.wiwi.kit.edu/downloads/KITe_WP_155_Puppe_Rollmann_zusammengef%C3%BCgt.pdf,preprint,"Baixado do repositório institucional do KIT (Karlsruhe Institute of Technology), 'KIT Working Paper Series in Economics' nº 155 (fevereiro de 2022), rotulado explicitamente como working paper. Mesmos autores (Clemens Puppe, Jana Rollmann) e mesmo título/estudo do capítulo publicado em 2023 em 'Studies in Choice and Welfare' (Springer). Título e autores conferidos no PDF via pdftotext.",03-textos/pdfs/Puppe2023.pdf
Durand2023b,Do Polls Influence The Vote?,"Durand, Claire | Goyder, John",2023.0,10.2139/ssrn.4522042,nao_encontrado,,,,sem versão de acesso aberto encontrada,
Meyer2023,Abstention and informedness in nonpartisan elections,"Meyer, Jacob D. | Rentschler, Lucas",2023.0,10.1016/j.geb.2023.08.013,ok,agente_busca_web,https://www.thecgo.org/wp-content/uploads/2023/09/Mandatory_and_Informed_Voting.pdf,preprint,"ATENÇÃO PARA CONFERÊNCIA HUMANA: o PDF baixado é um working paper do Center for Growth and Opportunity (Utah State University), setembro de 2023, com título DIFERENTE do artigo publicado ('Does Mandatory Voting Lead to More Informed Voting?' no PDF vs. 'Abstention and informedness in nonpartisan elections' na versão publicada em Games and Economic Behavior, 2023). Os autores são exatamente os mesmos (Jacob Meyer, Cornell; Lucas Rentschler, Utah State) e o resumo do PDF é praticamente idêntico, palavra por palavra, ao resumo do artigo publicado, indicando tratar-se da mesma pesquisa com título alterado entre o working paper e a publicação final (prática comum em economia). Como o título não bate literalmente, sinalizo para verificação humana antes de aceitar como texto completo definitivo.",03-textos/pdfs/Meyer2023.pdf
Farina2024,Hiding a Flaw? Experimental Evidence on Multi-Dimensional Information Disclosure,"Farina, Agata | Leccese, Mario",2024.0,10.2139/ssrn.4785923,ok,agente_busca_web,https://agatafarina.github.io/personal-web/farina_leccese_24.pdf,preprint,"Baixado da página pessoal da autora Agata Farina (Princeton University), versão de working paper datada de 14 de setembro de 2025. Mesmos autores (Agata Farina, Mario Leccese) e mesmo título do registro SSRN Electronic Journal; o próprio PDF menciona em nota de rodapé um título anterior ligeiramente diferente ('Hiding a Flaw: An Experimental Analysis on Multi-Dimensional Information Disclosure'), confirmando ser o mesmo estudo em versão em circulação. Título e autores conferidos via pdftotext.",03-textos/pdfs/Farina2024.pdf
Hizen2025,Jumping on the bandwagon and off the Titanic: An experimental study of turnout in two-tier voting,"Hizen, Yoichi | Kikuchi, Kazuya | Koriyama, Yukio | Masuda, Takehito",2025.0,10.1016/j.ejpoleco.2025.102646,ok,agente_busca_web,https://arxiv.org/pdf/2408.00265,preprint,"Preprint no arXiv (categoria econ.GN, identificador 2408.00265, agosto de 2024) do mesmo estudo publicado em European Journal of Political Economy (2025). Mesmos quatro autores (Hizen, Kikuchi, Koriyama, Masuda) e mesmo título; conferido título, autores e conteúdo via pdftotext (22 páginas).",03-textos/pdfs/Hizen2025.pdf
Benhaim2024,La dynamique des coalitions électorales en Turquie,"Benhaim, Yohanan | Massicard, Élise | Toumarkine, Alexandre",2024.0,10.3917/psud.061.0013,nao_encontrado,,,,sem versão de acesso aberto encontrada,
Jacob2025,Voting for Pre-Electoral Coalitions,"Jacob, Marc S. | Özdemir, Uğur",2025.0,10.2139/ssrn.5537041,nao_encontrado,,,,sem versão de acesso aberto encontrada,
Naurin2011,"Election Promises, Party Behaviour and Voter Perceptions","Naurin, Elin",2011.0,10.1057/9780230319301,nao_encontrado,,,,"É um livro (monografia) publicado pela Palgrave Macmillan; não localizada cópia em página de autor, repositório institucional (DiVA, GU) ou similar. Só encontradas páginas de venda (Amazon), a página da editora (Springer Link, capítulo a capítulo) e citações de terceiros. Sem versão de tese/working paper aberta disponível.",
Landa2010,Selection Incentives and Accountability Traps: A Laboratory Experiment,"Landa, Dimitri",2010.0,10.2139/ssrn.1640033,nao_encontrado,,,,"Disponível apenas no SSRN (papers.ssrn.com), que bloqueou tanto o WebFetch quanto o curl (HTTP 403 / bloqueio anti-bot). Não está listado entre os papers com PDF na página pessoal do autor na NYU (wp.nyu.edu/dimitrilanda, seções 'Research' e 'Leadership and Political Accountability'), nem em ResearchGate/Academia.edu.",
Crisp2011,Electoral contexts that impede voter coordination,"Crisp, Brian F. | Olivella, Santiago | Potter, Joshua D.",2011.0,10.1016/j.electstud.2011.09.006,ok,agente_busca_web,https://www.santiagoolivella.info/pdfs/es2012.pdf,,"Cópia hospedada na página pessoal de Santiago Olivella (coautor, UNC Chapel Hill). Baixado, confirmado com `file` (PDF document) e `pdftotext` (título, autores Crisp/Olivella/Potter e afiliação Washington University in St. Louis batem exatamente).",03-textos/pdfs/Crisp2011.pdf
Frenkel2012,Competence and ambiguity in electoral competition,"Frenkel, Sivan",2012.0,10.1007/s11127-012-0039-5,ok,agente_busca_web,https://www.dropbox.com/s/ixzgxcbsj1n06wv/Competence_final_for_website.pdf?dl=1,preprint,"Link hospedado no Dropbox indicado na página pessoal de pesquisa de Sivan Frenkel (sites.google.com/site/sivanfrenkel/research). Baixado e confirmado com `file`/`pdftotext`: título e autora batem. É uma versão de working paper datada de 5/12/2012 (sem formatação de periódico), anterior à publicação em Public Choice.",03-textos/pdfs/Frenkel2012.pdf
Lago2012,Forgetting to make votes count: The role of previous democratic experience,"Lago, Ignacio | Coma, Ferrán Martínez i",2012.0,10.1016/j.electstud.2012.01.003,nao_encontrado,,,,"O único repositório aberto localizado (Griffith University Research Repository) é um registro de metadados sem arquivo anexado (API DSpace retornou bundles vazios, ou seja, sem bitstream/PDF). A página pessoal do autor na UPF (upf.edu/web/ignacio-lago) bloqueou o acesso (HTTP 403). Não encontrada cópia em ResearchGate, RePEc ou site pessoal com PDF direto.",
Bhattacharya2014,Compulsory versus voluntary voting: An experimental study,"Bhattacharya, Sourav | Duffy, John | Kim, SunTak",2014.0,10.1016/j.geb.2013.12.008,nao_encontrado,,,,sem versão de acesso aberto encontrada,
Duch2013,Voter perceptions of agenda power and attribution of responsibility for economic performance,"Duch, Raymond | Stevenson, Randolph T.",2013.0,10.1016/j.electstud.2013.05.013,nao_encontrado,,,,sem versão de acesso aberto encontrada,
Messer2010,Social preferences and voting: An exploration using a novel preference revealing mechanism,"Messer, Kent D. | Poe, Gregory L. | Rondeau, Daniel | Schulze, William D. | Vossler, Christian A.",2010.0,10.1016/j.jpubeco.2009.12.004,nao_encontrado,,,,sem versão de acesso aberto encontrada,
Feltovich2015,Selection vs. accountability: An experimental investigation of campaign promises in a moral-hazard environment,"Feltovich, Nick | Giovannoni, Francesco",2015.0,10.1016/j.jpubeco.2015.03.008,nao_encontrado,,,,sem versão de acesso aberto encontrada,
Blackwell2014,Party-Crashers or Wallflowers: Costly Voting in Elections with Differing Primary Types,"Blackwell, Calvin | Calcagno, Peter T.",2014.0,10.2139/ssrn.2399123,nao_encontrado,,,,sem versão de acesso aberto encontrada,
Gillen2015,BLP-Lasso for Aggregate Discrete Choice Models of Elections with Rich Demographic Covariates,"Gillen, Ben | Montero, Sergio | Moon, Hyungsik Roger | Shum, Matthew",2015.0,10.2139/ssrn.2703602,nao_encontrado,,,,sem versão de acesso aberto encontrada,
Avdeenko2018,Long-term evidence of retrospective voting: A natural experiment from the German Democratic Republic,"Avdeenko, Alexandra",2018.0,10.1016/j.euroecorev.2018.01.006,nao_encontrado,,,,sem versão de acesso aberto encontrada,
Lang2023,(Dis)honesty and the value of transparency for campaign promises,"Lang, Matthias | Schudy, Simeon",2023.0,10.1016/j.euroecorev.2023.104560,nao_encontrado,,,,sem versão de acesso aberto encontrada,
Cheng2025,Policy Vagueness and Reputational Concern,"Cheng, Chen | Deng, Liuchun | Sun, Yufeng",2025.0,10.2139/ssrn.5176729,ok,agente_busca_web,https://www.dropbox.com/scl/fi/59105mxabpe0e0zuvwn06/Policy-Vagueness-and-Reputational-Concern_March2025.pdf?rlkey=waj09crvus292o7pzcxu4ykuy&dl=1,preprint,"Link hospedado no Dropbox indicado na página de pesquisa de Liuchun Deng (coautor, liuchundeng.weebly.com/research.html). Baixado e confirmado com `file`/`pdftotext`: título, autores (Cheng, Deng, Sun) e resumo batem exatamente. É a versão de working paper (datada de 2025-03-10), consistente com o registro em SSRN Electronic Journal.",03-textos/pdfs/Cheng2025.pdf
Nakamura2026,Observational Equivalence of LLM and Human Annotation *,"Nakamura, Kentaro | Tan, Jing Ling | Yean, George",2026.0,10.2139/ssrn.7389359,nao_encontrado,,,,sem versão de acesso aberto encontrada,
