seq,ts,evento,etapa,objeto,ator_registrado,classificacao,ator_real,observacao
5,2026-09-19T10:23:44Z,portao,01_pergunta,"{""portao"": ""G1"", ""criterios"": {""pergunta"": ""A exposição a resultados de pesquisa",humano/revisor_humano_1,mantida,humano,aprovação de G1 pelo usuário na conversa
8,2026-09-19T11:38:56Z,portao,03_protocolo,"{""portao"": ""G2"", ""criterios"": {""protocolo"": ""00-protocolo/protocolo.md"", ""codebo",humano/revisor_humano_1,mantida,humano,aprovação de G2 pelo usuário na conversa
189,2026-09-19T18:13:53Z,decisao_override,06_triagem_ta,RS1232 ta_v1 excluir,humano/revisor_humano_1,corrigida,ia_subagente,exclusão por título de registro sem resumo proposta pelos triadores de IA; o usuário não conferiu (23/09/2026). Refeita pela Emenda 6b
190,2026-09-19T18:14:05Z,decisao_override,06_triagem_ta,RS2529 ta_v1 excluir,humano/revisor_humano_1,corrigida,ia_subagente,exclusão por título de registro sem resumo proposta pelos triadores de IA; o usuário não conferiu (23/09/2026). Refeita pela Emenda 6b
191,2026-09-19T18:14:05Z,decisao_override,06_triagem_ta,RS2740 ta_v1 excluir,humano/revisor_humano_1,corrigida,ia_subagente,exclusão por título de registro sem resumo proposta pelos triadores de IA; o usuário não conferiu (23/09/2026). Refeita pela Emenda 6b
192,2026-09-19T18:14:05Z,decisao_override,06_triagem_ta,RS2350 ta_v1 excluir,humano/revisor_humano_1,corrigida,ia_subagente,exclusão por título de registro sem resumo proposta pelos triadores de IA; o usuário não conferiu (23/09/2026). Refeita pela Emenda 6b
193,2026-09-19T18:14:05Z,decisao_override,06_triagem_ta,RS2884 ta_v1 excluir,humano/revisor_humano_1,corrigida,ia_subagente,exclusão por título de registro sem resumo proposta pelos triadores de IA; o usuário não conferiu (23/09/2026). Refeita pela Emenda 6b
194,2026-09-19T18:14:06Z,decisao_override,06_triagem_ta,RS2169 ta_v1 excluir,humano/revisor_humano_1,corrigida,ia_subagente,exclusão por título de registro sem resumo proposta pelos triadores de IA; o usuário não conferiu (23/09/2026). Refeita pela Emenda 6b
195,2026-09-19T18:14:06Z,decisao_override,06_triagem_ta,RS1654 ta_v1 excluir,humano/revisor_humano_1,corrigida,ia_subagente,exclusão por título de registro sem resumo proposta pelos triadores de IA; o usuário não conferiu (23/09/2026). Refeita pela Emenda 6b
196,2026-09-19T18:14:06Z,decisao_override,06_triagem_ta,RS1891 ta_v1 excluir,humano/revisor_humano_1,corrigida,ia_subagente,exclusão por título de registro sem resumo proposta pelos triadores de IA; o usuário não conferiu (23/09/2026). Refeita pela Emenda 6b
197,2026-09-19T18:14:07Z,decisao_override,06_triagem_ta,RS2252 ta_v1 excluir,humano/revisor_humano_1,corrigida,ia_subagente,exclusão por título de registro sem resumo proposta pelos triadores de IA; o usuário não conferiu (23/09/2026). Refeita pela Emenda 6b
198,2026-09-19T18:14:07Z,decisao_override,06_triagem_ta,RS2488 ta_v1 excluir,humano/revisor_humano_1,corrigida,ia_subagente,exclusão por título de registro sem resumo proposta pelos triadores de IA; o usuário não conferiu (23/09/2026). Refeita pela Emenda 6b
199,2026-09-19T18:14:07Z,decisao_override,06_triagem_ta,RS2905 ta_v1 excluir,humano/revisor_humano_1,corrigida,ia_subagente,exclusão por título de registro sem resumo proposta pelos triadores de IA; o usuário não conferiu (23/09/2026). Refeita pela Emenda 6b
200,2026-09-19T18:14:07Z,decisao_override,06_triagem_ta,RS2621 ta_v1 excluir,humano/revisor_humano_1,corrigida,ia_subagente,exclusão por título de registro sem resumo proposta pelos triadores de IA; o usuário não conferiu (23/09/2026). Refeita pela Emenda 6b
201,2026-09-19T18:14:08Z,decisao_override,06_triagem_ta,RS2043 ta_v1 excluir,humano/revisor_humano_1,corrigida,ia_subagente,exclusão por título de registro sem resumo proposta pelos triadores de IA; o usuário não conferiu (23/09/2026). Refeita pela Emenda 6b
202,2026-09-19T18:14:08Z,decisao_override,06_triagem_ta,RS2352 ta_v1 excluir,humano/revisor_humano_1,corrigida,ia_subagente,exclusão por título de registro sem resumo proposta pelos triadores de IA; o usuário não conferiu (23/09/2026). Refeita pela Emenda 6b
203,2026-09-19T18:14:08Z,decisao_override,06_triagem_ta,RS2625 ta_v1 excluir,humano/revisor_humano_1,corrigida,ia_subagente,exclusão por título de registro sem resumo proposta pelos triadores de IA; o usuário não conferiu (23/09/2026). Refeita pela Emenda 6b
204,2026-09-19T18:14:08Z,decisao_override,06_triagem_ta,RS2183 ta_v1 excluir,humano/revisor_humano_1,corrigida,ia_subagente,exclusão por título de registro sem resumo proposta pelos triadores de IA; o usuário não conferiu (23/09/2026). Refeita pela Emenda 6b
205,2026-09-19T18:14:09Z,decisao_override,06_triagem_ta,RS2717 ta_v1 excluir,humano/revisor_humano_1,corrigida,ia_subagente,exclusão por título de registro sem resumo proposta pelos triadores de IA; o usuário não conferiu (23/09/2026). Refeita pela Emenda 6b
206,2026-09-19T18:14:09Z,decisao_override,06_triagem_ta,RS2401 ta_v1 excluir,humano/revisor_humano_1,corrigida,ia_subagente,exclusão por título de registro sem resumo proposta pelos triadores de IA; o usuário não conferiu (23/09/2026). Refeita pela Emenda 6b
207,2026-09-19T18:14:09Z,decisao_override,06_triagem_ta,RS2891 ta_v1 excluir,humano/revisor_humano_1,corrigida,ia_subagente,exclusão por título de registro sem resumo proposta pelos triadores de IA; o usuário não conferiu (23/09/2026). Refeita pela Emenda 6b
208,2026-09-19T18:14:09Z,decisao_override,06_triagem_ta,RS2296 ta_v1 excluir,humano/revisor_humano_1,corrigida,ia_subagente,exclusão por título de registro sem resumo proposta pelos triadores de IA; o usuário não conferiu (23/09/2026). Refeita pela Emenda 6b
209,2026-09-19T18:14:10Z,decisao_override,06_triagem_ta,RS1801 ta_v1 excluir,humano/revisor_humano_1,corrigida,ia_subagente,exclusão por título de registro sem resumo proposta pelos triadores de IA; o usuário não conferiu (23/09/2026). Refeita pela Emenda 6b
210,2026-09-19T18:14:10Z,decisao_override,06_triagem_ta,RS2919 ta_v1 excluir,humano/revisor_humano_1,corrigida,ia_subagente,exclusão por título de registro sem resumo proposta pelos triadores de IA; o usuário não conferiu (23/09/2026). Refeita pela Emenda 6b
211,2026-09-19T18:14:10Z,decisao_override,06_triagem_ta,RS2913 ta_v1 excluir,humano/revisor_humano_1,corrigida,ia_subagente,exclusão por título de registro sem resumo proposta pelos triadores de IA; o usuário não conferiu (23/09/2026). Refeita pela Emenda 6b
212,2026-09-19T18:14:10Z,decisao_override,06_triagem_ta,RS1778 ta_v1 excluir,humano/revisor_humano_1,corrigida,ia_subagente,exclusão por título de registro sem resumo proposta pelos triadores de IA; o usuário não conferiu (23/09/2026). Refeita pela Emenda 6b
213,2026-09-19T18:14:11Z,decisao_override,06_triagem_ta,RS1773 ta_v1 excluir,humano/revisor_humano_1,corrigida,ia_subagente,exclusão por título de registro sem resumo proposta pelos triadores de IA; o usuário não conferiu (23/09/2026). Refeita pela Emenda 6b
214,2026-09-19T18:14:11Z,decisao_override,06_triagem_ta,RS1620 ta_v1 excluir,humano/revisor_humano_1,corrigida,ia_subagente,exclusão por título de registro sem resumo proposta pelos triadores de IA; o usuário não conferiu (23/09/2026). Refeita pela Emenda 6b
215,2026-09-19T18:14:11Z,decisao_override,06_triagem_ta,RS1882 ta_v1 excluir,humano/revisor_humano_1,corrigida,ia_subagente,exclusão por título de registro sem resumo proposta pelos triadores de IA; o usuário não conferiu (23/09/2026). Refeita pela Emenda 6b
216,2026-09-19T18:14:12Z,decisao_override,06_triagem_ta,RS1792 ta_v1 excluir,humano/revisor_humano_1,corrigida,ia_subagente,exclusão por título de registro sem resumo proposta pelos triadores de IA; o usuário não conferiu (23/09/2026). Refeita pela Emenda 6b
217,2026-09-19T18:14:12Z,decisao_override,06_triagem_ta,RS1700 ta_v1 excluir,humano/revisor_humano_1,corrigida,ia_subagente,exclusão por título de registro sem resumo proposta pelos triadores de IA; o usuário não conferiu (23/09/2026). Refeita pela Emenda 6b
218,2026-09-19T18:14:12Z,decisao_override,06_triagem_ta,RS2583 ta_v1 excluir,humano/revisor_humano_1,corrigida,ia_subagente,exclusão por título de registro sem resumo proposta pelos triadores de IA; o usuário não conferiu (23/09/2026). Refeita pela Emenda 6b
219,2026-09-19T18:14:12Z,decisao_override,06_triagem_ta,RS1725 ta_v1 excluir,humano/revisor_humano_1,corrigida,ia_subagente,exclusão por título de registro sem resumo proposta pelos triadores de IA; o usuário não conferiu (23/09/2026). Refeita pela Emenda 6b
220,2026-09-19T18:14:13Z,decisao_override,06_triagem_ta,RS1753 ta_v1 excluir,humano/revisor_humano_1,corrigida,ia_subagente,exclusão por título de registro sem resumo proposta pelos triadores de IA; o usuário não conferiu (23/09/2026). Refeita pela Emenda 6b
221,2026-09-19T18:14:13Z,decisao_override,06_triagem_ta,RS2034 ta_v1 excluir,humano/revisor_humano_1,corrigida,ia_subagente,exclusão por título de registro sem resumo proposta pelos triadores de IA; o usuário não conferiu (23/09/2026). Refeita pela Emenda 6b
222,2026-09-19T18:14:13Z,decisao_override,06_triagem_ta,RS1816 ta_v1 excluir,humano/revisor_humano_1,corrigida,ia_subagente,exclusão por título de registro sem resumo proposta pelos triadores de IA; o usuário não conferiu (23/09/2026). Refeita pela Emenda 6b
223,2026-09-19T18:14:13Z,decisao_override,06_triagem_ta,RS2323 ta_v1 excluir,humano/revisor_humano_1,corrigida,ia_subagente,exclusão por título de registro sem resumo proposta pelos triadores de IA; o usuário não conferiu (23/09/2026). Refeita pela Emenda 6b
224,2026-09-19T18:14:14Z,decisao_override,06_triagem_ta,RS2523 ta_v1 excluir,humano/revisor_humano_1,corrigida,ia_subagente,exclusão por título de registro sem resumo proposta pelos triadores de IA; o usuário não conferiu (23/09/2026). Refeita pela Emenda 6b
225,2026-09-19T18:14:14Z,decisao_override,06_triagem_ta,RS1958 ta_v1 excluir,humano/revisor_humano_1,corrigida,ia_subagente,exclusão por título de registro sem resumo proposta pelos triadores de IA; o usuário não conferiu (23/09/2026). Refeita pela Emenda 6b
226,2026-09-19T18:14:14Z,decisao_override,06_triagem_ta,RS2194 ta_v1 excluir,humano/revisor_humano_1,corrigida,ia_subagente,exclusão por título de registro sem resumo proposta pelos triadores de IA; o usuário não conferiu (23/09/2026). Refeita pela Emenda 6b
227,2026-09-19T18:14:15Z,decisao_override,06_triagem_ta,RS2600 ta_v1 excluir,humano/revisor_humano_1,corrigida,ia_subagente,exclusão por título de registro sem resumo proposta pelos triadores de IA; o usuário não conferiu (23/09/2026). Refeita pela Emenda 6b
228,2026-09-19T18:14:15Z,decisao_override,06_triagem_ta,RS2418 ta_v1 excluir,humano/revisor_humano_1,corrigida,ia_subagente,exclusão por título de registro sem resumo proposta pelos triadores de IA; o usuário não conferiu (23/09/2026). Refeita pela Emenda 6b
229,2026-09-19T18:14:15Z,decisao_override,06_triagem_ta,RS1847 ta_v1 excluir,humano/revisor_humano_1,corrigida,ia_subagente,exclusão por título de registro sem resumo proposta pelos triadores de IA; o usuário não conferiu (23/09/2026). Refeita pela Emenda 6b
230,2026-09-19T18:14:15Z,decisao_override,06_triagem_ta,RS1641 ta_v1 excluir,humano/revisor_humano_1,corrigida,ia_subagente,exclusão por título de registro sem resumo proposta pelos triadores de IA; o usuário não conferiu (23/09/2026). Refeita pela Emenda 6b
231,2026-09-19T18:14:16Z,decisao_override,06_triagem_ta,RS1770 ta_v1 excluir,humano/revisor_humano_1,corrigida,ia_subagente,exclusão por título de registro sem resumo proposta pelos triadores de IA; o usuário não conferiu (23/09/2026). Refeita pela Emenda 6b
232,2026-09-19T18:14:16Z,decisao_override,06_triagem_ta,RS1595 ta_v1 excluir,humano/revisor_humano_1,corrigida,ia_subagente,exclusão por título de registro sem resumo proposta pelos triadores de IA; o usuário não conferiu (23/09/2026). Refeita pela Emenda 6b
233,2026-09-19T18:14:16Z,decisao_override,06_triagem_ta,RS2016 ta_v1 excluir,humano/revisor_humano_1,corrigida,ia_subagente,exclusão por título de registro sem resumo proposta pelos triadores de IA; o usuário não conferiu (23/09/2026). Refeita pela Emenda 6b
234,2026-09-19T18:14:16Z,decisao_override,06_triagem_ta,RS1565 ta_v1 excluir,humano/revisor_humano_1,corrigida,ia_subagente,exclusão por título de registro sem resumo proposta pelos triadores de IA; o usuário não conferiu (23/09/2026). Refeita pela Emenda 6b
235,2026-09-19T18:14:17Z,decisao_override,06_triagem_ta,RS1683 ta_v1 excluir,humano/revisor_humano_1,corrigida,ia_subagente,exclusão por título de registro sem resumo proposta pelos triadores de IA; o usuário não conferiu (23/09/2026). Refeita pela Emenda 6b
236,2026-09-19T18:14:17Z,decisao_override,06_triagem_ta,RS1968 ta_v1 excluir,humano/revisor_humano_1,corrigida,ia_subagente,exclusão por título de registro sem resumo proposta pelos triadores de IA; o usuário não conferiu (23/09/2026). Refeita pela Emenda 6b
237,2026-09-19T18:14:17Z,decisao_override,06_triagem_ta,RS1718 ta_v1 excluir,humano/revisor_humano_1,corrigida,ia_subagente,exclusão por título de registro sem resumo proposta pelos triadores de IA; o usuário não conferiu (23/09/2026). Refeita pela Emenda 6b
238,2026-09-19T18:14:17Z,decisao_override,06_triagem_ta,RS1713 ta_v1 excluir,humano/revisor_humano_1,corrigida,ia_subagente,exclusão por título de registro sem resumo proposta pelos triadores de IA; o usuário não conferiu (23/09/2026). Refeita pela Emenda 6b
239,2026-09-19T18:14:18Z,decisao_override,06_triagem_ta,RS1569 ta_v1 excluir,humano/revisor_humano_1,corrigida,ia_subagente,exclusão por título de registro sem resumo proposta pelos triadores de IA; o usuário não conferiu (23/09/2026). Refeita pela Emenda 6b
240,2026-09-19T18:14:18Z,decisao_override,06_triagem_ta,RS1638 ta_v1 excluir,humano/revisor_humano_1,corrigida,ia_subagente,exclusão por título de registro sem resumo proposta pelos triadores de IA; o usuário não conferiu (23/09/2026). Refeita pela Emenda 6b
241,2026-09-19T18:14:18Z,decisao_override,06_triagem_ta,RS2038 ta_v1 excluir,humano/revisor_humano_1,corrigida,ia_subagente,exclusão por título de registro sem resumo proposta pelos triadores de IA; o usuário não conferiu (23/09/2026). Refeita pela Emenda 6b
242,2026-09-19T18:14:19Z,decisao_override,06_triagem_ta,RS1941 ta_v1 excluir,humano/revisor_humano_1,corrigida,ia_subagente,exclusão por título de registro sem resumo proposta pelos triadores de IA; o usuário não conferiu (23/09/2026). Refeita pela Emenda 6b
243,2026-09-19T18:14:19Z,decisao_override,06_triagem_ta,RS1695 ta_v1 excluir,humano/revisor_humano_1,corrigida,ia_subagente,exclusão por título de registro sem resumo proposta pelos triadores de IA; o usuário não conferiu (23/09/2026). Refeita pela Emenda 6b
244,2026-09-19T18:14:19Z,decisao_override,06_triagem_ta,RS2128 ta_v1 excluir,humano/revisor_humano_1,corrigida,ia_subagente,exclusão por título de registro sem resumo proposta pelos triadores de IA; o usuário não conferiu (23/09/2026). Refeita pela Emenda 6b
245,2026-09-19T18:14:19Z,decisao_override,06_triagem_ta,RS1892 ta_v1 excluir,humano/revisor_humano_1,corrigida,ia_subagente,exclusão por título de registro sem resumo proposta pelos triadores de IA; o usuário não conferiu (23/09/2026). Refeita pela Emenda 6b
246,2026-09-19T18:14:20Z,decisao_override,06_triagem_ta,RS2632 ta_v1 excluir,humano/revisor_humano_1,corrigida,ia_subagente,exclusão por título de registro sem resumo proposta pelos triadores de IA; o usuário não conferiu (23/09/2026). Refeita pela Emenda 6b
247,2026-09-19T18:14:20Z,decisao_override,06_triagem_ta,RS2692 ta_v1 excluir,humano/revisor_humano_1,corrigida,ia_subagente,exclusão por título de registro sem resumo proposta pelos triadores de IA; o usuário não conferiu (23/09/2026). Refeita pela Emenda 6b
248,2026-09-19T18:14:20Z,decisao_override,06_triagem_ta,RS1699 ta_v1 excluir,humano/revisor_humano_1,corrigida,ia_subagente,exclusão por título de registro sem resumo proposta pelos triadores de IA; o usuário não conferiu (23/09/2026). Refeita pela Emenda 6b
249,2026-09-19T18:14:20Z,decisao_override,06_triagem_ta,RS2025 ta_v1 excluir,humano/revisor_humano_1,corrigida,ia_subagente,exclusão por título de registro sem resumo proposta pelos triadores de IA; o usuário não conferiu (23/09/2026). Refeita pela Emenda 6b
250,2026-09-19T18:14:21Z,decisao_override,06_triagem_ta,RS1819 ta_v1 excluir,humano/revisor_humano_1,corrigida,ia_subagente,exclusão por título de registro sem resumo proposta pelos triadores de IA; o usuário não conferiu (23/09/2026). Refeita pela Emenda 6b
251,2026-09-19T18:14:21Z,decisao_override,06_triagem_ta,RS1970 ta_v1 excluir,humano/revisor_humano_1,corrigida,ia_subagente,exclusão por título de registro sem resumo proposta pelos triadores de IA; o usuário não conferiu (23/09/2026). Refeita pela Emenda 6b
252,2026-09-19T18:14:21Z,decisao_override,06_triagem_ta,RS2726 ta_v1 excluir,humano/revisor_humano_1,corrigida,ia_subagente,exclusão por título de registro sem resumo proposta pelos triadores de IA; o usuário não conferiu (23/09/2026). Refeita pela Emenda 6b
253,2026-09-19T18:14:21Z,decisao_override,06_triagem_ta,RS1809 ta_v1 excluir,humano/revisor_humano_1,corrigida,ia_subagente,exclusão por título de registro sem resumo proposta pelos triadores de IA; o usuário não conferiu (23/09/2026). Refeita pela Emenda 6b
254,2026-09-19T18:14:22Z,decisao_override,06_triagem_ta,RS2202 ta_v1 excluir,humano/revisor_humano_1,corrigida,ia_subagente,exclusão por título de registro sem resumo proposta pelos triadores de IA; o usuário não conferiu (23/09/2026). Refeita pela Emenda 6b
255,2026-09-19T18:14:22Z,decisao_override,06_triagem_ta,RS1900 ta_v1 excluir,humano/revisor_humano_1,corrigida,ia_subagente,exclusão por título de registro sem resumo proposta pelos triadores de IA; o usuário não conferiu (23/09/2026). Refeita pela Emenda 6b
256,2026-09-19T18:14:22Z,decisao_override,06_triagem_ta,RS1758 ta_v1 excluir,humano/revisor_humano_1,corrigida,ia_subagente,exclusão por título de registro sem resumo proposta pelos triadores de IA; o usuário não conferiu (23/09/2026). Refeita pela Emenda 6b
257,2026-09-19T18:14:23Z,decisao_override,06_triagem_ta,RS1807 ta_v1 excluir,humano/revisor_humano_1,corrigida,ia_subagente,exclusão por título de registro sem resumo proposta pelos triadores de IA; o usuário não conferiu (23/09/2026). Refeita pela Emenda 6b
258,2026-09-19T18:14:23Z,decisao_override,06_triagem_ta,RS1946 ta_v1 excluir,humano/revisor_humano_1,corrigida,ia_subagente,exclusão por título de registro sem resumo proposta pelos triadores de IA; o usuário não conferiu (23/09/2026). Refeita pela Emenda 6b
259,2026-09-19T18:14:23Z,decisao_override,06_triagem_ta,RS1755 ta_v1 excluir,humano/revisor_humano_1,corrigida,ia_subagente,exclusão por título de registro sem resumo proposta pelos triadores de IA; o usuário não conferiu (23/09/2026). Refeita pela Emenda 6b
260,2026-09-19T18:14:23Z,decisao_override,06_triagem_ta,RS1751 ta_v1 excluir,humano/revisor_humano_1,corrigida,ia_subagente,exclusão por título de registro sem resumo proposta pelos triadores de IA; o usuário não conferiu (23/09/2026). Refeita pela Emenda 6b
261,2026-09-19T18:14:24Z,decisao_override,06_triagem_ta,RS1932 ta_v1 excluir,humano/revisor_humano_1,corrigida,ia_subagente,exclusão por título de registro sem resumo proposta pelos triadores de IA; o usuário não conferiu (23/09/2026). Refeita pela Emenda 6b
262,2026-09-19T18:14:24Z,decisao_override,06_triagem_ta,RS1665 ta_v1 excluir,humano/revisor_humano_1,corrigida,ia_subagente,exclusão por título de registro sem resumo proposta pelos triadores de IA; o usuário não conferiu (23/09/2026). Refeita pela Emenda 6b
263,2026-09-19T18:14:24Z,decisao_override,06_triagem_ta,RS2777 ta_v1 excluir,humano/revisor_humano_1,corrigida,ia_subagente,exclusão por título de registro sem resumo proposta pelos triadores de IA; o usuário não conferiu (23/09/2026). Refeita pela Emenda 6b
264,2026-09-19T18:14:24Z,decisao_override,06_triagem_ta,RS2248 ta_v1 excluir,humano/revisor_humano_1,corrigida,ia_subagente,exclusão por título de registro sem resumo proposta pelos triadores de IA; o usuário não conferiu (23/09/2026). Refeita pela Emenda 6b
265,2026-09-19T18:14:25Z,decisao_override,06_triagem_ta,RS2089 ta_v1 excluir,humano/revisor_humano_1,corrigida,ia_subagente,exclusão por título de registro sem resumo proposta pelos triadores de IA; o usuário não conferiu (23/09/2026). Refeita pela Emenda 6b
266,2026-09-19T18:14:25Z,decisao_override,06_triagem_ta,RS2644 ta_v1 excluir,humano/revisor_humano_1,corrigida,ia_subagente,exclusão por título de registro sem resumo proposta pelos triadores de IA; o usuário não conferiu (23/09/2026). Refeita pela Emenda 6b
267,2026-09-19T18:14:25Z,decisao_override,06_triagem_ta,RS1664 ta_v1 excluir,humano/revisor_humano_1,corrigida,ia_subagente,exclusão por título de registro sem resumo proposta pelos triadores de IA; o usuário não conferiu (23/09/2026). Refeita pela Emenda 6b
268,2026-09-19T18:14:26Z,decisao_override,06_triagem_ta,RS2505 ta_v1 excluir,humano/revisor_humano_1,corrigida,ia_subagente,exclusão por título de registro sem resumo proposta pelos triadores de IA; o usuário não conferiu (23/09/2026). Refeita pela Emenda 6b
269,2026-09-19T18:14:26Z,decisao_override,06_triagem_ta,RS1786 ta_v1 excluir,humano/revisor_humano_1,corrigida,ia_subagente,exclusão por título de registro sem resumo proposta pelos triadores de IA; o usuário não conferiu (23/09/2026). Refeita pela Emenda 6b
270,2026-09-19T18:14:26Z,decisao_override,06_triagem_ta,RS2200 ta_v1 excluir,humano/revisor_humano_1,corrigida,ia_subagente,exclusão por título de registro sem resumo proposta pelos triadores de IA; o usuário não conferiu (23/09/2026). Refeita pela Emenda 6b
271,2026-09-19T18:14:26Z,decisao_override,06_triagem_ta,RS1868 ta_v1 excluir,humano/revisor_humano_1,corrigida,ia_subagente,exclusão por título de registro sem resumo proposta pelos triadores de IA; o usuário não conferiu (23/09/2026). Refeita pela Emenda 6b
272,2026-09-19T18:14:27Z,decisao_override,06_triagem_ta,RS2592 ta_v1 excluir,humano/revisor_humano_1,corrigida,ia_subagente,exclusão por título de registro sem resumo proposta pelos triadores de IA; o usuário não conferiu (23/09/2026). Refeita pela Emenda 6b
273,2026-09-19T18:14:27Z,decisao_override,06_triagem_ta,RS1226 ta_v1 excluir,humano/revisor_humano_1,corrigida,ia_subagente,exclusão por título de registro sem resumo proposta pelos triadores de IA; o usuário não conferiu (23/09/2026). Refeita pela Emenda 6b
274,2026-09-19T18:14:27Z,decisao_override,06_triagem_ta,RS1572 ta_v1 excluir,humano/revisor_humano_1,corrigida,ia_subagente,exclusão por título de registro sem resumo proposta pelos triadores de IA; o usuário não conferiu (23/09/2026). Refeita pela Emenda 6b
275,2026-09-19T18:14:27Z,decisao_override,06_triagem_ta,RS1648 ta_v1 excluir,humano/revisor_humano_1,corrigida,ia_subagente,exclusão por título de registro sem resumo proposta pelos triadores de IA; o usuário não conferiu (23/09/2026). Refeita pela Emenda 6b
276,2026-09-19T18:14:28Z,decisao_override,06_triagem_ta,RS1857 ta_v1 excluir,humano/revisor_humano_1,corrigida,ia_subagente,exclusão por título de registro sem resumo proposta pelos triadores de IA; o usuário não conferiu (23/09/2026). Refeita pela Emenda 6b
277,2026-09-19T18:14:28Z,decisao_override,06_triagem_ta,RS2450 ta_v1 excluir,humano/revisor_humano_1,corrigida,ia_subagente,exclusão por título de registro sem resumo proposta pelos triadores de IA; o usuário não conferiu (23/09/2026). Refeita pela Emenda 6b
278,2026-09-19T18:14:28Z,decisao_override,06_triagem_ta,RS1905 ta_v1 excluir,humano/revisor_humano_1,corrigida,ia_subagente,exclusão por título de registro sem resumo proposta pelos triadores de IA; o usuário não conferiu (23/09/2026). Refeita pela Emenda 6b
279,2026-09-19T18:14:28Z,decisao_override,06_triagem_ta,RS1576 ta_v1 excluir,humano/revisor_humano_1,corrigida,ia_subagente,exclusão por título de registro sem resumo proposta pelos triadores de IA; o usuário não conferiu (23/09/2026). Refeita pela Emenda 6b
280,2026-09-19T18:14:29Z,decisao_override,06_triagem_ta,RS2231 ta_v1 excluir,humano/revisor_humano_1,corrigida,ia_subagente,exclusão por título de registro sem resumo proposta pelos triadores de IA; o usuário não conferiu (23/09/2026). Refeita pela Emenda 6b
281,2026-09-19T18:14:29Z,decisao_override,06_triagem_ta,RS2059 ta_v1 excluir,humano/revisor_humano_1,corrigida,ia_subagente,exclusão por título de registro sem resumo proposta pelos triadores de IA; o usuário não conferiu (23/09/2026). Refeita pela Emenda 6b
282,2026-09-19T18:14:29Z,decisao_override,06_triagem_ta,RS2485 ta_v1 excluir,humano/revisor_humano_1,corrigida,ia_subagente,exclusão por título de registro sem resumo proposta pelos triadores de IA; o usuário não conferiu (23/09/2026). Refeita pela Emenda 6b
283,2026-09-19T18:14:30Z,decisao_override,06_triagem_ta,RS2902 ta_v1 excluir,humano/revisor_humano_1,corrigida,ia_subagente,exclusão por título de registro sem resumo proposta pelos triadores de IA; o usuário não conferiu (23/09/2026). Refeita pela Emenda 6b
284,2026-09-19T18:14:30Z,decisao_override,06_triagem_ta,RS1726 ta_v1 excluir,humano/revisor_humano_1,corrigida,ia_subagente,exclusão por título de registro sem resumo proposta pelos triadores de IA; o usuário não conferiu (23/09/2026). Refeita pela Emenda 6b
285,2026-09-19T18:14:30Z,decisao_override,06_triagem_ta,RS1727 ta_v1 excluir,humano/revisor_humano_1,corrigida,ia_subagente,exclusão por título de registro sem resumo proposta pelos triadores de IA; o usuário não conferiu (23/09/2026). Refeita pela Emenda 6b
286,2026-09-19T18:14:30Z,decisao_override,06_triagem_ta,RS1557 ta_v1 excluir,humano/revisor_humano_1,corrigida,ia_subagente,exclusão por título de registro sem resumo proposta pelos triadores de IA; o usuário não conferiu (23/09/2026). Refeita pela Emenda 6b
287,2026-09-19T18:14:31Z,decisao_override,06_triagem_ta,RS2863 ta_v1 excluir,humano/revisor_humano_1,corrigida,ia_subagente,exclusão por título de registro sem resumo proposta pelos triadores de IA; o usuário não conferiu (23/09/2026). Refeita pela Emenda 6b
288,2026-09-19T18:14:31Z,decisao_override,06_triagem_ta,RS2339 ta_v1 excluir,humano/revisor_humano_1,corrigida,ia_subagente,exclusão por título de registro sem resumo proposta pelos triadores de IA; o usuário não conferiu (23/09/2026). Refeita pela Emenda 6b
289,2026-09-19T18:14:31Z,decisao_override,06_triagem_ta,RS2245 ta_v1 excluir,humano/revisor_humano_1,corrigida,ia_subagente,exclusão por título de registro sem resumo proposta pelos triadores de IA; o usuário não conferiu (23/09/2026). Refeita pela Emenda 6b
290,2026-09-19T18:14:31Z,decisao_override,06_triagem_ta,RS1998 ta_v1 excluir,humano/revisor_humano_1,corrigida,ia_subagente,exclusão por título de registro sem resumo proposta pelos triadores de IA; o usuário não conferiu (23/09/2026). Refeita pela Emenda 6b
291,2026-09-19T18:14:32Z,decisao_override,06_triagem_ta,RS1697 ta_v1 excluir,humano/revisor_humano_1,corrigida,ia_subagente,exclusão por título de registro sem resumo proposta pelos triadores de IA; o usuário não conferiu (23/09/2026). Refeita pela Emenda 6b
292,2026-09-19T18:14:32Z,decisao_override,06_triagem_ta,RS2265 ta_v1 excluir,humano/revisor_humano_1,corrigida,ia_subagente,exclusão por título de registro sem resumo proposta pelos triadores de IA; o usuário não conferiu (23/09/2026). Refeita pela Emenda 6b
293,2026-09-19T18:14:32Z,decisao_override,06_triagem_ta,RS1873 ta_v1 excluir,humano/revisor_humano_1,corrigida,ia_subagente,exclusão por título de registro sem resumo proposta pelos triadores de IA; o usuário não conferiu (23/09/2026). Refeita pela Emenda 6b
294,2026-09-19T18:14:33Z,decisao_override,06_triagem_ta,RS1825 ta_v1 excluir,humano/revisor_humano_1,corrigida,ia_subagente,exclusão por título de registro sem resumo proposta pelos triadores de IA; o usuário não conferiu (23/09/2026). Refeita pela Emenda 6b
295,2026-09-19T18:14:33Z,decisao_override,06_triagem_ta,RS1863 ta_v1 excluir,humano/revisor_humano_1,corrigida,ia_subagente,exclusão por título de registro sem resumo proposta pelos triadores de IA; o usuário não conferiu (23/09/2026). Refeita pela Emenda 6b
296,2026-09-19T18:14:33Z,decisao_override,06_triagem_ta,RS2480 ta_v1 excluir,humano/revisor_humano_1,corrigida,ia_subagente,exclusão por título de registro sem resumo proposta pelos triadores de IA; o usuário não conferiu (23/09/2026). Refeita pela Emenda 6b
297,2026-09-19T18:14:33Z,decisao_override,06_triagem_ta,RS2506 ta_v1 excluir,humano/revisor_humano_1,corrigida,ia_subagente,exclusão por título de registro sem resumo proposta pelos triadores de IA; o usuário não conferiu (23/09/2026). Refeita pela Emenda 6b
298,2026-09-19T18:14:34Z,decisao_override,06_triagem_ta,RS2572 ta_v1 excluir,humano/revisor_humano_1,corrigida,ia_subagente,exclusão por título de registro sem resumo proposta pelos triadores de IA; o usuário não conferiu (23/09/2026). Refeita pela Emenda 6b
299,2026-09-19T18:14:34Z,decisao_override,06_triagem_ta,RS1886 ta_v1 excluir,humano/revisor_humano_1,corrigida,ia_subagente,exclusão por título de registro sem resumo proposta pelos triadores de IA; o usuário não conferiu (23/09/2026). Refeita pela Emenda 6b
300,2026-09-19T18:14:34Z,decisao_override,06_triagem_ta,RS1961 ta_v1 excluir,humano/revisor_humano_1,corrigida,ia_subagente,exclusão por título de registro sem resumo proposta pelos triadores de IA; o usuário não conferiu (23/09/2026). Refeita pela Emenda 6b
301,2026-09-19T18:14:34Z,decisao_override,06_triagem_ta,RS0656 ta_v1 excluir,humano/revisor_humano_1,corrigida,ia_subagente,exclusão por título de registro sem resumo proposta pelos triadores de IA; o usuário não conferiu (23/09/2026). Refeita pela Emenda 6b
302,2026-09-19T18:14:35Z,decisao_override,06_triagem_ta,RS1353 ta_v1 excluir,humano/revisor_humano_1,corrigida,ia_subagente,exclusão por título de registro sem resumo proposta pelos triadores de IA; o usuário não conferiu (23/09/2026). Refeita pela Emenda 6b
303,2026-09-19T18:14:35Z,decisao_override,06_triagem_ta,RS1919 ta_v1 excluir,humano/revisor_humano_1,corrigida,ia_subagente,exclusão por título de registro sem resumo proposta pelos triadores de IA; o usuário não conferiu (23/09/2026). Refeita pela Emenda 6b
304,2026-09-19T18:14:35Z,decisao_override,06_triagem_ta,RS1600 ta_v1 excluir,humano/revisor_humano_1,corrigida,ia_subagente,exclusão por título de registro sem resumo proposta pelos triadores de IA; o usuário não conferiu (23/09/2026). Refeita pela Emenda 6b
305,2026-09-19T18:14:36Z,decisao_override,06_triagem_ta,RS1986 ta_v1 excluir,humano/revisor_humano_1,corrigida,ia_subagente,exclusão por título de registro sem resumo proposta pelos triadores de IA; o usuário não conferiu (23/09/2026). Refeita pela Emenda 6b
306,2026-09-19T18:14:36Z,decisao_override,06_triagem_ta,RS1684 ta_v1 excluir,humano/revisor_humano_1,corrigida,ia_subagente,exclusão por título de registro sem resumo proposta pelos triadores de IA; o usuário não conferiu (23/09/2026). Refeita pela Emenda 6b
307,2026-09-19T18:14:36Z,decisao_override,06_triagem_ta,RS1597 ta_v1 excluir,humano/revisor_humano_1,corrigida,ia_subagente,exclusão por título de registro sem resumo proposta pelos triadores de IA; o usuário não conferiu (23/09/2026). Refeita pela Emenda 6b
308,2026-09-19T18:14:36Z,decisao_override,06_triagem_ta,RS2620 ta_v1 excluir,humano/revisor_humano_1,corrigida,ia_subagente,exclusão por título de registro sem resumo proposta pelos triadores de IA; o usuário não conferiu (23/09/2026). Refeita pela Emenda 6b
309,2026-09-19T18:14:37Z,decisao_override,06_triagem_ta,RS2585 ta_v1 excluir,humano/revisor_humano_1,corrigida,ia_subagente,exclusão por título de registro sem resumo proposta pelos triadores de IA; o usuário não conferiu (23/09/2026). Refeita pela Emenda 6b
310,2026-09-19T18:14:37Z,decisao_override,06_triagem_ta,RS2818 ta_v1 excluir,humano/revisor_humano_1,corrigida,ia_subagente,exclusão por título de registro sem resumo proposta pelos triadores de IA; o usuário não conferiu (23/09/2026). Refeita pela Emenda 6b
311,2026-09-19T18:14:37Z,decisao_override,06_triagem_ta,RS1779 ta_v1 excluir,humano/revisor_humano_1,corrigida,ia_subagente,exclusão por título de registro sem resumo proposta pelos triadores de IA; o usuário não conferiu (23/09/2026). Refeita pela Emenda 6b
312,2026-09-19T18:14:37Z,decisao_override,06_triagem_ta,RS2082 ta_v1 excluir,humano/revisor_humano_1,corrigida,ia_subagente,exclusão por título de registro sem resumo proposta pelos triadores de IA; o usuário não conferiu (23/09/2026). Refeita pela Emenda 6b
313,2026-09-19T18:14:38Z,decisao_override,06_triagem_ta,RS1933 ta_v1 excluir,humano/revisor_humano_1,corrigida,ia_subagente,exclusão por título de registro sem resumo proposta pelos triadores de IA; o usuário não conferiu (23/09/2026). Refeita pela Emenda 6b
314,2026-09-19T18:14:38Z,decisao_override,06_triagem_ta,RS1570 ta_v1 excluir,humano/revisor_humano_1,corrigida,ia_subagente,exclusão por título de registro sem resumo proposta pelos triadores de IA; o usuário não conferiu (23/09/2026). Refeita pela Emenda 6b
315,2026-09-19T18:14:38Z,decisao_override,06_triagem_ta,RS1703 ta_v1 excluir,humano/revisor_humano_1,corrigida,ia_subagente,exclusão por título de registro sem resumo proposta pelos triadores de IA; o usuário não conferiu (23/09/2026). Refeita pela Emenda 6b
321,2026-09-19T22:17:56Z,decisao_override,07_textos_elegibilidade,RS1652 tc incluir,humano/revisor_humano_1,mantida,humano,caso limítrofe apresentado ao usuário e decidido na conversa (confirmado em 23/09/2026)
322,2026-09-19T22:17:57Z,decisao_override,07_textos_elegibilidade,RS1611 tc incluir,humano/revisor_humano_1,mantida,humano,caso limítrofe apresentado ao usuário e decidido na conversa (confirmado em 23/09/2026)
323,2026-09-19T22:17:57Z,decisao_override,07_textos_elegibilidade,RS1544 tc incluir,humano/revisor_humano_1,mantida,humano,caso limítrofe apresentado ao usuário e decidido na conversa (confirmado em 23/09/2026)
324,2026-09-19T22:17:57Z,decisao_override,07_textos_elegibilidade,RS1547 tc incluir,humano/revisor_humano_1,mantida,humano,caso limítrofe apresentado ao usuário e decidido na conversa (confirmado em 23/09/2026)
325,2026-09-19T22:17:57Z,decisao_override,07_textos_elegibilidade,RS2511 tc excluir,humano/revisor_humano_1,mantida,humano,caso limítrofe apresentado ao usuário e decidido na conversa (confirmado em 23/09/2026)
326,2026-09-19T22:17:58Z,decisao_override,07_textos_elegibilidade,RS2536 tc excluir,humano/revisor_humano_1,mantida,humano,caso limítrofe apresentado ao usuário e decidido na conversa (confirmado em 23/09/2026)
327,2026-09-19T22:17:58Z,decisao_override,07_textos_elegibilidade,RS2747 tc excluir,humano/revisor_humano_1,mantida,humano,caso limítrofe apresentado ao usuário e decidido na conversa (confirmado em 23/09/2026)
404,2026-09-20T12:38:03Z,decisao_override,06_triagem_ta,RS3906 ta_v1 excluir,humano/revisor_humano_1,corrigida,ia_subagente,exclusão por título de registro sem resumo proposta pelos triadores de IA; o usuário não conferiu (23/09/2026). Refeita pela Emenda 6b
405,2026-09-20T12:38:03Z,decisao_override,06_triagem_ta,RS3875 ta_v1 excluir,humano/revisor_humano_1,corrigida,ia_subagente,exclusão por título de registro sem resumo proposta pelos triadores de IA; o usuário não conferiu (23/09/2026). Refeita pela Emenda 6b
406,2026-09-20T12:38:03Z,decisao_override,06_triagem_ta,RS3958 ta_v1 excluir,humano/revisor_humano_1,corrigida,ia_subagente,exclusão por título de registro sem resumo proposta pelos triadores de IA; o usuário não conferiu (23/09/2026). Refeita pela Emenda 6b
407,2026-09-20T12:38:04Z,decisao_override,06_triagem_ta,RS3846 ta_v1 excluir,humano/revisor_humano_1,corrigida,ia_subagente,exclusão por título de registro sem resumo proposta pelos triadores de IA; o usuário não conferiu (23/09/2026). Refeita pela Emenda 6b
408,2026-09-20T12:38:04Z,decisao_override,06_triagem_ta,RS3266 ta_v1 excluir,humano/revisor_humano_1,corrigida,ia_subagente,exclusão por título de registro sem resumo proposta pelos triadores de IA; o usuário não conferiu (23/09/2026). Refeita pela Emenda 6b
409,2026-09-20T12:38:04Z,decisao_override,06_triagem_ta,RS4093 ta_v1 excluir,humano/revisor_humano_1,corrigida,ia_subagente,exclusão por título de registro sem resumo proposta pelos triadores de IA; o usuário não conferiu (23/09/2026). Refeita pela Emenda 6b
410,2026-09-20T12:38:04Z,decisao_override,06_triagem_ta,RS3766 ta_v1 excluir,humano/revisor_humano_1,corrigida,ia_subagente,exclusão por título de registro sem resumo proposta pelos triadores de IA; o usuário não conferiu (23/09/2026). Refeita pela Emenda 6b
411,2026-09-20T12:38:05Z,decisao_override,06_triagem_ta,RS3098 ta_v1 excluir,humano/revisor_humano_1,corrigida,ia_subagente,exclusão por título de registro sem resumo proposta pelos triadores de IA; o usuário não conferiu (23/09/2026). Refeita pela Emenda 6b
412,2026-09-20T12:38:05Z,decisao_override,06_triagem_ta,RS3985 ta_v1 excluir,humano/revisor_humano_1,corrigida,ia_subagente,exclusão por título de registro sem resumo proposta pelos triadores de IA; o usuário não conferiu (23/09/2026). Refeita pela Emenda 6b
413,2026-09-20T12:38:05Z,decisao_override,06_triagem_ta,RS3529 ta_v1 excluir,humano/revisor_humano_1,corrigida,ia_subagente,exclusão por título de registro sem resumo proposta pelos triadores de IA; o usuário não conferiu (23/09/2026). Refeita pela Emenda 6b
414,2026-09-20T12:38:06Z,decisao_override,06_triagem_ta,RS3895 ta_v1 excluir,humano/revisor_humano_1,corrigida,ia_subagente,exclusão por título de registro sem resumo proposta pelos triadores de IA; o usuário não conferiu (23/09/2026). Refeita pela Emenda 6b
415,2026-09-20T12:38:06Z,decisao_override,06_triagem_ta,RS3764 ta_v1 excluir,humano/revisor_humano_1,corrigida,ia_subagente,exclusão por título de registro sem resumo proposta pelos triadores de IA; o usuário não conferiu (23/09/2026). Refeita pela Emenda 6b
416,2026-09-20T12:38:06Z,decisao_override,06_triagem_ta,RS3668 ta_v1 excluir,humano/revisor_humano_1,corrigida,ia_subagente,exclusão por título de registro sem resumo proposta pelos triadores de IA; o usuário não conferiu (23/09/2026). Refeita pela Emenda 6b
417,2026-09-20T12:38:07Z,decisao_override,06_triagem_ta,RS3863 ta_v1 excluir,humano/revisor_humano_1,corrigida,ia_subagente,exclusão por título de registro sem resumo proposta pelos triadores de IA; o usuário não conferiu (23/09/2026). Refeita pela Emenda 6b
418,2026-09-20T12:38:07Z,decisao_override,06_triagem_ta,RS3580 ta_v1 excluir,humano/revisor_humano_1,corrigida,ia_subagente,exclusão por título de registro sem resumo proposta pelos triadores de IA; o usuário não conferiu (23/09/2026). Refeita pela Emenda 6b
419,2026-09-20T12:38:07Z,decisao_override,06_triagem_ta,RS4057 ta_v1 excluir,humano/revisor_humano_1,corrigida,ia_subagente,exclusão por título de registro sem resumo proposta pelos triadores de IA; o usuário não conferiu (23/09/2026). Refeita pela Emenda 6b
420,2026-09-20T12:38:07Z,decisao_override,06_triagem_ta,RS4063 ta_v1 excluir,humano/revisor_humano_1,corrigida,ia_subagente,exclusão por título de registro sem resumo proposta pelos triadores de IA; o usuário não conferiu (23/09/2026). Refeita pela Emenda 6b
421,2026-09-20T12:38:08Z,decisao_override,06_triagem_ta,RS3999 ta_v1 excluir,humano/revisor_humano_1,corrigida,ia_subagente,exclusão por título de registro sem resumo proposta pelos triadores de IA; o usuário não conferiu (23/09/2026). Refeita pela Emenda 6b
422,2026-09-20T12:38:08Z,decisao_override,06_triagem_ta,RS3897 ta_v1 excluir,humano/revisor_humano_1,corrigida,ia_subagente,exclusão por título de registro sem resumo proposta pelos triadores de IA; o usuário não conferiu (23/09/2026). Refeita pela Emenda 6b
423,2026-09-20T12:38:08Z,decisao_override,06_triagem_ta,RS3751 ta_v1 excluir,humano/revisor_humano_1,corrigida,ia_subagente,exclusão por título de registro sem resumo proposta pelos triadores de IA; o usuário não conferiu (23/09/2026). Refeita pela Emenda 6b
424,2026-09-20T12:38:09Z,decisao_override,06_triagem_ta,RS3484 ta_v1 excluir,humano/revisor_humano_1,corrigida,ia_subagente,exclusão por título de registro sem resumo proposta pelos triadores de IA; o usuário não conferiu (23/09/2026). Refeita pela Emenda 6b
425,2026-09-20T12:38:09Z,decisao_override,06_triagem_ta,RS3709 ta_v1 excluir,humano/revisor_humano_1,corrigida,ia_subagente,exclusão por título de registro sem resumo proposta pelos triadores de IA; o usuário não conferiu (23/09/2026). Refeita pela Emenda 6b
426,2026-09-20T12:38:09Z,decisao_override,06_triagem_ta,RS3729 ta_v1 excluir,humano/revisor_humano_1,corrigida,ia_subagente,exclusão por título de registro sem resumo proposta pelos triadores de IA; o usuário não conferiu (23/09/2026). Refeita pela Emenda 6b
427,2026-09-20T12:38:10Z,decisao_override,06_triagem_ta,RS4110 ta_v1 excluir,humano/revisor_humano_1,corrigida,ia_subagente,exclusão por título de registro sem resumo proposta pelos triadores de IA; o usuário não conferiu (23/09/2026). Refeita pela Emenda 6b
428,2026-09-20T12:38:10Z,decisao_override,06_triagem_ta,RS3808 ta_v1 excluir,humano/revisor_humano_1,corrigida,ia_subagente,exclusão por título de registro sem resumo proposta pelos triadores de IA; o usuário não conferiu (23/09/2026). Refeita pela Emenda 6b
429,2026-09-20T12:38:10Z,decisao_override,06_triagem_ta,RS4086 ta_v1 excluir,humano/revisor_humano_1,corrigida,ia_subagente,exclusão por título de registro sem resumo proposta pelos triadores de IA; o usuário não conferiu (23/09/2026). Refeita pela Emenda 6b
430,2026-09-20T12:38:10Z,decisao_override,06_triagem_ta,RS3905 ta_v1 excluir,humano/revisor_humano_1,corrigida,ia_subagente,exclusão por título de registro sem resumo proposta pelos triadores de IA; o usuário não conferiu (23/09/2026). Refeita pela Emenda 6b
431,2026-09-20T12:38:11Z,decisao_override,06_triagem_ta,RS3857 ta_v1 excluir,humano/revisor_humano_1,corrigida,ia_subagente,exclusão por título de registro sem resumo proposta pelos triadores de IA; o usuário não conferiu (23/09/2026). Refeita pela Emenda 6b
432,2026-09-20T12:38:11Z,decisao_override,06_triagem_ta,RS3818 ta_v1 excluir,humano/revisor_humano_1,corrigida,ia_subagente,exclusão por título de registro sem resumo proposta pelos triadores de IA; o usuário não conferiu (23/09/2026). Refeita pela Emenda 6b
433,2026-09-20T12:38:11Z,decisao_override,06_triagem_ta,RS3771 ta_v1 excluir,humano/revisor_humano_1,corrigida,ia_subagente,exclusão por título de registro sem resumo proposta pelos triadores de IA; o usuário não conferiu (23/09/2026). Refeita pela Emenda 6b
434,2026-09-20T12:38:12Z,decisao_override,06_triagem_ta,RS4023 ta_v1 excluir,humano/revisor_humano_1,corrigida,ia_subagente,exclusão por título de registro sem resumo proposta pelos triadores de IA; o usuário não conferiu (23/09/2026). Refeita pela Emenda 6b
435,2026-09-20T12:38:12Z,decisao_override,06_triagem_ta,RS4056 ta_v1 excluir,humano/revisor_humano_1,corrigida,ia_subagente,exclusão por título de registro sem resumo proposta pelos triadores de IA; o usuário não conferiu (23/09/2026). Refeita pela Emenda 6b
436,2026-09-20T12:38:12Z,decisao_override,06_triagem_ta,RS3404 ta_v1 excluir,humano/revisor_humano_1,corrigida,ia_subagente,exclusão por título de registro sem resumo proposta pelos triadores de IA; o usuário não conferiu (23/09/2026). Refeita pela Emenda 6b
437,2026-09-20T12:38:13Z,decisao_override,06_triagem_ta,RS3769 ta_v1 excluir,humano/revisor_humano_1,corrigida,ia_subagente,exclusão por título de registro sem resumo proposta pelos triadores de IA; o usuário não conferiu (23/09/2026). Refeita pela Emenda 6b
438,2026-09-20T12:38:13Z,decisao_override,06_triagem_ta,RS2943 ta_v1 excluir,humano/revisor_humano_1,corrigida,ia_subagente,exclusão por título de registro sem resumo proposta pelos triadores de IA; o usuário não conferiu (23/09/2026). Refeita pela Emenda 6b
439,2026-09-20T12:38:13Z,decisao_override,06_triagem_ta,RS4062 ta_v1 excluir,humano/revisor_humano_1,corrigida,ia_subagente,exclusão por título de registro sem resumo proposta pelos triadores de IA; o usuário não conferiu (23/09/2026). Refeita pela Emenda 6b
440,2026-09-20T12:38:13Z,decisao_override,06_triagem_ta,RS3156 ta_v1 excluir,humano/revisor_humano_1,corrigida,ia_subagente,exclusão por título de registro sem resumo proposta pelos triadores de IA; o usuário não conferiu (23/09/2026). Refeita pela Emenda 6b
441,2026-09-20T12:38:14Z,decisao_override,06_triagem_ta,RS3621 ta_v1 excluir,humano/revisor_humano_1,corrigida,ia_subagente,exclusão por título de registro sem resumo proposta pelos triadores de IA; o usuário não conferiu (23/09/2026). Refeita pela Emenda 6b
442,2026-09-20T12:38:14Z,decisao_override,06_triagem_ta,RS3955 ta_v1 excluir,humano/revisor_humano_1,corrigida,ia_subagente,exclusão por título de registro sem resumo proposta pelos triadores de IA; o usuário não conferiu (23/09/2026). Refeita pela Emenda 6b
443,2026-09-20T12:38:14Z,decisao_override,06_triagem_ta,RS3970 ta_v1 excluir,humano/revisor_humano_1,corrigida,ia_subagente,exclusão por título de registro sem resumo proposta pelos triadores de IA; o usuário não conferiu (23/09/2026). Refeita pela Emenda 6b
444,2026-09-20T12:38:15Z,decisao_override,06_triagem_ta,RS3855 ta_v1 excluir,humano/revisor_humano_1,corrigida,ia_subagente,exclusão por título de registro sem resumo proposta pelos triadores de IA; o usuário não conferiu (23/09/2026). Refeita pela Emenda 6b
445,2026-09-20T12:38:15Z,decisao_override,06_triagem_ta,RS3670 ta_v1 excluir,humano/revisor_humano_1,corrigida,ia_subagente,exclusão por título de registro sem resumo proposta pelos triadores de IA; o usuário não conferiu (23/09/2026). Refeita pela Emenda 6b
446,2026-09-20T12:38:15Z,decisao_override,06_triagem_ta,RS3498 ta_v1 excluir,humano/revisor_humano_1,corrigida,ia_subagente,exclusão por título de registro sem resumo proposta pelos triadores de IA; o usuário não conferiu (23/09/2026). Refeita pela Emenda 6b
447,2026-09-20T12:38:16Z,decisao_override,06_triagem_ta,RS3587 ta_v1 excluir,humano/revisor_humano_1,corrigida,ia_subagente,exclusão por título de registro sem resumo proposta pelos triadores de IA; o usuário não conferiu (23/09/2026). Refeita pela Emenda 6b
448,2026-09-20T12:38:16Z,decisao_override,06_triagem_ta,RS3010 ta_v1 excluir,humano/revisor_humano_1,corrigida,ia_subagente,exclusão por título de registro sem resumo proposta pelos triadores de IA; o usuário não conferiu (23/09/2026). Refeita pela Emenda 6b
449,2026-09-20T12:38:16Z,decisao_override,06_triagem_ta,RS3926 ta_v1 excluir,humano/revisor_humano_1,corrigida,ia_subagente,exclusão por título de registro sem resumo proposta pelos triadores de IA; o usuário não conferiu (23/09/2026). Refeita pela Emenda 6b
450,2026-09-20T12:38:17Z,decisao_override,06_triagem_ta,RS2933 ta_v1 excluir,humano/revisor_humano_1,corrigida,ia_subagente,exclusão por título de registro sem resumo proposta pelos triadores de IA; o usuário não conferiu (23/09/2026). Refeita pela Emenda 6b
451,2026-09-20T12:38:17Z,decisao_override,06_triagem_ta,RS2981 ta_v1 excluir,humano/revisor_humano_1,corrigida,ia_subagente,exclusão por título de registro sem resumo proposta pelos triadores de IA; o usuário não conferiu (23/09/2026). Refeita pela Emenda 6b
452,2026-09-20T12:38:17Z,decisao_override,06_triagem_ta,RS3599 ta_v1 excluir,humano/revisor_humano_1,corrigida,ia_subagente,exclusão por título de registro sem resumo proposta pelos triadores de IA; o usuário não conferiu (23/09/2026). Refeita pela Emenda 6b
453,2026-09-20T12:38:17Z,decisao_override,06_triagem_ta,RS4038 ta_v1 excluir,humano/revisor_humano_1,corrigida,ia_subagente,exclusão por título de registro sem resumo proposta pelos triadores de IA; o usuário não conferiu (23/09/2026). Refeita pela Emenda 6b
454,2026-09-20T12:38:18Z,decisao_override,06_triagem_ta,RS3779 ta_v1 excluir,humano/revisor_humano_1,corrigida,ia_subagente,exclusão por título de registro sem resumo proposta pelos triadores de IA; o usuário não conferiu (23/09/2026). Refeita pela Emenda 6b
455,2026-09-20T12:38:18Z,decisao_override,06_triagem_ta,RS4091 ta_v1 excluir,humano/revisor_humano_1,corrigida,ia_subagente,exclusão por título de registro sem resumo proposta pelos triadores de IA; o usuário não conferiu (23/09/2026). Refeita pela Emenda 6b
456,2026-09-20T12:38:18Z,decisao_override,06_triagem_ta,RS4115 ta_v1 excluir,humano/revisor_humano_1,corrigida,ia_subagente,exclusão por título de registro sem resumo proposta pelos triadores de IA; o usuário não conferiu (23/09/2026). Refeita pela Emenda 6b
457,2026-09-20T12:38:19Z,decisao_override,06_triagem_ta,RS3171 ta_v1 excluir,humano/revisor_humano_1,corrigida,ia_subagente,exclusão por título de registro sem resumo proposta pelos triadores de IA; o usuário não conferiu (23/09/2026). Refeita pela Emenda 6b
458,2026-09-20T12:38:19Z,decisao_override,06_triagem_ta,RS3615 ta_v1 excluir,humano/revisor_humano_1,corrigida,ia_subagente,exclusão por título de registro sem resumo proposta pelos triadores de IA; o usuário não conferiu (23/09/2026). Refeita pela Emenda 6b
459,2026-09-20T12:38:19Z,decisao_override,06_triagem_ta,RS3746 ta_v1 excluir,humano/revisor_humano_1,corrigida,ia_subagente,exclusão por título de registro sem resumo proposta pelos triadores de IA; o usuário não conferiu (23/09/2026). Refeita pela Emenda 6b
460,2026-09-20T12:38:20Z,decisao_override,06_triagem_ta,RS3701 ta_v1 excluir,humano/revisor_humano_1,corrigida,ia_subagente,exclusão por título de registro sem resumo proposta pelos triadores de IA; o usuário não conferiu (23/09/2026). Refeita pela Emenda 6b
461,2026-09-20T12:38:20Z,decisao_override,06_triagem_ta,RS4116 ta_v1 excluir,humano/revisor_humano_1,corrigida,ia_subagente,exclusão por título de registro sem resumo proposta pelos triadores de IA; o usuário não conferiu (23/09/2026). Refeita pela Emenda 6b
462,2026-09-20T12:38:20Z,decisao_override,06_triagem_ta,RS4104 ta_v1 excluir,humano/revisor_humano_1,corrigida,ia_subagente,exclusão por título de registro sem resumo proposta pelos triadores de IA; o usuário não conferiu (23/09/2026). Refeita pela Emenda 6b
463,2026-09-20T12:38:20Z,decisao_override,06_triagem_ta,RS3581 ta_v1 excluir,humano/revisor_humano_1,corrigida,ia_subagente,exclusão por título de registro sem resumo proposta pelos triadores de IA; o usuário não conferiu (23/09/2026). Refeita pela Emenda 6b
464,2026-09-20T12:38:21Z,decisao_override,06_triagem_ta,RS3550 ta_v1 excluir,humano/revisor_humano_1,corrigida,ia_subagente,exclusão por título de registro sem resumo proposta pelos triadores de IA; o usuário não conferiu (23/09/2026). Refeita pela Emenda 6b
465,2026-09-20T12:38:21Z,decisao_override,06_triagem_ta,RS3491 ta_v1 excluir,humano/revisor_humano_1,corrigida,ia_subagente,exclusão por título de registro sem resumo proposta pelos triadores de IA; o usuário não conferiu (23/09/2026). Refeita pela Emenda 6b
466,2026-09-20T12:38:21Z,decisao_override,06_triagem_ta,RS3821 ta_v1 excluir,humano/revisor_humano_1,corrigida,ia_subagente,exclusão por título de registro sem resumo proposta pelos triadores de IA; o usuário não conferiu (23/09/2026). Refeita pela Emenda 6b
467,2026-09-20T12:38:22Z,decisao_override,06_triagem_ta,RS3962 ta_v1 excluir,humano/revisor_humano_1,corrigida,ia_subagente,exclusão por título de registro sem resumo proposta pelos triadores de IA; o usuário não conferiu (23/09/2026). Refeita pela Emenda 6b
468,2026-09-20T12:38:22Z,decisao_override,06_triagem_ta,RS3929 ta_v1 excluir,humano/revisor_humano_1,corrigida,ia_subagente,exclusão por título de registro sem resumo proposta pelos triadores de IA; o usuário não conferiu (23/09/2026). Refeita pela Emenda 6b
469,2026-09-20T12:38:22Z,decisao_override,06_triagem_ta,RS3957 ta_v1 excluir,humano/revisor_humano_1,corrigida,ia_subagente,exclusão por título de registro sem resumo proposta pelos triadores de IA; o usuário não conferiu (23/09/2026). Refeita pela Emenda 6b
470,2026-09-20T12:38:23Z,decisao_override,06_triagem_ta,RS3743 ta_v1 excluir,humano/revisor_humano_1,corrigida,ia_subagente,exclusão por título de registro sem resumo proposta pelos triadores de IA; o usuário não conferiu (23/09/2026). Refeita pela Emenda 6b
471,2026-09-20T12:38:23Z,decisao_override,06_triagem_ta,RS3645 ta_v1 excluir,humano/revisor_humano_1,corrigida,ia_subagente,exclusão por título de registro sem resumo proposta pelos triadores de IA; o usuário não conferiu (23/09/2026). Refeita pela Emenda 6b
472,2026-09-20T12:38:23Z,decisao_override,06_triagem_ta,RS3271 ta_v1 excluir,humano/revisor_humano_1,corrigida,ia_subagente,exclusão por título de registro sem resumo proposta pelos triadores de IA; o usuário não conferiu (23/09/2026). Refeita pela Emenda 6b
473,2026-09-20T12:38:23Z,decisao_override,06_triagem_ta,RS3613 ta_v1 excluir,humano/revisor_humano_1,corrigida,ia_subagente,exclusão por título de registro sem resumo proposta pelos triadores de IA; o usuário não conferiu (23/09/2026). Refeita pela Emenda 6b
474,2026-09-20T12:38:24Z,decisao_override,06_triagem_ta,RS3467 ta_v1 excluir,humano/revisor_humano_1,corrigida,ia_subagente,exclusão por título de registro sem resumo proposta pelos triadores de IA; o usuário não conferiu (23/09/2026). Refeita pela Emenda 6b
475,2026-09-20T12:38:24Z,decisao_override,06_triagem_ta,RS4112 ta_v1 excluir,humano/revisor_humano_1,corrigida,ia_subagente,exclusão por título de registro sem resumo proposta pelos triadores de IA; o usuário não conferiu (23/09/2026). Refeita pela Emenda 6b
476,2026-09-20T12:38:24Z,decisao_override,06_triagem_ta,RS4065 ta_v1 excluir,humano/revisor_humano_1,corrigida,ia_subagente,exclusão por título de registro sem resumo proposta pelos triadores de IA; o usuário não conferiu (23/09/2026). Refeita pela Emenda 6b
477,2026-09-20T12:38:25Z,decisao_override,06_triagem_ta,RS3666 ta_v1 excluir,humano/revisor_humano_1,corrigida,ia_subagente,exclusão por título de registro sem resumo proposta pelos triadores de IA; o usuário não conferiu (23/09/2026). Refeita pela Emenda 6b
478,2026-09-20T12:38:25Z,decisao_override,06_triagem_ta,RS3879 ta_v1 excluir,humano/revisor_humano_1,corrigida,ia_subagente,exclusão por título de registro sem resumo proposta pelos triadores de IA; o usuário não conferiu (23/09/2026). Refeita pela Emenda 6b
479,2026-09-20T12:38:25Z,decisao_override,06_triagem_ta,RS3399 ta_v1 excluir,humano/revisor_humano_1,corrigida,ia_subagente,exclusão por título de registro sem resumo proposta pelos triadores de IA; o usuário não conferiu (23/09/2026). Refeita pela Emenda 6b
480,2026-09-20T12:38:26Z,decisao_override,06_triagem_ta,RS3910 ta_v1 excluir,humano/revisor_humano_1,corrigida,ia_subagente,exclusão por título de registro sem resumo proposta pelos triadores de IA; o usuário não conferiu (23/09/2026). Refeita pela Emenda 6b
481,2026-09-20T12:38:26Z,decisao_override,06_triagem_ta,RS4064 ta_v1 excluir,humano/revisor_humano_1,corrigida,ia_subagente,exclusão por título de registro sem resumo proposta pelos triadores de IA; o usuário não conferiu (23/09/2026). Refeita pela Emenda 6b
482,2026-09-20T12:38:26Z,decisao_override,06_triagem_ta,RS3806 ta_v1 excluir,humano/revisor_humano_1,corrigida,ia_subagente,exclusão por título de registro sem resumo proposta pelos triadores de IA; o usuário não conferiu (23/09/2026). Refeita pela Emenda 6b
483,2026-09-20T12:38:27Z,decisao_override,06_triagem_ta,RS3920 ta_v1 excluir,humano/revisor_humano_1,corrigida,ia_subagente,exclusão por título de registro sem resumo proposta pelos triadores de IA; o usuário não conferiu (23/09/2026). Refeita pela Emenda 6b
484,2026-09-20T12:38:27Z,decisao_override,06_triagem_ta,RS3551 ta_v1 excluir,humano/revisor_humano_1,corrigida,ia_subagente,exclusão por título de registro sem resumo proposta pelos triadores de IA; o usuário não conferiu (23/09/2026). Refeita pela Emenda 6b
485,2026-09-20T12:38:27Z,decisao_override,06_triagem_ta,RS3975 ta_v1 excluir,humano/revisor_humano_1,corrigida,ia_subagente,exclusão por título de registro sem resumo proposta pelos triadores de IA; o usuário não conferiu (23/09/2026). Refeita pela Emenda 6b
486,2026-09-20T12:38:27Z,decisao_override,06_triagem_ta,RS3075 ta_v1 excluir,humano/revisor_humano_1,corrigida,ia_subagente,exclusão por título de registro sem resumo proposta pelos triadores de IA; o usuário não conferiu (23/09/2026). Refeita pela Emenda 6b
487,2026-09-20T12:38:28Z,decisao_override,06_triagem_ta,RS3495 ta_v1 excluir,humano/revisor_humano_1,corrigida,ia_subagente,exclusão por título de registro sem resumo proposta pelos triadores de IA; o usuário não conferiu (23/09/2026). Refeita pela Emenda 6b
488,2026-09-20T12:38:28Z,decisao_override,06_triagem_ta,RS2942 ta_v1 excluir,humano/revisor_humano_1,corrigida,ia_subagente,exclusão por título de registro sem resumo proposta pelos triadores de IA; o usuário não conferiu (23/09/2026). Refeita pela Emenda 6b
489,2026-09-20T12:38:28Z,decisao_override,06_triagem_ta,RS3299 ta_v1 excluir,humano/revisor_humano_1,corrigida,ia_subagente,exclusão por título de registro sem resumo proposta pelos triadores de IA; o usuário não conferiu (23/09/2026). Refeita pela Emenda 6b
490,2026-09-20T12:38:29Z,decisao_override,06_triagem_ta,RS3593 ta_v1 excluir,humano/revisor_humano_1,corrigida,ia_subagente,exclusão por título de registro sem resumo proposta pelos triadores de IA; o usuário não conferiu (23/09/2026). Refeita pela Emenda 6b
491,2026-09-20T12:38:29Z,decisao_override,06_triagem_ta,RS3663 ta_v1 excluir,humano/revisor_humano_1,corrigida,ia_subagente,exclusão por título de registro sem resumo proposta pelos triadores de IA; o usuário não conferiu (23/09/2026). Refeita pela Emenda 6b
492,2026-09-20T12:38:29Z,decisao_override,06_triagem_ta,RS3574 ta_v1 excluir,humano/revisor_humano_1,corrigida,ia_subagente,exclusão por título de registro sem resumo proposta pelos triadores de IA; o usuário não conferiu (23/09/2026). Refeita pela Emenda 6b
493,2026-09-20T12:38:30Z,decisao_override,06_triagem_ta,RS3490 ta_v1 excluir,humano/revisor_humano_1,corrigida,ia_subagente,exclusão por título de registro sem resumo proposta pelos triadores de IA; o usuário não conferiu (23/09/2026). Refeita pela Emenda 6b
494,2026-09-20T12:38:30Z,decisao_override,06_triagem_ta,RS3562 ta_v1 excluir,humano/revisor_humano_1,corrigida,ia_subagente,exclusão por título de registro sem resumo proposta pelos triadores de IA; o usuário não conferiu (23/09/2026). Refeita pela Emenda 6b
495,2026-09-20T12:38:30Z,decisao_override,06_triagem_ta,RS3724 ta_v1 excluir,humano/revisor_humano_1,corrigida,ia_subagente,exclusão por título de registro sem resumo proposta pelos triadores de IA; o usuário não conferiu (23/09/2026). Refeita pela Emenda 6b
496,2026-09-20T12:38:30Z,decisao_override,06_triagem_ta,RS3565 ta_v1 excluir,humano/revisor_humano_1,corrigida,ia_subagente,exclusão por título de registro sem resumo proposta pelos triadores de IA; o usuário não conferiu (23/09/2026). Refeita pela Emenda 6b
497,2026-09-20T12:38:31Z,decisao_override,06_triagem_ta,RS3095 ta_v1 excluir,humano/revisor_humano_1,corrigida,ia_subagente,exclusão por título de registro sem resumo proposta pelos triadores de IA; o usuário não conferiu (23/09/2026). Refeita pela Emenda 6b
498,2026-09-20T12:38:31Z,decisao_override,06_triagem_ta,RS3913 ta_v1 excluir,humano/revisor_humano_1,corrigida,ia_subagente,exclusão por título de registro sem resumo proposta pelos triadores de IA; o usuário não conferiu (23/09/2026). Refeita pela Emenda 6b
499,2026-09-20T12:38:31Z,decisao_override,06_triagem_ta,RS3281 ta_v1 excluir,humano/revisor_humano_1,corrigida,ia_subagente,exclusão por título de registro sem resumo proposta pelos triadores de IA; o usuário não conferiu (23/09/2026). Refeita pela Emenda 6b
500,2026-09-20T12:38:32Z,decisao_override,06_triagem_ta,RS3703 ta_v1 excluir,humano/revisor_humano_1,corrigida,ia_subagente,exclusão por título de registro sem resumo proposta pelos triadores de IA; o usuário não conferiu (23/09/2026). Refeita pela Emenda 6b
501,2026-09-20T12:38:32Z,decisao_override,06_triagem_ta,RS2979 ta_v1 excluir,humano/revisor_humano_1,corrigida,ia_subagente,exclusão por título de registro sem resumo proposta pelos triadores de IA; o usuário não conferiu (23/09/2026). Refeita pela Emenda 6b
502,2026-09-20T12:38:32Z,decisao_override,06_triagem_ta,RS3364 ta_v1 excluir,humano/revisor_humano_1,corrigida,ia_subagente,exclusão por título de registro sem resumo proposta pelos triadores de IA; o usuário não conferiu (23/09/2026). Refeita pela Emenda 6b
503,2026-09-20T12:38:33Z,decisao_override,06_triagem_ta,RS3603 ta_v1 excluir,humano/revisor_humano_1,corrigida,ia_subagente,exclusão por título de registro sem resumo proposta pelos triadores de IA; o usuário não conferiu (23/09/2026). Refeita pela Emenda 6b
504,2026-09-20T12:38:33Z,decisao_override,06_triagem_ta,RS3288 ta_v1 excluir,humano/revisor_humano_1,corrigida,ia_subagente,exclusão por título de registro sem resumo proposta pelos triadores de IA; o usuário não conferiu (23/09/2026). Refeita pela Emenda 6b
505,2026-09-20T12:38:33Z,decisao_override,06_triagem_ta,RS3828 ta_v1 excluir,humano/revisor_humano_1,corrigida,ia_subagente,exclusão por título de registro sem resumo proposta pelos triadores de IA; o usuário não conferiu (23/09/2026). Refeita pela Emenda 6b
506,2026-09-20T12:38:34Z,decisao_override,06_triagem_ta,RS3747 ta_v1 excluir,humano/revisor_humano_1,corrigida,ia_subagente,exclusão por título de registro sem resumo proposta pelos triadores de IA; o usuário não conferiu (23/09/2026). Refeita pela Emenda 6b
507,2026-09-20T12:38:34Z,decisao_override,06_triagem_ta,RS3982 ta_v1 excluir,humano/revisor_humano_1,corrigida,ia_subagente,exclusão por título de registro sem resumo proposta pelos triadores de IA; o usuário não conferiu (23/09/2026). Refeita pela Emenda 6b
508,2026-09-20T12:38:34Z,decisao_override,06_triagem_ta,RS4025 ta_v1 excluir,humano/revisor_humano_1,corrigida,ia_subagente,exclusão por título de registro sem resumo proposta pelos triadores de IA; o usuário não conferiu (23/09/2026). Refeita pela Emenda 6b
509,2026-09-20T12:38:34Z,decisao_override,06_triagem_ta,RS3649 ta_v1 excluir,humano/revisor_humano_1,corrigida,ia_subagente,exclusão por título de registro sem resumo proposta pelos triadores de IA; o usuário não conferiu (23/09/2026). Refeita pela Emenda 6b
510,2026-09-20T12:38:35Z,decisao_override,06_triagem_ta,RS3919 ta_v1 excluir,humano/revisor_humano_1,corrigida,ia_subagente,exclusão por título de registro sem resumo proposta pelos triadores de IA; o usuário não conferiu (23/09/2026). Refeita pela Emenda 6b
511,2026-09-20T12:38:35Z,decisao_override,06_triagem_ta,RS3555 ta_v1 excluir,humano/revisor_humano_1,corrigida,ia_subagente,exclusão por título de registro sem resumo proposta pelos triadores de IA; o usuário não conferiu (23/09/2026). Refeita pela Emenda 6b
512,2026-09-20T12:38:35Z,decisao_override,06_triagem_ta,RS3661 ta_v1 excluir,humano/revisor_humano_1,corrigida,ia_subagente,exclusão por título de registro sem resumo proposta pelos triadores de IA; o usuário não conferiu (23/09/2026). Refeita pela Emenda 6b
513,2026-09-20T12:38:36Z,decisao_override,06_triagem_ta,RS4024 ta_v1 excluir,humano/revisor_humano_1,corrigida,ia_subagente,exclusão por título de registro sem resumo proposta pelos triadores de IA; o usuário não conferiu (23/09/2026). Refeita pela Emenda 6b
514,2026-09-20T12:38:36Z,decisao_override,06_triagem_ta,RS4030 ta_v1 excluir,humano/revisor_humano_1,corrigida,ia_subagente,exclusão por título de registro sem resumo proposta pelos triadores de IA; o usuário não conferiu (23/09/2026). Refeita pela Emenda 6b
515,2026-09-20T12:38:36Z,decisao_override,06_triagem_ta,RS3533 ta_v1 excluir,humano/revisor_humano_1,corrigida,ia_subagente,exclusão por título de registro sem resumo proposta pelos triadores de IA; o usuário não conferiu (23/09/2026). Refeita pela Emenda 6b
516,2026-09-20T12:38:37Z,decisao_override,06_triagem_ta,RS3794 ta_v1 excluir,humano/revisor_humano_1,corrigida,ia_subagente,exclusão por título de registro sem resumo proposta pelos triadores de IA; o usuário não conferiu (23/09/2026). Refeita pela Emenda 6b
517,2026-09-20T12:38:37Z,decisao_override,06_triagem_ta,RS3824 ta_v1 excluir,humano/revisor_humano_1,corrigida,ia_subagente,exclusão por título de registro sem resumo proposta pelos triadores de IA; o usuário não conferiu (23/09/2026). Refeita pela Emenda 6b
518,2026-09-20T12:38:37Z,decisao_override,06_triagem_ta,RS3543 ta_v1 excluir,humano/revisor_humano_1,corrigida,ia_subagente,exclusão por título de registro sem resumo proposta pelos triadores de IA; o usuário não conferiu (23/09/2026). Refeita pela Emenda 6b
519,2026-09-20T12:38:37Z,decisao_override,06_triagem_ta,RS3501 ta_v1 excluir,humano/revisor_humano_1,corrigida,ia_subagente,exclusão por título de registro sem resumo proposta pelos triadores de IA; o usuário não conferiu (23/09/2026). Refeita pela Emenda 6b
520,2026-09-20T12:38:38Z,decisao_override,06_triagem_ta,RS3925 ta_v1 excluir,humano/revisor_humano_1,corrigida,ia_subagente,exclusão por título de registro sem resumo proposta pelos triadores de IA; o usuário não conferiu (23/09/2026). Refeita pela Emenda 6b
521,2026-09-20T12:38:38Z,decisao_override,06_triagem_ta,RS3448 ta_v1 excluir,humano/revisor_humano_1,corrigida,ia_subagente,exclusão por título de registro sem resumo proposta pelos triadores de IA; o usuário não conferiu (23/09/2026). Refeita pela Emenda 6b
522,2026-09-20T12:38:38Z,decisao_override,06_triagem_ta,RS3734 ta_v1 excluir,humano/revisor_humano_1,corrigida,ia_subagente,exclusão por título de registro sem resumo proposta pelos triadores de IA; o usuário não conferiu (23/09/2026). Refeita pela Emenda 6b
523,2026-09-20T12:38:39Z,decisao_override,06_triagem_ta,RS3721 ta_v1 excluir,humano/revisor_humano_1,corrigida,ia_subagente,exclusão por título de registro sem resumo proposta pelos triadores de IA; o usuário não conferiu (23/09/2026). Refeita pela Emenda 6b
524,2026-09-20T12:38:39Z,decisao_override,06_triagem_ta,RS3696 ta_v1 excluir,humano/revisor_humano_1,corrigida,ia_subagente,exclusão por título de registro sem resumo proposta pelos triadores de IA; o usuário não conferiu (23/09/2026). Refeita pela Emenda 6b
525,2026-09-20T12:38:39Z,decisao_override,06_triagem_ta,RS2984 ta_v1 excluir,humano/revisor_humano_1,corrigida,ia_subagente,exclusão por título de registro sem resumo proposta pelos triadores de IA; o usuário não conferiu (23/09/2026). Refeita pela Emenda 6b
526,2026-09-20T12:38:40Z,decisao_override,06_triagem_ta,RS3570 ta_v1 excluir,humano/revisor_humano_1,corrigida,ia_subagente,exclusão por título de registro sem resumo proposta pelos triadores de IA; o usuário não conferiu (23/09/2026). Refeita pela Emenda 6b
527,2026-09-20T12:38:40Z,decisao_override,06_triagem_ta,RS3671 ta_v1 excluir,humano/revisor_humano_1,corrigida,ia_subagente,exclusão por título de registro sem resumo proposta pelos triadores de IA; o usuário não conferiu (23/09/2026). Refeita pela Emenda 6b
528,2026-09-20T12:38:40Z,decisao_override,06_triagem_ta,RS3864 ta_v1 excluir,humano/revisor_humano_1,corrigida,ia_subagente,exclusão por título de registro sem resumo proposta pelos triadores de IA; o usuário não conferiu (23/09/2026). Refeita pela Emenda 6b
529,2026-09-20T12:38:41Z,decisao_override,06_triagem_ta,RS3650 ta_v1 excluir,humano/revisor_humano_1,corrigida,ia_subagente,exclusão por título de registro sem resumo proposta pelos triadores de IA; o usuário não conferiu (23/09/2026). Refeita pela Emenda 6b
530,2026-09-20T12:38:41Z,decisao_override,06_triagem_ta,RS3561 ta_v1 excluir,humano/revisor_humano_1,corrigida,ia_subagente,exclusão por título de registro sem resumo proposta pelos triadores de IA; o usuário não conferiu (23/09/2026). Refeita pela Emenda 6b
531,2026-09-20T12:38:41Z,decisao_override,06_triagem_ta,RS3839 ta_v1 excluir,humano/revisor_humano_1,corrigida,ia_subagente,exclusão por título de registro sem resumo proposta pelos triadores de IA; o usuário não conferiu (23/09/2026). Refeita pela Emenda 6b
532,2026-09-20T12:38:41Z,decisao_override,06_triagem_ta,RS3762 ta_v1 excluir,humano/revisor_humano_1,corrigida,ia_subagente,exclusão por título de registro sem resumo proposta pelos triadores de IA; o usuário não conferiu (23/09/2026). Refeita pela Emenda 6b
533,2026-09-20T12:38:42Z,decisao_override,06_triagem_ta,RS3503 ta_v1 excluir,humano/revisor_humano_1,corrigida,ia_subagente,exclusão por título de registro sem resumo proposta pelos triadores de IA; o usuário não conferiu (23/09/2026). Refeita pela Emenda 6b
534,2026-09-20T12:38:42Z,decisao_override,06_triagem_ta,RS4059 ta_v1 excluir,humano/revisor_humano_1,corrigida,ia_subagente,exclusão por título de registro sem resumo proposta pelos triadores de IA; o usuário não conferiu (23/09/2026). Refeita pela Emenda 6b
535,2026-09-20T12:38:42Z,decisao_override,06_triagem_ta,RS3851 ta_v1 excluir,humano/revisor_humano_1,corrigida,ia_subagente,exclusão por título de registro sem resumo proposta pelos triadores de IA; o usuário não conferiu (23/09/2026). Refeita pela Emenda 6b
536,2026-09-20T12:38:43Z,decisao_override,06_triagem_ta,RS3899 ta_v1 excluir,humano/revisor_humano_1,corrigida,ia_subagente,exclusão por título de registro sem resumo proposta pelos triadores de IA; o usuário não conferiu (23/09/2026). Refeita pela Emenda 6b
537,2026-09-20T12:38:43Z,decisao_override,06_triagem_ta,RS4028 ta_v1 excluir,humano/revisor_humano_1,corrigida,ia_subagente,exclusão por título de registro sem resumo proposta pelos triadores de IA; o usuário não conferiu (23/09/2026). Refeita pela Emenda 6b
538,2026-09-20T12:38:43Z,decisao_override,06_triagem_ta,RS3556 ta_v1 excluir,humano/revisor_humano_1,corrigida,ia_subagente,exclusão por título de registro sem resumo proposta pelos triadores de IA; o usuário não conferiu (23/09/2026). Refeita pela Emenda 6b
539,2026-09-20T12:38:44Z,decisao_override,06_triagem_ta,RS3749 ta_v1 excluir,humano/revisor_humano_1,corrigida,ia_subagente,exclusão por título de registro sem resumo proposta pelos triadores de IA; o usuário não conferiu (23/09/2026). Refeita pela Emenda 6b
540,2026-09-20T12:38:44Z,decisao_override,06_triagem_ta,RS3819 ta_v1 excluir,humano/revisor_humano_1,corrigida,ia_subagente,exclusão por título de registro sem resumo proposta pelos triadores de IA; o usuário não conferiu (23/09/2026). Refeita pela Emenda 6b
541,2026-09-20T12:38:44Z,decisao_override,06_triagem_ta,RS3537 ta_v1 excluir,humano/revisor_humano_1,corrigida,ia_subagente,exclusão por título de registro sem resumo proposta pelos triadores de IA; o usuário não conferiu (23/09/2026). Refeita pela Emenda 6b
542,2026-09-20T12:38:45Z,decisao_override,06_triagem_ta,RS3853 ta_v1 excluir,humano/revisor_humano_1,corrigida,ia_subagente,exclusão por título de registro sem resumo proposta pelos triadores de IA; o usuário não conferiu (23/09/2026). Refeita pela Emenda 6b
543,2026-09-20T12:38:45Z,decisao_override,06_triagem_ta,RS3844 ta_v1 excluir,humano/revisor_humano_1,corrigida,ia_subagente,exclusão por título de registro sem resumo proposta pelos triadores de IA; o usuário não conferiu (23/09/2026). Refeita pela Emenda 6b
544,2026-09-20T12:38:45Z,decisao_override,06_triagem_ta,RS3575 ta_v1 excluir,humano/revisor_humano_1,corrigida,ia_subagente,exclusão por título de registro sem resumo proposta pelos triadores de IA; o usuário não conferiu (23/09/2026). Refeita pela Emenda 6b
545,2026-09-20T12:38:45Z,decisao_override,06_triagem_ta,RS3416 ta_v1 excluir,humano/revisor_humano_1,corrigida,ia_subagente,exclusão por título de registro sem resumo proposta pelos triadores de IA; o usuário não conferiu (23/09/2026). Refeita pela Emenda 6b
546,2026-09-20T12:38:46Z,decisao_override,06_triagem_ta,RS3887 ta_v1 excluir,humano/revisor_humano_1,corrigida,ia_subagente,exclusão por título de registro sem resumo proposta pelos triadores de IA; o usuário não conferiu (23/09/2026). Refeita pela Emenda 6b
552,2026-09-20T15:43:10Z,emenda_protocolo,03_protocolo,"{""arquivo"": ""00-protocolo/protocolo.md"", ""sha256_anterior"": ""be9b264196d61ce2c36",humano/revisor_humano_1,mantida,humano,Emenda 1: o usuário escolheu entre duas alternativas na conversa (confirmado em 23/09/2026)
553,2026-09-20T15:43:50Z,decisao_override,07_textos_elegibilidade,RS3978 tc incluir,humano/revisor_humano_1,mantida,humano,caso limítrofe apresentado ao usuário e decidido na conversa (confirmado em 23/09/2026)
554,2026-09-20T15:43:50Z,decisao_override,07_textos_elegibilidade,RS3994 tc incluir,humano/revisor_humano_1,mantida,humano,caso limítrofe apresentado ao usuário e decidido na conversa (confirmado em 23/09/2026)
555,2026-09-20T15:43:51Z,decisao_override,07_textos_elegibilidade,RS3796 tc incluir,humano/revisor_humano_1,mantida,humano,caso limítrofe apresentado ao usuário e decidido na conversa (confirmado em 23/09/2026)
556,2026-09-20T15:43:51Z,decisao_override,07_textos_elegibilidade,RS3832 tc incluir,humano/revisor_humano_1,mantida,humano,caso limítrofe apresentado ao usuário e decidido na conversa (confirmado em 23/09/2026)
557,2026-09-20T15:43:58Z,decisao_override,07_textos_elegibilidade,RS3656 tc excluir,humano/revisor_humano_1,mantida,humano,"linha de teste (""teste""), substituída pela seq 558 com a mesma decisão"
558,2026-09-20T15:44:13Z,decisao_override,07_textos_elegibilidade,RS3656 tc excluir,humano/revisor_humano_1,mantida,humano,caso limítrofe apresentado ao usuário e decidido na conversa (confirmado em 23/09/2026)
559,2026-09-20T15:44:14Z,decisao_override,07_textos_elegibilidade,RS3677 tc excluir,humano/revisor_humano_1,mantida,humano,caso limítrofe apresentado ao usuário e decidido na conversa (confirmado em 23/09/2026)
560,2026-09-20T15:44:14Z,decisao_override,07_textos_elegibilidade,RS3745 tc excluir,humano/revisor_humano_1,mantida,humano,caso limítrofe apresentado ao usuário e decidido na conversa (confirmado em 23/09/2026)
561,2026-09-20T15:44:14Z,decisao_override,07_textos_elegibilidade,RS3592 tc excluir,humano/revisor_humano_1,mantida,humano,caso limítrofe apresentado ao usuário e decidido na conversa (confirmado em 23/09/2026)
562,2026-09-20T15:44:15Z,decisao_override,07_textos_elegibilidade,RS2507 tc excluir,humano/revisor_humano_1,mantida,humano,caso limítrofe apresentado ao usuário e decidido na conversa (confirmado em 23/09/2026)
605,2026-09-20T16:28:15Z,decisao_override,06_triagem_ta,RS4119 ta_v1 excluir,humano/revisor_humano_1,corrigida,ia_subagente,exclusão por título de registro sem resumo proposta pelos triadores de IA; o usuário não conferiu (23/09/2026). Refeita pela Emenda 6b
606,2026-09-20T16:28:15Z,decisao_override,06_triagem_ta,RS4123 ta_v1 excluir,humano/revisor_humano_1,corrigida,ia_subagente,exclusão por título de registro sem resumo proposta pelos triadores de IA; o usuário não conferiu (23/09/2026). Refeita pela Emenda 6b
607,2026-09-20T16:28:15Z,decisao_override,06_triagem_ta,RS4129 ta_v1 excluir,humano/revisor_humano_1,corrigida,ia_subagente,exclusão por título de registro sem resumo proposta pelos triadores de IA; o usuário não conferiu (23/09/2026). Refeita pela Emenda 6b
608,2026-09-20T16:28:16Z,decisao_override,06_triagem_ta,RS4130 ta_v1 excluir,humano/revisor_humano_1,corrigida,ia_subagente,exclusão por título de registro sem resumo proposta pelos triadores de IA; o usuário não conferiu (23/09/2026). Refeita pela Emenda 6b
609,2026-09-20T16:28:16Z,decisao_override,06_triagem_ta,RS4201 ta_v1 excluir,humano/revisor_humano_1,corrigida,ia_subagente,exclusão por título de registro sem resumo proposta pelos triadores de IA; o usuário não conferiu (23/09/2026). Refeita pela Emenda 6b
610,2026-09-20T16:28:16Z,decisao_override,06_triagem_ta,RS4208 ta_v1 excluir,humano/revisor_humano_1,corrigida,ia_subagente,exclusão por título de registro sem resumo proposta pelos triadores de IA; o usuário não conferiu (23/09/2026). Refeita pela Emenda 6b
611,2026-09-20T16:28:17Z,decisao_override,06_triagem_ta,RS4213 ta_v1 excluir,humano/revisor_humano_1,corrigida,ia_subagente,exclusão por título de registro sem resumo proposta pelos triadores de IA; o usuário não conferiu (23/09/2026). Refeita pela Emenda 6b
612,2026-09-20T16:28:17Z,decisao_override,06_triagem_ta,RS4215 ta_v1 excluir,humano/revisor_humano_1,corrigida,ia_subagente,exclusão por título de registro sem resumo proposta pelos triadores de IA; o usuário não conferiu (23/09/2026). Refeita pela Emenda 6b
613,2026-09-20T16:28:17Z,decisao_override,06_triagem_ta,RS4221 ta_v1 excluir,humano/revisor_humano_1,corrigida,ia_subagente,exclusão por título de registro sem resumo proposta pelos triadores de IA; o usuário não conferiu (23/09/2026). Refeita pela Emenda 6b
614,2026-09-20T16:28:18Z,decisao_override,06_triagem_ta,RS4267 ta_v1 excluir,humano/revisor_humano_1,corrigida,ia_subagente,exclusão por título de registro sem resumo proposta pelos triadores de IA; o usuário não conferiu (23/09/2026). Refeita pela Emenda 6b
615,2026-09-20T16:28:18Z,decisao_override,06_triagem_ta,RS4268 ta_v1 excluir,humano/revisor_humano_1,corrigida,ia_subagente,exclusão por título de registro sem resumo proposta pelos triadores de IA; o usuário não conferiu (23/09/2026). Refeita pela Emenda 6b
616,2026-09-20T16:28:18Z,decisao_override,06_triagem_ta,RS4272 ta_v1 excluir,humano/revisor_humano_1,corrigida,ia_subagente,exclusão por título de registro sem resumo proposta pelos triadores de IA; o usuário não conferiu (23/09/2026). Refeita pela Emenda 6b
617,2026-09-20T16:28:19Z,decisao_override,06_triagem_ta,RS4281 ta_v1 excluir,humano/revisor_humano_1,corrigida,ia_subagente,exclusão por título de registro sem resumo proposta pelos triadores de IA; o usuário não conferiu (23/09/2026). Refeita pela Emenda 6b
618,2026-09-20T16:28:19Z,decisao_override,06_triagem_ta,RS4294 ta_v1 excluir,humano/revisor_humano_1,corrigida,ia_subagente,exclusão por título de registro sem resumo proposta pelos triadores de IA; o usuário não conferiu (23/09/2026). Refeita pela Emenda 6b
619,2026-09-20T16:28:19Z,decisao_override,06_triagem_ta,RS4296 ta_v1 excluir,humano/revisor_humano_1,corrigida,ia_subagente,exclusão por título de registro sem resumo proposta pelos triadores de IA; o usuário não conferiu (23/09/2026). Refeita pela Emenda 6b
620,2026-09-20T16:28:19Z,decisao_override,06_triagem_ta,RS4297 ta_v1 excluir,humano/revisor_humano_1,corrigida,ia_subagente,exclusão por título de registro sem resumo proposta pelos triadores de IA; o usuário não conferiu (23/09/2026). Refeita pela Emenda 6b
621,2026-09-20T16:28:20Z,decisao_override,06_triagem_ta,RS4335 ta_v1 excluir,humano/revisor_humano_1,corrigida,ia_subagente,exclusão por título de registro sem resumo proposta pelos triadores de IA; o usuário não conferiu (23/09/2026). Refeita pela Emenda 6b
622,2026-09-20T16:28:20Z,decisao_override,06_triagem_ta,RS4339 ta_v1 excluir,humano/revisor_humano_1,corrigida,ia_subagente,exclusão por título de registro sem resumo proposta pelos triadores de IA; o usuário não conferiu (23/09/2026). Refeita pela Emenda 6b
623,2026-09-20T16:28:20Z,decisao_override,06_triagem_ta,RS4344 ta_v1 excluir,humano/revisor_humano_1,corrigida,ia_subagente,exclusão por título de registro sem resumo proposta pelos triadores de IA; o usuário não conferiu (23/09/2026). Refeita pela Emenda 6b
624,2026-09-20T16:28:21Z,decisao_override,06_triagem_ta,RS4349 ta_v1 excluir,humano/revisor_humano_1,corrigida,ia_subagente,exclusão por título de registro sem resumo proposta pelos triadores de IA; o usuário não conferiu (23/09/2026). Refeita pela Emenda 6b
625,2026-09-20T16:28:21Z,decisao_override,06_triagem_ta,RS4351 ta_v1 excluir,humano/revisor_humano_1,corrigida,ia_subagente,exclusão por título de registro sem resumo proposta pelos triadores de IA; o usuário não conferiu (23/09/2026). Refeita pela Emenda 6b
626,2026-09-20T16:28:21Z,decisao_override,06_triagem_ta,RS4354 ta_v1 excluir,humano/revisor_humano_1,corrigida,ia_subagente,exclusão por título de registro sem resumo proposta pelos triadores de IA; o usuário não conferiu (23/09/2026). Refeita pela Emenda 6b
627,2026-09-20T16:28:22Z,decisao_override,06_triagem_ta,RS4355 ta_v1 excluir,humano/revisor_humano_1,corrigida,ia_subagente,exclusão por título de registro sem resumo proposta pelos triadores de IA; o usuário não conferiu (23/09/2026). Refeita pela Emenda 6b
628,2026-09-20T16:28:22Z,decisao_override,06_triagem_ta,RS4356 ta_v1 excluir,humano/revisor_humano_1,corrigida,ia_subagente,exclusão por título de registro sem resumo proposta pelos triadores de IA; o usuário não conferiu (23/09/2026). Refeita pela Emenda 6b
629,2026-09-20T16:28:23Z,decisao_override,06_triagem_ta,RS4357 ta_v1 excluir,humano/revisor_humano_1,corrigida,ia_subagente,exclusão por título de registro sem resumo proposta pelos triadores de IA; o usuário não conferiu (23/09/2026). Refeita pela Emenda 6b
630,2026-09-20T16:28:23Z,decisao_override,06_triagem_ta,RS4369 ta_v1 excluir,humano/revisor_humano_1,corrigida,ia_subagente,exclusão por título de registro sem resumo proposta pelos triadores de IA; o usuário não conferiu (23/09/2026). Refeita pela Emenda 6b
631,2026-09-20T16:28:23Z,decisao_override,06_triagem_ta,RS4370 ta_v1 excluir,humano/revisor_humano_1,corrigida,ia_subagente,exclusão por título de registro sem resumo proposta pelos triadores de IA; o usuário não conferiu (23/09/2026). Refeita pela Emenda 6b
632,2026-09-20T16:28:24Z,decisao_override,06_triagem_ta,RS4372 ta_v1 excluir,humano/revisor_humano_1,corrigida,ia_subagente,exclusão por título de registro sem resumo proposta pelos triadores de IA; o usuário não conferiu (23/09/2026). Refeita pela Emenda 6b
633,2026-09-20T16:28:24Z,decisao_override,06_triagem_ta,RS4374 ta_v1 excluir,humano/revisor_humano_1,corrigida,ia_subagente,exclusão por título de registro sem resumo proposta pelos triadores de IA; o usuário não conferiu (23/09/2026). Refeita pela Emenda 6b
634,2026-09-20T16:28:24Z,decisao_override,06_triagem_ta,RS4378 ta_v1 excluir,humano/revisor_humano_1,corrigida,ia_subagente,exclusão por título de registro sem resumo proposta pelos triadores de IA; o usuário não conferiu (23/09/2026). Refeita pela Emenda 6b
635,2026-09-20T16:28:25Z,decisao_override,06_triagem_ta,RS4382 ta_v1 excluir,humano/revisor_humano_1,corrigida,ia_subagente,exclusão por título de registro sem resumo proposta pelos triadores de IA; o usuário não conferiu (23/09/2026). Refeita pela Emenda 6b
636,2026-09-20T16:28:25Z,decisao_override,06_triagem_ta,RS4383 ta_v1 excluir,humano/revisor_humano_1,corrigida,ia_subagente,exclusão por título de registro sem resumo proposta pelos triadores de IA; o usuário não conferiu (23/09/2026). Refeita pela Emenda 6b
637,2026-09-20T16:28:25Z,decisao_override,06_triagem_ta,RS4384 ta_v1 excluir,humano/revisor_humano_1,corrigida,ia_subagente,exclusão por título de registro sem resumo proposta pelos triadores de IA; o usuário não conferiu (23/09/2026). Refeita pela Emenda 6b
638,2026-09-20T16:28:26Z,decisao_override,06_triagem_ta,RS4385 ta_v1 excluir,humano/revisor_humano_1,corrigida,ia_subagente,exclusão por título de registro sem resumo proposta pelos triadores de IA; o usuário não conferiu (23/09/2026). Refeita pela Emenda 6b
639,2026-09-20T16:28:26Z,decisao_override,06_triagem_ta,RS4395 ta_v1 excluir,humano/revisor_humano_1,corrigida,ia_subagente,exclusão por título de registro sem resumo proposta pelos triadores de IA; o usuário não conferiu (23/09/2026). Refeita pela Emenda 6b
640,2026-09-20T16:28:26Z,decisao_override,06_triagem_ta,RS4397 ta_v1 excluir,humano/revisor_humano_1,corrigida,ia_subagente,exclusão por título de registro sem resumo proposta pelos triadores de IA; o usuário não conferiu (23/09/2026). Refeita pela Emenda 6b
641,2026-09-20T16:28:27Z,decisao_override,06_triagem_ta,RS4401 ta_v1 excluir,humano/revisor_humano_1,corrigida,ia_subagente,exclusão por título de registro sem resumo proposta pelos triadores de IA; o usuário não conferiu (23/09/2026). Refeita pela Emenda 6b
642,2026-09-20T16:28:27Z,decisao_override,06_triagem_ta,RS4413 ta_v1 excluir,humano/revisor_humano_1,corrigida,ia_subagente,exclusão por título de registro sem resumo proposta pelos triadores de IA; o usuário não conferiu (23/09/2026). Refeita pela Emenda 6b
643,2026-09-20T16:28:27Z,decisao_override,06_triagem_ta,RS4421 ta_v1 excluir,humano/revisor_humano_1,corrigida,ia_subagente,exclusão por título de registro sem resumo proposta pelos triadores de IA; o usuário não conferiu (23/09/2026). Refeita pela Emenda 6b
644,2026-09-20T16:28:28Z,decisao_override,06_triagem_ta,RS4428 ta_v1 excluir,humano/revisor_humano_1,corrigida,ia_subagente,exclusão por título de registro sem resumo proposta pelos triadores de IA; o usuário não conferiu (23/09/2026). Refeita pela Emenda 6b
645,2026-09-20T16:28:28Z,decisao_override,06_triagem_ta,RS4434 ta_v1 excluir,humano/revisor_humano_1,corrigida,ia_subagente,exclusão por título de registro sem resumo proposta pelos triadores de IA; o usuário não conferiu (23/09/2026). Refeita pela Emenda 6b
646,2026-09-20T16:28:28Z,decisao_override,06_triagem_ta,RS4439 ta_v1 excluir,humano/revisor_humano_1,corrigida,ia_subagente,exclusão por título de registro sem resumo proposta pelos triadores de IA; o usuário não conferiu (23/09/2026). Refeita pela Emenda 6b
647,2026-09-20T16:28:29Z,decisao_override,06_triagem_ta,RS4449 ta_v1 excluir,humano/revisor_humano_1,corrigida,ia_subagente,exclusão por título de registro sem resumo proposta pelos triadores de IA; o usuário não conferiu (23/09/2026). Refeita pela Emenda 6b
648,2026-09-20T16:28:29Z,decisao_override,06_triagem_ta,RS4481 ta_v1 excluir,humano/revisor_humano_1,corrigida,ia_subagente,exclusão por título de registro sem resumo proposta pelos triadores de IA; o usuário não conferiu (23/09/2026). Refeita pela Emenda 6b
649,2026-09-20T16:28:29Z,decisao_override,06_triagem_ta,RS4482 ta_v1 excluir,humano/revisor_humano_1,corrigida,ia_subagente,exclusão por título de registro sem resumo proposta pelos triadores de IA; o usuário não conferiu (23/09/2026). Refeita pela Emenda 6b
650,2026-09-20T16:28:30Z,decisao_override,06_triagem_ta,RS4499 ta_v1 excluir,humano/revisor_humano_1,corrigida,ia_subagente,exclusão por título de registro sem resumo proposta pelos triadores de IA; o usuário não conferiu (23/09/2026). Refeita pela Emenda 6b
651,2026-09-20T16:28:30Z,decisao_override,06_triagem_ta,RS4500 ta_v1 excluir,humano/revisor_humano_1,corrigida,ia_subagente,exclusão por título de registro sem resumo proposta pelos triadores de IA; o usuário não conferiu (23/09/2026). Refeita pela Emenda 6b
652,2026-09-20T16:28:30Z,decisao_override,06_triagem_ta,RS4501 ta_v1 excluir,humano/revisor_humano_1,corrigida,ia_subagente,exclusão por título de registro sem resumo proposta pelos triadores de IA; o usuário não conferiu (23/09/2026). Refeita pela Emenda 6b
653,2026-09-20T16:28:31Z,decisao_override,06_triagem_ta,RS4502 ta_v1 excluir,humano/revisor_humano_1,corrigida,ia_subagente,exclusão por título de registro sem resumo proposta pelos triadores de IA; o usuário não conferiu (23/09/2026). Refeita pela Emenda 6b
654,2026-09-20T16:28:31Z,decisao_override,06_triagem_ta,RS4503 ta_v1 excluir,humano/revisor_humano_1,corrigida,ia_subagente,exclusão por título de registro sem resumo proposta pelos triadores de IA; o usuário não conferiu (23/09/2026). Refeita pela Emenda 6b
655,2026-09-20T16:28:31Z,decisao_override,06_triagem_ta,RS4507 ta_v1 excluir,humano/revisor_humano_1,corrigida,ia_subagente,exclusão por título de registro sem resumo proposta pelos triadores de IA; o usuário não conferiu (23/09/2026). Refeita pela Emenda 6b
656,2026-09-20T16:28:32Z,decisao_override,06_triagem_ta,RS4512 ta_v1 excluir,humano/revisor_humano_1,corrigida,ia_subagente,exclusão por título de registro sem resumo proposta pelos triadores de IA; o usuário não conferiu (23/09/2026). Refeita pela Emenda 6b
657,2026-09-20T16:28:32Z,decisao_override,06_triagem_ta,RS4513 ta_v1 excluir,humano/revisor_humano_1,corrigida,ia_subagente,exclusão por título de registro sem resumo proposta pelos triadores de IA; o usuário não conferiu (23/09/2026). Refeita pela Emenda 6b
658,2026-09-20T16:28:32Z,decisao_override,06_triagem_ta,RS4516 ta_v1 excluir,humano/revisor_humano_1,corrigida,ia_subagente,exclusão por título de registro sem resumo proposta pelos triadores de IA; o usuário não conferiu (23/09/2026). Refeita pela Emenda 6b
659,2026-09-20T16:28:33Z,decisao_override,06_triagem_ta,RS4518 ta_v1 excluir,humano/revisor_humano_1,corrigida,ia_subagente,exclusão por título de registro sem resumo proposta pelos triadores de IA; o usuário não conferiu (23/09/2026). Refeita pela Emenda 6b
660,2026-09-20T16:28:33Z,decisao_override,06_triagem_ta,RS4527 ta_v1 excluir,humano/revisor_humano_1,corrigida,ia_subagente,exclusão por título de registro sem resumo proposta pelos triadores de IA; o usuário não conferiu (23/09/2026). Refeita pela Emenda 6b
661,2026-09-20T16:28:33Z,decisao_override,06_triagem_ta,RS4528 ta_v1 excluir,humano/revisor_humano_1,corrigida,ia_subagente,exclusão por título de registro sem resumo proposta pelos triadores de IA; o usuário não conferiu (23/09/2026). Refeita pela Emenda 6b
669,2026-09-20T18:35:02Z,decisao_override,07_textos_elegibilidade,RS4220 tc excluir,humano/revisor_humano_1,corrigida,ia_coordenador,"aplicação pela IA de regra decidida pelo usuário (Grupo B do ciclo 2) a caso novo, sem conferência humana"
670,2026-09-20T18:35:02Z,decisao_override,07_textos_elegibilidade,RS4487 tc excluir,humano/revisor_humano_1,corrigida,ia_coordenador,"aplicação pela IA de regra decidida pelo usuário (Grupo B do ciclo 2) a caso novo, sem conferência humana"
671,2026-09-20T18:35:02Z,decisao_override,07_textos_elegibilidade,RS4361 tc excluir,humano/revisor_humano_1,corrigida,ia_coordenador,"aplicação pela IA de regra decidida pelo usuário (Grupo B do ciclo 2) a caso novo, sem conferência humana"
694,2026-09-20T19:04:04Z,decisao_override,06_triagem_ta,RS4578 ta_v1 excluir,humano/revisor_humano_1,corrigida,ia_subagente,exclusão por título de registro sem resumo proposta pelos triadores de IA; o usuário não conferiu (23/09/2026). Refeita pela Emenda 6b
695,2026-09-20T19:04:04Z,decisao_override,06_triagem_ta,RS4587 ta_v1 excluir,humano/revisor_humano_1,corrigida,ia_subagente,exclusão por título de registro sem resumo proposta pelos triadores de IA; o usuário não conferiu (23/09/2026). Refeita pela Emenda 6b
696,2026-09-20T19:04:05Z,decisao_override,06_triagem_ta,RS4591 ta_v1 excluir,humano/revisor_humano_1,corrigida,ia_subagente,exclusão por título de registro sem resumo proposta pelos triadores de IA; o usuário não conferiu (23/09/2026). Refeita pela Emenda 6b
697,2026-09-20T19:04:05Z,decisao_override,06_triagem_ta,RS4593 ta_v1 excluir,humano/revisor_humano_1,corrigida,ia_subagente,exclusão por título de registro sem resumo proposta pelos triadores de IA; o usuário não conferiu (23/09/2026). Refeita pela Emenda 6b
698,2026-09-20T19:04:05Z,decisao_override,06_triagem_ta,RS4598 ta_v1 excluir,humano/revisor_humano_1,corrigida,ia_subagente,exclusão por título de registro sem resumo proposta pelos triadores de IA; o usuário não conferiu (23/09/2026). Refeita pela Emenda 6b
699,2026-09-20T19:04:06Z,decisao_override,06_triagem_ta,RS4599 ta_v1 excluir,humano/revisor_humano_1,corrigida,ia_subagente,exclusão por título de registro sem resumo proposta pelos triadores de IA; o usuário não conferiu (23/09/2026). Refeita pela Emenda 6b
700,2026-09-20T19:04:06Z,decisao_override,06_triagem_ta,RS4609 ta_v1 excluir,humano/revisor_humano_1,corrigida,ia_subagente,exclusão por título de registro sem resumo proposta pelos triadores de IA; o usuário não conferiu (23/09/2026). Refeita pela Emenda 6b
701,2026-09-20T19:04:06Z,decisao_override,06_triagem_ta,RS4629 ta_v1 excluir,humano/revisor_humano_1,corrigida,ia_subagente,exclusão por título de registro sem resumo proposta pelos triadores de IA; o usuário não conferiu (23/09/2026). Refeita pela Emenda 6b
702,2026-09-20T19:04:07Z,decisao_override,06_triagem_ta,RS4634 ta_v1 excluir,humano/revisor_humano_1,corrigida,ia_subagente,exclusão por título de registro sem resumo proposta pelos triadores de IA; o usuário não conferiu (23/09/2026). Refeita pela Emenda 6b
718,2026-09-20T21:19:56Z,emenda_protocolo,03_protocolo,"{""arquivo"": ""00-protocolo/codebook_v0_efetividade.csv"", ""sha256_anterior"": ""8699",humano/revisor_humano_1,corrigida,ia_coordenador,Emenda 2 decidida pelo coordenador de IA em autopiloto (o próprio emendas.md diz isso); o log registrou ator humano
782,2026-09-23T19:27:53Z,pendencia_fechada,10_sintese,"{""pendencia"": ""P034""}",humano/revisor_humano_1,corrigida,ia_coordenador,"fechamento administrativo do P034, substituída pelo P036; nenhuma validação humana"
,2026-09-23,consenso_rob (arquivo),09_extracao_rob,rob2 Agranov2017a apoio_ao_lider D2,resolvido_por=revisor_humano_1,corrigida,ia_arbitro (claude-opus-5-5),Emenda 4d dizia confirmação em bloco; o usuário não conferiu. resolvido_por corrigido no arquivo de consenso
,2026-09-23,consenso_rob (arquivo),09_extracao_rob,rob2 Agranov2017a mobilizacao D2,resolvido_por=revisor_humano_1,corrigida,ia_arbitro (claude-opus-5-5),Emenda 4d dizia confirmação em bloco; o usuário não conferiu. resolvido_por corrigido no arquivo de consenso
,2026-09-23,consenso_rob (arquivo),09_extracao_rob,rob2 Boukouras2020a apoio_ao_lider D1,resolvido_por=revisor_humano_1,corrigida,ia_arbitro (claude-opus-5-5),Emenda 4d dizia confirmação em bloco; o usuário não conferiu. resolvido_por corrigido no arquivo de consenso
,2026-09-23,consenso_rob (arquivo),09_extracao_rob,rob2 Boukouras2020a apoio_ao_lider D2,resolvido_por=revisor_humano_1,corrigida,ia_arbitro (claude-opus-5-5),Emenda 4d dizia confirmação em bloco; o usuário não conferiu. resolvido_por corrigido no arquivo de consenso
,2026-09-23,consenso_rob (arquivo),09_extracao_rob,rob2 Cornejo2023a apoio_ao_lider D1,resolvido_por=revisor_humano_1,corrigida,ia_arbitro (claude-opus-5-5),Emenda 4d dizia confirmação em bloco; o usuário não conferiu. resolvido_por corrigido no arquivo de consenso
,2026-09-23,consenso_rob (arquivo),09_extracao_rob,rob2 Cornejo2023a apoio_ao_lider D2,resolvido_por=revisor_humano_1,corrigida,ia_arbitro (claude-opus-5-5),Emenda 4d dizia confirmação em bloco; o usuário não conferiu. resolvido_por corrigido no arquivo de consenso
,2026-09-23,consenso_rob (arquivo),09_extracao_rob,rob2 Cornejo2023a apoio_ao_lider D5,resolvido_por=revisor_humano_1,corrigida,ia_arbitro (claude-opus-5-5),Emenda 4d dizia confirmação em bloco; o usuário não conferiu. resolvido_por corrigido no arquivo de consenso
,2026-09-23,consenso_rob (arquivo),09_extracao_rob,rob2 Dahlgaard2016a apoio_ao_lider D3,resolvido_por=revisor_humano_1,corrigida,ia_arbitro (claude-opus-5-5),Emenda 4d dizia confirmação em bloco; o usuário não conferiu. resolvido_por corrigido no arquivo de consenso
,2026-09-23,consenso_rob (arquivo),09_extracao_rob,rob2 Erlich2023 mobilizacao D2,resolvido_por=revisor_humano_1,corrigida,ia_arbitro (claude-opus-5-5),Emenda 4d dizia confirmação em bloco; o usuário não conferiu. resolvido_por corrigido no arquivo de consenso
,2026-09-23,consenso_rob (arquivo),09_extracao_rob,rob2 Erlich2023 mobilizacao D4,resolvido_por=revisor_humano_1,corrigida,ia_arbitro (claude-opus-5-5),Emenda 4d dizia confirmação em bloco; o usuário não conferiu. resolvido_por corrigido no arquivo de consenso
,2026-09-23,consenso_rob (arquivo),09_extracao_rob,rob2 Farjam2020a apoio_ao_lider D1,resolvido_por=revisor_humano_1,corrigida,ia_arbitro (claude-opus-5-5),Emenda 4d dizia confirmação em bloco; o usuário não conferiu. resolvido_por corrigido no arquivo de consenso
,2026-09-23,consenso_rob (arquivo),09_extracao_rob,rob2 Farjam2020a apoio_ao_lider D2,resolvido_por=revisor_humano_1,corrigida,ia_arbitro (claude-opus-5-5),Emenda 4d dizia confirmação em bloco; o usuário não conferiu. resolvido_por corrigido no arquivo de consenso
,2026-09-23,consenso_rob (arquivo),09_extracao_rob,rob2 Farjam2020a apoio_ao_lider D5,resolvido_por=revisor_humano_1,corrigida,ia_arbitro (claude-opus-5-5),Emenda 4d dizia confirmação em bloco; o usuário não conferiu. resolvido_por corrigido no arquivo de consenso
,2026-09-23,consenso_rob (arquivo),09_extracao_rob,rob2 Fichnova2015a apoio_ao_lider D2,resolvido_por=revisor_humano_1,corrigida,ia_arbitro (claude-opus-5-5),Emenda 4d dizia confirmação em bloco; o usuário não conferiu. resolvido_por corrigido no arquivo de consenso
,2026-09-23,consenso_rob (arquivo),09_extracao_rob,rob2 Fichnova2015a apoio_ao_lider D5,resolvido_por=revisor_humano_1,corrigida,ia_arbitro (claude-opus-5-5),Emenda 4d dizia confirmação em bloco; o usuário não conferiu. resolvido_por corrigido no arquivo de consenso
,2026-09-23,consenso_rob (arquivo),09_extracao_rob,rob2 Freden2024a apoio_ao_lider D3,resolvido_por=revisor_humano_1,corrigida,ia_arbitro (claude-opus-5-5),Emenda 4d dizia confirmação em bloco; o usuário não conferiu. resolvido_por corrigido no arquivo de consenso
,2026-09-23,consenso_rob (arquivo),09_extracao_rob,rob2 Gandhi2019 apoio_ao_lider D2,resolvido_por=revisor_humano_1,corrigida,ia_arbitro (claude-opus-5-5),Emenda 4d dizia confirmação em bloco; o usuário não conferiu. resolvido_por corrigido no arquivo de consenso
,2026-09-23,consenso_rob (arquivo),09_extracao_rob,rob2 Gandhi2019 apoio_ao_lider D3,resolvido_por=revisor_humano_1,corrigida,ia_arbitro (claude-opus-5-5),Emenda 4d dizia confirmação em bloco; o usuário não conferiu. resolvido_por corrigido no arquivo de consenso
,2026-09-23,consenso_rob (arquivo),09_extracao_rob,rob2 Gerber2020a mobilizacao D3,resolvido_por=revisor_humano_1,corrigida,ia_arbitro (claude-opus-5-5),Emenda 4d dizia confirmação em bloco; o usuário não conferiu. resolvido_por corrigido no arquivo de consenso
,2026-09-23,consenso_rob (arquivo),09_extracao_rob,rob2 Gerber2020a mobilizacao D5,resolvido_por=revisor_humano_1,corrigida,ia_arbitro (claude-opus-5-5),Emenda 4d dizia confirmação em bloco; o usuário não conferiu. resolvido_por corrigido no arquivo de consenso
,2026-09-23,consenso_rob (arquivo),09_extracao_rob,rob2 Groer2010a mobilizacao D2,resolvido_por=revisor_humano_1,corrigida,ia_arbitro (claude-opus-5-5),Emenda 4d dizia confirmação em bloco; o usuário não conferiu. resolvido_por corrigido no arquivo de consenso
,2026-09-23,consenso_rob (arquivo),09_extracao_rob,rob2 Groer2010a mobilizacao D5,resolvido_por=revisor_humano_1,corrigida,ia_arbitro (claude-opus-5-5),Emenda 4d dizia confirmação em bloco; o usuário não conferiu. resolvido_por corrigido no arquivo de consenso
,2026-09-23,consenso_rob (arquivo),09_extracao_rob,rob2 Klor2017a apoio_ao_lider D2,resolvido_por=revisor_humano_1,corrigida,ia_arbitro (claude-opus-5-5),Emenda 4d dizia confirmação em bloco; o usuário não conferiu. resolvido_por corrigido no arquivo de consenso
,2026-09-23,consenso_rob (arquivo),09_extracao_rob,rob2 Klor2017a apoio_ao_lider D5,resolvido_por=revisor_humano_1,corrigida,ia_arbitro (claude-opus-5-5),Emenda 4d dizia confirmação em bloco; o usuário não conferiu. resolvido_por corrigido no arquivo de consenso
,2026-09-23,consenso_rob (arquivo),09_extracao_rob,rob2 Lammers2022a apoio_ao_lider D1,resolvido_por=revisor_humano_1,corrigida,ia_arbitro (claude-opus-5-5),Emenda 4d dizia confirmação em bloco; o usuário não conferiu. resolvido_por corrigido no arquivo de consenso
,2026-09-23,consenso_rob (arquivo),09_extracao_rob,rob2 Lammers2022a apoio_ao_lider D2,resolvido_por=revisor_humano_1,corrigida,ia_arbitro (claude-opus-5-5),Emenda 4d dizia confirmação em bloco; o usuário não conferiu. resolvido_por corrigido no arquivo de consenso
,2026-09-23,consenso_rob (arquivo),09_extracao_rob,rob2 Lammers2022a apoio_ao_lider D4,resolvido_por=revisor_humano_1,corrigida,ia_arbitro (claude-opus-5-5),Emenda 4d dizia confirmação em bloco; o usuário não conferiu. resolvido_por corrigido no arquivo de consenso
,2026-09-23,consenso_rob (arquivo),09_extracao_rob,rob2 Meer2015a apoio_ao_lider D4,resolvido_por=revisor_humano_1,corrigida,ia_arbitro (claude-opus-5-5),Emenda 4d dizia confirmação em bloco; o usuário não conferiu. resolvido_por corrigido no arquivo de consenso
,2026-09-23,consenso_rob (arquivo),09_extracao_rob,rob2 Meffert2011 apoio_ao_lider D1,resolvido_por=revisor_humano_1,corrigida,ia_arbitro (claude-opus-5-5),Emenda 4d dizia confirmação em bloco; o usuário não conferiu. resolvido_por corrigido no arquivo de consenso
,2026-09-23,consenso_rob (arquivo),09_extracao_rob,rob2 Meffert2011 apoio_ao_lider D2,resolvido_por=revisor_humano_1,corrigida,ia_arbitro (claude-opus-5-5),Emenda 4d dizia confirmação em bloco; o usuário não conferiu. resolvido_por corrigido no arquivo de consenso
,2026-09-23,consenso_rob (arquivo),09_extracao_rob,rob2 Meffert2011 apoio_ao_lider D5,resolvido_por=revisor_humano_1,corrigida,ia_arbitro (claude-opus-5-5),Emenda 4d dizia confirmação em bloco; o usuário não conferiu. resolvido_por corrigido no arquivo de consenso
,2026-09-23,consenso_rob (arquivo),09_extracao_rob,rob2 Schlegel2023 apoio_ao_lider D1,resolvido_por=revisor_humano_1,corrigida,ia_arbitro (claude-opus-5-5),Emenda 4d dizia confirmação em bloco; o usuário não conferiu. resolvido_por corrigido no arquivo de consenso
,2026-09-23,consenso_rob (arquivo),09_extracao_rob,rob2 Schlegel2023 apoio_ao_lider D4,resolvido_por=revisor_humano_1,corrigida,ia_arbitro (claude-opus-5-5),Emenda 4d dizia confirmação em bloco; o usuário não conferiu. resolvido_por corrigido no arquivo de consenso
,2026-09-23,consenso_rob (arquivo),09_extracao_rob,rob2 Tal2015a apoio_ao_lider D1,resolvido_por=revisor_humano_1,corrigida,ia_arbitro (claude-opus-5-5),Emenda 4d dizia confirmação em bloco; o usuário não conferiu. resolvido_por corrigido no arquivo de consenso
,2026-09-23,consenso_rob (arquivo),09_extracao_rob,rob2 Tal2015a apoio_ao_lider D5,resolvido_por=revisor_humano_1,corrigida,ia_arbitro (claude-opus-5-5),Emenda 4d dizia confirmação em bloco; o usuário não conferiu. resolvido_por corrigido no arquivo de consenso
,2026-09-23,consenso_rob (arquivo),09_extracao_rob,rob2 Timotei2013a apoio_ao_lider D2,resolvido_por=revisor_humano_1,corrigida,ia_arbitro (claude-opus-5-5),Emenda 4d dizia confirmação em bloco; o usuário não conferiu. resolvido_por corrigido no arquivo de consenso
,2026-09-23,consenso_rob (arquivo),09_extracao_rob,rob2 Timotei2013a apoio_ao_lider D4,resolvido_por=revisor_humano_1,corrigida,ia_arbitro (claude-opus-5-5),Emenda 4d dizia confirmação em bloco; o usuário não conferiu. resolvido_por corrigido no arquivo de consenso
,2026-09-23,consenso_rob (arquivo),09_extracao_rob,rob2 Tyszler2015 apoio_ao_lider D5,resolvido_por=revisor_humano_1,corrigida,ia_arbitro (claude-opus-5-5),Emenda 4d dizia confirmação em bloco; o usuário não conferiu. resolvido_por corrigido no arquivo de consenso
,2026-09-23,consenso_rob (arquivo),09_extracao_rob,rob2 Urminsky2019 mobilizacao D1,resolvido_por=revisor_humano_1,corrigida,ia_arbitro (claude-opus-5-5),Emenda 4d dizia confirmação em bloco; o usuário não conferiu. resolvido_por corrigido no arquivo de consenso
,2026-09-23,consenso_rob (arquivo),09_extracao_rob,rob2 Urminsky2019 mobilizacao D3,resolvido_por=revisor_humano_1,corrigida,ia_arbitro (claude-opus-5-5),Emenda 4d dizia confirmação em bloco; o usuário não conferiu. resolvido_por corrigido no arquivo de consenso
,2026-09-23,consenso_rob (arquivo),09_extracao_rob,rob2 Westwood2020a mobilizacao D1,resolvido_por=revisor_humano_1,corrigida,ia_arbitro (claude-opus-5-5),Emenda 4d dizia confirmação em bloco; o usuário não conferiu. resolvido_por corrigido no arquivo de consenso
,2026-09-23,consenso_rob (arquivo),09_extracao_rob,rob2 Witsman2016a apoio_ao_lider D1,resolvido_por=revisor_humano_1,corrigida,ia_arbitro (claude-opus-5-5),Emenda 4d dizia confirmação em bloco; o usuário não conferiu. resolvido_por corrigido no arquivo de consenso
,2026-09-23,consenso_rob (arquivo),09_extracao_rob,rob2 Witsman2016a apoio_ao_lider D3,resolvido_por=revisor_humano_1,corrigida,ia_arbitro (claude-opus-5-5),Emenda 4d dizia confirmação em bloco; o usuário não conferiu. resolvido_por corrigido no arquivo de consenso
,2026-09-23,consenso_rob (arquivo),09_extracao_rob,rob2 Witsman2016a apoio_ao_lider D4,resolvido_por=revisor_humano_1,corrigida,ia_arbitro (claude-opus-5-5),Emenda 4d dizia confirmação em bloco; o usuário não conferiu. resolvido_por corrigido no arquivo de consenso
,2026-09-23,consenso_rob (arquivo),09_extracao_rob,rob2 Witsman2016a apoio_ao_lider D5,resolvido_por=revisor_humano_1,corrigida,ia_arbitro (claude-opus-5-5),Emenda 4d dizia confirmação em bloco; o usuário não conferiu. resolvido_por corrigido no arquivo de consenso
,2026-09-23,consenso_rob (arquivo),09_extracao_rob,robins_i Alabrese2024a apoio_ao_lider D1,resolvido_por=revisor_humano_1,corrigida,ia_arbitro (claude-opus-5-5),Emenda 4d dizia confirmação em bloco; o usuário não conferiu. resolvido_por corrigido no arquivo de consenso
,2026-09-23,consenso_rob (arquivo),09_extracao_rob,robins_i Alabrese2024a apoio_ao_lider D2,resolvido_por=revisor_humano_1,corrigida,ia_arbitro (claude-opus-5-5),Emenda 4d dizia confirmação em bloco; o usuário não conferiu. resolvido_por corrigido no arquivo de consenso
,2026-09-23,consenso_rob (arquivo),09_extracao_rob,robins_i Alabrese2024a mobilizacao D1,resolvido_por=revisor_humano_1,corrigida,ia_arbitro (claude-opus-5-5),Emenda 4d dizia confirmação em bloco; o usuário não conferiu. resolvido_por corrigido no arquivo de consenso
,2026-09-23,consenso_rob (arquivo),09_extracao_rob,robins_i Alabrese2024a mobilizacao D2,resolvido_por=revisor_humano_1,corrigida,ia_arbitro (claude-opus-5-5),Emenda 4d dizia confirmação em bloco; o usuário não conferiu. resolvido_por corrigido no arquivo de consenso
,2026-09-23,consenso_rob (arquivo),09_extracao_rob,robins_i Araujo2021a apoio_ao_lider D1,resolvido_por=revisor_humano_1,corrigida,ia_arbitro (claude-opus-5-5),Emenda 4d dizia confirmação em bloco; o usuário não conferiu. resolvido_por corrigido no arquivo de consenso
,2026-09-23,consenso_rob (arquivo),09_extracao_rob,robins_i Araujo2021a apoio_ao_lider D4,resolvido_por=revisor_humano_1,corrigida,ia_arbitro (claude-opus-5-5),Emenda 4d dizia confirmação em bloco; o usuário não conferiu. resolvido_por corrigido no arquivo de consenso
,2026-09-23,consenso_rob (arquivo),09_extracao_rob,robins_i Araujo2021a apoio_ao_lider D6,resolvido_por=revisor_humano_1,corrigida,ia_arbitro (claude-opus-5-5),Emenda 4d dizia confirmação em bloco; o usuário não conferiu. resolvido_por corrigido no arquivo de consenso
,2026-09-23,consenso_rob (arquivo),09_extracao_rob,robins_i Brugarolas2021 mobilizacao D2,resolvido_por=revisor_humano_1,corrigida,ia_arbitro (claude-opus-5-5),Emenda 4d dizia confirmação em bloco; o usuário não conferiu. resolvido_por corrigido no arquivo de consenso
,2026-09-23,consenso_rob (arquivo),09_extracao_rob,robins_i Brugarolas2021 mobilizacao D3,resolvido_por=revisor_humano_1,corrigida,ia_arbitro (claude-opus-5-5),Emenda 4d dizia confirmação em bloco; o usuário não conferiu. resolvido_por corrigido no arquivo de consenso
,2026-09-23,consenso_rob (arquivo),09_extracao_rob,robins_i Brugarolas2021 mobilizacao D5,resolvido_por=revisor_humano_1,corrigida,ia_arbitro (claude-opus-5-5),Emenda 4d dizia confirmação em bloco; o usuário não conferiu. resolvido_por corrigido no arquivo de consenso
,2026-09-23,consenso_rob (arquivo),09_extracao_rob,robins_i Brugarolas2021 mobilizacao D6,resolvido_por=revisor_humano_1,corrigida,ia_arbitro (claude-opus-5-5),Emenda 4d dizia confirmação em bloco; o usuário não conferiu. resolvido_por corrigido no arquivo de consenso
,2026-09-23,consenso_rob (arquivo),09_extracao_rob,robins_i Feltovich2022 apoio_ao_lider D1,resolvido_por=revisor_humano_1,corrigida,ia_arbitro (claude-opus-5-5),Emenda 4d dizia confirmação em bloco; o usuário não conferiu. resolvido_por corrigido no arquivo de consenso
,2026-09-23,consenso_rob (arquivo),09_extracao_rob,robins_i Gasperoni2015a apoio_ao_lider D1,resolvido_por=revisor_humano_1,corrigida,ia_arbitro (claude-opus-5-5),Emenda 4d dizia confirmação em bloco; o usuário não conferiu. resolvido_por corrigido no arquivo de consenso
,2026-09-23,consenso_rob (arquivo),09_extracao_rob,robins_i Gasperoni2015a apoio_ao_lider D3,resolvido_por=revisor_humano_1,corrigida,ia_arbitro (claude-opus-5-5),Emenda 4d dizia confirmação em bloco; o usuário não conferiu. resolvido_por corrigido no arquivo de consenso
,2026-09-23,consenso_rob (arquivo),09_extracao_rob,robins_i Gasperoni2015a apoio_ao_lider D5,resolvido_por=revisor_humano_1,corrigida,ia_arbitro (claude-opus-5-5),Emenda 4d dizia confirmação em bloco; o usuário não conferiu. resolvido_por corrigido no arquivo de consenso
,2026-09-23,consenso_rob (arquivo),09_extracao_rob,robins_i Gasperoni2015a apoio_ao_lider D6,resolvido_por=revisor_humano_1,corrigida,ia_arbitro (claude-opus-5-5),Emenda 4d dizia confirmação em bloco; o usuário não conferiu. resolvido_por corrigido no arquivo de consenso
,2026-09-23,consenso_rob (arquivo),09_extracao_rob,robins_i Geers2018 mobilizacao D3,resolvido_por=revisor_humano_1,corrigida,ia_arbitro (claude-opus-5-5),Emenda 4d dizia confirmação em bloco; o usuário não conferiu. resolvido_por corrigido no arquivo de consenso
,2026-09-23,consenso_rob (arquivo),09_extracao_rob,robins_i Geers2018 mobilizacao D4,resolvido_por=revisor_humano_1,corrigida,ia_arbitro (claude-opus-5-5),Emenda 4d dizia confirmação em bloco; o usuário não conferiu. resolvido_por corrigido no arquivo de consenso
,2026-09-23,consenso_rob (arquivo),09_extracao_rob,robins_i Geers2018 mobilizacao D5,resolvido_por=revisor_humano_1,corrigida,ia_arbitro (claude-opus-5-5),Emenda 4d dizia confirmação em bloco; o usuário não conferiu. resolvido_por corrigido no arquivo de consenso
,2026-09-23,consenso_rob (arquivo),09_extracao_rob,robins_i Geers2018 mobilizacao D6,resolvido_por=revisor_humano_1,corrigida,ia_arbitro (claude-opus-5-5),Emenda 4d dizia confirmação em bloco; o usuário não conferiu. resolvido_por corrigido no arquivo de consenso
,2026-09-23,consenso_rob (arquivo),09_extracao_rob,robins_i Kaplan2019a mobilizacao D1,resolvido_por=revisor_humano_1,corrigida,ia_arbitro (claude-opus-5-5),Emenda 4d dizia confirmação em bloco; o usuário não conferiu. resolvido_por corrigido no arquivo de consenso
,2026-09-23,consenso_rob (arquivo),09_extracao_rob,robins_i Kaplan2019a mobilizacao D6,resolvido_por=revisor_humano_1,corrigida,ia_arbitro (claude-opus-5-5),Emenda 4d dizia confirmação em bloco; o usuário não conferiu. resolvido_por corrigido no arquivo de consenso
,2026-09-23,consenso_rob (arquivo),09_extracao_rob,robins_i Klor2017a mobilizacao D1,resolvido_por=revisor_humano_1,corrigida,ia_arbitro (claude-opus-5-5),Emenda 4d dizia confirmação em bloco; o usuário não conferiu. resolvido_por corrigido no arquivo de consenso
,2026-09-23,consenso_rob (arquivo),09_extracao_rob,robins_i Klor2017a mobilizacao D6,resolvido_por=revisor_humano_1,corrigida,ia_arbitro (claude-opus-5-5),Emenda 4d dizia confirmação em bloco; o usuário não conferiu. resolvido_por corrigido no arquivo de consenso
,2026-09-23,consenso_rob (arquivo),09_extracao_rob,robins_i Stolwijk2016a apoio_ao_lider D1,resolvido_por=revisor_humano_1,corrigida,ia_arbitro (claude-opus-5-5),Emenda 4d dizia confirmação em bloco; o usuário não conferiu. resolvido_por corrigido no arquivo de consenso
,2026-09-23,consenso_rob (arquivo),09_extracao_rob,robins_i Stolwijk2016a apoio_ao_lider D3,resolvido_por=revisor_humano_1,corrigida,ia_arbitro (claude-opus-5-5),Emenda 4d dizia confirmação em bloco; o usuário não conferiu. resolvido_por corrigido no arquivo de consenso
,2026-09-23,consenso_rob (arquivo),09_extracao_rob,robins_i Stolwijk2016a apoio_ao_lider D5,resolvido_por=revisor_humano_1,corrigida,ia_arbitro (claude-opus-5-5),Emenda 4d dizia confirmação em bloco; o usuário não conferiu. resolvido_por corrigido no arquivo de consenso
,2026-09-23,consenso_rob (arquivo),09_extracao_rob,robins_i Stolwijk2016a apoio_ao_lider D6,resolvido_por=revisor_humano_1,corrigida,ia_arbitro (claude-opus-5-5),Emenda 4d dizia confirmação em bloco; o usuário não conferiu. resolvido_por corrigido no arquivo de consenso
,2026-09-23,consenso_rob (arquivo),09_extracao_rob,robins_i Stolwijk2019b mobilizacao D2,resolvido_por=revisor_humano_1,corrigida,ia_arbitro (claude-opus-5-5),Emenda 4d dizia confirmação em bloco; o usuário não conferiu. resolvido_por corrigido no arquivo de consenso
,2026-09-23,consenso_rob (arquivo),09_extracao_rob,robins_i Stolwijk2019b mobilizacao D5,resolvido_por=revisor_humano_1,corrigida,ia_arbitro (claude-opus-5-5),Emenda 4d dizia confirmação em bloco; o usuário não conferiu. resolvido_por corrigido no arquivo de consenso
,2026-09-23,consenso_rob (arquivo),09_extracao_rob,robins_i Stolwijk2019b mobilizacao D6,resolvido_por=revisor_humano_1,corrigida,ia_arbitro (claude-opus-5-5),Emenda 4d dizia confirmação em bloco; o usuário não conferiu. resolvido_por corrigido no arquivo de consenso
,2026-09-23,consenso_rob (arquivo),09_extracao_rob,robins_i Unkelbach2022a apoio_ao_lider D2,resolvido_por=revisor_humano_1,corrigida,ia_arbitro (claude-opus-5-5),Emenda 4d dizia confirmação em bloco; o usuário não conferiu. resolvido_por corrigido no arquivo de consenso
,2026-09-23,consenso_rob (arquivo),09_extracao_rob,robins_i Unkelbach2022a apoio_ao_lider D4,resolvido_por=revisor_humano_1,corrigida,ia_arbitro (claude-opus-5-5),Emenda 4d dizia confirmação em bloco; o usuário não conferiu. resolvido_por corrigido no arquivo de consenso
,2026-09-23,consenso_rob (arquivo),09_extracao_rob,robins_i Unkelbach2022a apoio_ao_lider D5,resolvido_por=revisor_humano_1,corrigida,ia_arbitro (claude-opus-5-5),Emenda 4d dizia confirmação em bloco; o usuário não conferiu. resolvido_por corrigido no arquivo de consenso
,2026-09-23,consenso_rob (arquivo),09_extracao_rob,epoc Bursztyn2023a apoio_ao_lider cg_caracteristicas_base,resolvido_por=revisor_humano_1,corrigida,ia_arbitro (claude-opus-5-5),Emenda 4d dizia confirmação em bloco; o usuário não conferiu. resolvido_por corrigido no arquivo de consenso
,2026-09-23,consenso_rob (arquivo),09_extracao_rob,epoc Bursztyn2023a apoio_ao_lider cg_contaminacao,resolvido_por=revisor_humano_1,corrigida,ia_arbitro (claude-opus-5-5),Emenda 4d dizia confirmação em bloco; o usuário não conferiu. resolvido_por corrigido no arquivo de consenso
,2026-09-23,consenso_rob (arquivo),09_extracao_rob,epoc Bursztyn2023a apoio_ao_lider cg_linha_base_outcome,resolvido_por=revisor_humano_1,corrigida,ia_arbitro (claude-opus-5-5),Emenda 4d dizia confirmação em bloco; o usuário não conferiu. resolvido_por corrigido no arquivo de consenso
,2026-09-23,consenso_rob (arquivo),09_extracao_rob,epoc Chatterjee2019a apoio_ao_lider cg_dados_incompletos,resolvido_por=revisor_humano_1,corrigida,ia_arbitro (claude-opus-5-5),Emenda 4d dizia confirmação em bloco; o usuário não conferiu. resolvido_por corrigido no arquivo de consenso
,2026-09-23,consenso_rob (arquivo),09_extracao_rob,epoc Chatterjee2019a mobilizacao cg_dados_incompletos,resolvido_por=revisor_humano_1,corrigida,ia_arbitro (claude-opus-5-5),Emenda 4d dizia confirmação em bloco; o usuário não conferiu. resolvido_por corrigido no arquivo de consenso
,2026-09-23,consenso_rob (arquivo),09_extracao_rob,epoc Grillo2024c mobilizacao cg_caracteristicas_base,resolvido_por=revisor_humano_1,corrigida,ia_arbitro (claude-opus-5-5),Emenda 4d dizia confirmação em bloco; o usuário não conferiu. resolvido_por corrigido no arquivo de consenso
,2026-09-23,consenso_rob (arquivo),09_extracao_rob,epoc Morton2015a mobilizacao cg_contaminacao,resolvido_por=revisor_humano_1,corrigida,ia_arbitro (claude-opus-5-5),Emenda 4d dizia confirmação em bloco; o usuário não conferiu. resolvido_por corrigido no arquivo de consenso
,2026-09-23,consenso_rob (arquivo),09_extracao_rob,epoc Morton2015a mobilizacao cg_linha_base_outcome,resolvido_por=revisor_humano_1,corrigida,ia_arbitro (claude-opus-5-5),Emenda 4d dizia confirmação em bloco; o usuário não conferiu. resolvido_por corrigido no arquivo de consenso
,2026-09-23,consenso_rob (arquivo),09_extracao_rob,epoc Morton2015a mobilizacao cg_outros_riscos,resolvido_por=revisor_humano_1,corrigida,ia_arbitro (claude-opus-5-5),Emenda 4d dizia confirmação em bloco; o usuário não conferiu. resolvido_por corrigido no arquivo de consenso
