id_a,id_b,regra,score,ano_a,ano_b,sobrenome_a,sobrenome_b,doi_a,doi_b,decisao,decidido_por,motivo,titulo_a,titulo_b,autores_a,autores_b,veiculo_a,veiculo_b,tipo_a,tipo_b,sugestao_ia,confianca_ia,motivo_ia,ordem_revisao
B05-00210,B05-00534,R5_candidato,98.0,2024,2024,anand,pradeepkumaranand,10.53469/jssh.2024.6(10).28,10.21275/sr24229142420,confirmado,revisor_humano_1,"concorda com a sugestão da IA (declaração do autor, 08-revisao-humana/declaracao_autor_2026-09-30.md); decisão registrada e não aplicada nesta versão (Emenda 7): Resumo identico entre os dois registros; titulo e nome de autor variam (Praveen Anand / Pradeep Kumar Anand) em periodicos de baixa relevancia/possivelmente predatorios - confirmar se e o mesmo autor antes de fundir.",Psychosocial Factors Influencing Voting Behavior,Psycho - Social Factors Influencing Voting Behaviour,"Anand, Praveen | Reddy, Srikanth","Pradeep Kumar Anand, B",Journal of Social Science and Humanities,International Journal of Science and Research (IJSR),artigo,artigo,confirmado,baixa,Resumo identico entre os dois registros; titulo e nome de autor variam (Praveen Anand / Pradeep Kumar Anand) em periodicos de baixa relevancia/possivelmente predatorios - confirmar se e o mesmo autor antes de fundir.,1
B05-00222,SN1-00084,R5_candidato,93.0,2008,2007,meffert,meffert,,,confirmado,revisor_humano_1,"concorda com a sugestão da IA (declaração do autor, 08-revisao-humana/declaracao_autor_2026-09-30.md); decisão registrada e não aplicada nesta versão (Emenda 7): Mesmos autores (Meffert, Gschwend) e tema (voto estrategico, RP, governos de coalizao), mas titulos e resumos diferem (versao de 2007 inclui 'Simulation') - possivelmente dois rascunhos do mesmo estudo em repositorios distintos; conferir conteudo antes de fundir.",Strategic Voting under Proportional Representation and Coalition Governments: A Laboratory Experiment,Strategic Voting under Proportional Representation and Coalition Governments: A Simulation and Laboratory Experiment,"Meffert, Michael F. | Gschwend, Thomas","Meffert, Michael F. | Gschwend, Thomas",Social Science Open Access Repository (GESIS – Leibniz Institute for the Social Sciences),MADOC (University of Mannheim),evento,relatorio,confirmado,baixa,"Mesmos autores (Meffert, Gschwend) e tema (voto estrategico, RP, governos de coalizao), mas titulos e resumos diferem (versao de 2007 inclui 'Simulation') - possivelmente dois rascunhos do mesmo estudo em repositorios distintos; conferir conteudo antes de fundir.",2
SN1-00759,SN1-00847,versao,89.1,2020,2017,hoffman,hoffman,10.3982/qe834,10.2139/ssrn.2979942,ligado,revisor_humano_1,"concorda com a sugestão da IA (declaração do autor, 08-revisao-humana/declaracao_autor_2026-09-30.md); decisão registrada e não aplicada nesta versão (Emenda 7): Mesmos autores (Hoffman/Burks) e tema (excesso de confianca de caminhoneiros), mas subtitulos bem diferentes ('lucros da firma' vs. 'retornos de treinamento') - verificar se o preprint tem o mesmo conteudo do artigo final antes de confirmar a ligacao; pode ser um preprint de outro artigo dos mesmos autores com a mesma base de dados.",Worker overconfidence: Field evidence and implications for employee turnover and firm profits,Worker Overconfidence: Field Evidence and Implications for Employee Turnover and Returns from Training,"Hoffman, Mitchell | Burks, Stephen V.","Hoffman, Mitchell | Burks, Stephen V.",Quantitative Economics,SSRN Electronic Journal,artigo,preprint,ligado,baixa,"Mesmos autores (Hoffman/Burks) e tema (excesso de confianca de caminhoneiros), mas subtitulos bem diferentes ('lucros da firma' vs. 'retornos de treinamento') - verificar se o preprint tem o mesmo conteudo do artigo final antes de confirmar a ligacao; pode ser um preprint de outro artigo dos mesmos autores com a mesma base de dados.",3
SN1-01108,SN1-01133,R5_candidato,91.1,2024,2025,hu,hu,10.1016/j.bar.2024.101467,10.1016/j.bar.2025.101566,rejeitado,revisor_humano_1,"concorda com a sugestão da IA (declaração do autor, 08-revisao-humana/declaracao_autor_2026-09-30.md); decisão registrada e não aplicada nesta versão (Emenda 7): A e a nota de retratacao/retirada ('WITHDRAWN'), B e a reimpressao ('Reprint of') do mesmo artigo - documentos formalmente diferentes (aviso editorial x republicacao); considerar ligacao de relatos na etapa 7 se ambos permanecerem no corpus.","WITHDRAWN: Political uncertainty, corporate social responsibility, and firm performance","Reprint of: Political uncertainty, corporate social responsibility, and firm performance","Hu, Yi | Yin, Chao","Hu, Yi | Yin, Chao",The British Accounting Review,The British Accounting Review,errata,artigo,rejeitado,baixa,"A e a nota de retratacao/retirada ('WITHDRAWN'), B e a reimpressao ('Reprint of') do mesmo artigo - documentos formalmente diferentes (aviso editorial x republicacao); considerar ligacao de relatos na etapa 7 se ambos permanecerem no corpus.",4
B02-00025,B02-00026,R3_titulo_exato,100.0,2017,2017,kamradt,kamradt,10.21878/compolitica.2017.1.1.224,10.21878/compolitica.2017.7.1.115,confirmado,revisor_humano_1,"concorda com a sugestão da IA (declaração do autor, 08-revisao-humana/declaracao_autor_2026-09-30.md); decisão registrada e não aplicada nesta versão (Emenda 7): Mesmo titulo, autor (Kamradt), ano e periodico (Compolitica), resumo quase identico; dois DOIs distintos no mesmo periodico sugerem duplicidade de registro editorial.",É possível confiar nas pesquisas eleitorais? Análise das intenções de votos nas eleições para governadores no Brasil em 2014,É possível confiar nas pesquisas eleitorais? Análise das intenções de votos nas eleições para governadores no Brasil em 2014,"Kamradt, João","Kamradt, João",Compolítica,Compolítica,artigo,artigo,confirmado,media,"Mesmo titulo, autor (Kamradt), ano e periodico (Compolitica), resumo quase identico; dois DOIs distintos no mesmo periodico sugerem duplicidade de registro editorial.",5
B02-00033,B02-00034,R3_titulo_exato,100.0,2016,2016,fontenelle,fontenelle,10.21878/compolitica.2016.6.1.241,10.21878/compolitica.2016.6.1.95,confirmado,revisor_humano_1,"concorda com a sugestão da IA (declaração do autor, 08-revisao-humana/declaracao_autor_2026-09-30.md); decisão registrada e não aplicada nesta versão (Emenda 7): Mesmo titulo, autores, ano e periodico (Compolitica), resumo quase identico; dois DOIs distintos sugerem duplicidade de registro editorial.",O uso de pesquisas eleitorais no colunismo político: uma comparação entre O Globo e La Nación nas eleições presidenciais de Brasil (2014) e Argentina (2015),O uso de pesquisas eleitorais no colunismo político: uma comparação entre O Globo e La Nación nas eleições presidenciais de Brasil (2014) e Argentina (2015),"Fontenelle, André Luí­s Soares | Guazina, Liziane","Fontenelle, André Luí­s Soares | Guazina, Liziane",Compolítica,Compolítica,artigo,artigo,confirmado,media,"Mesmo titulo, autores, ano e periodico (Compolitica), resumo quase identico; dois DOIs distintos sugerem duplicidade de registro editorial.",6
B02-00042,B02-00043,R3_titulo_exato,100.0,2012,2012,neves,neves,10.21878/compolitica.2012.2.1.41,10.21878/compolitica.2012.2.1.26,confirmado,revisor_humano_1,"concorda com a sugestão da IA (declaração do autor, 08-revisao-humana/declaracao_autor_2026-09-30.md); decisão registrada e não aplicada nesta versão (Emenda 7): Mesmo titulo, autor, ano e periodico (Compolitica), resumo identico; dois DOIs distintos sugerem duplicidade de registro editorial.",A técnica de grupo de discussão em pesquisa eleitoral: um projeto experimental,A técnica de grupo de discussão em pesquisa eleitoral: um projeto experimental,"Neves, Manuela Lopes Santos","Neves, Manuela Lopes Santos",Compolítica,Compolítica,artigo,artigo,confirmado,media,"Mesmo titulo, autor, ano e periodico (Compolitica), resumo identico; dois DOIs distintos sugerem duplicidade de registro editorial.",7
B05-00052,B05-00128,R3_titulo_exato,100.0,2014,2014,dubois,dubois,10.1007/978-3-642-54943-4_26,10.1007/978-3-662-45912-6_26,confirmado,revisor_humano_1,"concorda com a sugestão da IA (declaração do autor, 08-revisao-humana/declaracao_autor_2026-09-30.md); decisão registrada e não aplicada nesta versão (Emenda 7): Mesmo titulo, autor, ano e veiculo (Lecture Notes in Computer Science); DOIs de dois volumes/livros diferentes da serie - sem resumo para confirmar, mas metadados identicos sugerem republicacao do mesmo capitulo em coletaneas distintas.",On Quantum Models for Opinion and Voting Intention Polls,On Quantum Models for Opinion and Voting Intention Polls,"Dubois, François","Dubois, François",Lecture notes in computer science,Lecture notes in computer science,evento,evento,confirmado,media,"Mesmo titulo, autor, ano e veiculo (Lecture Notes in Computer Science); DOIs de dois volumes/livros diferentes da serie - sem resumo para confirmar, mas metadados identicos sugerem republicacao do mesmo capitulo em coletaneas distintas.",8
B05-00139,SN1-00879,R5_candidato,100.0,2016,2015,schmittbeck,schmittbeck,10.1093/obo/9780199756841-0113,10.1002/9781118541555.wbiepc015,rejeitado,revisor_humano_1,"concorda com a sugestão da IA (declaração do autor, 08-revisao-humana/declaracao_autor_2026-09-30.md); decisão registrada e não aplicada nesta versão (Emenda 7): Mesmo autor (Schmitt-Beck) escreveu dois verbetes de enciclopedia sobre 'Bandwagon Effect' para obras de referencia diferentes (Oxford Bibliographies 2016 e International Encyclopedia of Political Communication 2015), com abertura de texto quase identica - obras de referencia distintas, nao o mesmo documento.",Bandwagon Effect,Bandwagon Effect,"Schmitt‐Beck, Rüdiger","Schmitt‐Beck, Rüdiger",,The International Encyclopedia of Political Communication,outro,outro,rejeitado,media,"Mesmo autor (Schmitt-Beck) escreveu dois verbetes de enciclopedia sobre 'Bandwagon Effect' para obras de referencia diferentes (Oxford Bibliographies 2016 e International Encyclopedia of Political Communication 2015), com abertura de texto quase identica - obras de referencia distintas, nao o mesmo documento.",9
B05-00175,B05-00273,R5_candidato,100.0,2017,2018,gerber,hoffman,10.3386/w23071,10.1257/rct.3199,rejeitado,revisor_humano_1,"concorda com a sugestão da IA (declaração do autor, 08-revisao-humana/declaracao_autor_2026-09-30.md); decisão registrada e não aplicada nesta versão (Emenda 7): B e o registro de pre-registro do experimento na AEA RCT Registry (nao o texto do estudo); resumo foi copiado do NBER working paper A - tipos de documento diferentes.",One in a Million: Field Experiments on Perceived Closeness of the Election and Voter Turnout,One in a Million: Field Experiments on Perceived Closeness of the Election and Voter Turnout,"Gerber, Alan S. | Hoffman, Mitchell | Morgan, John | Raymond, Collin","Hoffman, Mitchell",National Bureau of Economic Research,AEA Randomized Controlled Trials,relatorio,outro,rejeitado,media,B e o registro de pre-registro do experimento na AEA RCT Registry (nao o texto do estudo); resumo foi copiado do NBER working paper A - tipos de documento diferentes.,10
B05-00175,B05-00737,R5_candidato,100.0,2017,2018,gerber,hoffman,10.3386/w23071,10.1257/rct.3199-1.0,rejeitado,revisor_humano_1,"concorda com a sugestão da IA (declaração do autor, 08-revisao-humana/declaracao_autor_2026-09-30.md); decisão registrada e não aplicada nesta versão (Emenda 7): B e uma variante do registro de pre-registro AEA RCT Registry (rct.3199-1.0), nao o texto do estudo (NBER, A).",One in a Million: Field Experiments on Perceived Closeness of the Election and Voter Turnout,One in a Million: Field Experiments on Perceived Closeness of the Election and Voter Turnout,"Gerber, Alan S. | Hoffman, Mitchell | Morgan, John | Raymond, Collin","Hoffman, Mitchell",National Bureau of Economic Research,AEA Randomized Controlled Trials,relatorio,outro,rejeitado,media,"B e uma variante do registro de pre-registro AEA RCT Registry (rct.3199-1.0), nao o texto do estudo (NBER, A).",11
B05-00273,B05-00734,versao,100.0,2018,2017,hoffman,gerber,10.1257/rct.3199,,rejeitado,revisor_humano_1,"concorda com a sugestão da IA (declaração do autor, 08-revisao-humana/declaracao_autor_2026-09-30.md); decisão registrada e não aplicada nesta versão (Emenda 7): A e o registro de pre-registro AEA RCT Registry (nao texto), B e o preprint RePEc do estudo - tipos de documento diferentes, resumo do registro copiado do artigo.",One in a Million: Field Experiments on Perceived Closeness of the Election and Voter Turnout,One in a Million: Field Experiments on Perceived Closeness of the Election and Voter Turnout,"Hoffman, Mitchell","Gerber, Alan S. | Hoffman, Mitchell | Morgan, John | Raymond, Collin",AEA Randomized Controlled Trials,RePEc: Research Papers in Economics,outro,preprint,rejeitado,media,"A e o registro de pre-registro AEA RCT Registry (nao texto), B e o preprint RePEc do estudo - tipos de documento diferentes, resumo do registro copiado do artigo.",12
B05-00334,B05-01144,R3_titulo_exato,100.0,2017,2017,coppock,coppock,10.1515/spp-2016-0005,10.60600/yu/z88tzq,confirmado,revisor_humano_1,"concorda com a sugestão da IA (declaração do autor, 08-revisao-humana/declaracao_autor_2026-09-30.md); decisão registrada e não aplicada nesta versão (Emenda 7): Copia arquivada no repositorio institucional da Yale University Library (autoarquivamento) da mesma versao publicada na Statistics, Politics and Policy; resumo identico - confirmar se e apenas o postprint antes de fundir.",Did Shy Trump Supporters Bias the 2016 Polls? Evidence from a Nationally-representative List Experiment,Did Shy Trump Supporters Bias the 2016 Polls? Evidence from a Nationally-representative List Experiment,"Coppock, Alexander","Coppock, Alexander",Statistics Politics and Policy,Yale University Library,artigo,outro,confirmado,media,"Copia arquivada no repositorio institucional da Yale University Library (autoarquivamento) da mesma versao publicada na Statistics, Politics and Policy; resumo identico - confirmar se e apenas o postprint antes de fundir.",13
B05-00357,B05-00364,R5_candidato,100.0,2026,2026,cabreraabinader,abinader,10.2139/ssrn.6968718,10.17605/osf.io/n9jdh,confirmado,revisor_humano_1,"concorda com a sugestão da IA (declaração do autor, 08-revisao-humana/declaracao_autor_2026-09-30.md); decisão registrada e não aplicada nesta versão (Emenda 7): Mesmo autor (ordem do nome trocada: Cabrera-Abinader/Abinader Cabrera) e mesmo preprint, depositado em duas plataformas (SSRN e OSF) na mesma data - mesmo manuscrito de trabalho, nao versoes com conteudo diferente.","The Veda-Consolidation Mechanism Poll Aggregation, Strategic Voting, and Electoral Forecasting in Latin American Two-Round Elections Evidence from Colombia 2022 and 2026","The Veda-Consolidation Mechanism Poll Aggregation, Strategic Voting, and Electoral Forecasting in Latin American Two-Round Elections EVIDENCE FROM COLOMBIA 2022 AND 2026","Cabrera-Abinader, Levis R.","Abinader, Levis Cabrera",SSRN Electronic Journal,,preprint,preprint,confirmado,media,"Mesmo autor (ordem do nome trocada: Cabrera-Abinader/Abinader Cabrera) e mesmo preprint, depositado em duas plataformas (SSRN e OSF) na mesma data - mesmo manuscrito de trabalho, nao versoes com conteudo diferente.",14
B05-00467,B05-01015,R5_candidato,89.6,2013,2013,denter,denter,10.2139/ssrn.2340125,,confirmado,revisor_humano_1,"concorda com a sugestão da IA (declaração do autor, 08-revisao-humana/declaracao_autor_2026-09-30.md); decisão registrada e não aplicada nesta versão (Emenda 7): Mesmo manuscrito de trabalho (mesmos autores, 2013) espelhado em duas plataformas de preprint (SSRN e RePEc), com variacao minima de titulo ('Competition' vs 'Campaigns').",Do Polls Create Momentum in Political Competition?,Do Polls Create Momentum in Political Campaigns,"Denter, Philipp | Sisak, Dana","Denter, Philipp | Sisak, Dana",SSRN Electronic Journal,RePEc: Research Papers in Economics,preprint,preprint,confirmado,media,"Mesmo manuscrito de trabalho (mesmos autores, 2013) espelhado em duas plataformas de preprint (SSRN e RePEc), com variacao minima de titulo ('Competition' vs 'Campaigns').",15
B05-00515,B05-00787,R3_titulo_exato,100.0,2022,2021,chen,chen,10.1017/pan.2021.42,10.7910/dvn/gnhesm,rejeitado,revisor_humano_1,"concorda com a sugestão da IA (declaração do autor, 08-revisao-humana/declaracao_autor_2026-09-30.md); decisão registrada e não aplicada nesta versão (Emenda 7): Provavelmente o pacote de dados de replicacao do artigo no Harvard Dataverse (resumo reaproveita o do artigo, tipo 'outro'), mesmo sem o prefixo 'Replication Data for:' no titulo - mesmo padrao dos demais pares de dados de replicacao.","Polls, Context, and Time: A Dynamic Hierarchical Bayesian Forecasting Model for US Senate Elections","Polls, Context, and Time: A Dynamic Hierarchical Bayesian Forecasting Model for US Senate Elections","Chen, Yehu | Garnett, Roman | Montgomery, Jacob","Chen, Yehu | Montgomery, Jacob | Garnett, Roman",Political Analysis,Harvard Dataverse,artigo,outro,rejeitado,media,"Provavelmente o pacote de dados de replicacao do artigo no Harvard Dataverse (resumo reaproveita o do artigo, tipo 'outro'), mesmo sem o prefixo 'Replication Data for:' no titulo - mesmo padrao dos demais pares de dados de replicacao.",16
B05-00612,B05-00616,R3_titulo_exato,100.0,2026,2026,leijon,leijon,10.5281/zenodo.22131202,10.5281/zenodo.22128982,confirmado,revisor_humano_1,"concorda com a sugestão da IA (declaração do autor, 08-revisao-humana/declaracao_autor_2026-09-30.md); decisão registrada e não aplicada nesta versão (Emenda 7): Mesmo autor, titulo e resumo identicos (ambos dizem ser a versao 2.0 do mesmo arquivo prospectivo); IDs Zenodo distintos sugerem deposito duplicado.",VoteShift: Swedish Election Forecast Engine — Prospective Forecast Archive 2026,VoteShift: Swedish Election Forecast Engine — Prospective Forecast Archive 2026,"Leijon, Thomas Hedlund","Leijon, Thomas Hedlund",Zenodo (CERN European Organization for Nuclear Research),Zenodo (CERN European Organization for Nuclear Research),outro,outro,confirmado,media,"Mesmo autor, titulo e resumo identicos (ambos dizem ser a versao 2.0 do mesmo arquivo prospectivo); IDs Zenodo distintos sugerem deposito duplicado.",17
B05-00613,B05-01245,R5_candidato,100.0,2024,2025,jiang,zhang,10.31219/osf.io/k9eyh,10.2139/ssrn.5008330,confirmado,revisor_humano_1,"concorda com a sugestão da IA (declaração do autor, 08-revisao-humana/declaracao_autor_2026-09-30.md); decisão registrada e não aplicada nesta versão (Emenda 7): Mesmos tres autores (ordem trocada) e titulo identico; manuscrito depositado em multiplas plataformas de preprint (OSF e SSRN) em datas proximas - mesmo preprint replicado.",Donald Trumps in the Virtual Polls: Simulating and Predicting Public Opinions in Surveys Using Large Language Models,Donald Trumps in the Virtual Polls: Simulating and Predicting Public Opinions in Surveys Using Large Language Models,"Jiang, Song | Wei, Lijia | Zhang, Chen","Zhang, Chen | Wei, Lijia | Jiang, Song",,SSRN Electronic Journal,preprint,preprint,confirmado,media,Mesmos tres autores (ordem trocada) e titulo identico; manuscrito depositado em multiplas plataformas de preprint (OSF e SSRN) em datas proximas - mesmo preprint replicado.,18
B05-00712,B05-00745,R3_titulo_exato,100.0,2022,2022,himki,himki,10.34306/sabda.v1i1.77,10.33050/sabda.v1i1.77,confirmado,revisor_humano_1,"concorda com a sugestão da IA (declaração do autor, 08-revisao-humana/declaracao_autor_2026-09-30.md); decisão registrada e não aplicada nesta versão (Emenda 7): Mesmo titulo, autores, ano, periodico e resumo identico; dois DOIs registrados para o mesmo artigo (prefixos de registradora diferentes), provavel duplicidade de registro do periodico.",Digital Business Entrepreneurship Decisions: An E-Business Analysis (A Study Literature Review),Digital Business Entrepreneurship Decisions: An E-Business Analysis (A Study Literature Review),"Himki, Arzo | Ramadhan, Tarisya | Durachman, Yusuf | Pramono, Erry Sigit","Himki, Arzo | Ramadhan, Tarisya | Durachman, Yusuf | Pramono, Erry Sigit",Startupreneur Business Digital (SABDA Journal),Startupreneur Business Digital (SABDA Journal),artigo,artigo,confirmado,media,"Mesmo titulo, autores, ano, periodico e resumo identico; dois DOIs registrados para o mesmo artigo (prefixos de registradora diferentes), provavel duplicidade de registro do periodico.",19
B05-00734,B05-00737,versao,100.0,2017,2018,gerber,hoffman,,10.1257/rct.3199-1.0,rejeitado,revisor_humano_1,"concorda com a sugestão da IA (declaração do autor, 08-revisao-humana/declaracao_autor_2026-09-30.md); decisão registrada e não aplicada nesta versão (Emenda 7): A e o preprint RePEc do estudo, B e uma variante do registro de pre-registro AEA RCT Registry (rct.3199-1.0) - tipos de documento diferentes.",One in a Million: Field Experiments on Perceived Closeness of the Election and Voter Turnout,One in a Million: Field Experiments on Perceived Closeness of the Election and Voter Turnout,"Gerber, Alan S. | Hoffman, Mitchell | Morgan, John | Raymond, Collin","Hoffman, Mitchell",RePEc: Research Papers in Economics,AEA Randomized Controlled Trials,preprint,outro,rejeitado,media,"A e o preprint RePEc do estudo, B e uma variante do registro de pre-registro AEA RCT Registry (rct.3199-1.0) - tipos de documento diferentes.",20
B05-00843,B05-01245,R5_candidato,100.0,2024,2025,jiang,zhang,10.48550/arxiv.2411.01582,10.2139/ssrn.5008330,confirmado,revisor_humano_1,"concorda com a sugestão da IA (declaração do autor, 08-revisao-humana/declaracao_autor_2026-09-30.md); decisão registrada e não aplicada nesta versão (Emenda 7): Mesmos tres autores (ordem trocada) e titulo identico; manuscrito depositado em multiplas plataformas de preprint (arXiv e SSRN) em datas proximas - mesmo preprint replicado (mesma familia do indice 54).",Donald Trumps in the Virtual Polls: Simulating and Predicting Public Opinions in Surveys Using Large Language Models,Donald Trumps in the Virtual Polls: Simulating and Predicting Public Opinions in Surveys Using Large Language Models,"Jiang, Song | Wei, Lijia | Zhang, Chen","Zhang, Chen | Wei, Lijia | Jiang, Song",arXiv (Cornell University),SSRN Electronic Journal,preprint,preprint,confirmado,media,Mesmos tres autores (ordem trocada) e titulo identico; manuscrito depositado em multiplas plataformas de preprint (arXiv e SSRN) em datas proximas - mesmo preprint replicado (mesma familia do indice 54).,21
B05-00897,B05-01297,R3_titulo_exato,100.0,2024,2025,streltsov,streltsov,10.55105/2500-2872-2024-2-65-85,10.55105/2658-6444-2025-1-93-118,rejeitado,revisor_humano_1,"concorda com a sugestão da IA (declaração do autor, 08-revisao-humana/declaracao_autor_2026-09-30.md); decisão registrada e não aplicada nesta versão (Emenda 7): Mesmo autor (Streltsov) publicou artigo com conteudo muito similar em dois periodicos diferentes com um ano de diferenca (2024->2025) - publicacao dupla, nao o mesmo registro de DOI; considerar ligacao de relatos na etapa 7 se for tratado como o mesmo estudo.",The narrative of the «Northern Territories» in the socio-political discourse of contemporary Japan,The Narrative of the Northern Territories in the Socio-Political Discourse of Contemporary Japan,"Streltsov, Dmitry","Streltsov, Dmitry",Japanese Studies in Russia,Russian Japanology Review,artigo,artigo,rejeitado,media,"Mesmo autor (Streltsov) publicou artigo com conteudo muito similar em dois periodicos diferentes com um ano de diferenca (2024->2025) - publicacao dupla, nao o mesmo registro de DOI; considerar ligacao de relatos na etapa 7 se for tratado como o mesmo estudo.",22
B05-00913,B05-00914,R3_titulo_exato,100.0,2020,2021,ionas,ionas,10.33422/5th.hsconf.2020.11.111,10.33422/jarss.v4i1.687,rejeitado,revisor_humano_1,"concorda com a sugestão da IA (declaração do autor, 08-revisao-humana/declaracao_autor_2026-09-30.md); decisão registrada e não aplicada nesta versão (Emenda 7): Mesmo autor (Ionas); A e comunicacao em evento (2020), B e o artigo de periodico decorrente (2021) - versao de conferencia para versao de periodico, nao capturada pela regra versao (tipo 'evento' e nao 'preprint'); considerar ligacao de relatos na etapa 7.",The profile of the Romanian voter In European elections,The Profile of the Romanian Voter in European Elections,"Ionaș, Claudia Elena","Ionaș, Claudia Elena",,Journal of Advanced Research in Social Sciences,evento,artigo,rejeitado,media,"Mesmo autor (Ionas); A e comunicacao em evento (2020), B e o artigo de periodico decorrente (2021) - versao de conferencia para versao de periodico, nao capturada pela regra versao (tipo 'evento' e nao 'preprint'); considerar ligacao de relatos na etapa 7.",23
B05-00925,B05-00927,R3_titulo_exato,100.0,2013,2013,wei,wei,10.2174/1874916x20130509002,10.2174/1874916x20130503002,confirmado,revisor_humano_1,"concorda com a sugestão da IA (declaração do autor, 08-revisao-humana/declaracao_autor_2026-09-30.md); decisão registrada e não aplicada nesta versão (Emenda 7): Mesmo autor, ano e periodico (The Open Communication Journal), resumo quase identico; DOIs diferindo por um digito - provavel duplicidade de registro do periodico.",Perceived Poll Bias and Inference of Biased Poll Impact in the 2010 U.S. Midterm Elections: Media Performance in the Eyes of the Beholder,Perceived Poll Bias and Inference of Biased Poll Impact in the 2010 U.S. Midterm Elections: Media Performance in the Eyes of the Beholder,"Wei, Ran","Wei, Ran",The Open Communication Journal,The Open Communication Journal,artigo,artigo,confirmado,media,"Mesmo autor, ano e periodico (The Open Communication Journal), resumo quase identico; DOIs diferindo por um digito - provavel duplicidade de registro do periodico.",24
B05-01066,B05-01068,R5_candidato,91.2,2015,2015,blumenau,blumenau,,,rejeitado,revisor_humano_1,"concorda com a sugestão da IA (declaração do autor, 08-revisao-humana/declaracao_autor_2026-09-30.md); decisão registrada e não aplicada nesta versão (Emenda 7): Serie de posts mensais do blog 'Predicting the polls' (LSE); resumo e texto padrao da serie reaproveitado a cada post, mas 'March 17th' e 'March' sao publicacoes diferentes na serie.",Predicting the polls – March 17th,Predicting the polls – March,"Blumenau, Jack | Hanretty, Chris | Lauderdale, Benjamin | Vivyan, Nick","Blumenau, Jack | Hanretty, Chris | Lauderdale, Benjamin | Vivyan, Nick",London School of Economics and Political Science Research Online (London School of Economics and Political Science),London School of Economics and Political Science Research Online (London School of Economics and Political Science),outro,outro,rejeitado,media,"Serie de posts mensais do blog 'Predicting the polls' (LSE); resumo e texto padrao da serie reaproveitado a cada post, mas 'March 17th' e 'March' sao publicacoes diferentes na serie.",25
B05-01067,B05-01068,R5_candidato,88.5,2015,2015,blumenau,blumenau,,,rejeitado,revisor_humano_1,"concorda com a sugestão da IA (declaração do autor, 08-revisao-humana/declaracao_autor_2026-09-30.md); decisão registrada e não aplicada nesta versão (Emenda 7): Serie de posts mensais do blog 'Predicting the polls' (LSE); 'April' e 'March' sao publicacoes diferentes na serie, resumo padrao reaproveitado.",Predicting the polls – April,Predicting the polls – March,"Blumenau, Jack | Hanretty, Chris | Lauderdale, Benjamin | Vivyan, Nick","Blumenau, Jack | Hanretty, Chris | Lauderdale, Benjamin | Vivyan, Nick",London School of Economics and Political Science Research Online (London School of Economics and Political Science),London School of Economics and Political Science Research Online (London School of Economics and Political Science),outro,outro,rejeitado,media,"Serie de posts mensais do blog 'Predicting the polls' (LSE); 'April' e 'March' sao publicacoes diferentes na serie, resumo padrao reaproveitado.",26
B05-01318,B05-01320,R3_titulo_exato,100.0,2026,2026,sangiovanni,sangiovanni,10.6084/m9.figshare.33179352,10.1080/17457289.2026.2712457,confirmado,revisor_humano_1,"concorda com a sugestão da IA (declaração do autor, 08-revisao-humana/declaracao_autor_2026-09-30.md); decisão registrada e não aplicada nesta versão (Emenda 7): Titulo e resumo identicos entre o deposito no Figshare e o artigo publicado no Journal of Elections; provavel copia do autor no repositorio - confirmar se o Figshare contem apenas dados suplementares antes de fundir.",Valence strategies and polling support during electoral campaigns,Valence strategies and polling support during electoral campaigns,"Sangiovanni, Stefano","Sangiovanni, Stefano",Figshare,Journal of Elections Public Opinion and Parties,artigo,artigo,confirmado,media,Titulo e resumo identicos entre o deposito no Figshare e o artigo publicado no Journal of Elections; provavel copia do autor no repositorio - confirmar se o Figshare contem apenas dados suplementares antes de fundir.,27
B05-01319,B05-01320,R3_titulo_exato,100.0,2026,2026,sangiovanni,sangiovanni,10.6084/m9.figshare.33179352.v1,10.1080/17457289.2026.2712457,confirmado,revisor_humano_1,"concorda com a sugestão da IA (declaração do autor, 08-revisao-humana/declaracao_autor_2026-09-30.md); decisão registrada e não aplicada nesta versão (Emenda 7): Titulo e resumo identicos entre o deposito no Figshare (v1) e o artigo publicado; mesma ressalva do indice 99 - confirmar conteudo do Figshare antes de fundir.",Valence strategies and polling support during electoral campaigns,Valence strategies and polling support during electoral campaigns,"Sangiovanni, Stefano","Sangiovanni, Stefano",Figshare,Journal of Elections Public Opinion and Parties,artigo,artigo,confirmado,media,Titulo e resumo identicos entre o deposito no Figshare (v1) e o artigo publicado; mesma ressalva do indice 99 - confirmar conteudo do Figshare antes de fundir.,28
SN1-00016,SN1-00996,R3_titulo_exato,100.0,1975,1974,tversky,tversky,10.1007/978-94-010-1834-0_8,10.1126/science.185.4157.1124,rejeitado,revisor_humano_1,"concorda com a sugestão da IA (declaração do autor, 08-revisao-humana/declaracao_autor_2026-09-30.md); decisão registrada e não aplicada nesta versão (Emenda 7): 'Judgment under Uncertainty' e o artigo classico de Tversky & Kahneman na Science (1974); o registro A e a reimpressao como capitulo em coletanea (1975), documento formalmente distinto - considerar ligacao de relatos na etapa 7 se ambos entrarem no corpus.",Judgment under Uncertainty: Heuristics and Biases,Judgment under Uncertainty: Heuristics and Biases,"Tversky, Amos | Kahneman, Daniel","Tversky, Amos | Kahneman, Daniel",,Science,capitulo,artigo,rejeitado,media,"'Judgment under Uncertainty' e o artigo classico de Tversky & Kahneman na Science (1974); o registro A e a reimpressao como capitulo em coletanea (1975), documento formalmente distinto - considerar ligacao de relatos na etapa 7 se ambos entrarem no corpus.",29
SN1-00196,SN1-00973,R3_titulo_exato,100.0,1972,1972,kahneman,kahneman,10.1016/0010-0285(72)90016-3,10.1007/978-94-010-2288-0_3,rejeitado,revisor_humano_1,"concorda com a sugestão da IA (declaração do autor, 08-revisao-humana/declaracao_autor_2026-09-30.md); decisão registrada e não aplicada nesta versão (Emenda 7): 'Subjective Probability: A Judgment of Representativeness' e o artigo original de Kahneman & Tversky na Cognitive Psychology (1972); o registro B e a reimpressao como capitulo em coletanea, documento formalmente distinto.",Subjective probability: A judgment of representativeness,Subjective Probability: A Judgment of Representativeness,"Kahneman, Daniel | Tversky, Amos","Kahneman, Daniel | Tversky, Amos",Cognitive Psychology,,artigo,capitulo,rejeitado,media,"'Subjective Probability: A Judgment of Representativeness' e o artigo original de Kahneman & Tversky na Cognitive Psychology (1972); o registro B e a reimpressao como capitulo em coletanea, documento formalmente distinto.",30
SN1-00850,SN1-00970,R5_candidato,100.0,1997,1997,dunleavy,cox,,10.1017/cbo9781139174954,rejeitado,revisor_humano_1,"concorda com a sugestão da IA (declaração do autor, 08-revisao-humana/declaracao_autor_2026-09-30.md); decisão registrada e não aplicada nesta versão (Emenda 7): Titulos identicos mas autores completamente diferentes (Dunleavy x Cox); resumo do registro A vazio, nao e possivel confirmar se A e resenha do livro de Cox ou coincidencia de titulo - verificar texto completo antes de decidir.",Making Votes Count,Making Votes Count,"Dunleavy, Patrick","Cox, Gary W.",,Cambridge University Press eBooks,livro,livro,rejeitado,media,"Titulos identicos mas autores completamente diferentes (Dunleavy x Cox); resumo do registro A vazio, nao e possivel confirmar se A e resenha do livro de Cox ou coincidencia de titulo - verificar texto completo antes de decidir.",31
SN1-00903,SN1-00904,R3_titulo_exato,100.0,2022,2022,torres,,10.48152/ssrp-ztqr-1663,10.48152/ssrp-n3qm-kg83,rejeitado,revisor_humano_1,"concorda com a sugestão da IA (declaração do autor, 08-revisao-humana/declaracao_autor_2026-09-30.md); decisão registrada e não aplicada nesta versão (Emenda 7): Provavelmente duas reproducoes independentes do mesmo estudo original na plataforma SSRP (autoria e DOIs diferentes); resumos vazios impedem confirmacao - considerar abrir o texto completo antes de decidir.",Reproduction of 'One in a Million: Field Experiments on Perceived Closeness of the Election and Voter Turnout',Reproduction of 'One in a Million: Field Experiments on Perceived Closeness of the Election and Voter Turnout',"Torres, Camilo",,,,relatorio,relatorio,rejeitado,media,Provavelmente duas reproducoes independentes do mesmo estudo original na plataforma SSRP (autoria e DOIs diferentes); resumos vazios impedem confirmacao - considerar abrir o texto completo antes de decidir.,32
SN1-01094,SN1-01100,R5_candidato,100.0,2024,2024,singh,mishra,10.2139/ssrn.4864181,10.2139/ssrn.4893582,confirmado,revisor_humano_1,"concorda com a sugestão da IA (declaração do autor, 08-revisao-humana/declaracao_autor_2026-09-30.md); decisão registrada e não aplicada nesta versão (Emenda 7): Mesmo titulo exato, mesma plataforma (SSRN) e ano; a versao B tem dois coautores adicionais (Mukherjee, Nair) - provavel revisao do mesmo manuscrito com autoria expandida; confirmar conteudo antes de fundir.",Macroeconomic Impact of Harmonizing Electoral Cycles: Evidence from India,Macroeconomic Impact of Harmonizing Electoral Cycles: Evidence from India,"Singh, NK | Mishra, Prachi","Mishra, Prachi | Singh, NK | Mukherjee, Shohan | Nair, Ankita",SSRN Electronic Journal,SSRN Electronic Journal,preprint,preprint,confirmado,media,"Mesmo titulo exato, mesma plataforma (SSRN) e ano; a versao B tem dois coautores adicionais (Mukherjee, Nair) - provavel revisao do mesmo manuscrito com autoria expandida; confirmar conteudo antes de fundir.",33
B02-00013,B02-00014,R3_titulo_exato,100.0,2022,2022,guimaraes,guimaraes,10.5281/zenodo.7275014,10.5281/zenodo.7275013,confirmado,revisor_humano_1,"concorda com a sugestão da IA (declaração do autor, 08-revisao-humana/declaracao_autor_2026-09-30.md); decisão registrada e não aplicada nesta versão (Emenda 7): Mesmo titulo, autores, ano e veiculo (Zenodo), resumo identico; DOIs sequenciais (7275014/7275013) indicam duplo deposito do mesmo TCC.",Eleições 2022 -- Notícias que usam agregadores de pesquisa de intenção de voto para presidente entre janeiro a julho,Eleições 2022 -- Notícias que usam agregadores de pesquisa de intenção de voto para presidente entre janeiro a julho,"Guimarães, Arthur | Pereira, Bruno","Guimarães, Arthur | Pereira, Bruno",Zenodo (CERN European Organization for Nuclear Research),Zenodo (CERN European Organization for Nuclear Research),outro,outro,confirmado,alta,"Mesmo titulo, autores, ano e veiculo (Zenodo), resumo identico; DOIs sequenciais (7275014/7275013) indicam duplo deposito do mesmo TCC.",34
B02-00051,B02-00052,R3_titulo_exato,100.0,2026,2026,kierski,kierski,10.5281/zenodo.20415384,10.5281/zenodo.20422803,confirmado,revisor_humano_1,"concorda com a sugestão da IA (declaração do autor, 08-revisao-humana/declaracao_autor_2026-09-30.md); decisão registrada e não aplicada nesta versão (Emenda 7): Mesmo titulo, autor, ano e veiculo (Zenodo), resumo identico; cluster de 4 depositos Zenodo (B02-00051/52/53/54) do mesmo relatorio com DOIs sequenciais.",Relatório de Pesquisa Teórica: Modelagem de Sistemas Cósmicos através de Dispersão Caótica Matricial.,Relatório de Pesquisa Teórica: Modelagem de Sistemas Cósmicos através de Dispersão Caótica Matricial.,"Kierski, Ruan Felipe Arruda Cordeiro","Kierski, Ruan Felipe Arruda Cordeiro",Zenodo (CERN European Organization for Nuclear Research),Zenodo (CERN European Organization for Nuclear Research),relatorio,relatorio,confirmado,alta,"Mesmo titulo, autor, ano e veiculo (Zenodo), resumo identico; cluster de 4 depositos Zenodo (B02-00051/52/53/54) do mesmo relatorio com DOIs sequenciais.",35
B02-00051,B02-00053,R3_titulo_exato,100.0,2026,2026,kierski,kierski,10.5281/zenodo.20415384,10.5281/zenodo.20422071,confirmado,revisor_humano_1,"concorda com a sugestão da IA (declaração do autor, 08-revisao-humana/declaracao_autor_2026-09-30.md); decisão registrada e não aplicada nesta versão (Emenda 7): Mesmo cluster de depositos Zenodo duplicados do mesmo relatorio (ver indice 0).",Relatório de Pesquisa Teórica: Modelagem de Sistemas Cósmicos através de Dispersão Caótica Matricial.,Relatório de Pesquisa Teórica: Modelagem de Sistemas Cósmicos através de Dispersão Caótica Matricial.,"Kierski, Ruan Felipe Arruda Cordeiro","Kierski, Ruan Felipe Arruda Cordeiro",Zenodo (CERN European Organization for Nuclear Research),Zenodo (CERN European Organization for Nuclear Research),relatorio,relatorio,confirmado,alta,Mesmo cluster de depositos Zenodo duplicados do mesmo relatorio (ver indice 0).,36
B02-00051,B02-00054,R3_titulo_exato,100.0,2026,2026,kierski,kierski,10.5281/zenodo.20415384,10.5281/zenodo.20415385,confirmado,revisor_humano_1,"concorda com a sugestão da IA (declaração do autor, 08-revisao-humana/declaracao_autor_2026-09-30.md); decisão registrada e não aplicada nesta versão (Emenda 7): Mesmo cluster de depositos Zenodo duplicados do mesmo relatorio.",Relatório de Pesquisa Teórica: Modelagem de Sistemas Cósmicos através de Dispersão Caótica Matricial.,Relatório de Pesquisa Teórica: Modelagem de Sistemas Cósmicos através de Dispersão Caótica Matricial.,"Kierski, Ruan Felipe Arruda Cordeiro","Kierski, Ruan Felipe Arruda Cordeiro",Zenodo (CERN European Organization for Nuclear Research),Zenodo (CERN European Organization for Nuclear Research),relatorio,relatorio,confirmado,alta,Mesmo cluster de depositos Zenodo duplicados do mesmo relatorio.,37
B02-00052,B02-00053,R3_titulo_exato,100.0,2026,2026,kierski,kierski,10.5281/zenodo.20422803,10.5281/zenodo.20422071,confirmado,revisor_humano_1,"concorda com a sugestão da IA (declaração do autor, 08-revisao-humana/declaracao_autor_2026-09-30.md); decisão registrada e não aplicada nesta versão (Emenda 7): Mesmo cluster de depositos Zenodo duplicados do mesmo relatorio.",Relatório de Pesquisa Teórica: Modelagem de Sistemas Cósmicos através de Dispersão Caótica Matricial.,Relatório de Pesquisa Teórica: Modelagem de Sistemas Cósmicos através de Dispersão Caótica Matricial.,"Kierski, Ruan Felipe Arruda Cordeiro","Kierski, Ruan Felipe Arruda Cordeiro",Zenodo (CERN European Organization for Nuclear Research),Zenodo (CERN European Organization for Nuclear Research),relatorio,relatorio,confirmado,alta,Mesmo cluster de depositos Zenodo duplicados do mesmo relatorio.,38
B02-00052,B02-00054,R3_titulo_exato,100.0,2026,2026,kierski,kierski,10.5281/zenodo.20422803,10.5281/zenodo.20415385,confirmado,revisor_humano_1,"concorda com a sugestão da IA (declaração do autor, 08-revisao-humana/declaracao_autor_2026-09-30.md); decisão registrada e não aplicada nesta versão (Emenda 7): Mesmo cluster de depositos Zenodo duplicados do mesmo relatorio.",Relatório de Pesquisa Teórica: Modelagem de Sistemas Cósmicos através de Dispersão Caótica Matricial.,Relatório de Pesquisa Teórica: Modelagem de Sistemas Cósmicos através de Dispersão Caótica Matricial.,"Kierski, Ruan Felipe Arruda Cordeiro","Kierski, Ruan Felipe Arruda Cordeiro",Zenodo (CERN European Organization for Nuclear Research),Zenodo (CERN European Organization for Nuclear Research),relatorio,relatorio,confirmado,alta,Mesmo cluster de depositos Zenodo duplicados do mesmo relatorio.,39
B02-00053,B02-00054,R3_titulo_exato,100.0,2026,2026,kierski,kierski,10.5281/zenodo.20422071,10.5281/zenodo.20415385,confirmado,revisor_humano_1,"concorda com a sugestão da IA (declaração do autor, 08-revisao-humana/declaracao_autor_2026-09-30.md); decisão registrada e não aplicada nesta versão (Emenda 7): Mesmo cluster de depositos Zenodo duplicados do mesmo relatorio.",Relatório de Pesquisa Teórica: Modelagem de Sistemas Cósmicos através de Dispersão Caótica Matricial.,Relatório de Pesquisa Teórica: Modelagem de Sistemas Cósmicos através de Dispersão Caótica Matricial.,"Kierski, Ruan Felipe Arruda Cordeiro","Kierski, Ruan Felipe Arruda Cordeiro",Zenodo (CERN European Organization for Nuclear Research),Zenodo (CERN European Organization for Nuclear Research),relatorio,relatorio,confirmado,alta,Mesmo cluster de depositos Zenodo duplicados do mesmo relatorio.,40
B03-00048,B03-00064,R5_candidato,100.0,2022,2022,raymond,aguilar,10.35242/rde_2022_22_33_6,10.35242/rde_2022_33_6,confirmado,revisor_humano_1,"concorda com a sugestão da IA (declaração do autor, 08-revisao-humana/declaracao_autor_2026-09-30.md); decisão registrada e não aplicada nesta versão (Emenda 7): Mesmo titulo e resumo identicos; divergencia de sobrenome e artefato de nome composto espanhol (Raymond Porter Aguilar); DOI do Dialnet e variante do DOI original.","Encuestas de opinión electoral. Falacias, sesgos cognitivos y problemas para la democracia","Encuestas de opinión electoral. Falacias, sesgos cognitivos y problemas para la democracia","Raymond, Porter Aguilar","Aguilar, Raymond Porter",Revista de Derecho Electoral,Dialnet (Universidad de la Rioja),artigo,artigo,confirmado,alta,Mesmo titulo e resumo identicos; divergencia de sobrenome e artefato de nome composto espanhol (Raymond Porter Aguilar); DOI do Dialnet e variante do DOI original.,41
B03-00129,B03-00130,R5_candidato,97.7,2015,2015,vidriales,vaca,10.5281/zenodo.8046725,,confirmado,revisor_humano_1,"concorda com a sugestão da IA (declaração do autor, 08-revisao-humana/declaracao_autor_2026-09-30.md); decisão registrada e não aplicada nesta versão (Emenda 7): Mesmo artigo; titulo e resumo do registro B estao com problema de codificacao de caracteres (mojibake do espanhol); mesmos autores em ordem diferente.","ANÁLISIS DEL MERCADO LABORAL DEL SECTOR GASTRONÓMICO EN LA ZONA METROPOLITANA DE GUADALAJARA, JALISCO, MÉXICO","ANÃ LISIS DEL MERCADO LABORAL DEL SECTOR GASTRONÃ“MICO EN LA ZONA METROPOLITANA DE GUADALAJARA, JALISCO, MÃ‰XICO","Vidriales, Arturo Laure | Vaca, Jaime Grover | Bravo, Melchor Orozco","Vaca, Jaime Grover | Vidriales, Arturo Laure | Bravo, Melchor Orozco",Zenodo (CERN European Organization for Nuclear Research),Revista Caribeña de Ciencias Sociales,artigo,artigo,confirmado,alta,Mesmo artigo; titulo e resumo do registro B estao com problema de codificacao de caracteres (mojibake do espanhol); mesmos autores em ordem diferente.,42
B05-00003,B05-00431,R5_candidato,89.0,2020,2019,westwood,westwood,10.1086/708682,10.7910/dvn/trief2,rejeitado,revisor_humano_1,"concorda com a sugestão da IA (declaração do autor, 08-revisao-humana/declaracao_autor_2026-09-30.md); decisão registrada e não aplicada nesta versão (Emenda 7): B e 'Replication Data for:' no Harvard Dataverse - pacote de dados de replicacao, nao o texto do artigo; produto de pesquisa de tipo diferente.",Projecting Confidence: How the Probabilistic Horse Race Confuses and Demobilizes the Public,Replication Data for: Projecting confidence: How the probabilistic horserace confuses and demobilizes the public,"Westwood, Sean | Messing, Solomon | Lelkes, Yphtach","Westwood, Sean | Messing, Solomon | Lelkes, Yphtach",The Journal of Politics,Harvard Dataverse,artigo,outro,rejeitado,alta,"B e 'Replication Data for:' no Harvard Dataverse - pacote de dados de replicacao, nao o texto do artigo; produto de pesquisa de tipo diferente.",43
B05-00010,B05-00037,versao,100.0,2009,2010,centrostudi,larcinese,,10.2139/ssrn.1618875,ligado,revisor_humano_1,"concorda com a sugestão da IA (declaração do autor, 08-revisao-humana/declaracao_autor_2026-09-30.md); decisão registrada e não aplicada nesta versão (Emenda 7): Mesmo titulo e coautores Snyder/Testa; 'Centro Studi' no registro A e erro de metadado (nome de instituicao interpretado como autor); versao institucional (2009) e preprint SSRN (2010) do mesmo texto.",Testing Models of Distributive Politics using Exit Polls to Measure Voters ’ Preferences and Partisanship,Testing Models of Distributive Politics Using Exit Polls to Measure Voters' Preferences and Partisanship,"Centro Studi | Snyder, James M. | Testa, Cecilia","Larcinese, Valentino | Snyder, James M. | Testa, Cecilia",,SSRN Electronic Journal,artigo,preprint,ligado,alta,Mesmo titulo e coautores Snyder/Testa; 'Centro Studi' no registro A e erro de metadado (nome de instituicao interpretado como autor); versao institucional (2009) e preprint SSRN (2010) do mesmo texto.,44
B05-00015,B05-00431,versao,89.0,2018,2019,westwood,westwood,10.2139/ssrn.3117054,10.7910/dvn/trief2,rejeitado,revisor_humano_1,"concorda com a sugestão da IA (declaração do autor, 08-revisao-humana/declaracao_autor_2026-09-30.md); decisão registrada e não aplicada nesta versão (Emenda 7): B e 'Replication Data for:' no Harvard Dataverse - pacote de dados, nao uma versao textual do preprint A; mesmo padrao dos demais pares 'Replication Data' (nao fundir nem ligar como mesmo relato).",Projecting Confidence: How the Probabilistic Horse Race Confuses and Demobilizes the Public,Replication Data for: Projecting confidence: How the probabilistic horserace confuses and demobilizes the public,"Westwood, Sean | Messing, Solomon | Lelkes, Yphtach","Westwood, Sean | Messing, Solomon | Lelkes, Yphtach",SSRN Electronic Journal,Harvard Dataverse,preprint,outro,rejeitado,alta,"B e 'Replication Data for:' no Harvard Dataverse - pacote de dados, nao uma versao textual do preprint A; mesmo padrao dos demais pares 'Replication Data' (nao fundir nem ligar como mesmo relato).",45
B05-00056,B05-00408,R5_candidato,89.9,2021,2021,louwerse,louwerse,10.1057/s41269-021-00208-5,10.7910/dvn/1qx5f2,rejeitado,revisor_humano_1,"concorda com a sugestão da IA (declaração do autor, 08-revisao-humana/declaracao_autor_2026-09-30.md); decisão registrada e não aplicada nesta versão (Emenda 7): B e 'Replication Data for:' no repositorio da propria universidade - pacote de dados de replicacao, nao o artigo.",Reporting the polls: the quality of media reporting of vote intention polls in the Netherlands,Replication Data for: Reporting the polls: the quality of media reporting of vote intention polls in the Netherlands,"Louwerse, Tom | Dijk, Rozemarijn E. van","Louwerse, Tom | Dijk, Rozemarijn E. van",Acta Politica,Leiden Repository (Leiden University),artigo,artigo,rejeitado,alta,"B e 'Replication Data for:' no repositorio da propria universidade - pacote de dados de replicacao, nao o artigo.",46
B05-00073,B05-00242,versao,90.2,2016,2015,nielsen,nielsen,10.1111/rssa.12251,,ligado,revisor_humano_1,"concorda com a sugestão da IA (declaração do autor, 08-revisao-humana/declaracao_autor_2026-09-30.md); decisão registrada e não aplicada nesta versão (Emenda 7): Mesmo titulo (variacao minima) e autores (nome com erro de codificacao 'Orregaard' malcodificado); working paper RePEc 2015 precede a publicacao na JRSS-A 2016.",Forecasting Daily Political Opinion Polls Using the Fractionally Cointegrated Vector Auto-Regressive Model,Forecasting daily political opinion polls using the fractionally cointegrated VAR model,"Nielsen, Morten Ørregaard | Shibaev, Sergei S.","Nielsen, Morten Ã ̃rregaard | Shibaev, Sergei S.",Journal of the Royal Statistical Society Series A (Statistics in Society),RePEc: Research Papers in Economics,artigo,preprint,ligado,alta,Mesmo titulo (variacao minima) e autores (nome com erro de codificacao 'Orregaard' malcodificado); working paper RePEc 2015 precede a publicacao na JRSS-A 2016.,47
B05-00076,B05-00288,R3_titulo_exato,100.0,2024,2024,grillo,grillo,10.3917/reco.pr2.0188,10.3917/reco.752.0353,confirmado,revisor_humano_1,"concorda com a sugestão da IA (declaração do autor, 08-revisao-humana/declaracao_autor_2026-09-30.md); decisão registrada e não aplicada nesta versão (Emenda 7): Mesmo titulo, autores, ano e revista (Revue economique); DOI 'pr2' e o identificador de pre-publicacao (online first) do mesmo artigo, substituido pelo DOI final 752.0353.",Exit Polls and Voter Turnout in the 2017 French Elections,Exit Polls and Voter Turnout in the 2017 French Elections,"Grillo, Alberto | Raiber, Eva","Grillo, Alberto | Raiber, Eva",Revue économique,Revue économique,artigo,artigo,confirmado,alta,"Mesmo titulo, autores, ano e revista (Revue economique); DOI 'pr2' e o identificador de pre-publicacao (online first) do mesmo artigo, substituido pelo DOI final 752.0353.",48
B05-00076,B05-00400,R3_titulo_exato,100.0,2024,2024,grillo,grillo,10.3917/reco.pr2.0188,10.3917/e.reco.752.0353,confirmado,revisor_humano_1,"concorda com a sugestão da IA (declaração do autor, 08-revisao-humana/declaracao_autor_2026-09-30.md); decisão registrada e não aplicada nesta versão (Emenda 7): Mesmo titulo, autores, ano e revista; DOI com prefixo 'e.' e a edicao eletronica do mesmo artigo (752.0353).",Exit Polls and Voter Turnout in the 2017 French Elections,Exit Polls and Voter Turnout in the 2017 French Elections,"Grillo, Alberto | Raiber, Eva","Grillo, Alberto | Raiber, Eva",Revue économique,Revue économique,artigo,artigo,confirmado,alta,"Mesmo titulo, autores, ano e revista; DOI com prefixo 'e.' e a edicao eletronica do mesmo artigo (752.0353).",49
B05-00078,B05-00361,versao,100.0,2013,2010,andersen,jensen,10.1177/0951629813493210,,ligado,revisor_humano_1,"concorda com a sugestão da IA (declaração do autor, 08-revisao-humana/declaracao_autor_2026-09-30.md); decisão registrada e não aplicada nesta versão (Emenda 7): Mesmo tema (referendo dinamarques de 2009) e autores (ordem trocada); working paper RePEc 2010 precede a publicacao na Journal of Theoretical Politics 2013.",Exit polls and voter turnout,Exit Polls and Voter Turnout,"Andersen, Asger Lau | Jensen, Thomas Wiben","Jensen, Thomas Wiben | Andersen, Asger Lau",Journal of Theoretical Politics,RePEc: Research Papers in Economics,artigo,preprint,ligado,alta,Mesmo tema (referendo dinamarques de 2009) e autores (ordem trocada); working paper RePEc 2010 precede a publicacao na Journal of Theoretical Politics 2013.,50
B05-00089,B05-00157,R5_candidato,100.0,2019,2018,bansal,srivastava,10.1504/ijwbc.2019.098693,10.1504/ijwbc.2019.10018048,confirmado,revisor_humano_1,"concorda com a sugestão da IA (declaração do autor, 08-revisao-humana/declaracao_autor_2026-09-30.md); decisão registrada e não aplicada nesta versão (Emenda 7): Mesmo artigo (IJWBC), autores na ordem trocada entre bases, resumo identico; DOI 10018048 e o DOI 'online-first' da Inderscience, 098693 o final.",Lexicon-based Twitter sentiment analysis for vote share prediction using emoji and N-gram features,Lexicon Based Twitter Sentiment Analysis for Vote Share Prediction Using Emoji and N-gram Features,"Bansal, Barkha | Srivastava, Sangeet","Srivastava, Sangeet | Bansal, Barkha",International Journal of Web Based Communities,International Journal of Web Based Communities,artigo,artigo,confirmado,alta,"Mesmo artigo (IJWBC), autores na ordem trocada entre bases, resumo identico; DOI 10018048 e o DOI 'online-first' da Inderscience, 098693 o final.",51
B05-00123,B05-00337,R3_titulo_exato,100.0,2010,2010,pool,pool,10.3886/icpsr28123.v2,10.3886/icpsr28123.v1,confirmado,revisor_humano_1,"concorda com a sugestão da IA (declaração do autor, 08-revisao-humana/declaracao_autor_2026-09-30.md); decisão registrada e não aplicada nesta versão (Emenda 7): Mesmo estudo ICPSR (28123); v1 e v2 sao versoes do mesmo deposito, resumo identico.","National Election Pool General Election Exit Polls, 2008","National Election Pool General Election Exit Polls, 2008","Pool, National Election | International, Mitofsky","Pool, National Election | International, Mitofsky",ICPSR Data Holdings,ICPSR Data Holdings,outro,outro,confirmado,alta,"Mesmo estudo ICPSR (28123); v1 e v2 sao versoes do mesmo deposito, resumo identico.",52
B05-00123,B05-00338,R3_titulo_exato,100.0,2010,2010,pool,pool,10.3886/icpsr28123.v2,10.3886/icpsr28123,confirmado,revisor_humano_1,"concorda com a sugestão da IA (declaração do autor, 08-revisao-humana/declaracao_autor_2026-09-30.md); decisão registrada e não aplicada nesta versão (Emenda 7): Mesmo estudo ICPSR (28123); DOI sem sufixo de versao e o alias do v2, resumo identico.","National Election Pool General Election Exit Polls, 2008","National Election Pool General Election Exit Polls, 2008","Pool, National Election | International, Mitofsky","Pool, National Election | International, Mitofsky",ICPSR Data Holdings,ICPSR Data Holdings,outro,outro,confirmado,alta,"Mesmo estudo ICPSR (28123); DOI sem sufixo de versao e o alias do v2, resumo identico.",53
B05-00132,B05-00371,R5_candidato,91.7,2022,2021,unkelbach,john,10.1007/s11615-022-00417-3,10.17605/osf.io/ms3ek,rejeitado,revisor_humano_1,"concorda com a sugestão da IA (declaração do autor, 08-revisao-humana/declaracao_autor_2026-09-30.md); decisão registrada e não aplicada nesta versão (Emenda 7): Mesmo estudo (mesmos autores, ordem diferente); registro OSF de 2021 e a versao de pre-registro anterior a publicacao em Politische Vierteljahresschrift (2022); tipo 'outro' nao foi capturado pela regra versao - nao fundir, ligar como relatos na etapa 7.",Jumping on the Bandwagon: The Role of Voters’ Social Class in Poll Effects in the Context of the 2021 German Federal Election,Jumping on the Bandwagon: Investigation of the role of voters' social class for poll effects in the context of the 2021 German federal election,"Unkelbach, Fabienne | John, Melvin | Vogel, Vera","John, Melvin | Vogel, Vera | Unkelbach, Fabienne",Politische Vierteljahresschrift,Open Science Framework,artigo,outro,rejeitado,alta,"Mesmo estudo (mesmos autores, ordem diferente); registro OSF de 2021 e a versao de pre-registro anterior a publicacao em Politische Vierteljahresschrift (2022); tipo 'outro' nao foi capturado pela regra versao - nao fundir, ligar como relatos na etapa 7.",54
B05-00175,B05-00734,versao,100.0,2017,2017,gerber,gerber,10.3386/w23071,,ligado,revisor_humano_1,"concorda com a sugestão da IA (declaração do autor, 08-revisao-humana/declaracao_autor_2026-09-30.md); decisão registrada e não aplicada nesta versão (Emenda 7): RePEc espelha o proprio NBER working paper (nao e uma segunda publicacao independente); mesmo resumo e autores - vincular como o mesmo texto de trabalho, apesar do aviso do script sobre unir dois 'publicados'.",One in a Million: Field Experiments on Perceived Closeness of the Election and Voter Turnout,One in a Million: Field Experiments on Perceived Closeness of the Election and Voter Turnout,"Gerber, Alan S. | Hoffman, Mitchell | Morgan, John | Raymond, Collin","Gerber, Alan S. | Hoffman, Mitchell | Morgan, John | Raymond, Collin",National Bureau of Economic Research,RePEc: Research Papers in Economics,relatorio,preprint,ligado,alta,"RePEc espelha o proprio NBER working paper (nao e uma segunda publicacao independente); mesmo resumo e autores - vincular como o mesmo texto de trabalho, apesar do aviso do script sobre unir dois 'publicados'.",55
B05-00177,B05-00803,R5_candidato,92.8,2018,2018,toff,toff,10.1177/2053168018812215,10.7910/dvn/x7nksl,rejeitado,revisor_humano_1,"concorda com a sugestão da IA (declaração do autor, 08-revisao-humana/declaracao_autor_2026-09-30.md); decisão registrada e não aplicada nesta versão (Emenda 7): B e 'Replication Data for:' no Harvard Dataverse - pacote de dados de replicacao, nao o artigo.",Exploring the effects of polls on public opinion: How and when media reports of policy preferences can become self-fulfilling prophesies,Replication Data for: Exploring the Effects of Polls on Public Opinion: How and When Media Reports of Policy Preferences Can Become Self-Fulfilling Prophesies,"Toff, Benjamin","Toff, Benjamin",Research & Politics,Harvard Dataverse,artigo,outro,rejeitado,alta,"B e 'Replication Data for:' no Harvard Dataverse - pacote de dados de replicacao, nao o artigo.",56
B05-00192,SN1-00899,versao,100.0,2023,,granzier,granzier,10.1257/app.20210840,,ligado,revisor_humano_1,"concorda com a sugestão da IA (declaração do autor, 08-revisao-humana/declaracao_autor_2026-09-30.md); decisão registrada e não aplicada nesta versão (Emenda 7): Mesmo titulo e autores (Granzier/Pons/Tricaud); preprint RePEc (sem ano) precede a publicacao na AEJ:Applied 2023.",Coordination and Bandwagon Effects: How Past Rankings Shape the Behavior of Voters and Candidates,Coordination and Bandwagon Effects: How Past Rankings Shape the Behavior of Voters and Candidates,"Granzier, Riako | Pons, Vincent | Tricaud, Clémence","Granzier, Riako | Pons, Vincent | Tricaud, Clémence",American Economic Journal Applied Economics,RePEc: Research Papers in Economics,artigo,preprint,ligado,alta,Mesmo titulo e autores (Granzier/Pons/Tricaud); preprint RePEc (sem ano) precede a publicacao na AEJ:Applied 2023.,57
B05-00203,B05-00641,versao,86.8,2025,2024,dominitz,dominitz,10.1080/01621459.2025.2537459,10.48550/arxiv.2407.19339,ligado,revisor_humano_1,"concorda com a sugestão da IA (declaração do autor, 08-revisao-humana/declaracao_autor_2026-09-30.md); decisão registrada e não aplicada nesta versão (Emenda 7): Mesmo resumo; titulo do preprint arXiv tem subtitulo adicional ('The Case of Nonresponse') ausente na versao publicada na JASA - revisao editorial usual.",Using Total Margin of Error to Account for Non-Sampling Error in Election Polls,Using Total Margin of Error to Account for Non-Sampling Error in Election Polls: The Case of Nonresponse,"Dominitz, Jeff | Manski, Charles F.","Dominitz, Jeff | Manski, Charles F.",Journal of the American Statistical Association,arXiv (Cornell University),artigo,preprint,ligado,alta,Mesmo resumo; titulo do preprint arXiv tem subtitulo adicional ('The Case of Nonresponse') ausente na versao publicada na JASA - revisao editorial usual.,58
B05-00251,B05-00799,R5_candidato,91.4,2009,2009,soule,soule,,,rejeitado,revisor_humano_1,"concorda com a sugestão da IA (declaração do autor, 08-revisao-humana/declaracao_autor_2026-09-30.md); decisão registrada e não aplicada nesta versão (Emenda 7): Mesmos autores e projeto (We the People), mas dois relatorios sequenciais distintos ('preliminar' e um de aprofundamento, 'Delving Deeper'), com resumos sobre conteudos diferentes - padrao de relatorios em serie, nao duplicata.",Youth Turnout in the 2008 Presidential Election; Data from the We the People Civic Education Alumni Network,Youth Turnout in the 2008 Presidential Election; Delving Deeper with Data from the We the People Civic Education Alumni Network,"Soule, Suzanne | Nairne, Jennifer","Soule, Suzanne | Nairne, Jennifer",,,artigo,artigo,rejeitado,alta,"Mesmos autores e projeto (We the People), mas dois relatorios sequenciais distintos ('preliminar' e um de aprofundamento, 'Delving Deeper'), com resumos sobre conteudos diferentes - padrao de relatorios em serie, nao duplicata.",59
B05-00263,B05-00647,versao,100.0,2025,2026,chernov,chernov,10.2139/ssrn.5099876,10.1016/j.jeconom.2026.106192,ligado,revisor_humano_1,"concorda com a sugestão da IA (declaração do autor, 08-revisao-humana/declaracao_autor_2026-09-30.md); decisão registrada e não aplicada nesta versão (Emenda 7): Mesmo estudo (Chernov/Elenev/Song); preprint SSRN (2025, ID 5099876) precede a publicacao no Journal of Econometrics (mesma familia de preprints dos indices 58/59).",The Comovement of Voter Preferences: Insights from U.S. Presidential Election Prediction Markets Beyond Polls,The comovement of voter preferences: Insights from U.S. presidential election prediction markets beyond polls,"Chernov, Mikhail | Elenev, Vadim | Song, Dongho","Chernov, Mikhail | Elenev, Vadim | Song, Dongho",SSRN Electronic Journal,Journal of Econometrics,preprint,artigo,ligado,alta,"Mesmo estudo (Chernov/Elenev/Song); preprint SSRN (2025, ID 5099876) precede a publicacao no Journal of Econometrics (mesma familia de preprints dos indices 58/59).",60
B05-00265,B05-00647,R3_titulo_exato,100.0,2025,2026,chernov,chernov,10.3386/w33339,10.1016/j.jeconom.2026.106192,rejeitado,revisor_humano_1,"concorda com a sugestão da IA (declaração do autor, 08-revisao-humana/declaracao_autor_2026-09-30.md); decisão registrada e não aplicada nesta versão (Emenda 7): Versao NBER (working paper w33339) anterior a publicacao no Journal of Econometrics; mesmo padrao de preprint->publicacao, mas tipo 'relatorio' nao foi capturado pela regra versao - nao fundir, ligar como relatos na etapa 7 junto com os preprints SSRN do mesmo estudo.",The Comovement of Voter Preferences: Insights from U.S. Presidential Election Prediction Markets Beyond Polls,The comovement of voter preferences: Insights from U.S. presidential election prediction markets beyond polls,"Chernov, Mikhail | Elenev, Vadim | Song, Dongho","Chernov, Mikhail | Elenev, Vadim | Song, Dongho",National Bureau of Economic Research,Journal of Econometrics,relatorio,artigo,rejeitado,alta,"Versao NBER (working paper w33339) anterior a publicacao no Journal of Econometrics; mesmo padrao de preprint->publicacao, mas tipo 'relatorio' nao foi capturado pela regra versao - nao fundir, ligar como relatos na etapa 7 junto com os preprints SSRN do mesmo estudo.",61
B05-00273,B05-00737,R3_titulo_exato,100.0,2018,2018,hoffman,hoffman,10.1257/rct.3199,10.1257/rct.3199-1.0,confirmado,revisor_humano_1,"concorda com a sugestão da IA (declaração do autor, 08-revisao-humana/declaracao_autor_2026-09-30.md); decisão registrada e não aplicada nesta versão (Emenda 7): Mesmo registro de pre-registro AEA RCT (mesmo ID base 3199); o outro e apenas uma variante de versao ('-1.0') do mesmo registro.",One in a Million: Field Experiments on Perceived Closeness of the Election and Voter Turnout,One in a Million: Field Experiments on Perceived Closeness of the Election and Voter Turnout,"Hoffman, Mitchell","Hoffman, Mitchell",AEA Randomized Controlled Trials,AEA Randomized Controlled Trials,outro,outro,confirmado,alta,Mesmo registro de pre-registro AEA RCT (mesmo ID base 3199); o outro e apenas uma variante de versao ('-1.0') do mesmo registro.,62
B05-00288,B05-00400,R3_titulo_exato,100.0,2024,2024,grillo,grillo,10.3917/reco.752.0353,10.3917/e.reco.752.0353,confirmado,revisor_humano_1,"concorda com a sugestão da IA (declaração do autor, 08-revisao-humana/declaracao_autor_2026-09-30.md); decisão registrada e não aplicada nesta versão (Emenda 7): Mesmo artigo, mesma revista; DOI com prefixo 'e.' e a edicao eletronica do mesmo numero (752.0353).",Exit Polls and Voter Turnout in the 2017 French Elections,Exit Polls and Voter Turnout in the 2017 French Elections,"Grillo, Alberto | Raiber, Eva","Grillo, Alberto | Raiber, Eva",Revue économique,Revue économique,artigo,artigo,confirmado,alta,"Mesmo artigo, mesma revista; DOI com prefixo 'e.' e a edicao eletronica do mesmo numero (752.0353).",63
B05-00311,B05-00472,R5_candidato,100.0,2014,2014,ho,kim,,10.35731/kpca.2014..32.001,confirmado,revisor_humano_1,"concorda com a sugestão da IA (declaração do autor, 08-revisao-humana/declaracao_autor_2026-09-30.md); decisão registrada e não aplicada nesta versão (Emenda 7): Mesmo autor (nome coreano invertido entre as duas fontes: Kim Yong-Ho), titulo identico; um registro tem metadados incompletos (sem periodico/DOI).","Perceptions of election poll reporting and their effects on the support for election poll censorship: Structural equation models for mediating roles of the third person effect, importance of electability, and voting behavior and moderating role of education level","Perceptions of election poll reporting and their effects on the support for election poll censorship: Structural equation models for mediating roles of the third person effect, importance of electability, and voting behavior and moderating role of education level","Ho, Kim Yong","Kim, Yong-Ho",,Journal of Political Communication,artigo,artigo,confirmado,alta,"Mesmo autor (nome coreano invertido entre as duas fontes: Kim Yong-Ho), titulo identico; um registro tem metadados incompletos (sem periodico/DOI).",64
B05-00317,B05-01015,versao,89.6,2015,2013,denter,denter,10.1016/j.jpubeco.2015.07.003,,ligado,revisor_humano_1,"concorda com a sugestão da IA (declaração do autor, 08-revisao-humana/declaracao_autor_2026-09-30.md); decisão registrada e não aplicada nesta versão (Emenda 7): Mesmo resumo e autores (Denter/Sisak); preprint RePEc 2013 ('Political Campaigns') precede a publicacao no Journal of Public Economics ('Political Competition').",Do Polls Create Momentum in Political Competition?,Do Polls Create Momentum in Political Campaigns,"Denter, P | Sisak, Dana","Denter, Philipp | Sisak, Dana",EUR Research Repository (Erasmus University Rotterdam),RePEc: Research Papers in Economics,artigo,preprint,ligado,alta,Mesmo resumo e autores (Denter/Sisak); preprint RePEc 2013 ('Political Campaigns') precede a publicacao no Journal of Public Economics ('Political Competition').,65
B05-00337,B05-00338,R3_titulo_exato,100.0,2010,2010,pool,pool,10.3886/icpsr28123.v1,10.3886/icpsr28123,confirmado,revisor_humano_1,"concorda com a sugestão da IA (declaração do autor, 08-revisao-humana/declaracao_autor_2026-09-30.md); decisão registrada e não aplicada nesta versão (Emenda 7): Mesmo estudo ICPSR (28123); v1 e o DOI sem sufixo de versao sao o mesmo deposito.","National Election Pool General Election Exit Polls, 2008","National Election Pool General Election Exit Polls, 2008","Pool, National Election | International, Mitofsky","Pool, National Election | International, Mitofsky",ICPSR Data Holdings,ICPSR Data Holdings,outro,outro,confirmado,alta,Mesmo estudo ICPSR (28123); v1 e o DOI sem sufixo de versao sao o mesmo deposito.,66
B05-00370,B05-01074,versao,93.2,2014,2013,elsayyad,elsayyad,10.1007/s11127-014-0173-3,10.2139/ssrn.2222629,ligado,revisor_humano_1,"concorda com a sugestão da IA (declaração do autor, 08-revisao-humana/declaracao_autor_2026-09-30.md); decisão registrada e não aplicada nesta versão (Emenda 7): Mesmos autores (Elsayyad/Hanafy) e tema (Egito, Primavera Arabe); preprint SSRN 2013 precede a publicacao na Public Choice 2014.",Voting Islamist or voting secular? An empirical analysis of voting outcomes in Egypt’s “Arab Spring”,Voting Islamist or Voting Secular? An Empirical Analysis of Voting Outcomes in 'Arab Spring' Egypt,"Elsayyad, May | Hanafy, Shimaa","Elsayyad, May | Hanafy, Shimaa",Public Choice,SSRN Electronic Journal,artigo,preprint,ligado,alta,"Mesmos autores (Elsayyad/Hanafy) e tema (Egito, Primavera Arabe); preprint SSRN 2013 precede a publicacao na Public Choice 2014.",67
B05-00480,B05-00482,R3_titulo_exato,100.0,2009,2009,moreno,moreno,10.3886/icpsr24609,10.3886/icpsr24609.v1,confirmado,revisor_humano_1,"concorda com a sugestão da IA (declaração do autor, 08-revisao-humana/declaracao_autor_2026-09-30.md); decisão registrada e não aplicada nesta versão (Emenda 7): Mesmo estudo ICPSR (24609); DOI sem sufixo de versao e v1 sao o mesmo deposito, resumo identico.",National Exit Poll for the 2006 Mexican Presidential Election,National Exit Poll for the 2006 Mexican Presidential Election,"Moreno, Alejandro | Mancillas, Maria Antonia | Guitierrez, Roberto","Moreno, Alejandro | Mancillas, Maria Antonia | Guitierrez, Roberto",ICPSR Data Holdings,ICPSR Data Holdings,outro,outro,confirmado,alta,"Mesmo estudo ICPSR (24609); DOI sem sufixo de versao e v1 sao o mesmo deposito, resumo identico.",68
B05-00507,B05-00508,R3_titulo_exato,100.0,2025,2025,arletti,arletti,10.3886/e241207v2,10.3886/e241207,confirmado,revisor_humano_1,"concorda com a sugestão da IA (declaração do autor, 08-revisao-humana/declaracao_autor_2026-09-30.md); decisão registrada e não aplicada nesta versão (Emenda 7): Mesmo estudo ICPSR (e241207); v2 e o DOI base sao o mesmo deposito, resumo identico.",Italian Non-Probability 2022 Election Poll,Italian Non-Probability 2022 Election Poll,"Arletti, Alberto","Arletti, Alberto",ICPSR Data Holdings,ICPSR Data Holdings,outro,outro,confirmado,alta,"Mesmo estudo ICPSR (e241207); v2 e o DOI base sao o mesmo deposito, resumo identico.",69
B05-00562,B05-01089,R5_candidato,89.1,2021,2021,cerina,cerina,10.1371/journal.pone.0260092,10.7910/dvn/0rrvkj,rejeitado,revisor_humano_1,"concorda com a sugestão da IA (declaração do autor, 08-revisao-humana/declaracao_autor_2026-09-30.md); decisão registrada e não aplicada nesta versão (Emenda 7): B e 'Replication Data for:' no Harvard Dataverse - pacote de dados de replicacao, nao o artigo.",Polling India via regression and post-stratification of non-probability online samples,Replication Data for: Polling India via Regression and Post-Stratification of Non-Probability Online Samples,"Cerina, Roberto | Duch, Raymond","Cerina, Roberto | Duch, Raymond",PLoS ONE,Research Publications (Maastricht University),artigo,outro,rejeitado,alta,"B e 'Replication Data for:' no Harvard Dataverse - pacote de dados de replicacao, nao o artigo.",70
B05-00564,B05-01098,R3_titulo_exato,100.0,2013,2014,cowley,cowley,10.4324/9781315038568,10.4324/9781315039664,rejeitado,revisor_humano_1,"concorda com a sugestão da IA (declaração do autor, 08-revisao-humana/declaracao_autor_2026-09-30.md); decisão registrada e não aplicada nesta versão (Emenda 7): Titulo generico de serie anual ('British Elections & Parties Review'); anos e listas de autores diferentes (2013 x 2014, com Fisher adicional), DOIs de volumes distintos - obras diferentes da mesma serie.",British Elections & Parties Review,British Elections & Parties Review,"Cowley, Philip | Denver, David | Russell, Andrew","Cowley, Philip | Denver, David | Fisher, Justin | Russell, Andrew",,,livro,livro,rejeitado,alta,"Titulo generico de serie anual ('British Elections & Parties Review'); anos e listas de autores diferentes (2013 x 2014, com Fisher adicional), DOIs de volumes distintos - obras diferentes da mesma serie.",71
B05-00592,B05-00593,R3_titulo_exato,100.0,2008,2008,news,news,10.3886/icpsr04493.v1,10.3886/icpsr04493,confirmado,revisor_humano_1,"concorda com a sugestão da IA (declaração do autor, 08-revisao-humana/declaracao_autor_2026-09-30.md); decisão registrada e não aplicada nesta versão (Emenda 7): Mesmo estudo ICPSR (04493); v1 e o DOI sem sufixo de versao sao o mesmo deposito, resumo identico.","CBS News/New York Times Election Poll, February 2000","CBS News/New York Times Election Poll, February 2000","News, CBS | Times, The New York","News, CBS | Times, The New York",ICPSR Data Holdings,ICPSR Data Holdings,outro,outro,confirmado,alta,"Mesmo estudo ICPSR (04493); v1 e o DOI sem sufixo de versao sao o mesmo deposito, resumo identico.",72
B05-00622,B05-00623,R3_titulo_exato,100.0,2008,2008,news,news,10.3886/icpsr04514.v1,10.3886/icpsr04514,confirmado,revisor_humano_1,"concorda com a sugestão da IA (declaração do autor, 08-revisao-humana/declaracao_autor_2026-09-30.md); decisão registrada e não aplicada nesta versão (Emenda 7): Mesmo estudo ICPSR (04514); v1 e o DOI sem sufixo de versao sao o mesmo deposito, resumo identico.","CBS News/New York Times Presidential Election Poll #2, October 1996","CBS News/New York Times Presidential Election Poll #2, October 1996","News, CBS | Times, The New York","News, CBS | Times, The New York",ICPSR Data Holdings,ICPSR Data Holdings,outro,outro,confirmado,alta,"Mesmo estudo ICPSR (04514); v1 e o DOI sem sufixo de versao sao o mesmo deposito, resumo identico.",73
B05-00631,B05-00632,R3_titulo_exato,100.0,2008,2008,news,news,10.3886/icpsr04512,10.3886/icpsr04512.v1,confirmado,revisor_humano_1,"concorda com a sugestão da IA (declaração do autor, 08-revisao-humana/declaracao_autor_2026-09-30.md); decisão registrada e não aplicada nesta versão (Emenda 7): Mesmo estudo ICPSR (04512); DOI base e v1 sao o mesmo deposito, resumo identico.","CBS News/New York Times Presidential Election Poll #1, October 1996","CBS News/New York Times Presidential Election Poll #1, October 1996","News, CBS | Times, The New York","News, CBS | Times, The New York",ICPSR Data Holdings,ICPSR Data Holdings,outro,outro,confirmado,alta,"Mesmo estudo ICPSR (04512); DOI base e v1 sao o mesmo deposito, resumo identico.",74
B05-00636,B05-00779,R5_candidato,93.1,2017,2017,liu,liu,10.13094/smif-2017-00005,10.11587/duugby,rejeitado,revisor_humano_1,"concorda com a sugestão da IA (declaração do autor, 08-revisao-humana/declaracao_autor_2026-09-30.md); decisão registrada e não aplicada nesta versão (Emenda 7): B e 'Replication Data for:' na AUSSDA - pacote de dados de replicacao, nao o artigo.",Does name order still matter for candidates in a presidential primary poll in the US? Lack of response order effect in a web survey experiment,Replication Data for: Does name order still matter for candidates in a presidential primary poll in the US? Lack of response order effect in a web survey experiment,"Liu, Mignan","Liu, Mingnan",Social Science Open Access Repository (GESIS – Leibniz Institute for the Social Sciences),AUSSDA - The Austrian Social Science Data Archive,artigo,outro,rejeitado,alta,"B e 'Replication Data for:' na AUSSDA - pacote de dados de replicacao, nao o artigo.",75
B05-00642,B05-00647,versao,100.0,2024,2026,chernov,chernov,10.2139/ssrn.4998858,10.1016/j.jeconom.2026.106192,ligado,revisor_humano_1,"concorda com a sugestão da IA (declaração do autor, 08-revisao-humana/declaracao_autor_2026-09-30.md); decisão registrada e não aplicada nesta versão (Emenda 7): Mesmo estudo (Chernov/Elenev/Song); preprint SSRN (2024, ID 4998858) precede a publicacao no Journal of Econometrics.",The Comovement of Voter Preferences: Insights from U.S. Presidential Election Prediction Markets Beyond Polls,The comovement of voter preferences: Insights from U.S. presidential election prediction markets beyond polls,"Chernov, Mikhail | Elenev, Vadim | Song, Dongho","Chernov, Mikhail | Elenev, Vadim | Song, Dongho",SSRN Electronic Journal,Journal of Econometrics,preprint,artigo,ligado,alta,"Mesmo estudo (Chernov/Elenev/Song); preprint SSRN (2024, ID 4998858) precede a publicacao no Journal of Econometrics.",76
B05-00646,B05-00647,versao,100.0,2025,2026,chernov,chernov,10.2139/ssrn.5083779,10.1016/j.jeconom.2026.106192,ligado,revisor_humano_1,"concorda com a sugestão da IA (declaração do autor, 08-revisao-humana/declaracao_autor_2026-09-30.md); decisão registrada e não aplicada nesta versão (Emenda 7): Mesmo estudo (Chernov/Elenev/Song); preprint SSRN (2025, ID 5083779) precede a publicacao no Journal of Econometrics.",The Comovement of Voter Preferences: Insights from U.S. Presidential Election Prediction Markets Beyond Polls,The comovement of voter preferences: Insights from U.S. presidential election prediction markets beyond polls,"Chernov, Mikhail | Elenev, Vadim | Song, Dongho","Chernov, Mikhail | Elenev, Vadim | Song, Dongho",SSRN Electronic Journal,Journal of Econometrics,preprint,artigo,ligado,alta,"Mesmo estudo (Chernov/Elenev/Song); preprint SSRN (2025, ID 5083779) precede a publicacao no Journal of Econometrics.",77
B05-00798,B05-01167,R5_candidato,100.0,2021,2021,akayser,kayser,10.7910/dvn/kcmsb0,10.7910/dvn/z4nsna,confirmado,revisor_humano_1,"concorda com a sugestão da IA (declaração do autor, 08-revisao-humana/declaracao_autor_2026-09-30.md); decisão registrada e não aplicada nesta versão (Emenda 7): Mesmo conjunto de dados de replicacao (Harvard Dataverse), mesmo resumo; nome do autor com erro de codificacao HTML em um registro ('Auml' = a-trema mal decodificado) - mesmo deposito, DOIs diferentes.",Replication Data for: A Länder-based Forecast of the 2021 German Bundestag Election,Replication Data for: A Länder-based Forecast of the 2021 German Bundestag Election,"A. Kayser, Mark | Leininger, Arndt | Vlasenko, Anastasiia","Kayser, Mark Andreas Lindst Auml Dt | Leininger, Arndt | Vlasenko, Anastasiia",Harvard Dataverse,Harvard Dataverse,outro,outro,confirmado,alta,"Mesmo conjunto de dados de replicacao (Harvard Dataverse), mesmo resumo; nome do autor com erro de codificacao HTML em um registro ('Auml' = a-trema mal decodificado) - mesmo deposito, DOIs diferentes.",78
B05-00823,B05-00945,R5_candidato,100.0,2016,2017,michaelalvarez,fishkin,10.1017/cbo9781316257340.002,10.1162/daed_x_00442,rejeitado,revisor_humano_1,"concorda com a sugestão da IA (declaração do autor, 08-revisao-humana/declaracao_autor_2026-09-30.md); decisão registrada e não aplicada nesta versão (Emenda 7): Titulo generico ('Introduction'); capitulos de livros/periodicos completamente diferentes (metodos computacionais x democracia deliberativa) - falso positivo de titulo curto.",Introduction,Introduction,"Michael Alvarez, R.","Fishkin, James S. | Mansbridge, Jane",Computational Social Science,Daedalus,capitulo,artigo,rejeitado,alta,Titulo generico ('Introduction'); capitulos de livros/periodicos completamente diferentes (metodos computacionais x democracia deliberativa) - falso positivo de titulo curto.,79
B05-00823,SN1-00968,R5_candidato,100.0,2016,2016,michaelalvarez,blais,10.1017/cbo9781316257340.002,10.1007/978-3-319-40573-5_1,rejeitado,revisor_humano_1,"concorda com a sugestão da IA (declaração do autor, 08-revisao-humana/declaracao_autor_2026-09-30.md); decisão registrada e não aplicada nesta versão (Emenda 7): Titulo generico ('Introduction'); capitulos de livros diferentes e autores sem sobreposicao - falso positivo de titulo curto.",Introduction,Introduction,"Michael Alvarez, R.","Blais, André | Laslier, Jean‐François | Straeten, Karine Van der",Computational Social Science,,capitulo,capitulo,rejeitado,alta,Titulo generico ('Introduction'); capitulos de livros diferentes e autores sem sobreposicao - falso positivo de titulo curto.,80
B05-00869,B05-00945,R5_candidato,100.0,2018,2017,kam,fishkin,10.1093/poq/nfy008,10.1162/daed_x_00442,rejeitado,revisor_humano_1,"concorda com a sugestão da IA (declaração do autor, 08-revisao-humana/declaracao_autor_2026-09-30.md); decisão registrada e não aplicada nesta versão (Emenda 7): Titulo generico ('Introduction'); um e sobre a eleicao de 2016 nos EUA (Public Opinion Quarterly), outro sobre declinio da democracia (Daedalus) - falso positivo de titulo curto.",Introduction,Introduction,"Kam, Cindy D.","Fishkin, James S. | Mansbridge, Jane",Public Opinion Quarterly,Daedalus,artigo,artigo,rejeitado,alta,"Titulo generico ('Introduction'); um e sobre a eleicao de 2016 nos EUA (Public Opinion Quarterly), outro sobre declinio da democracia (Daedalus) - falso positivo de titulo curto.",81
B05-00869,B05-00974,R5_candidato,100.0,2018,2018,kam,bergbower,10.1093/poq/nfy008,10.4324/9781315665818-1,rejeitado,revisor_humano_1,"concorda com a sugestão da IA (declaração do autor, 08-revisao-humana/declaracao_autor_2026-09-30.md); decisão registrada e não aplicada nesta versão (Emenda 7): Titulo generico ('Introduction'); livros/periodicos e assuntos completamente diferentes - falso positivo de titulo curto.",Introduction,Introduction,"Kam, Cindy D.","Bergbower, Matthew L.",Public Opinion Quarterly,,artigo,capitulo,rejeitado,alta,Titulo generico ('Introduction'); livros/periodicos e assuntos completamente diferentes - falso positivo de titulo curto.,82
B05-00869,B05-01108,R5_candidato,100.0,2018,2019,kam,henn,10.1093/poq/nfy008,10.4324/9780429450815-1,rejeitado,revisor_humano_1,"concorda com a sugestão da IA (declaração do autor, 08-revisao-humana/declaracao_autor_2026-09-30.md); decisão registrada e não aplicada nesta versão (Emenda 7): Titulo generico ('Introduction'); livros diferentes sobre pesquisa eleitoral, mas capitulos e autores distintos - falso positivo de titulo curto.",Introduction,Introduction,"Kam, Cindy D.","Henn, Matt",Public Opinion Quarterly,,artigo,capitulo,rejeitado,alta,"Titulo generico ('Introduction'); livros diferentes sobre pesquisa eleitoral, mas capitulos e autores distintos - falso positivo de titulo curto.",83
B05-00872,B05-01210,R5_candidato,100.0,2021,2021,denver,raines,10.1093/oso/9780198844952.003.0001,10.1093/oso/9780197506820.002.0008,rejeitado,revisor_humano_1,"concorda com a sugestão da IA (declaração do autor, 08-revisao-humana/declaracao_autor_2026-09-30.md); decisão registrada e não aplicada nesta versão (Emenda 7): Titulo generico ('Introduction'); um e sobre eleicoes britanicas (Denver/Garnett), outro e um livro de etica profissional em servico social (Raines/Dibble) - assuntos completamente diferentes.",Introduction,Introduction,"Denver, David | Garnett, Mark","Raines, James C. | Dibble, Nic T.",Oxford University Press eBooks,,capitulo,outro,rejeitado,alta,"Titulo generico ('Introduction'); um e sobre eleicoes britanicas (Denver/Garnett), outro e um livro de etica profissional em servico social (Raines/Dibble) - assuntos completamente diferentes.",84
B05-00879,B05-00880,R5_candidato,100.0,2020,2020,kimball,davidkimball,10.51698/tripodos.2020.48p69-84,10.51698/tripodos.2020.i48p69-84,confirmado,revisor_humano_1,"concorda com a sugestão da IA (declaração do autor, 08-revisao-humana/declaracao_autor_2026-09-30.md); decisão registrada e não aplicada nesta versão (Emenda 7): Mesmo artigo (Tripodos), mesmo resumo; DOI difere apenas por 'i' antes do numero do fasciculo - variante de formatacao do mesmo DOI.",Allocating Undecided Voters in Pre-election Polling,Allocating Undecided Voters in Pre-election Polling,"Kimball, Spencer","David Kimball, S.",Tripodos,Tripodos,artigo,artigo,confirmado,alta,"Mesmo artigo (Tripodos), mesmo resumo; DOI difere apenas por 'i' antes do numero do fasciculo - variante de formatacao do mesmo DOI.",85
B05-00934,B05-00936,R5_candidato,100.0,2026,2026,perrett,jennings,10.31235/osf.io/mkx4c_v1,,confirmado,revisor_humano_1,"concorda com a sugestão da IA (declaração do autor, 08-revisao-humana/declaracao_autor_2026-09-30.md); decisão registrada e não aplicada nesta versão (Emenda 7): Mesmo preprint (SocArXiv e hospedado na infraestrutura OSF), mesmos autores (ordem trocada), resumo identico; um registro tem DOI com sufixo de versao '_v1'.",Do polls underestimate support for right-wing parties? Assessing variation in polling error by party family,Do polls underestimate support for right-wing parties? Assessing variation in polling error by party family,"Perrett, Stuart | Jennings, Will | Mellon, Jonathan | Prosser, Christopher | Wlezien, Christopher","Jennings, Will | Perrett, Stuart | Mellon, Jonathan | Prosser, Christopher | Wlezien, Christopher",,SocArXiv (OSF Preprints),preprint,preprint,confirmado,alta,"Mesmo preprint (SocArXiv e hospedado na infraestrutura OSF), mesmos autores (ordem trocada), resumo identico; um registro tem DOI com sufixo de versao '_v1'.",86
B05-00945,B05-00974,R5_candidato,100.0,2017,2018,fishkin,bergbower,10.1162/daed_x_00442,10.4324/9781315665818-1,rejeitado,revisor_humano_1,"concorda com a sugestão da IA (declaração do autor, 08-revisao-humana/declaracao_autor_2026-09-30.md); decisão registrada e não aplicada nesta versão (Emenda 7): Titulo generico ('Introduction'); livros diferentes e sem sobreposicao de autores - falso positivo de titulo curto.",Introduction,Introduction,"Fishkin, James S. | Mansbridge, Jane","Bergbower, Matthew L.",Daedalus,,artigo,capitulo,rejeitado,alta,Titulo generico ('Introduction'); livros diferentes e sem sobreposicao de autores - falso positivo de titulo curto.,87
B05-00945,SN1-00968,R5_candidato,100.0,2017,2016,fishkin,blais,10.1162/daed_x_00442,10.1007/978-3-319-40573-5_1,rejeitado,revisor_humano_1,"concorda com a sugestão da IA (declaração do autor, 08-revisao-humana/declaracao_autor_2026-09-30.md); decisão registrada e não aplicada nesta versão (Emenda 7): Titulo generico ('Introduction'); livros diferentes e sem sobreposicao de autores - falso positivo de titulo curto.",Introduction,Introduction,"Fishkin, James S. | Mansbridge, Jane","Blais, André | Laslier, Jean‐François | Straeten, Karine Van der",Daedalus,,artigo,capitulo,rejeitado,alta,Titulo generico ('Introduction'); livros diferentes e sem sobreposicao de autores - falso positivo de titulo curto.,88
B05-00969,B05-00977,R3_titulo_exato,100.0,2026,2026,gamage,gamage,10.5281/zenodo.20657078,10.5281/zenodo.20657081,confirmado,revisor_humano_1,"concorda com a sugestão da IA (declaração do autor, 08-revisao-humana/declaracao_autor_2026-09-30.md); decisão registrada e não aplicada nesta versão (Emenda 7): Mesmo titulo, autores e ano, resumo identico; deposito duplicado no Zenodo com DOIs sequenciais.",Modeling Voter Persuasion and Demographic Influence Using Agent-Based Simulations,Modeling Voter Persuasion and Demographic Influence Using Agent-Based Simulations,"Gamage, D.U.H. | H.S.N.T., Fonseka | Weerakkody, C.T. | K.G.H.C., Jayarathne","Gamage, D.U.H. | H.S.N.T., Fonseka | Weerakkody, C.T. | K.G.H.C., Jayarathne",Zenodo (CERN European Organization for Nuclear Research),Zenodo (CERN European Organization for Nuclear Research),evento,evento,confirmado,alta,"Mesmo titulo, autores e ano, resumo identico; deposito duplicado no Zenodo com DOIs sequenciais.",89
B05-00974,B05-01108,R5_candidato,100.0,2018,2019,bergbower,henn,10.4324/9781315665818-1,10.4324/9780429450815-1,rejeitado,revisor_humano_1,"concorda com a sugestão da IA (declaração do autor, 08-revisao-humana/declaracao_autor_2026-09-30.md); decisão registrada e não aplicada nesta versão (Emenda 7): Titulo generico ('Introduction'); capitulos de livros diferentes sobre pesquisa eleitoral, sem sobreposicao de autores - falso positivo de titulo curto.",Introduction,Introduction,"Bergbower, Matthew L.","Henn, Matt",,,capitulo,capitulo,rejeitado,alta,"Titulo generico ('Introduction'); capitulos de livros diferentes sobre pesquisa eleitoral, sem sobreposicao de autores - falso positivo de titulo curto.",90
B05-00980,B05-01027,R5_candidato,94.1,2011,2011,mcdaniel,mcdaniel,10.2139/ssrn.1810466,,confirmado,revisor_humano_1,"concorda com a sugestão da IA (declaração do autor, 08-revisao-humana/declaracao_autor_2026-09-30.md); decisão registrada e não aplicada nesta versão (Emenda 7): Mesmo autor (McDaniel), ano e plataforma (SSRN); diferenca minima de titulo ('Neighborhood Context' vs 'Context') - mesma pre-publicacao.","Urban Voters, Racial Attitudes, and Neighborhood Context: A Multilevel Analysis of the 2005 Los Angeles Mayoral Election","Urban Voters, Racial Attitudes, and Context: A Multilevel Analysis of the 2005 Los Angeles Mayoral Election","McDaniel, Jason A.","McDaniel, Jason A.",SSRN Electronic Journal,SSRN Electronic Journal,preprint,preprint,confirmado,alta,"Mesmo autor (McDaniel), ano e plataforma (SSRN); diferenca minima de titulo ('Neighborhood Context' vs 'Context') - mesma pre-publicacao.",91
B05-01014,B05-01015,versao,89.6,2015,2013,denter,denter,10.1016/j.jpubeco.2015.07.003,,ligado,revisor_humano_1,"concorda com a sugestão da IA (declaração do autor, 08-revisao-humana/declaracao_autor_2026-09-30.md); decisão registrada e não aplicada nesta versão (Emenda 7): Mesmo resumo e autores (Denter/Sisak); preprint RePEc 2013 ('Political Campaigns') precede a publicacao no Journal of Public Economics ('Political Competition') - mesmo par do indice 41, do lado do artigo publicado.",Do polls create momentum in political competition?,Do Polls Create Momentum in Political Campaigns,"Denter, Philipp | Sisak, Dana","Denter, Philipp | Sisak, Dana",Journal of Public Economics,RePEc: Research Papers in Economics,artigo,preprint,ligado,alta,"Mesmo resumo e autores (Denter/Sisak); preprint RePEc 2013 ('Political Campaigns') precede a publicacao no Journal of Public Economics ('Political Competition') - mesmo par do indice 41, do lado do artigo publicado.",92
B05-01123,B05-01259,R5_candidato,100.0,2014,2014,muxel,johnston,10.1057/9781137395597_1,10.46692/9781447306337.001,rejeitado,revisor_humano_1,"concorda com a sugestão da IA (declaração do autor, 08-revisao-humana/declaracao_autor_2026-09-30.md); decisão registrada e não aplicada nesta versão (Emenda 7): Titulo generico ('Introduction'); um sobre juventude e politica (Muxel), outro sobre a eleicao suplementar de Eastleigh no Reino Unido (Johnston/Pattie) - assuntos diferentes.",Introduction,Introduction,"Muxel, Anne","Johnston, Ron | Pattie, Charles",Palgrave Macmillan US eBooks,,capitulo,outro,rejeitado,alta,"Titulo generico ('Introduction'); um sobre juventude e politica (Muxel), outro sobre a eleicao suplementar de Eastleigh no Reino Unido (Johnston/Pattie) - assuntos diferentes.",93
B05-01160,B05-01165,R3_titulo_exato,100.0,2011,2011,delwit,delwit,10.4018/9781599049472.ch204,10.4018/9781591407898.ch101,confirmado,revisor_humano_1,"concorda com a sugestão da IA (declaração do autor, 08-revisao-humana/declaracao_autor_2026-09-30.md); decisão registrada e não aplicada nesta versão (Emenda 7): Mesmo capitulo (mesmo primeiro autor, ano, resumo identico); pratica conhecida da editora IGI Global de reempacotar o mesmo capitulo em coletaneas diferentes com numeracao distinta. Registro B lista so o primeiro autor (Delwit), sem os coautores Pilet e Kulahci.",Electronic Voting in Belgium,Electronic Voting in Belgium,"Delwit, Pascal | Pilet, Jean‐Benoît | Külahci, Eröl","Delwit, P.",Electronic Government,IGI Global eBooks,capitulo,outro,confirmado,alta,"Mesmo capitulo (mesmo primeiro autor, ano, resumo identico); pratica conhecida da editora IGI Global de reempacotar o mesmo capitulo em coletaneas diferentes com numeracao distinta. Registro B lista so o primeiro autor (Delwit), sem os coautores Pilet e Kulahci.",94
B05-01169,B05-01170,R3_titulo_exato,100.0,2026,2026,guna,guna,10.5281/zenodo.18959357,10.5281/zenodo.18959356,confirmado,revisor_humano_1,"concorda com a sugestão da IA (declaração do autor, 08-revisao-humana/declaracao_autor_2026-09-30.md); decisão registrada e não aplicada nesta versão (Emenda 7): Mesmos autores, titulo e ano, resumo identico; deposito duplicado no Zenodo com DOIs sequenciais.",Future Election Prediction Using Machine Learning,Future Election Prediction Using Machine Learning,"Guna, Vijay S Guna | Guna, Vijay S Guna | Prathaap, M M | Yuvaraj, P","Guna, Vijay S Guna | Guna, Vijay S Guna | Prathaap, M M | Yuvaraj, P",Zenodo (CERN European Organization for Nuclear Research),Zenodo (CERN European Organization for Nuclear Research),artigo,artigo,confirmado,alta,"Mesmos autores, titulo e ano, resumo identico; deposito duplicado no Zenodo com DOIs sequenciais.",95
B05-01217,B05-01218,R3_titulo_exato,100.0,2026,2026,ijmsrt,ijmsrt,10.5281/zenodo.18410797,10.5281/zenodo.18410796,confirmado,revisor_humano_1,"concorda com a sugestão da IA (declaração do autor, 08-revisao-humana/declaracao_autor_2026-09-30.md); decisão registrada e não aplicada nesta versão (Emenda 7): Mesmo titulo, autor e ano, resumo identico; deposito duplicado no Zenodo com DOIs sequenciais.",The Role of Artificial Intelligence in Electoral Processes,The Role of Artificial Intelligence in Electoral Processes,IJMSRT,IJMSRT,Zenodo (CERN European Organization for Nuclear Research),Zenodo (CERN European Organization for Nuclear Research),outro,outro,confirmado,alta,"Mesmo titulo, autor e ano, resumo identico; deposito duplicado no Zenodo com DOIs sequenciais.",96
B05-01223,B05-01224,R3_titulo_exato,100.0,2023,2023,,,10.1002/mhw.33875,10.1002/mhw.33719,rejeitado,revisor_humano_1,"concorda com a sugestão da IA (declaração do autor, 08-revisao-humana/declaracao_autor_2026-09-30.md); decisão registrada e não aplicada nesta versão (Emenda 7): Titulo e o de uma coluna recorrente do periodico Mental Health Weekly ('In Case You Haven't Heard...'); resumos tratam de assuntos completamente distintos - falso positivo de titulo identico.",In Case You Haven't Heard…,In Case You Haven't Heard…,,,Mental Health Weekly,Mental Health Weekly,artigo,artigo,rejeitado,alta,Titulo e o de uma coluna recorrente do periodico Mental Health Weekly ('In Case You Haven't Heard...'); resumos tratam de assuntos completamente distintos - falso positivo de titulo identico.,97
B05-01223,B05-01234,R3_titulo_exato,100.0,2023,2023,,,10.1002/mhw.33875,10.1002/adaw.33785,rejeitado,revisor_humano_1,"concorda com a sugestão da IA (declaração do autor, 08-revisao-humana/declaracao_autor_2026-09-30.md); decisão registrada e não aplicada nesta versão (Emenda 7): Mesma coluna recorrente, mas periodicos (Mental Health Weekly x Alcoholism & Drug Abuse Weekly) e conteudos diferentes - falso positivo.",In Case You Haven't Heard…,In Case You Haven't Heard…,,,Mental Health Weekly,Alcoholism & Drug Abuse Weekly,artigo,artigo,rejeitado,alta,"Mesma coluna recorrente, mas periodicos (Mental Health Weekly x Alcoholism & Drug Abuse Weekly) e conteudos diferentes - falso positivo.",98
B05-01223,B05-01244,R3_titulo_exato,100.0,2023,2023,,,10.1002/mhw.33875,10.1002/mhw.33860,rejeitado,revisor_humano_1,"concorda com a sugestão da IA (declaração do autor, 08-revisao-humana/declaracao_autor_2026-09-30.md); decisão registrada e não aplicada nesta versão (Emenda 7): Mesma coluna recorrente ('In Case You Haven't Heard'), mas resumos sobre assuntos diferentes (estresse de feriados x atos de gentileza) - falso positivo.",In Case You Haven't Heard…,In Case You Haven't Heard,,,Mental Health Weekly,Mental Health Weekly,artigo,artigo,rejeitado,alta,"Mesma coluna recorrente ('In Case You Haven't Heard'), mas resumos sobre assuntos diferentes (estresse de feriados x atos de gentileza) - falso positivo.",99
B05-01224,B05-01234,R3_titulo_exato,100.0,2023,2023,,,10.1002/mhw.33719,10.1002/adaw.33785,rejeitado,revisor_humano_1,"concorda com a sugestão da IA (declaração do autor, 08-revisao-humana/declaracao_autor_2026-09-30.md); decisão registrada e não aplicada nesta versão (Emenda 7): Mesma coluna recorrente em periodicos diferentes, conteudos diferentes - falso positivo.",In Case You Haven't Heard…,In Case You Haven't Heard…,,,Mental Health Weekly,Alcoholism & Drug Abuse Weekly,artigo,artigo,rejeitado,alta,"Mesma coluna recorrente em periodicos diferentes, conteudos diferentes - falso positivo.",100
B05-01224,B05-01244,R3_titulo_exato,100.0,2023,2023,,,10.1002/mhw.33719,10.1002/mhw.33860,rejeitado,revisor_humano_1,"concorda com a sugestão da IA (declaração do autor, 08-revisao-humana/declaracao_autor_2026-09-30.md); decisão registrada e não aplicada nesta versão (Emenda 7): Mesma coluna recorrente, conteudos diferentes (atividades criativas x atos de gentileza) - falso positivo.",In Case You Haven't Heard…,In Case You Haven't Heard,,,Mental Health Weekly,Mental Health Weekly,artigo,artigo,rejeitado,alta,"Mesma coluna recorrente, conteudos diferentes (atividades criativas x atos de gentileza) - falso positivo.",101
B05-01234,B05-01244,R3_titulo_exato,100.0,2023,2023,,,10.1002/adaw.33785,10.1002/mhw.33860,rejeitado,revisor_humano_1,"concorda com a sugestão da IA (declaração do autor, 08-revisao-humana/declaracao_autor_2026-09-30.md); decisão registrada e não aplicada nesta versão (Emenda 7): Mesma coluna recorrente em periodicos diferentes, conteudos diferentes - falso positivo.",In Case You Haven't Heard…,In Case You Haven't Heard,,,Alcoholism & Drug Abuse Weekly,Mental Health Weekly,artigo,artigo,rejeitado,alta,"Mesma coluna recorrente em periodicos diferentes, conteudos diferentes - falso positivo.",102
B05-01249,B05-01315,R5_candidato,99.1,2009,2009,kaw,kaw,10.1080/09332480.2009.10722967,10.1007/s00144-009-0027-9,confirmado,revisor_humano_1,"concorda com a sugestão da IA (declaração do autor, 08-revisao-humana/declaracao_autor_2026-09-30.md); decisão registrada e não aplicada nesta versão (Emenda 7): Mesmo artigo (Kaw/Yalcin); a revista CHANCE mudou de editora (Springer -> Taylor & Francis), gerando DOI duplicado para o mesmo artigo.",A Metric to Quantify College Football's Topsy-Turvy Season,A metric to quantify college football’s topsy-turvy season,"Kaw, Autar | Yalçin, Ali","Kaw, Autar | Yalçin, Ali",CHANCE,CHANCE,artigo,artigo,confirmado,alta,"Mesmo artigo (Kaw/Yalcin); a revista CHANCE mudou de editora (Springer -> Taylor & Francis), gerando DOI duplicado para o mesmo artigo.",103
B05-01260,B05-01266,R3_titulo_exato,100.0,2026,2026,jinho,jinho,10.5281/zenodo.20497620,10.5281/zenodo.20497621,confirmado,revisor_humano_1,"concorda com a sugestão da IA (declaração do autor, 08-revisao-humana/declaracao_autor_2026-09-30.md); decisão registrada e não aplicada nesta versão (Emenda 7): Mesmos autores, titulo e resumo identicos; deposito duplicado no Zenodo com DOIs sequenciais.","An in silico electorate: persona-based forecasting of the 2026 South Korean local elections, Pre-registered predictions and held-out evaluation data","An in silico electorate: persona-based forecasting of the 2026 South Korean local elections, Pre-registered predictions and held-out evaluation data","Jinho, Kim | Yongsung, Kim | Seokjin, Hong | Seungjae, Lee","Jinho, Kim | Yongsung, Kim | Seokjin, Hong | Seungjae, Lee",Zenodo (CERN European Organization for Nuclear Research),Zenodo (CERN European Organization for Nuclear Research),outro,outro,confirmado,alta,"Mesmos autores, titulo e resumo identicos; deposito duplicado no Zenodo com DOIs sequenciais.",104
B05-01296,B05-01299,R3_titulo_exato,100.0,2021,2021,bynner,bynner,10.56687/9781447351474-013,10.51952/9781447351474.ch008,confirmado,revisor_humano_1,"concorda com a sugestão da IA (declaração do autor, 08-revisao-humana/declaracao_autor_2026-09-30.md); decisão registrada e não aplicada nesta versão (Emenda 7): Mesmo capitulo (Bynner/Heinz), mesmo resumo; DOIs de diferentes plataformas de distribuicao do mesmo e-book (Policy Press).",Impact of COVID-19 on youth,Impact of COVID-19 on youth,"Bynner, John | Heinz, Walter R.","Bynner, John | Heinz, Walter R.",Policy Press eBooks,Policy Press eBooks,capitulo,capitulo,confirmado,alta,"Mesmo capitulo (Bynner/Heinz), mesmo resumo; DOIs de diferentes plataformas de distribuicao do mesmo e-book (Policy Press).",105
B05-01296,B05-01340,R3_titulo_exato,100.0,2021,2021,bynner,bynner,10.56687/9781447351474-013,10.46692/9781447351474.010,confirmado,revisor_humano_1,"concorda com a sugestão da IA (declaração do autor, 08-revisao-humana/declaracao_autor_2026-09-30.md); decisão registrada e não aplicada nesta versão (Emenda 7): Mesmo capitulo, mesmo resumo; DOIs de diferentes plataformas de distribuicao do mesmo e-book.",Impact of COVID-19 on youth,Impact of COVID-19 on youth,"Bynner, John | Heinz, Walter R.","Bynner, John | Heinz, Walter R.",Policy Press eBooks,,capitulo,outro,confirmado,alta,"Mesmo capitulo, mesmo resumo; DOIs de diferentes plataformas de distribuicao do mesmo e-book.",106
B05-01299,B05-01340,R3_titulo_exato,100.0,2021,2021,bynner,bynner,10.51952/9781447351474.ch008,10.46692/9781447351474.010,confirmado,revisor_humano_1,"concorda com a sugestão da IA (declaração do autor, 08-revisao-humana/declaracao_autor_2026-09-30.md); decisão registrada e não aplicada nesta versão (Emenda 7): Mesmo capitulo, mesmo resumo; DOIs de diferentes plataformas de distribuicao do mesmo e-book.",Impact of COVID-19 on youth,Impact of COVID-19 on youth,"Bynner, John | Heinz, Walter R.","Bynner, John | Heinz, Walter R.",Policy Press eBooks,,capitulo,outro,confirmado,alta,"Mesmo capitulo, mesmo resumo; DOIs de diferentes plataformas de distribuicao do mesmo e-book.",107
B05-01318,B05-01319,R3_titulo_exato,100.0,2026,2026,sangiovanni,sangiovanni,10.6084/m9.figshare.33179352,10.6084/m9.figshare.33179352.v1,confirmado,revisor_humano_1,"concorda com a sugestão da IA (declaração do autor, 08-revisao-humana/declaracao_autor_2026-09-30.md); decisão registrada e não aplicada nesta versão (Emenda 7): Mesmo deposito no Figshare, versao sem sufixo e v1, resumo identico.",Valence strategies and polling support during electoral campaigns,Valence strategies and polling support during electoral campaigns,"Sangiovanni, Stefano","Sangiovanni, Stefano",Figshare,Figshare,artigo,artigo,confirmado,alta,"Mesmo deposito no Figshare, versao sem sufixo e v1, resumo identico.",108
B05-01332,B05-01336,R5_candidato,100.0,2011,2011,becker,becker,10.4018/9781599049472.ch042,10.4018/9781591407898.ch232,confirmado,revisor_humano_1,"concorda com a sugestão da IA (declaração do autor, 08-revisao-humana/declaracao_autor_2026-09-30.md); decisão registrada e não aplicada nesta versão (Emenda 7): Mesmo autor, ano e resumo identico; pratica conhecida da editora IGI Global de reempacotar o mesmo capitulo em coletaneas tematicas diferentes com numeracao de capitulo distinta.",Teledemocracy,Teledemocracy,"Becker, Ted","Becker, T.",Electronic Government,IGI Global eBooks,capitulo,outro,confirmado,alta,"Mesmo autor, ano e resumo identico; pratica conhecida da editora IGI Global de reempacotar o mesmo capitulo em coletaneas tematicas diferentes com numeracao de capitulo distinta.",109
SN1-00022,SN1-00949,R3_titulo_exato,100.0,2006,2007,johnston,,10.3998/mpub.132252,10.5860/choice.44-3546,rejeitado,revisor_humano_1,"concorda com a sugestão da IA (declaração do autor, 08-revisao-humana/declaracao_autor_2026-09-30.md); decisão registrada e não aplicada nesta versão (Emenda 7): 'Choice Reviews Online' e uma resenha curta sobre o livro (tipo editorial, sem resumo substantivo), nao o livro em si (registro A) - documentos distintos.",Capturing Campaign Effects,Capturing campaign effects,"Johnston, Richard",,University of Michigan Press eBooks,Choice Reviews Online,livro,editorial,rejeitado,alta,"'Choice Reviews Online' e uma resenha curta sobre o livro (tipo editorial, sem resumo substantivo), nao o livro em si (registro A) - documentos distintos.",110
SN1-00042,SN1-01014,R3_titulo_exato,100.0,2012,2012,,best,10.5860/choice.49-6624,10.4135/9781452234410,rejeitado,revisor_humano_1,"concorda com a sugestão da IA (declaração do autor, 08-revisao-humana/declaracao_autor_2026-09-30.md); decisão registrada e não aplicada nesta versão (Emenda 7): 'Choice Reviews Online' e uma resenha curta sobre o livro, nao o livro em si (registro B) - documentos distintos.","Exit polls: surveying the American electorate, 1972-2010","Exit Polls: Surveying the American Electorate, 1972-2010",,"Best, Samuel J. | Krueger, Brian",Choice Reviews Online,CQ Press eBooks,editorial,livro,rejeitado,alta,"'Choice Reviews Online' e uma resenha curta sobre o livro, nao o livro em si (registro B) - documentos distintos.",111
SN1-00142,SN1-00615,R5_candidato,85.5,1989,1988,pomper,,10.2307/2151004,10.5860/choice.26-2368,rejeitado,revisor_humano_1,"concorda com a sugestão da IA (declaração do autor, 08-revisao-humana/declaracao_autor_2026-09-30.md); decisão registrada e não aplicada nesta versão (Emenda 7): 'Presidential Primaries and the Dynamics of Public Choice, by Larry M. Bartels' e uma resenha do livro publicada na Political Science Quarterly (titulo no formato padrao de resenha); documento distinto da nota do Choice Reviews Online.","Presidential Primaries and the Dynamics of Public Choice, by Larry M. Bartels",Presidential primaries and the dynamics of public choice,"Pomper, Gerald M.",,Political Science Quarterly,Choice Reviews Online,artigo,editorial,rejeitado,alta,"'Presidential Primaries and the Dynamics of Public Choice, by Larry M. Bartels' e uma resenha do livro publicada na Political Science Quarterly (titulo no formato padrao de resenha); documento distinto da nota do Choice Reviews Online.",112
SN1-00142,SN1-01003,R5_candidato,85.5,1989,1988,pomper,bartels,10.2307/2151004,10.1515/9780691221908,rejeitado,revisor_humano_1,"concorda com a sugestão da IA (declaração do autor, 08-revisao-humana/declaracao_autor_2026-09-30.md); decisão registrada e não aplicada nesta versão (Emenda 7): A e a resenha do livro de Bartels (Political Science Quarterly), B e o livro em si (Princeton University Press) - documentos distintos, nao duplicata.","Presidential Primaries and the Dynamics of Public Choice, by Larry M. Bartels",Presidential Primaries and the Dynamics of Public Choice,"Pomper, Gerald M.","Bartels, Larry M.",Political Science Quarterly,Princeton University Press eBooks,artigo,livro,rejeitado,alta,"A e a resenha do livro de Bartels (Political Science Quarterly), B e o livro em si (Princeton University Press) - documentos distintos, nao duplicata.",113
SN1-00178,SN2-00300,R3_titulo_exato,100.0,1994,1994,kenney,kenney,10.1177/106591299404700409,10.2307/448866,confirmado,revisor_humano_1,"concorda com a sugestão da IA (declaração do autor, 08-revisao-humana/declaracao_autor_2026-09-30.md); decisão registrada e não aplicada nesta versão (Emenda 7): Mesmo artigo (Kenney/Rice); dois DOIs - o do periodico original (SAGE, 10.1177) e o do JSTOR (10.2307) - pratica comum em artigos antigos indexados tambem no JSTOR.",The Psychology of Political Momentum,The Psychology of Political Momentum,"Kenney, Patrick J. | Rice, Tom W.","Kenney, Patrick J. | Rice, Tom W.",Political Research Quarterly,Political Research Quarterly,artigo,artigo,confirmado,alta,"Mesmo artigo (Kenney/Rice); dois DOIs - o do periodico original (SAGE, 10.1177) e o do JSTOR (10.2307) - pratica comum em artigos antigos indexados tambem no JSTOR.",114
SN1-00191,SN1-00702,R3_titulo_exato,100.0,1992,1992,angrist,angrist,10.1080/01621459.1992.10475212,10.2307/2290263,confirmado,revisor_humano_1,"concorda com a sugestão da IA (declaração do autor, 08-revisao-humana/declaracao_autor_2026-09-30.md); decisão registrada e não aplicada nesta versão (Emenda 7): Mesmo artigo (Angrist/Krueger, JASA); DOI do periodico e DOI do JSTOR para a mesma publicacao.",The Effect of Age at School Entry on Educational Attainment: An Application of Instrumental Variables with Moments from Two Samples,The Effect of Age at School Entry on Educational Attainment: An Application of Instrumental Variables with Moments from Two Samples,"Angrist, Joshua D. | Krueger, Alan B.","Angrist, Joshua D. | Krueger, Alan B.",Journal of the American Statistical Association,Journal of the American Statistical Association,artigo,artigo,confirmado,alta,"Mesmo artigo (Angrist/Krueger, JASA); DOI do periodico e DOI do JSTOR para a mesma publicacao.",115
SN1-00195,SN1-00965,R3_titulo_exato,100.0,2006,2006,feddersen,feddersen,10.1257/aer.96.4.1271,10.1257/000282806779468571,confirmado,revisor_humano_1,"concorda com a sugestão da IA (declaração do autor, 08-revisao-humana/declaracao_autor_2026-09-30.md); decisão registrada e não aplicada nesta versão (Emenda 7): Mesmo artigo (Feddersen/Sandroni, AER); DOI atual e DOI legado da AEA para a mesma publicacao.",A Theory of Participation in Elections,A Theory of Participation in Elections,"Feddersen, Timothy | Sandroni, Alvaro","Feddersen, Timothy | Sandroni, Alvaro",American Economic Review,American Economic Review,artigo,artigo,confirmado,alta,"Mesmo artigo (Feddersen/Sandroni, AER); DOI atual e DOI legado da AEA para a mesma publicacao.",116
SN1-00207,SN1-00952,R3_titulo_exato,100.0,1994,1994,squire,squire,10.1177/106591299404700308,10.2307/448850,confirmado,revisor_humano_1,"concorda com a sugestão da IA (declaração do autor, 08-revisao-humana/declaracao_autor_2026-09-30.md); decisão registrada e não aplicada nesta versão (Emenda 7): Mesmo artigo (Squire/Fastnow, PRQ); DOI do periodico e DOI do JSTOR para a mesma publicacao.",Comparing Gubernatorial and Senatorial Elections,Comparing Gubernatorial and Senatorial Elections,"Squire, Peverill | Fastnow, Christina","Squire, Peverill | Fastnow, Christina",Political Research Quarterly,Political Research Quarterly,artigo,artigo,confirmado,alta,"Mesmo artigo (Squire/Fastnow, PRQ); DOI do periodico e DOI do JSTOR para a mesma publicacao.",117
SN1-00237,SN1-00843,versao,100.0,2009,2011,gentzkow,gentzkow,10.2139/ssrn.1508431,10.1257/aer.101.7.2980,ligado,revisor_humano_1,"concorda com a sugestão da IA (declaração do autor, 08-revisao-humana/declaracao_autor_2026-09-30.md); decisão registrada e não aplicada nesta versão (Emenda 7): Mesmos autores (Gentzkow/Shapiro/Sinkinson) e titulo; preprint SSRN 2009 precede a publicacao na AER 2011.",The Effect of Newspaper Entry and Exit on Electoral Politics,The Effect of Newspaper Entry and Exit on Electoral Politics,"Gentzkow, Matthew | Shapiro, Jesse M. | Sinkinson, Michael","Gentzkow, Matthew | Shapiro, Jesse M. | Sinkinson, Michael",SSRN Electronic Journal,American Economic Review,preprint,artigo,ligado,alta,Mesmos autores (Gentzkow/Shapiro/Sinkinson) e titulo; preprint SSRN 2009 precede a publicacao na AER 2011.,118
SN1-00248,SN1-00685,R5_candidato,100.0,1962,1961,hazard,barrett,10.2307/2710239,10.2307/3709128,rejeitado,revisor_humano_1,"concorda com a sugestão da IA (declaração do autor, 08-revisao-humana/declaracao_autor_2026-09-30.md); decisão registrada e não aplicada nesta versão (Emenda 7): Duas resenhas distintas do livro 'The Effects of Mass Communication' de Klapper, escritas por revisores diferentes (Hazard 1962 e Barrett 1961) em periodicos diferentes - documentos distintos.",The Effects of Mass Communication,The Effects of Mass Communication,"Hazard, Patrick D. | Klapper, Joseph T.","Barrett, Donald N. | Klapper, Joseph T.",American Quarterly,The American Catholic Sociological Review,artigo,artigo,rejeitado,alta,"Duas resenhas distintas do livro 'The Effects of Mass Communication' de Klapper, escritas por revisores diferentes (Hazard 1962 e Barrett 1961) em periodicos diferentes - documentos distintos.",119
SN1-00288,SN1-00957,R3_titulo_exato,100.0,1968,1968,riker,riker,10.1017/s000305540011562x,10.2307/1953324,confirmado,revisor_humano_1,"concorda com a sugestão da IA (declaração do autor, 08-revisao-humana/declaracao_autor_2026-09-30.md); decisão registrada e não aplicada nesta versão (Emenda 7): Mesmo artigo (Riker/Ordeshook, APSR); DOI do periodico e DOI do JSTOR para a mesma publicacao.",A Theory of the Calculus of Voting,A Theory of the Calculus of Voting,"Riker, William H. | Ordeshook, Peter C.","Riker, William H. | Ordeshook, Peter C.",American Political Science Review,American Political Science Review,artigo,artigo,confirmado,alta,"Mesmo artigo (Riker/Ordeshook, APSR); DOI do periodico e DOI do JSTOR para a mesma publicacao.",120
SN1-00317,SN1-00976,R3_titulo_exato,100.0,1989,1989,frijda,frijda,10.1037/0022-3514.57.2.212,10.1037//0022-3514.57.2.212,confirmado,revisor_humano_1,"concorda com a sugestão da IA (declaração do autor, 08-revisao-humana/declaracao_autor_2026-09-30.md); decisão registrada e não aplicada nesta versão (Emenda 7): Mesmo DOI, com variacao de formatacao ('//' vs '/') - erro de digitacao/registro, nao publicacoes distintas.","Relations among emotion, appraisal, and emotional action readiness.","Relations among emotion, appraisal, and emotional action readiness.","Frijda, Nico H. | Kuipers, Peter | Schure, Elisabeth ter","Frijda, Nico H. | Kuipers, Peter | Schure, Elisabeth ter",Journal of Personality and Social Psychology,Journal of Personality and Social Psychology,artigo,artigo,confirmado,alta,"Mesmo DOI, com variacao de formatacao ('//' vs '/') - erro de digitacao/registro, nao publicacoes distintas.",121
SN1-00326,SN1-00827,R3_titulo_exato,100.0,2010,2010,funk,funk,10.1111/j.1542-4774.2010.tb00548.x,10.1162/jeea_a_00015,confirmado,revisor_humano_1,"concorda com a sugestão da IA (declaração do autor, 08-revisao-humana/declaracao_autor_2026-09-30.md); decisão registrada e não aplicada nesta versão (Emenda 7): Mesmo artigo (Funk, JEEA); o periodico mudou de editora (Wiley -> MIT Press), gerando DOI duplicado para o mesmo artigo.",SOCIAL INCENTIVES AND VOTER TURNOUT: EVIDENCE FROM THE SWISS MAIL BALLOT SYSTEM,Social Incentives and Voter Turnout: Evidence from the Swiss Mail Ballot System,"Funk, Patricia","Funk, Patricia",Journal of the European Economic Association,Journal of the European Economic Association,artigo,artigo,confirmado,alta,"Mesmo artigo (Funk, JEEA); o periodico mudou de editora (Wiley -> MIT Press), gerando DOI duplicado para o mesmo artigo.",122
SN1-00449,SN1-00956,R3_titulo_exato,100.0,2000,2000,adler,adler,10.1037/0278-6133.19.6.586,10.1037//0278-6133.19.6.586,confirmado,revisor_humano_1,"concorda com a sugestão da IA (declaração do autor, 08-revisao-humana/declaracao_autor_2026-09-30.md); decisão registrada e não aplicada nesta versão (Emenda 7): Mesmo DOI, com variacao de formatacao ('//' vs '/') - erro de digitacao/registro.","Relationship of subjective and objective social status with psychological and physiological functioning: Preliminary data in healthy, White women.","Relationship of subjective and objective social status with psychological and physiological functioning: Preliminary data in healthy, White women.","Adler, Nancy E. | Epel, Elissa S. | Castellazzo, Grace | Ickovics, Jeannette R.","Adler, Nancy E. | Epel, Elissa S. | Castellazzo, Grace | Ickovics, Jeannette R.",Health Psychology,Health Psychology,artigo,artigo,confirmado,alta,"Mesmo DOI, com variacao de formatacao ('//' vs '/') - erro de digitacao/registro.",123
SN1-00480,SN1-00744,versao,94.3,2004,2007,crawford,crawford,,10.1257/aer.97.5.1731,ligado,revisor_humano_1,"concorda com a sugestão da IA (declaração do autor, 08-revisao-humana/declaracao_autor_2026-09-30.md); decisão registrada e não aplicada nesta versão (Emenda 7): Mesmos autores (Crawford/Iriberri) e experimento (jogos hide-and-seek); titulo mudou de 'Focality' (working paper 2004) para 'Salience' (versao publicada na AER 2007) - revisao terminologica comum.","Fatal Attraction: Focality, Naivete, and Sophistication in Experimental ""Hide-and-Seek"" Games","Fatal Attraction: Salience, Naïveté, and Sophistication in Experimental “Hide-and-Seek” Games","Crawford, Vincent P. | Iriberri, Nagore","Crawford, Vincent P. | Iriberri, Nagore",RePEc: Research Papers in Economics,American Economic Review,preprint,artigo,ligado,alta,Mesmos autores (Crawford/Iriberri) e experimento (jogos hide-and-seek); titulo mudou de 'Focality' (working paper 2004) para 'Salience' (versao publicada na AER 2007) - revisao terminologica comum.,124
SN1-00505,SN1-01005,R5_candidato,100.0,1993,1992,kenski,zaller,10.2307/2074664,10.1017/cbo9780511818691,rejeitado,revisor_humano_1,"concorda com a sugestão da IA (declaração do autor, 08-revisao-humana/declaracao_autor_2026-09-30.md); decisão registrada e não aplicada nesta versão (Emenda 7): Kenski e autor da resenha do livro de Zaller (1992), publicada na Contemporary Sociology; documento distinto do livro (registro B).",The Nature and Origins of Mass Opinion.,The Nature and Origins of Mass Opinion,"Kenski, Henry C. | Zaller, John","Zaller, John",Contemporary Sociology A Journal of Reviews,Cambridge University Press eBooks,artigo,livro,rejeitado,alta,"Kenski e autor da resenha do livro de Zaller (1992), publicada na Contemporary Sociology; documento distinto do livro (registro B).",125
SN1-00559,SN1-00778,R3_titulo_exato,100.0,2016,2016,hoffman,hoffman,10.1016/j.jpubeco.2016.10.002,10.3386/w22221,rejeitado,revisor_humano_1,"concorda com a sugestão da IA (declaração do autor, 08-revisao-humana/declaracao_autor_2026-09-30.md); decisão registrada e não aplicada nesta versão (Emenda 7): Versao NBER (working paper w22221) anterior a publicacao no Journal of Public Economics; padrao de working paper->publicacao, tipo 'relatorio' nao capturado pela regra versao - nao fundir, ligar como relatos na etapa 7.","Compulsory voting, turnout, and government spending: Evidence from Austria","Compulsory Voting, Turnout, and Government Spending: Evidence from Austria","Hoffman, Mitchell | León, Gianmarco | Lombardi, María Rosa","Hoffman, Mitchell | León, Gianmarco | Lombardi, María Cristina",Journal of Public Economics,National Bureau of Economic Research,artigo,relatorio,rejeitado,alta,"Versao NBER (working paper w22221) anterior a publicacao no Journal of Public Economics; padrao de working paper->publicacao, tipo 'relatorio' nao capturado pela regra versao - nao fundir, ligar como relatos na etapa 7.",126
SN1-00563,SN1-00686,versao,89.4,2015,2018,spenkuch,spenkuch,10.2139/ssrn.2613987,10.1093/qje/qjy010,ligado,revisor_humano_1,"concorda com a sugestão da IA (declaração do autor, 08-revisao-humana/declaracao_autor_2026-09-30.md); decisão registrada e não aplicada nesta versão (Emenda 7): Mesmos autores (Spenkuch/Toniatti); preprint SSRN 2015 precede a publicacao na QJE 2018 (titulo mudou de 'Outcomes' para 'Results').",Political Advertising and Election Outcomes,Political Advertising and Election Results*,"Spenkuch, Jörg L. | Toniatti, David","Spenkuch, Jörg L. | Toniatti, David",SSRN Electronic Journal,The Quarterly Journal of Economics,preprint,artigo,ligado,alta,Mesmos autores (Spenkuch/Toniatti); preprint SSRN 2015 precede a publicacao na QJE 2018 (titulo mudou de 'Outcomes' para 'Results').,127
SN1-00615,SN1-01003,R3_titulo_exato,100.0,1988,1988,,bartels,10.5860/choice.26-2368,10.1515/9780691221908,rejeitado,revisor_humano_1,"concorda com a sugestão da IA (declaração do autor, 08-revisao-humana/declaracao_autor_2026-09-30.md); decisão registrada e não aplicada nesta versão (Emenda 7): A e a resenha (Choice Reviews Online) do livro de Bartels, B e o livro em si (Princeton University Press) - documentos distintos.",Presidential primaries and the dynamics of public choice,Presidential Primaries and the Dynamics of Public Choice,,"Bartels, Larry M.",Choice Reviews Online,Princeton University Press eBooks,editorial,livro,rejeitado,alta,"A e a resenha (Choice Reviews Online) do livro de Bartels, B e o livro em si (Princeton University Press) - documentos distintos.",128
SN1-00631,SN1-00844,R3_titulo_exato,100.0,2017,2016,bursztyn,bursztyn,10.1146/annurev-economics-063016-103625,10.3386/w23013,rejeitado,revisor_humano_1,"concorda com a sugestão da IA (declaração do autor, 08-revisao-humana/declaracao_autor_2026-09-30.md); decisão registrada e não aplicada nesta versão (Emenda 7): Versao NBER (working paper w23013) anterior a publicacao no Annual Review of Economics; mesmo padrao de working paper->publicacao, tipo 'relatorio' nao capturado pela regra versao - nao fundir, ligar como relatos na etapa 7.","Social Image and Economic Behavior in the Field: Identifying, Understanding, and Shaping Social Pressure","Social Image and Economic Behavior in the Field: Identifying, Understanding and Shaping Social Pressure","Bursztyn, Leonardo | Jensen, Robert T.","Bursztyn, Leonardo | Jensen, Robert T.",Annual Review of Economics,National Bureau of Economic Research,revisao,relatorio,rejeitado,alta,"Versao NBER (working paper w23013) anterior a publicacao no Annual Review of Economics; mesmo padrao de working paper->publicacao, tipo 'relatorio' nao capturado pela regra versao - nao fundir, ligar como relatos na etapa 7.",129
SN1-00727,SN1-00836,R5_candidato,93.9,2020,2020,cattaneo,menon,10.4135/9781526486387.n47,10.4135/9781526421036921822,rejeitado,revisor_humano_1,"concorda com a sugestão da IA (declaração do autor, 08-revisao-humana/declaracao_autor_2026-09-30.md); decisão registrada e não aplicada nesta versão (Emenda 7): Dois textos de referencia metodologica sobre RDD, escritos por autores diferentes (Cattaneo et al. em handbook, Menon no SAGE Research Methods Foundations) - mesmo tema, textos distintos.",The Regression Discontinuity Design,Regression Discontinuity Design,"Cattaneo, Matias D. | Titiunik, Rocío | Vázquez-Baré, Gonzalo","Menon, Seetha; id_orcid 0000-0002-5981-985X",,SAGE Research Methods Foundations,capitulo,outro,rejeitado,alta,"Dois textos de referencia metodologica sobre RDD, escritos por autores diferentes (Cattaneo et al. em handbook, Menon no SAGE Research Methods Foundations) - mesmo tema, textos distintos.",130
SN1-00749,SN1-00960,R3_titulo_exato,100.0,2019,2019,shaw,shaw,10.1093/oso/9780190089450.003.0004,10.1093/oso/9780190089450.003.0005,rejeitado,revisor_humano_1,"concorda com a sugestão da IA (declaração do autor, 08-revisao-humana/declaracao_autor_2026-09-30.md); decisão registrada e não aplicada nesta versão (Emenda 7): Capitulos consecutivos do mesmo livro (sufixos .0004 e .0005), com resumos sobre conteudo diferente - obras distintas, padrao de capitulos em sequencia nao detectado automaticamente.",Turnout and Partisan Vote Choice,Turnout and Partisan Vote Choice,"Shaw, Daron R. | Petrocik, John R.","Shaw, Daron R. | Petrocik, John R.",,,capitulo,capitulo,rejeitado,alta,"Capitulos consecutivos do mesmo livro (sufixos .0004 e .0005), com resumos sobre conteudo diferente - obras distintas, padrao de capitulos em sequencia nao detectado automaticamente.",131
SN1-00771,SN1-00816,versao,100.0,2020,2018,garz,stone,10.1016/j.ejpoleco.2020.101877,10.31235/osf.io/fy2we,ligado,revisor_humano_1,"concorda com a sugestão da IA (declaração do autor, 08-revisao-humana/declaracao_autor_2026-09-30.md); decisão registrada e não aplicada nesta versão (Emenda 7): Mesmos autores (ordem trocada) e tema (vies de cobertura eleitoral); preprint (2018) precede a publicacao na European Journal of Political Economy (2020).",The supply of media slant across outlets and demand for slant within outlets: Evidence from US presidential campaign news,The supply of media slant across outlets and demand for slant within-outlets: Evidence from US presidential campaign news,"Garz, Marcel | Sood, Gaurav | Stone, Daniel | Wallace, Justin","Stone, Daniel | Sood, Gaurav | Garz, Marcel | Wallace, Justin",European Journal of Political Economy,,artigo,preprint,ligado,alta,Mesmos autores (ordem trocada) e tema (vies de cobertura eleitoral); preprint (2018) precede a publicacao na European Journal of Political Economy (2020).,132
SN1-00789,SN1-00867,versao,100.0,2021,,guilmi,guilmi,10.1016/j.jebo.2021.04.013,,ligado,revisor_humano_1,"concorda com a sugestão da IA (declaração do autor, 08-revisao-humana/declaracao_autor_2026-09-30.md); decisão registrada e não aplicada nesta versão (Emenda 7): Mesmos autores (Guilmi/Galanis); preprint RePEc precede a publicacao na JEBO 2021.",Convergence and divergence in dynamic voting with inequality,Convergence and divergence in dynamic voting with inequality,"Guilmi, Corrado Di | Galanis, Giorgos","Guilmi, Corrado Di | Galanis, Giorgos",Journal of Economic Behavior & Organization,RePEc: Research Papers in Economics,artigo,preprint,ligado,alta,Mesmos autores (Guilmi/Galanis); preprint RePEc precede a publicacao na JEBO 2021.,133
SN1-00796,SN1-00899,versao,100.0,2019,,granzier,granzier,10.3386/w26599,,ligado,revisor_humano_1,"concorda com a sugestão da IA (declaração do autor, 08-revisao-humana/declaracao_autor_2026-09-30.md); decisão registrada e não aplicada nesta versão (Emenda 7): Mesmo estudo (Granzier/Pons/Tricaud); working paper NBER 2019 e o precursor da versao RePEc e da publicacao final na AEJ:Applied 2023 (ver indice 30).",Coordination and Bandwagon Effects: How Past Rankings Shape the Behavior of Voters and Candidates,Coordination and Bandwagon Effects: How Past Rankings Shape the Behavior of Voters and Candidates,"Granzier, Riako | Pons, Vincent | Tricaud, Clémence","Granzier, Riako | Pons, Vincent | Tricaud, Clémence",National Bureau of Economic Research,RePEc: Research Papers in Economics,relatorio,preprint,ligado,alta,Mesmo estudo (Granzier/Pons/Tricaud); working paper NBER 2019 e o precursor da versao RePEc e da publicacao final na AEJ:Applied 2023 (ver indice 30).,134
SN1-00869,SN1-01059,versao,93.7,2020,2022,kotak,kotak,10.31234/osf.io/rj643,10.1177/237946152200800202,ligado,revisor_humano_1,"concorda com a sugestão da IA (declaração do autor, 08-revisao-humana/declaracao_autor_2026-09-30.md); decisão registrada e não aplicada nesta versão (Emenda 7): Mesmos autores (Kotak/Moore); preprint OSF 2020 precede a publicacao na Behavioral Science & Policy 2022 (titulo dropou 'Public').",Public Election Polls are 95% Confident but only 60% Accurate,Election polls are 95% confident but only 60% accurate,"Kotak, Aditya | Moore, Don A.","Kotak, Aditya | Moore, Don A.",,Behavioral Science & Policy,preprint,artigo,ligado,alta,Mesmos autores (Kotak/Moore); preprint OSF 2020 precede a publicacao na Behavioral Science & Policy 2022 (titulo dropou 'Public').,135
SN1-00887,SN1-00890,versao,100.0,2021,2022,bursztyn,bursztyn,10.2139/ssrn.3909951,10.1146/annurev-economics-051520-023322,ligado,revisor_humano_1,"concorda com a sugestão da IA (declaração do autor, 08-revisao-humana/declaracao_autor_2026-09-30.md); decisão registrada e não aplicada nesta versão (Emenda 7): Mesmo estudo (Bursztyn/Yang); preprint SSRN 2021 precede a publicacao final no Annual Review of Economics 2022 (ver tambem working paper NBER no indice 133).",Misperceptions About Others,Misperceptions About Others,"Bursztyn, Leonardo | Yang, David Y.","Bursztyn, Leonardo | Yang, David Y.",SSRN Electronic Journal,Annual Review of Economics,preprint,revisao,ligado,alta,Mesmo estudo (Bursztyn/Yang); preprint SSRN 2021 precede a publicacao final no Annual Review of Economics 2022 (ver tambem working paper NBER no indice 133).,136
SN1-00888,SN1-00890,R3_titulo_exato,100.0,2021,2022,bursztyn,bursztyn,10.3386/w29168,10.1146/annurev-economics-051520-023322,rejeitado,revisor_humano_1,"concorda com a sugestão da IA (declaração do autor, 08-revisao-humana/declaracao_autor_2026-09-30.md); decisão registrada e não aplicada nesta versão (Emenda 7): Versao NBER (working paper w29168) anterior a publicacao no Annual Review of Economics; mesmo padrao de working paper->publicacao, tipo 'relatorio' nao capturado pela regra versao - nao fundir, ligar como relatos na etapa 7.",Misperceptions about Others,Misperceptions About Others,"Bursztyn, Leonardo | Yang, David Y.","Bursztyn, Leonardo | Yang, David Y.",National Bureau of Economic Research,Annual Review of Economics,relatorio,revisao,rejeitado,alta,"Versao NBER (working paper w29168) anterior a publicacao no Annual Review of Economics; mesmo padrao de working paper->publicacao, tipo 'relatorio' nao capturado pela regra versao - nao fundir, ligar como relatos na etapa 7.",137
SN1-01007,SN2-00016,R3_titulo_exato,100.0,2010,2010,mondak,mondak,10.1017/cbo9780511761515,10.1017/cbo9780511761515.001,confirmado,revisor_humano_1,"concorda com a sugestão da IA (declaração do autor, 08-revisao-humana/declaracao_autor_2026-09-30.md); decisão registrada e não aplicada nesta versão (Emenda 7): Registro do livro e de seu capitulo 1 (mesmo DOI-base com sufixo '.001', padrao do Cambridge Core); o resumo de B e o sumario/texto introdutorio do mesmo livro.",Personality and the Foundations of Political Behavior,Personality and the Foundations of Political Behavior,"Mondak, Jeffery J.","Mondak, Jeffery J.",Cambridge University Press eBooks,Cambridge University Press eBooks,livro,capitulo,confirmado,alta,"Registro do livro e de seu capitulo 1 (mesmo DOI-base com sufixo '.001', padrao do Cambridge Core); o resumo de B e o sumario/texto introdutorio do mesmo livro.",138
SN1-01060,SN1-01062,R3_titulo_exato,100.0,2023,2023,gadarian,gadarian,10.1093/oxfordhb/9780197541296.013.5,10.1093/oxfordhb/9780197541302.013.5,confirmado,revisor_humano_1,"concorda com a sugestão da IA (declaração do autor, 08-revisao-humana/declaracao_autor_2026-09-30.md); decisão registrada e não aplicada nesta versão (Emenda 7): Mesmo capitulo do Oxford Handbook, DOIs de edicoes diferentes (prefixos ISBN distintos) do mesmo volume; resumo identico.",Emotion and Political Psychology,Emotion and Political Psychology,"Gadarian, Shana Kushner | Brader, Ted","Gadarian, Shana Kushner | Brader, Ted",Oxford University Press eBooks,Oxford University Press eBooks,capitulo,capitulo,confirmado,alta,"Mesmo capitulo do Oxford Handbook, DOIs de edicoes diferentes (prefixos ISBN distintos) do mesmo volume; resumo identico.",139
SN2-00038,SN2-00093,R5_candidato,100.0,2004,2005,chandra,mitra,,10.1017/s1537592705420149,rejeitado,revisor_humano_1,"concorda com a sugestão da IA (declaração do autor, 08-revisao-humana/declaracao_autor_2026-09-30.md); decisão registrada e não aplicada nesta versão (Emenda 7): Mitra e o autor da resenha do livro de Chandra (2004), publicada em Perspectives on Politics ('By Kanchan Chandra... $80.00' no resumo confirma que e resenha) - documento distinto do trabalho de Chandra (registro A).","Why Ethnic Parties Succeed, Patronage and Ethnic Head Counts in India",Why Ethnic Parties Succeed: Patronage and Ethnic Head Counts in India,"Chandra, Kanchan","Mitra, Subrata Κ.",,Perspectives on Politics,artigo,artigo,rejeitado,alta,"Mitra e o autor da resenha do livro de Chandra (2004), publicada em Perspectives on Politics ('By Kanchan Chandra... $80.00' no resumo confirma que e resenha) - documento distinto do trabalho de Chandra (registro A).",140
SN2-00078,SN3-00098,R3_titulo_exato,100.0,1982,1982,riker,riker,10.1017/s0003055400189580,10.2307/1962968,confirmado,revisor_humano_1,"concorda com a sugestão da IA (declaração do autor, 08-revisao-humana/declaracao_autor_2026-09-30.md); decisão registrada e não aplicada nesta versão (Emenda 7): Mesmo artigo (Riker, APSR); DOI do periodico e DOI do JSTOR para a mesma publicacao.",The Two-party System and Duverger's Law: An Essay on the History of Political Science,The Two-party System and Duverger's Law: An Essay on the History of Political Science,"Riker, William H.","Riker, William H.",American Political Science Review,American Political Science Review,artigo,artigo,confirmado,alta,"Mesmo artigo (Riker, APSR); DOI do periodico e DOI do JSTOR para a mesma publicacao.",141
SN2-00116,SN2-00339,R3_titulo_exato,100.0,1991,1990,lang,,10.2307/2072080,10.5860/choice.28-0584,rejeitado,revisor_humano_1,"concorda com a sugestão da IA (declaração do autor, 08-revisao-humana/declaracao_autor_2026-09-30.md); decisão registrada e não aplicada nesta versão (Emenda 7): Duas notas/resenhas distintas (Contemporary Sociology e Choice Reviews Online) - nao e o livro em si nem duplicata entre si.","Public Opinion, Polls, and Democracy.","Public opinion, polls, and democracy","Lang, Kurt | Crespi, Irving",,Contemporary Sociology A Journal of Reviews,Choice Reviews Online,artigo,editorial,rejeitado,alta,Duas notas/resenhas distintas (Contemporary Sociology e Choice Reviews Online) - nao e o livro em si nem duplicata entre si.,142
SN2-00296,SN2-00303,versao,93.2,2022,2021,chan,chan,10.1080/17457289.2022.2051150,10.2139/ssrn.3842416,ligado,revisor_humano_1,"concorda com a sugestão da IA (declaração do autor, 08-revisao-humana/declaracao_autor_2026-09-30.md); decisão registrada e não aplicada nesta versão (Emenda 7): Mesmos autores (Chan/Ng, ordem invertida); preprint SSRN 2021 antecede a publicacao no Journal of Elections Public Opinion and Parties 2022 (subtitulo revisado).",Elections with candidate filtering and two mechanisms of demobilization effect: the prologue to Hong Kong’s authoritarian turn,Elections with candidate filtering and the demobilization effect: The prologue to Hong Kong’s authoritarian turn,"Chan, Ka Ming | Lun, Ng Ka","Chan, Ka Ming | Ng, Ka Lun",Journal of Elections Public Opinion and Parties,SSRN Electronic Journal,artigo,preprint,ligado,alta,"Mesmos autores (Chan/Ng, ordem invertida); preprint SSRN 2021 antecede a publicacao no Journal of Elections Public Opinion and Parties 2022 (subtitulo revisado).",143
SN2-00385,SN2-00395,versao,100.0,2025,2025,snowberg,snowberg,10.2139/ssrn.5350361,10.1016/bs.hbem.2025.09.011,ligado,revisor_humano_1,"concorda com a sugestão da IA (declaração do autor, 08-revisao-humana/declaracao_autor_2026-09-30.md); decisão registrada e não aplicada nesta versão (Emenda 7): Mesmo estudo (Snowberg/Yariv); preprint SSRN 2025 precede a publicacao como capitulo no Handbook (Elsevier) - ver tambem working paper NBER no indice 144.",Evaluating Experimental Designs,Evaluating experimental designs,"Snowberg, Erik | Yariv, Leeat","Snowberg, Erik | Yariv, Leeat",SSRN Electronic Journal,Elsevier eBooks,preprint,capitulo,ligado,alta,Mesmo estudo (Snowberg/Yariv); preprint SSRN 2025 precede a publicacao como capitulo no Handbook (Elsevier) - ver tambem working paper NBER no indice 144.,144
SN2-00386,SN2-00395,R3_titulo_exato,100.0,2025,2025,snowberg,snowberg,10.3386/w34031,10.1016/bs.hbem.2025.09.011,rejeitado,revisor_humano_1,"concorda com a sugestão da IA (declaração do autor, 08-revisao-humana/declaracao_autor_2026-09-30.md); decisão registrada e não aplicada nesta versão (Emenda 7): Versao NBER (working paper w34031) anterior a publicacao do capitulo no Handbook (Elsevier); mesmo padrao de working paper->publicacao, tipo 'relatorio' nao capturado pela regra versao - nao fundir, ligar como relatos na etapa 7.",Evaluating Experimental Designs,Evaluating experimental designs,"Snowberg, Erik | Yariv, Leeat","Snowberg, Erik | Yariv, Leeat",National Bureau of Economic Research,Elsevier eBooks,relatorio,capitulo,rejeitado,alta,"Versao NBER (working paper w34031) anterior a publicacao do capitulo no Handbook (Elsevier); mesmo padrao de working paper->publicacao, tipo 'relatorio' nao capturado pela regra versao - nao fundir, ligar como relatos na etapa 7.",145
