id_openalex,doi,titulo,ano,direcoes,sementes,ja_no_corpus,gravado,motivo
W1051673,10.1007/978-3-658-00875-8_20,Unbekanntes Europa? Eine vergleichende Analyse zu Verteilung und Determinanten von Kenntnissen über die Europäische Union,2012,tras,RS1611,0,1,
W4773198,10.1007/978-3-663-11058-3_7,"Stimmung, Projektion, Prognose?",2003,tras,RS1652,0,1,
W28957472,,Affective Intelligence and Political Judgment,2000,tras,RS1548|RS1611,0,1,
W46659105,10.48550/arxiv.2010.16061,"Evaluation: from precision, recall and F-measure to ROC, informedness, markedness and correlation",2020,tras,RS1547,0,1,
W83993254,10.1016/j.jbef.2015.12.001,"oTree—An open-source platform for laboratory, online, and field experiments",2016,tras,RS1556,0,1,
W92292981,10.1023/a:1024810225641,Forecasts and Preferences in the 1992 General Election,1997,tras,RS1527,0,1,
W93979112,10.1023/a:1024847805976,The Public Nature of Personal Opinion: The Impact of Collective Sentiment on Individual Appraisal,1997,tras,RS1536,0,1,
W101344701,10.1609/aaai.v29i1.9435,Plurality Voting Under Uncertainty,2015,tras,RS1544|RS1547,0,1,
W117476272,10.1007/s11615-003-0037-9,Die Erforschung der Wirkung politischer Meinungsumfragen: Lehren vom ‚Sonderfall‘ Schweiz,2003,tras,RS1652,0,1,
W117600906,10.1007/978-3-642-41575-3_14,Restricted Manipulation in Iterative Voting: Condorcet Efficiency and Borda Score,2013,tras,RS1547,0,1,
W121152809,10.1007/s11616-012-0154-9,Reliabilitätstests in Inhaltsanalysen,2012,tras,RS1548,0,1,
W132302294,10.1515/9783110813203,A Theory and Procedure of Scale Analysis: With Applications in Political Research,1971,tras,RS1577,0,1,
W142738032,10.1007/978-3-663-05704-8_19,Appelle zu taktischem Wahlverhalten — effektive Werbung oder verfehlte Wahlkampfrhetorik?,2000,tras,RS1527,0,1,
W144504636,,"Minority influence and innovation: antecedents, processes and consequences",2010,tras,RS1652,0,1,
W152021909,10.7907/ck8tg-pc937,The Paradox of Voting and Candidate Competition: A General Equilibrium Analysis,1978,tras,RS1694,0,1,
W158727920,10.1007/978-94-010-1834-0_8,Judgment under Uncertainty: Heuristics and Biases,1975,tras,RS1544,0,1,
W201161571,10.1007/s11616-009-0065-6,Gibt es eine indirekte Wirkung von Wahlumfragen?,2009,tras,RS1548,0,1,
W207615891,10.1007/978-3-531-94010-6_11,"Wirkungen von veröffentlichten Wahlumfragen auf die Koalitionserwartung, die Wahlbeteiligung und die Wahlentscheidung bei der Bundestagswahl 2009: Eine Mehrebenenanalyse auf der Grundlage der Rolling Cross-Section-Befragung der German Longitudinal Election Study (GLES)",2013,tras,RS1652,0,1,
W238524638,10.1057/9780230374959,Opinion Polls and the Media,2012,tras,RS1548,0,1,
W248375064,10.1177/073953299401500403,Is One as Good as Another? The Relative Influence of Pre-Election Surveys on Voter Behavior,1994,tras,RS1536,0,1,
W260994251,,,,tras,RS1523,0,0,sem_metadados
W295508925,10.4324/9781315725222-11,"Intention to vote, reported vote and validated vote 1",2015,tras,RS1705,0,1,
W338143437,10.3998/mpub.132252,Capturing Campaign Effects,2006,tras,RS1625,0,1,
W359248696,10.5860/choice.46-1754,The persuadable voter: wedge issues in presidential campaigns,2008,tras,RS1577,0,1,
W436397606,10.1007/978-3-658-05050-4_10,Haben die Umfragen das Wahlergebnis beeinflusst? Strategisches Wählen und Mitläufereffekte bei der Bundestagswahl 2013,2015,frente,RS1527,0,1,
W566586761,10.1257/pandp.109.612,American Economic Review,2019,tras,RS1587,0,1,
W572002688,10.1007/s40881-015-0004-4,Subject pool recruitment procedures: organizing experiments with ORSEE,2015,tras,RS2247,0,1,
W581054358,,Consolidating Mexico's democracy : the 2006 presidential campaign in comparative perspective,2009,tras,RS1625,0,1,
W595275833,10.5860/choice.44-2956,How voters decide: information processing during election campaigns,2007,tras,RS1527|RS1803,0,1,
W603900553,,Impersonal Influence: How Perceptions of Mass Collectives Affect Political Attitudes,1998,tras,RS1527|RS1536|RS1622,0,1,
W606226082,10.5860/choice.39-3085,Learning by voting: sequential choices in presidential primaries and other elections,2002,tras,RS1522,0,1,
W607926820,10.1093/acprof:oso/9780195044294.001.0001,Democracy and Elections,1997,tras,RS1527,0,1,
W609367289,,"Mobilization, Crystallization and Voting Intention Change : Campaign Effects During the 2006 Swedish Election Campaign",2008,tras,RS1577,0,1,
W611321302,,Natural Experiments in the Social Sciences: A Design-Based Approach,2012,tras,RS1556,0,1,
W614342652,,Wirklich ein Volk? : die politischen Orientierungen von Ost- und Westdeutschen im Vergleich,2000,tras,RS1527,0,1,
W622612457,,"El votante mexicano : democracia, actitudes políticas y conducta electoral",2003,tras,RS1625,0,1,
W629262625,,Feeling politics : emotion in political information processing,2006,tras,RS1548,0,1,
W629683899,10.1057/9780230374959_1,The Media and Their Use of Opinion Polls: Reflecting and Shaping Public Opinion,2012,tras,RS1548,0,1,
W630694299,10.4135/9781848607910,The SAGE Handbook of Public Opinion Research,2008,tras,RS1548|RS1577|RS1652,0,1,
W639618166,10.5860/choice.187755,Negativity in democratic politics: causes and consequences,2015,tras,RS2247,0,1,
W640079906,10.5860/choice.191194,Unequal political participation worldwide,2015,frente,RS1527,0,1,
W640418767,,"Election polls, the news media, and democracy",2000,tras,RS1536,0,1,
W654488011,10.5860/choice.49-6624,"Exit polls: surveying the American electorate, 1972-2010",2012,tras,RS1522,0,1,
W842332695,10.1016/j.electstud.2015.06.003,Picking the winner(s): Forecasting elections in multiparty systems,2015,tras,RS1689,0,1,
W976042747,,ESSAYS IN THE POLITICAL ECONOMY OF VOTING AND REFORMS,2014,frente,RS1522,1,0,ja_no_corpus
W1165472209,10.1016/j.electstud.2015.08.002,Identifying strategic voting in two-round elections,2015,frente,RS1527,0,1,
W1480451672,,Faking it: Social desirability response bias in self-report research,2008,tras,RS1556,0,1,
W1480634385,,Institutions politiques et droit constitutionnel,1960,tras,RS1522,0,1,
W1481453515,,Strategic Voting under Proportional Representation and Coalition Governments: A Laboratory Experiment,2008,frente,RS1527,1,0,ja_no_corpus
W1484606897,10.2139/ssrn.2322420,Trading Strategies and Market Microstructure: Evidence from a Prediction Market,2013,frente,RS1536,0,1,
W1488549703,10.1023/a:1011111601406,Making Low Probabilities Useful,2001,tras,RS1523|RS1622,0,1,
W1488570402,10.2139/ssrn.2399804,Union Organizing Decisions in a Deteriorating Environment: The Composition of Representation Elections and the Decline in Turnout,2014,tras,RS1694,0,1,
W1488932682,,Coalition Signals as Cues for Party and Coalition Preferences,2010,frente,RS1527,0,1,
W1494030793,10.3386/w8590,The Empirical Frequency of a Pivotal Vote,2001,tras,RS1694|RS1799,0,1,
W1496904467,10.2139/ssrn.2359391,Referenda Outcomes and the Influence of Polls: A Social Network Feedback Process,2013,frente,RS1563,0,1,
W1497209149,10.4324/9781003009450-5,"A System of Logic, Ratiocinative and Inductive",2023,tras,RS1689,0,1,
W1498339752,10.5860/choice.39-1833,Parties without partisans: political change in advanced industrial democracies,2001,tras,RS1577,0,1,
W1499069885,10.4135/9781526402264,"A Very Short, Fairly Interesting and Reasonably Cheap Book about Qualitative Research",2013,tras,RS1689,0,1,
W1501242485,10.1111/ajps.12046,"Activation, Conversion, or Reinforcement? The Impact of Partisan News Exposure on Vote Choice",2013,tras,RS1548|RS1577,0,1,
W1504433434,10.5860/choice.45-0962,The myth of the rational voter: why democracies choose bad policies,2007,tras,RS1803,0,1,
W1504915371,10.1007/s11127-007-9267-5,Making the first move,2008,tras,RS1689,0,1,
W1513396528,10.1093/jeea/jvx023,What Makes Voters Turn Out: The Effects of Polls and Beliefs,2017,frente|tras,RS1587|RS1601|RS1627|RS1694|RS1893|RS2247,1,0,ja_no_corpus
W1515424492,,News that matters : television and American opinion,1987,tras,RS1577|RS1803,0,1,
W1519908298,10.1111/j.1475-6765.2009.01913.x,"Media malaise or a virtuous circle? Exploring the causal relationships between news media exposure, political news attention and political interest",2010,tras,RS1611,0,1,
W1519932362,,Institutions politiques et droit constitutionnel,1969,tras,RS1522,0,1,
W1523672364,10.2307/1432042,Swiss Democracy: Possible Solutions to Conflict in Multicultural Societies,1996,tras,RS1627,0,1,
W1524264089,10.1016/0169-2070(88)90021-0,Public opinion quarterly,1988,tras,RS1587,0,1,
W1533108901,10.1007/s10683-015-9443-2,Information and strategic voting,2015,tras,RS1544|RS1547,0,1,
W1534539087,,The People's Choice: How the Voter Makes Up His Mind in a Presidential Campaign,1968,tras,RS1548|RS1577,0,1,
W1536985291,10.1016/0167-4870(91)90002-b,Why people vote,1991,tras,RS1587,0,1,
W1539076288,10.1162/rest_a_00585,How Accurate Are Surveyed Preferences for Public Policies? Evidence from a Unique Institutional Setup,2016,tras,RS1601,0,1,
W1539896512,10.1016/s0065-2601(08)60214-2,The Elaboration Likelihood Model of Persuasion,1986,tras,RS1621,0,1,
W1540933854,,Spiral of Cynicism: The Press and the Public Good,1997,tras,RS1523|RS1577,0,1,
W1540958723,10.1177/1536867x1401400413,Robust Data-Driven Inference in the Regression-Discontinuity Design,2014,tras,RS1705,0,1,
W1541408000,,,,tras,RS1563|RS1587|RS1596|RS1611|RS1694|RS1705|RS1799|RS1893,0,0,sem_metadados
W1541978714,10.1007/978-3-540-30227-8_5,Knowledge-Theoretic Properties of Strategic Voting,2004,tras,RS1547,0,1,
W1543632889,10.5860/choice.43-5558,Campaigning for hearts and minds: how emotional appeals in political ads work,2006,tras,RS1548,0,1,
W1549356645,10.1007/978-3-322-95630-9_11,„Amerikanisierung“? Politik in den Fernsehnachrichten während der Bundestagswahlkämpfe 1990–1998,2001,tras,RS1652,0,1,
W1550821671,10.1017/cbo9780511616884,Voter Turnout and the Dynamics of Electoral Competition in Established Democracies since 1945,2004,tras,RS1893,0,1,
W1554557262,10.1016/j.jdeveco.2017.02.005,"Turnout, political preferences and information: Experimental evidence from Peru",2017,tras,RS1601|RS1893,0,1,
W1562729184,10.1023/a:1018341418956,Why do people vote? An experiment in rationality,1999,tras,RS1587,0,1,
W1565259798,10.1007/978-1-137-01363-7,Elections and Voters,2009,tras,RS1689,0,1,
W1575829945,10.2139/ssrn.1995811,The Price is Right: Updating of Inflation Expectations in a Randomized Price Information Experiment,2012,tras,RS1694,0,1,
W1590644464,10.1017/cbo9780511921452,Cambridge Handbook of Experimental Political Science,2011,tras,RS1556,0,1,
W1592263067,,Multilevel analysis : an introduction to basic and advanced multilevel modeling,1999,tras,RS1652,0,1,
W1594179284,10.1016/s0065-2601(08)60133-1,Toward A Theory of Conversion Behavior,1980,tras,RS1621,0,1,
W1596149372,,To vote or not to vote? the merits and limits of rational choice theory,2000,tras,RS1705,0,1,
W1596521235,10.1017/cbo9780511921452.003,Internal and External Validity,2011,tras,RS1689,0,1,
W1597045692,,Strategic Voting under Proportional Representation and Coalition Governments: A Simulation and Laboratory Experiment,2007,tras,RS1527,0,1,
W1598857031,10.1023/a:1022148418210,Preference for the Merit Principle Scale: An Individual Difference Measure of Distributive Justice Preferences,1999,tras,RS1621,0,1,
W1603093096,,"Un modelo sofisticado de decisión electoral racional: el voto estratégico en México, 1997",2000,tras,RS1625,0,1,
W1613180672,10.48550/arxiv.1106.5448,Dominating Manipulations in Voting with Partial Information,2011,tras,RS1547,0,1,
W1633245909,10.1111/jcom.12024,The Differential Susceptibility to Media Effects Model,2013,tras,RS1577,0,1,
W1650868295,10.1089/elj.2010.0088,Convenience Voting Can Affect Election Outcomes,2011,tras,RS1522,0,1,
W1682798842,10.1017/cbo9780511921452.026,Electoral Systems and Strategic Voting (Laboratory Election Experiments),2011,tras,RS1556,0,1,
W1686065478,10.1126/science.aaa1160,Exposure to ideologically diverse news and opinion on Facebook,2015,tras,RS1523,0,1,
W1692053227,10.2307/3707538,The People's Choice,1945,tras,RS1527,0,1,
W1728842521,,API design for machine learning software: experiences from the scikit-learn project,2013,tras,RS1544,0,1,
W1805988847,,RatImage - research Assistance Toolbox for Computer-Aided Human Behavior Experiments,1995,tras,RS1589,0,1,
W1825728741,10.1177/1065912915593644,Emotion and Political Judgment,2015,tras,RS1548,0,1,
W1858035754,10.5771/9783845262178_400,Koalitionssignale und ihre Wirkungen auf Wahlentscheidungen,2011,frente,RS1527,0,1,
W1896158350,10.7202/1032504ar,Vote stratégique au Québec : analyse de l’élection de 2012,2015,tras,RS1625,0,1,
W1900340173,,Learning for Microblogs with Distant Supervision: Political Forecasting with Twitter,2012,tras,RS1622,0,1,
W1908991493,10.18637/jss.v059.i05,mediation : R Package for Causal Mediation Analysis,2014,tras,RS1611,0,1,
W1944642938,10.1177/0002764213515220,Pathway to Political Participation,2013,tras,RS1611,0,1,
W1951724000,10.18637/jss.v067.i01,Fitting Linear Mixed-Effects Models Using lme4,2015,tras,RS1652,0,1,
W1962095932,10.1111/j.1540-5907.2012.00615.x,Party Brands and Partisanship: Theory with Evidence from a Survey Experiment in Argentina,2012,tras,RS1625,0,1,
W1963607577,10.1177/01461672022812014,"Sour Grapes, Sweet Lemons, and the Anticipatory Rationalization of the Status Quo",2002,tras,RS1524,0,1,
W1964234782,10.1111/j.1467-9248.2007.00686.x,The Growing Importance of Issue Competition: The Changing Nature of Party Competition in Western Europe,2007,tras,RS1689,0,1,
W1964991548,10.1016/0022-1031(85)90020-4,The false consensus effect: A meta-analysis of 115 hypothesis tests,1985,tras,RS1589,0,1,
W1965085799,10.1016/0001-6918(91)90036-y,Calibration and probability judgements: Conceptual and methodological issues,1991,tras,RS1523,0,1,
W1965609013,10.1016/s0261-3794(00)00017-2,Measuring strategic voting in multiparty plurality elections,2001,tras,RS1527|RS1625|RS1689,0,1,
W1967600659,10.1111/j.1467-937x.2007.00441.x,Bandwagons and Momentum in Sequential Voting,2007,tras,RS1522|RS1563|RS1652|RS1799,0,1,
W1967903711,10.1177/106591299705000110,Prior Beliefs and Voter Turnout in the 1986 and 1988 Congressional Elections,1997,tras,RS1523,0,1,
W1968152130,10.1007/s00182-006-0050-5,The welfare effects of public opinion polls,2006,tras,RS1563|RS1611|RS2247,0,1,
W1968398070,10.1080/13501763.2014.941148,A vote for the President? The role of Spitzenkandidaten in the 2014 European Parliament elections,2014,tras,RS1611,0,1,
W1968788901,10.1111/j.1467-9221.2006.00504.x,Experiments on the Automaticity of Political Beliefs and Attitudes,2006,tras,RS1621,0,1,
W1969053922,10.1007/s11127-012-0027-9,"Bandwagon effects in British elections, 1885–1910",2012,tras,RS1596,1,0,ja_no_corpus
W1969134077,10.1007/bf01047999,The Downsian voter meets the ecological fallacy,1993,tras,RS1563|RS1587|RS1589|RS1694,0,1,
W1969969811,10.1080/13501760600924035,"Policy with or without parties? A comparative analysis of policy priorities and policy change in Belgium, 1991 to 2000",2006,tras,RS1548,0,1,
W1970113817,10.1007/bf00124048,A strategic calculus of voting,1983,tras,RS1563|RS1589|RS1694|RS1799,0,1,
W1970142179,10.1017/s0007123400004063,Back on the Bandwagon: The Effect of Opinion Polls on Public Opinion,1985,tras,RS1524|RS1536|RS1548|RS1596|RS1621,0,1,
W1970744965,10.1145/2600057.2602860,A local-dominance theory of voting equilibria,2014,tras,RS1547,0,1,
W1971398141,10.1111/j.0092-5853.2005.00113.x,The Effect of Information on Voter Turnout: Evidence from a Natural Experiment,2004,tras,RS1589,0,1,
W1971856505,10.1016/j.geb.2006.05.003,A theory of voting in large elections,2006,tras,RS1544,0,1,
W1972178529,10.2307/134812,Micromotives and Macrobehavior,1981,tras,RS1689,0,1,
W1972328153,10.1080/21606544.2015.1033021,Examining unconditional preference revelation in choice experiments: a voting game approach,2015,frente,RS1527,0,1,
W1972340996,10.1177/1081180x05283551,The 2004 New Hampshire Democratic Primary and Network News,2005,tras,RS1577,0,1,
W1974873962,10.2307/2585926,Convicting the Innocent: The Inferiority of Unanimous Jury Verdicts under Strategic Voting,1998,tras,RS1799,0,1,
W1975037676,10.1207/s15324834basp1304_6,Factors Influencing Wishful Thinking and Predictions of Election Outcomes,1992,tras,RS1527,0,1,
W1975469710,10.2307/2132194,"The Vanishing Marginals, the Bandwagon, and the Mass Media",1994,tras,RS1536|RS1621,0,1,
W1977368841,10.1027/1614-2241/a000014,Experimental Vignette Studies in Survey Research,2010,tras,RS1621,0,1,
W1977793234,10.1177/1094428114547952,Best Practice Recommendations for Designing and Implementing Experimental Vignette Methodology Studies,2014,tras,RS1621,0,1,
W1977825494,10.2307/2109186,An Economic Theory of Democracy.,1958,tras,RS1622|RS1689,0,1,
W1977982457,10.1177/1948550610377119,"Social Class, Culture, and Cognition",2010,tras,RS1652,0,1,
W1978433600,10.1016/s0277-9536(02)00073-4,The measurement of SES in health research: current practice and steps toward a new approach,2003,tras,RS1652,0,1,
W1978511425,10.1057/palgrave.fp.8200100,Climate and Electoral Turnout in France,2006,tras,RS1596,0,1,
W1979107234,10.1016/j.ejpoleco.2011.05.003,"Turned on or turned out? Campaign advertising, information and voting",2011,tras,RS1563,0,1,
W1980132109,10.1080/10584609.1994.9963048,Of horseshoes and horse races: Experimental studies of the impact of poll results on electoral behavior,1994,tras,RS1523|RS1524|RS1528|RS1536|RS1548|RS1577|RS1587|RS1621|RS1625|RS1694,0,1,
W1980866198,10.1111/j.1540-6237.2006.00392.x,How Do Voters Form Expectations about the Parties' Chances of Winning the Election? *,2006,tras,RS1625,0,1,
W1981540921,10.1177/0951629813514300,Voting systems and strategic manipulation: An experimental study,2014,tras,RS1547,0,1,
W1981603973,10.1017/s0003055402004227,"Becoming a Habitual Voter: Inertia, Resources, and Growth in Young Adulthood",2002,tras,RS1611,0,1,
W1982379155,10.1177/1354068807083822,Rational Expectations or Heuristics?,2007,tras,RS1527,0,1,
W1982821891,10.1086/261791,A Note on Restaurant Pricing and Other Examples of Social Influences on Price,1991,tras,RS1536,0,1,
W1983221152,10.2307/2075855,The Reasoning Voter: Communication and Persuasion in Presidential Campaigns.,1992,tras,RS1536,0,1,
W1983379722,10.1177/0002764207300040,Introduction,2007,tras,RS1611,0,1,
W1983659553,10.2307/1956845,Expectations and Preferences in Presidential Nominating Campaigns,1985,tras,RS1527|RS1536,0,1,
W1983878267,10.2307/2151004,"Presidential Primaries and the Dynamics of Public Choice, by Larry M. Bartels",1989,tras,RS1536,0,1,
W1984038346,10.1016/j.electstud.2010.09.021,Party contestation and Europe on the news agenda: The 2009 European Parliamentary Elections,2010,tras,RS1611,0,1,
W1986361790,10.1080/01973530802659810,The Advantage of Disadvantage: Underdogs in the Political Arena,2009,tras,RS1621,0,1,
W1987151967,10.1111/j.1475-6765.1988.tb00155.x,The ‘second-vote’ campaign strategy of the West German Free Democratic Party,1988,tras,RS1527,0,1,
W1987184260,10.1111/1467-9248.00378,Why is there so Little Strategic Voting in Canadian Plurality Rule Elections?,2002,tras,RS1625,0,1,
W1987599620,10.1007/bf00163774,Strategic decisions under one-stage multi-candidate voting systems,1981,tras,RS1544|RS1547,0,1,
W1987943893,10.1177/107769900508200410,"Education, Need for Cognition, and Campaign Interest as Moderators of News Effects on Political Knowledge: An Analysis of the Knowledge Gap",2005,tras,RS1611,0,1,
W1989137735,10.1007/bf00114279,"If people vote because they like to, then why do so many of them lie?",1996,tras,RS1694,0,1,
W1989706552,10.1386/pjss.6.1.15_1,Institutional incentives for strategic voting and party system change in Portugal,2007,tras,RS1527,0,1,
W1990381372,10.2307/2938959,A Theory of Voting Equilibria,1993,tras,RS1544|RS1547|RS1893,0,1,
W1990938326,10.1007/bf00992239,"The sources of tactical voting in British parliamentary elections, 1983?1987",1992,tras,RS1527,0,1,
W1991489456,10.1080/10584609.2010.540305,Stimulating or Reinforcing Political Interest: Using Panel Data to Examine Reciprocal Effects Between News Media and Political Interest,2011,tras,RS1611,0,1,
W1991544483,10.1017/s0007123405000013,"Television News, Mexico's 2000 Elections and Media Effects in Emerging Democracies",2004,tras,RS1625,0,1,
W1991740802,10.1080/01402380008425400,"European integration, voters and national politics",2000,tras,RS1556,0,1,
W1991840022,10.1038/scientificamerican1155-31,Opinions and Social Pressure,1955,tras,RS1621,0,1,
W1992771290,10.1080/10584600500311444,Does Political Information Matter?,2005,tras,RS1577,0,1,
W1993342889,10.1509/jmkr.46.6.798,The Political Participation Puzzle and Marketing,2009,tras,RS1587|RS1694,0,1,
W1995092846,10.1257/app.1.2.64,What Determines Giving to Hurricane Katrina Victims? Experimental Evidence on Racial Group Loyalty,2009,tras,RS1587|RS1694,0,1,
W1995799942,10.1017/s000712340000003x,A New Approach for Modelling Strategic Voting in Multiparty Elections,2000,tras,RS1527|RS1625|RS1689,0,1,
W1996156133,10.1177/2053168014547667,Are public opinion polls self-fulfilling prophecies?,2014,tras,RS1524|RS1548,1,0,ja_no_corpus
W1997165576,10.1111/0162-895x.00224,Knowing Versus Caring: The Role of Affect and Cognition in Political Perceptions,2001,tras,RS1523|RS1527,0,1,
W1997510597,10.1080/105846002317246489,"Candidate Appearances in Presidential Elections, 1972-2000",2002,tras,RS1587|RS1694|RS1893,0,1,
W1998230308,10.1007/s11238-013-9383-2,The potential of iterative voting to solve the separability problem in referendum elections,2013,tras,RS1544|RS1547,0,1,
W1998376846,10.1080/00224545.1982.9924429,A False Consensus Bias in 1980 Presidential PReferences,1982,tras,RS1589,0,1,
W1998653759,10.1111/0034-6527.00321,Semiparametric Difference-in-Differences Estimators,2004,tras,RS1522,0,1,
W1999203981,10.1016/j.jdeveco.2012.01.002,Beyond baseline and follow-up: The case for more T in experiments,2012,tras,RS1587|RS1694,0,1,
W2000412366,10.1080/00344890208523210,Restricting the broadcast and publication of pre‐election and exit polls: some selected examples,2002,tras,RS1522,0,1,
W2000927375,10.1017/s0003055400117368,The Paradox of Not Voting: A Decision Theoretic Analysis,1974,tras,RS1622,0,1,
W2001565484,10.1017/s0007123406000081,Do Campaigns Help Voters Learn? A Cross-National Analysis,2005,tras,RS1577,0,1,
W2002295665,10.1086/265755,The Discussion Goes On,1945,tras,RS1524,0,1,
W2003109948,10.1016/j.electstud.2009.01.001,Does political knowledge erode party attachments?: A review of the cognitive mobilization thesis,2009,tras,RS1536,0,1,
W2003225898,10.1177/000276484028002003,Voter Choice,1984,tras,RS1601|RS1893,0,1,
W2003529012,10.1093/ijpor/edp048,American and German Elite Journalists' Attitudes toward Election Polls,2009,tras,RS1536,0,1,
W2003659268,10.1007/bf01718446,Welfare effects of announcing election forecasts,1973,tras,RS1589|RS2247,0,1,
W2004014127,10.1016/j.electstud.2011.06.013,The impact of motivational and contextual factors on turnout in first- and second-order elections,2011,tras,RS1611,0,1,
W2004025482,10.1177/1354068806068594,Do Voters Vote For Government Coalitions?,2006,tras,RS1527|RS1689,0,1,
W2004146069,10.1007/bf00992237,Impersonal influence: Effects of representations of public opinion on political attitudes,1992,tras,RS1536|RS1621,0,1,
W2004338752,10.1177/106591299404700409,The Psychology of Political Momentum,1994,tras,RS1522|RS1548|RS1621,0,1,
W2004898674,10.1080/15205436.2013.858749,News Media Framing of Negative Campaigning,2014,tras,RS1528,0,1,
W2006755886,10.1007/bf00987278,Candidate choice before the convention: The democrats in 1984,1987,tras,RS1536|RS1621,0,1,
W2007615488,10.1111/j.1467-9221.2008.00625.x,"Is a Worried Citizen a Good Citizen? Emotions, Political Information Seeking, and Learning via the Internet",2008,tras,RS1548,0,1,
W2008856205,10.1057/ap.2008.1,Electoral Volatility and the Dutch Party System: A Comparative Perspective,2008,tras,RS1536|RS1577,0,1,
W2009348488,10.1002/j.1662-6370.2005.tb00047.x,"Was treibt die Stimmbürger an die Urne? Eine empirische Untersuchung der Abstimmungsbeteiligung in der Schweiz, 1981-1999",2005,tras,RS1601,0,1,
W2009599977,10.1016/s0169-2070(98)00063-6,Voters as forecasters: a micromodel of election prediction,1999,tras,RS1625,0,1,
W2009650268,10.1177/1532673x9202000303,"Prospective Voting in Presidential Elections, 1956-1988",1992,tras,RS1577,0,1,
W2011107478,10.1111/j.1475-6765.1995.tb00473.x,Social dealignment versus political frustration: Contrasting explanations of the floating vote in Germany,1995,tras,RS1577,0,1,
W2011345722,10.1016/j.electstud.2006.02.003,Strategic voting in Canada: A Cross Time Analysis,2006,tras,RS1625,0,1,
W2011962835,10.1016/s0362-3319(02)00190-8,Bowling Alone: The Collapse and Revival of American Community,2002,tras,RS1611,0,1,
W2011975531,10.1080/17457289.2013.872118,Threshold Insurance Voting in PR Systems: A Study of Voters’ Strategic Behavior in the 2010 Swedish General Election,2014,frente,RS1527,0,1,
W2014115621,10.1080/09644008.2014.949682,Political Sophistication and Vote Intention Switching: The Timing of Electoral Volatility in the 2009 German Election Campaign,2014,frente,RS1527,0,1,
W2015046142,10.1080/01621459.1992.10475212,The Effect of Age at School Entry on Educational Attainment: An Application of Instrumental Variables with Moments from Two Samples,1992,tras,RS1694,0,1,
W2015244013,10.1177/1081180x98003004004,Horse-Race Polls and Audience Issue Learning,1998,tras,RS1611,0,1,
W2015290647,10.1017/s0007123400007006,The Two Faces of Tactical Voting,1994,tras,RS1527,0,1,
W2015654822,10.1093/ijpor/edr004,Affective Priming in Political Campaigns: How Campaign-Induced Emotions Prime Political Opinions,2011,tras,RS1548,0,1,
W2016278092,10.1257/aer.96.4.1271,A Theory of Participation in Elections,2006,tras,RS1563|RS1587|RS1589|RS1601|RS1893,0,1,
W2016377072,10.1016/0010-0285(72)90016-3,Subjective probability: A judgment of representativeness,1972,tras,RS1587|RS1694,0,1,
W2017019354,10.1111/j.1540-5907.2006.00190.x,Social Context and Campaign Volatility in New Democracies: Networks and Neighborhoods in Brazil's 2002 Elections,2006,tras,RS1577|RS1625,0,1,
W2017201939,10.1007/bf01726338,Endogenous bandwagon and underdog effects in a rational choice model,1976,tras,RS1589|RS1621|RS1694|RS1799,0,1,
W2017443480,10.1145/1807406.1807449,Beyond equilibrium,2010,tras,RS1544,0,1,
W2017687874,10.2307/2082796,"Information Aggregation, Rationality, and the Condorcet Jury Theorem",1996,tras,RS1799,0,1,
W2017741229,10.1257/pol.20120081,Would People Behave Differently If They Better Understood Social Security? Evidence from a Field Experiment,2015,tras,RS1587|RS1694,0,1,
W2018375235,10.1016/s0261-3794(03)00031-3,How good are voters at sorting out the weakest candidate in their constituency?,2003,tras,RS1527|RS1625,0,1,
W2019452555,10.1007/s11127-009-9427-x,Modeling the influence of polls on elections: a population dynamics approach,2009,tras,RS1528,0,1,
W2019641651,10.1080/13689880601132570,Electoral Cycles and the Mobilizing Effects of Elections: A Longitudinal Study of the Swedish Case,2007,tras,RS1611,0,1,
W2020085319,10.1111/j.1540-5907.2009.00372.x,Coalition‐Targeted Duvergerian Voting: How Expectations Affect Voter Choice under Proportional Representation,2009,tras,RS1527,0,1,
W2020172602,10.1007/bf00124819,Rational expectations in elections: some experimental results based on a multidimensional model,1984,tras,RS2247,0,1,
W2020457124,10.1177/106591299404700308,Comparing Gubernatorial and Senatorial Elections,1994,tras,RS1587|RS1694,0,1,
W2021586347,10.1177/107769900107800107,When the Frame is the Game: Revisiting the Impact of “Strategic” Campaign Coverage on Citizens' Information Retention,2001,tras,RS1611,0,1,
W2021676298,10.1111/j.1539-6924.2005.00608.x,“A 30% Chance of Rain Tomorrow”: How Does the Public Understand Probabilistic Weather Forecasts?,2005,tras,RS1523,0,1,
W2022277260,10.1177/1464884911427799,"The framing of politics as strategy and game: A review of concepts, operationalizations and key findings",2011,tras,RS1611,0,1,
W2022562660,10.2307/2111565,Groups in Rational Turnout Models,1991,tras,RS1587,0,1,
W2022743588,10.1177/0049124112460374,Panel Conditioning in Longitudinal Social Science Surveys,2012,tras,RS1536,0,1,
W2023907083,10.5860/choice.30-2952,"Dirty politics: deception, distraction, and democracy",1993,tras,RS1577,0,1,
W2023970576,10.1111/j.1559-1816.2008.00403.x,Rooting for (and Then Abandoning) the Underdog,2008,tras,RS1621,0,1,
W2024155846,10.1086/250094,Large Electorates and Decisive Minorities,1999,tras,RS1589,0,1,
W2024286035,10.1177/1081180x98003004005,Preelection Polls and Issue Knowledge in the 1996 U.S. Presidential Election,1998,tras,RS1611,0,1,
W2024547150,10.1017/s0007123400004464,A General Model of Tactical and Inverse Tactical Voting,1986,tras,RS1689,0,1,
W2024951909,10.1016/j.electstud.2004.03.001,Direct or indirect? Assessing two approaches to the measurement of strategic voting,2005,tras,RS1625,0,1,
W2025240503,10.1093/ijpor/12.2.160,VOX POP & POLLS: THE IMPACT OF POLL RESULTS AND VOTER STATEMENTS IN THE MEDIA ON THE PERCEPTION OF A CLIMATE OF OPINION,2000,tras,RS1528|RS1536|RS1548,0,1,
W2025580838,10.1016/j.ejpoleco.2015.04.009,What motivates bandwagon voting behavior: Altruism or a desire to win?,2015,frente|tras,RS1522|RS1596|RS1611|RS1621,0,1,
W2026550429,10.1037/0022-3514.45.3.477,"When prophecy bends: The preference–expectation link in U.S. presidential elections, 1952–1980.",1983,tras,RS1527,0,1,
W2026805706,10.1111/j.1468-2885.2007.00296.x,Reinforcing Spirals: The Mutual Influence of Media Selectivity and Media Effects and Their Impact on Individual Behavior and Social Identity,2007,tras,RS1577|RS1611,0,1,
W2027411781,10.1093/ijpor/edn034,Polls that Mattered: Effects of Media Polls on Voters' Coalition Expectations and Party Preferences in the 2005 German Parliamentary Election,2008,tras,RS1548|RS1652,0,1,
W2027873737,10.3758/s13423-013-0572-3,Robust misinterpretation of confidence intervals,2014,tras,RS1523,0,1,
W2028192864,10.1257/mic.5.2.73,Why People Vote: Ethical Motives and Social Incentives,2013,tras,RS1601|RS1627|RS1893,0,1,
W2028871521,10.1037/1082-989x.12.2.121,Centering predictor variables in cross-sectional multilevel models: A new look at an old issue.,2007,tras,RS1652,0,1,
W2029126207,10.1162/003355304772839560,Radio's Impact on Public Spending,2004,tras,RS1601|RS1893,0,1,
W2029371813,10.1080/13183222.2006.11008905,Signs of Media Logic Half a Century of Political Communication in the Netherlands,2006,tras,RS1577,0,1,
W2029372698,10.1111/j.1468-2508.2007.00575.x,Battleground States versus Blackout States: The Behavioral Implications of Modern Presidential Campaigns,2007,tras,RS1587|RS1694|RS1893,0,1,
W2029573990,10.1111/1467-9477.00071,Government Formation in the Nordic Countries: The Electoral Connection,2002,tras,RS1689,0,1,
W2029586838,10.1111/j.1559-1816.1991.tb00514.x,Wishful Thinking—Against All Odds,1991,tras,RS1523,0,1,
W2030216343,10.2307/1882692,"Bandwagon, Snob, and Veblen Effects in the Theory of Consumers' Demand",1950,tras,RS1524|RS1528,0,1,
W2030238559,10.2307/2131577,"Bandwagon, Underdog, or Projection? Opinion Polls and Electoral Choice in Britain, 1979-1987",1991,tras,RS1522|RS1536|RS1546|RS1596|RS1621|RS1622,0,1,
W2030819730,10.1007/bf02334689,"Equality, fairness, and social conflict",1995,tras,RS1621,0,1,
W2030888113,10.1093/pan/mpt047,Strategic Votes and Sincere Counterfactuals,2014,frente,RS1527,0,1,
W2031186147,10.1007/bf00992294,Polling effects in election campaigns,1991,tras,RS1522,0,1,
W2031266171,10.2139/ssrn.1508431,The Effect of Newspaper Entry and Exit on Electoral Politics,2009,tras,RS1627|RS1694,0,1,
W2031280309,10.1007/bf01047803,Explaining voter turnout patterns: An information theory,1995,tras,RS1522|RS1523,0,1,
W2033198212,10.1038/nature11421,A 61-million-person experiment in social influence and political mobilization,2012,tras,RS1556|RS1587|RS1694,0,1,
W2033206242,10.1016/0022-0531(85)90079-1,Elections with limited information: A fulfilled expectations model using contemporaneous poll and endorsement data as information sources,1985,tras,RS1589,0,1,
W2033362060,10.1007/bf01718806,Is the act of voting rational?,1973,tras,RS1601|RS1893,0,1,
W2033371129,10.1086/267358,"Polls and the Political Process-Past, Present, and Future",1965,tras,RS1536,0,1,
W2033907060,10.1111/j.1540-5907.2009.00401.x,Don't Forget to Vote: Text Message Reminders as a Mobilization Tool,2009,tras,RS1523|RS1587|RS1627|RS1694|RS1893,0,1,
W2034025364,10.1111/j.1540-4560.1975.tb01000.x,"Equity, Equality, and Need: What Determines Which Value Will Be Used as the Basis of Distributive Justice?",1975,tras,RS1621,0,1,
W2034352155,10.1257/0002828043052231,A Group Rule—Utilitarian Approach to Voter Turnout: Theory and Evidence,2004,tras,RS1563|RS1587|RS1589|RS1601|RS1627|RS1694|RS1799,0,1,
W2034569312,10.1177/107769900408100112,Operationalizing and Analyzing Exposure: The Foundation of Media Effects Research,2004,tras,RS1611,0,1,
W2034795151,10.2307/2952264,Stability and Coordination in Duverger's Law: A Formal Model of Preelection Polls and Strategic Voting,1997,tras,RS1893,0,1,
W2035472222,10.2307/2710239,The Effects of Mass Communication,1962,tras,RS1577,0,1,
W2035587687,10.1111/j.1475-6765.2008.00782.x,On the linkage between electoral volatility and party system instability in Central and Eastern Europe,2008,tras,RS1577,0,1,
W2036137832,10.1093/ijpor/edn040,What are they Waiting for? Strategic Information for Late Deciding Voters,2008,tras,RS1528|RS1536|RS1577,0,1,
W2037572137,10.1017/s1049096507071028,Early Voting and Turnout,2007,tras,RS1522,0,1,
W2037668165,10.2307/2111531,Rational Choice and Turnout,1993,tras,RS1622,0,1,
W2038062871,10.1086/268715,Jumping on the Bandwagon With the Underdog: The Impact of Attitude Polls on Polling Behavior,1982,tras,RS1524|RS1528|RS1536|RS1589|RS1621|RS1625,0,1,
W2038360359,10.1093/ijpor/8.3.266,"MASS MEDIA, THE ELECTORATE, AND THE BANDWAGON. A STUDY OF COMMUNICATION EFFECTS ON VOTE CHOICE IN GERMANY",1996,tras,RS1522|RS1536|RS1652,0,1,
W2038702827,10.3758/brm.40.3.879,Asymptotic and resampling strategies for assessing and comparing indirect effects in multiple mediator models,2008,tras,RS1611,0,1,
W2039124175,10.1086/265397,Is There a Bandwagon Vote?,1940,tras,RS1524|RS1528|RS1536,0,1,
W2039316014,10.2307/2130859,Scooping the Voters? The Consequences of the Networks' Early Call of the 1980 Presidential Race,1984,tras,RS1522|RS1523|RS1596|RS1622,0,1,
W2040388712,10.1016/j.jebo.2011.10.021,Non-consequentialist voting,2011,tras,RS1587|RS1694,0,1,
W2040472672,10.1111/j.1467-9477.2008.00203.x,Retrospective Voting and Electoral Volatility: A Nordic Perspective,2008,tras,RS1577,0,1,
W2040535234,10.1046/j.1468-2508.2004.00146.x,Consumer Demand for Election News: The Horserace Sells,2004,tras,RS1523|RS1611,0,1,
W2040806475,10.1080/01402382.2013.796186,Do Voters’ Coalition Preferences Affect Government Formation?,2013,frente,RS1527,0,1,
W2041109179,10.1080/10584609809342364,News Content and Effects in an Historic Campaign,1998,tras,RS1577,0,1,
W2041223402,10.1093/poq/nfp065,Social desirability bias in voter turnout reports: Tests using the item count technique,2010,tras,RS1799,0,1,
W2041692015,10.1007/bf00124816,The pure theory of large two-candidate elections,1984,tras,RS1589,0,1,
W2041946752,10.1007/bf00122574,Advances in prospect theory: Cumulative representation of uncertainty,1992,tras,RS1523,0,1,
W2041963608,10.1037/h0046408,A study of normative and informational social influences upon individual judgment.,1955,tras,RS1652,0,1,
W2043286678,10.1177/1065912914535987,The Persuasive Effects of Partisan Campaign Mailers,2014,tras,RS1587,0,1,
W2043597676,10.1016/j.electstud.2011.03.002,"From uninformed to informed choices: Voters, pre-election polls and updating",2011,tras,RS1799,0,1,
W2044297556,10.2307/440350,Electoral Rules and the Calculus of Mobilization,1999,tras,RS1587|RS1694|RS1893,0,1,
W2044539922,10.1017/s0007123403220391,Definition and Measurement of Tactical Voting: The Role of Rational Choice,2004,tras,RS1527,0,1,
W2044750832,10.1086/265122,Recent Developments in the Straw-Poll Field-Part 2,1937,tras,RS1548|RS1611|RS1621,0,1,
W2045042822,10.1086/265740,Attitude Polls-Servants or Masters?,1945,tras,RS1524,0,1,
W2045509200,10.5860/choice.35-2982,Making votes count: strategic coordination in the world's electoral systems,1998,tras,RS1527|RS1689,0,1,
W2045929118,10.1016/j.geb.2009.06.007,Public information and electoral bias,2009,tras,RS1546|RS1563|RS1589|RS1799,1,0,ja_no_corpus
W2046037438,10.2307/1420824,A Theory of Psychological Reactance,1968,tras,RS2247,0,1,
W2046516067,10.1007/s11127-013-0105-7,The impact of closeness on electoral participation exploiting the Italian double ballot system,2013,tras,RS1601,0,1,
W2046637871,10.1016/j.electstud.2011.10.007,Strategic electoral considerations under proportional representation,2011,tras,RS1689,0,1,
W2046809950,,,,tras,RS1544,0,0,sem_metadados
W2047606607,10.2307/1288709,Over the Wire and on TV: CBS and UPI in Campaign '80,1984,tras,RS1611,0,1,
W2047866247,10.1007/s00199-006-0082-x,Welfare Reducing Polls,2006,tras,RS1563|RS1589|RS1799,0,1,
W2049265522,10.1007/bf01053302,Election closeness and voter turnout: Evidence from California ballot propositions,1993,tras,RS1587|RS1601|RS1627|RS1694|RS1705|RS1893,0,1,
W2050105116,10.1037/0033-295x.114.4.994,"Sophisticated approval voting, ignorance priors, and plurality heuristics: A behavioral social choice analysis in a Thurstonian framework.",2007,tras,RS1544,0,1,
W2050350414,10.1080/00223891.2013.819511,Construct Validity of the Need to Belong Scale: Mapping the Nomological Network,2013,tras,RS1621,0,1,
W2051058163,10.1080/10410236.2014.974129,Emotional Flow in Persuasive Health Messages,2014,tras,RS1548,0,1,
W2053671438,10.1086/267401,Western Voting and Broadcasts of Results on Presidential Election Day,1966,tras,RS1536,0,1,
W2055131853,10.1177/004478083011003005,ELECTION NIGHT PROJECTIONS AND VOTER TURNOUT IN THE WEST,1983,tras,RS1522,0,1,
W2055290441,10.1080/01402380902779147,Strategic Voting under Proportional Representation: Threshold Insurance in German Elections,2009,tras,RS1527,0,1,
W2056026309,10.1177/0146167298246006,Beyond Conflict and Discrepancy: Cognitive Bias in Minority and Majority Influence,1998,tras,RS1652,0,1,
W2057711563,10.1017/s0007123406000123,Pre-Electoral Coalition Formation in Parliamentary Democracies,2006,tras,RS1689,0,1,
W2057970462,10.1017/s000305540011562x,A Theory of the Calculus of Voting,1968,tras,RS1523|RS1544|RS1547|RS1563|RS1587,0,1,
W2058686539,10.1017/s0003055404000991,Election Time: Normative Implications of Temporal Properties of the Electoral Process in the United States,2004,tras,RS1522,0,1,
W2059001022,10.2307/2132190,On Hearing and Interpreting Political Messages: A Cautionary Tale of Citizen Cue-Taking,1994,tras,RS1625,0,1,
W2060530087,10.1080/105846001750322998,The Method is the Message: The Current State of Political Communication Research,2001,tras,RS1577,0,1,
W2061323603,10.1515/commun-2013-0011,Dealing with feelings: Positive and negative discrete emotions as mediators of news framing effects,2013,tras,RS1548,0,1,
W2062218794,10.1093/ijpor/1.3.206,BANDWAGONING AND UNDERDOGING ON NORTH-AMERICAN FREE TRADE: A QUASI-EXPERIMENTAL PANEL STUDY OF OPINION MOVEMENT,1989,tras,RS1556,0,1,
W2062859842,10.1007/s11109-008-9080-y,The Effect of Information Signals on Strategic Voting in Mock Mayoral Elections,2008,tras,RS1625,1,0,ja_no_corpus
W2063349788,10.2307/1961836,The Performance of Rational Voter Models in Recent Presidential Elections,1983,tras,RS1587|RS1694,0,1,
W2063597719,10.1037/h0093718,Studies of independence and conformity: I. A minority of one against a unanimous majority.,1956,tras,RS1652,0,1,
W2063887897,10.1093/pan/10.4.325,Experimental Methodology in Political Science,2002,tras,RS1689,0,1,
W2063933108,10.1111/1475-6765.00509,The calculus of voting: An empirical test,2000,tras,RS1544|RS1547|RS1705,0,1,
W2065359416,10.1037/0022-3514.62.4.597,The free-rider problem in intergroup conflicts over step-level and continuous public goods.,1992,tras,RS1589,0,1,
W2065390436,10.1111/1475-6765.00010,Electoral behaviour in a two-vote system: Incentives for ticket splitting in German Bundestag elections,2002,tras,RS1527,0,1,
W2065904028,10.1086/268620,Horse-Race Journalism: Reporting the Polls in the 1976 Presidential Election,1980,tras,RS1625,0,1,
W2065938633,10.1016/j.electstud.2013.09.007,Expected utility or learned familiarity? The formation of voters' coalition preferences,2013,frente,RS1527,0,1,
W2066985590,10.1016/j.geb.2004.06.007,Sequential voting with abstention,2004,tras,RS1522,0,1,
W2067787405,10.1080/17457289.2013.846345,How do Voters' Strategic Behaviors Mediate the Impact of Electoral Systems on the Effective Number of Electoral Parties? An Experimental Study,2013,frente,RS1527,0,1,
W2068129224,10.1007/s00355-010-0448-7,"Strategic, sincere, and heuristic voting under four election rules: an experimental study",2010,tras,RS1544|RS1547,0,1,
W2068214642,10.1016/s0014-2921(98)00011-7,Learning in games,1998,tras,RS1799,0,1,
W2068236478,10.1002/jae.1236,Can subjective expectations data be used in choice models? evidence on cognitive biases,2011,tras,RS1587|RS1694,0,1,
W2070047061,10.2307/1913471,Pseudo Maximum Likelihood Methods: Theory,1984,tras,RS1522,0,1,
W2070862818,10.1111/j.1467-923x.2005.00710.x,Young Voters at the 2005 British General Election,2005,tras,RS1611,0,1,
W2070875744,,Theory of voting,1969,tras,RS1689,0,1,
W2071044001,10.2307/2111355,A Voting Model Implying Duverger's Law and Positive Turnout,1992,tras,RS1893,0,1,
W2071100200,10.1016/j.electstud.2006.09.003,"“It's the electability, stupid” − or maybe not? Electability, substance, and strategic voting in presidential primaries",2006,tras,RS1625,0,1,
W2071555056,10.1080/13689880208413068,"Downs, stokes and modified rational choice: Modelling turnout in 2001",2002,tras,RS1611,0,1,
W2073218402,10.1080/00344890308523247,Do political campaigns matter? Campaign effects in elections and referendums,2003,tras,RS1577,0,1,
W2073479826,10.1177/0010414003260124,The Radical Right Gender Gap,2004,tras,RS1556,0,1,
W2073585844,10.1007/bf02425262,An experimental study of voting rules and polls in three-candidate elections,1996,tras,RS1527|RS1544|RS1547,0,1,
W2075495116,10.1177/1354068814551295,What’s information got to do with it? Third-party voting in plurality systems,2014,frente|tras,RS1527|RS1625,0,1,
W2075693168,10.1037/0022-3514.57.2.212,"Relations among emotion, appraisal, and emotional action readiness.",1989,tras,RS1548,0,1,
W2078030311,10.1111/j.1468-2958.1986.tb00096.x,Measurement and Effects of Attention to Media News,1986,tras,RS1611,0,1,
W2079189411,10.2307/2090664,A Theory of Coalition Formation,1961,tras,RS1689,0,1,
W2079955265,10.2307/1247297,"Voting, a Study of Opinion Formation in a Presidential Campaign",1955,tras,RS1625,0,1,
W2080630667,10.1016/j.electstud.2010.03.009,Tactical coalition voting and information in the laboratory,2010,tras,RS1527,0,1,
W2081155210,10.1037/0033-2909.117.3.497,The need to belong: Desire for interpersonal attachments as a fundamental human motivation.,1995,tras,RS1621,0,1,
W2081553388,10.1086/257897,An Economic Theory of Political Action in a Democracy,1957,tras,RS1523|RS1601|RS1893,0,1,
W2081619644,10.1111/0162-895x.00258,"Motivations, Goals, Information Search, and Memory about Political Candidates",2001,tras,RS1527,0,1,
W2082222479,10.1111/j.1559-1816.1998.tb01363.x,Effects of Poll Reports on Voter Preferences,1998,tras,RS1536|RS1548|RS1556|RS1621,0,1,
W2082339685,10.1111/j.1542-4774.2010.tb00548.x,SOCIAL INCENTIVES AND VOTER TURNOUT: EVIDENCE FROM THE SWISS MAIL BALLOT SYSTEM,2010,tras,RS1627|RS1893,0,1,
W2082550970,10.1093/poq/nfl045,Good Excuses: Understanding Who Votes With An Improved Turnout Question,2007,tras,RS1611,0,1,
W2083102868,10.1111/1468-0262.00440,Signaling and Election Motivations in a Voting Model with Common Values and Responsive Candidates,2003,tras,RS1587|RS1694,0,1,
W2083319565,,Out of Order,1993,tras,RS1577,0,1,
W2083485815,10.1198/073500102288618658,A Survey of Weak Instruments and Weak Identification in Generalized Method of Moments,2002,tras,RS1694,0,1,
W2084246693,10.1037/a0028756,"Social class, solipsism, and contextualism: How the rich are different from the poor.",2012,tras,RS1652,0,1,
W2085348149,10.1007/s11127-013-0146-y,Identifying the bandwagon effect in two-round elections,2013,tras,RS1596,0,1,
W2085507342,10.1177/0146167207307488,The Appeal of the Underdog,2007,tras,RS1621,0,1,
W2087160026,10.1016/j.jrp.2013.05.009,At what sample size do correlations stabilize?,2013,tras,RS1621,0,1,
W2087484885,10.3758/bf03193146,"G*Power 3: A flexible statistical power analysis program for the social, behavioral, and biomedical sciences",2007,tras,RS1621,0,1,
W2087547200,10.1111/j.1467-9221.2009.00754.x,Reexamining the Calculus of Voting,2010,tras,RS1527,0,1,
W2087876762,10.2307/2586018,"In Defense of Unanimous Jury Verdicts: Mistrials, Communication, and Strategic Voting",2000,tras,RS1799,0,1,
W2088614984,10.1016/0022-1031(77)90049-x,The “false consensus effect”: An egocentric bias in social perception and attribution processes,1977,tras,RS1589,0,1,
W2088929475,10.1057/ap.2011.19,"Electoral volatility, political sophistication, trust and efficacy: A study on changes in voter preferences during the Belgian regional elections of 2009",2011,tras,RS1577,0,1,
W2090019204,10.1007/bf01705954,Leibenstein's bandwagon effect as applied to voting,1975,tras,RS1621,0,1,
W2090487162,10.1198/000313007x219996,Black Swans and the Domains of Statistics,2007,tras,RS1622,0,1,
W2090799431,10.1017/s0003055410000596,Turning Out to Vote: The Costs of Finding and Getting to the Polling Place,2011,tras,RS1524|RS1528,0,1,
W2090873117,10.2307/1956441,"Closeness, Expenditures, and Turnout in the 1982 U.S. House Elections",1989,tras,RS1587|RS1601|RS1627|RS1694|RS1893,0,1,
W2091146324,10.1093/ijpor/edp045,Impact of Poll Results on Personal Opinions and Perceptions of Collective Opinion,2010,tras,RS1536|RS1556,1,0,ja_no_corpus
W2091317951,10.1145/2818869.2818914,Bandwagon Effect in Facebook Discussion Groups,2015,frente,RS1536,0,1,
W2092164493,10.1561/100.00005051,Does Advertising Exposure Affect Turnout?,2007,tras,RS1587|RS1694,0,1,
W2092922063,10.1016/0165-4896(87)90053-9,The influence of poll results on election outcomes,1987,tras,RS1536,0,1,
W2093807602,10.2307/1962938,"Government and Industry: A Comparative Analysis of the U.S., Canada, and the U.K. By Wyn Grant. Brookfield, VT: Gower, 1989. 303p. $44.95. - Economic Decline and Political Change: Canada, Great Britain, the United States. Edited by Harold D. Clarke, Marianne C. Stewart, and Gary Zuk. Pittsburgh: University of Pittsburgh Press, 1989. 290p. $39.95.",1991,tras,RS1689,0,1,
W2093925152,10.1111/j.1460-2466.2005.tb03024.x,Media Exposure and Attention as Mediating Variables Influencing Social Risk Judgments,2005,tras,RS1611,0,1,
W2094065078,10.1016/j.electstud.2012.05.007,The relationship between age and turnout: A roller-coaster ride,2012,tras,RS1611,0,1,
W2095996815,10.1080/0031322x.2015.1023642,Gender and populist radical-right politics: an introduction,2015,tras,RS1556,0,1,
W2096092139,10.1257/aer.91.5.1508,Information Cascades: Replication and an Extension to Majority Rule and Conformity-Rewarding Institutions,2001,tras,RS1522,0,1,
W2096345427,10.1177/0956797612473120,Rising Stars and Sinking Ships,2013,tras,RS1528,0,1,
W2096392092,10.1017/s1049096506060689,Controversies in Exit Polling: Implementing a Racially Stratified Homogenous Precinct Approach,2006,tras,RS1546,0,1,
W2096405724,10.1093/ijpor/edu002,Measuring Traits and States in Public Opinion Research: A Latent State–Trait Analysis of Political Efficacy,2014,tras,RS1548,0,1,
W2096684396,10.1162/003355304772839588,How Much Should We Trust Differences-In-Differences Estimates?,2004,tras,RS1522,0,1,
W2097154526,10.2139/ssrn.1582971,"Voters, Dictators, and Peons: Expressive Voting and Pivotality",2010,tras,RS1694,0,1,
W2097379707,,Nederland vijfstromenland: De rol van de media en stemwijzers bij de verkiezingen van 2006,2007,tras,RS1577,0,1,
W2097477989,10.1017/s0003055406062137,Neighborhood Information Exchange and Voter Participation: An Experimental Study,2006,tras,RS1589,0,1,
W2097506415,10.1177/0010414009341717,Comparing Strategic Voting Under FPTP and PR,2009,tras,RS1527|RS1625|RS1689,0,1,
W2097780989,10.1037/0033-295x.98.2.224,"Culture and the Self: Implications for Cognition, Emotion, and Motivation",1991,tras,RS1652,0,1,
W2098940738,10.1037/0003-066x.36.4.343,The psychology of social impact.,1981,tras,RS1621,0,1,
W2099114211,10.1017/s0007123400006347,"Constituency Characteristics, Individual Characteristics and Tactical Voting in the 1987 British General Election",1992,tras,RS1527|RS1625|RS1689,0,1,
W2099489163,10.1086/266513,Bandwagon and Underdog Effects and the Possibility of Election Predictions,1954,tras,RS1524|RS1528|RS1556|RS1587|RS1589|RS1601|RS1621|RS1689|RS1799,0,1,
W2099516353,10.1111/j.1467-9221.2008.00626.x,Reassessing the Role of Anxiety in Vote Choice,2008,tras,RS1548,0,1,
W2100409369,10.1017/s0003055405051609,An Explanation of Anomalous Behavior in Models of Political Participation,2005,tras,RS1563|RS1589,0,1,
W2100952198,10.1111/j.1467-9221.2010.00805.x,Does Anxiety Improve Voters' Decision Making?,2011,tras,RS1611,0,1,
W2101966716,10.1016/j.electstud.2010.09.017,Second-order effects plus pan-European political swings: An analysis of European Parliament elections across time,2010,tras,RS1611,0,1,
W2102073777,10.1177/0002716284472001011,The Impact of Polling on the Mass Media,1984,tras,RS1625,0,1,
W2102508481,10.1146/annurev-economics-080511-110950,Probability and Risk: Foundations and Economic Implications of Probability-Dependent Risk Preferences,2012,tras,RS1523,0,1,
W2103035318,10.1037/0022-3514.51.2.382,Distancing after group success and failure: Basking in reflected glory and cutting off reflected failure.,1986,tras,RS1621,0,1,
W2103547960,10.1017/s000712340000538x,Citizen Forecasting: Can Voters See into the Future?,1989,tras,RS1527,0,1,
W2103797786,10.1177/1354068812472570,"Are volatile voters erratic, whimsical or seriously picky? A panel study of 58 waves into the nature of electoral volatility (The Netherlands 2006–2010)",2013,tras,RS1536|RS1577,0,1,
W2104192060,10.1111/1467-937x.00126,Voting as Communicating,2000,tras,RS1694,0,1,
W2104811839,10.1086/267402,Election-Day Radio-Television and Western Voting,1966,tras,RS1536,0,1,
W2105432608,10.1080/15205436.2014.891133,"The Affect Effect of Political Satire: Sarcastic Humor, Negative Emotions, and Political Participation",2014,tras,RS1548,0,1,
W2106352070,10.1017/s0007123400006724,People Who Live in Glass Houses: A Response to Evans and Heath's Critique of our Note on Tactical Voting,1993,tras,RS1527,0,1,
W2106605967,10.2307/2585837,"The Effects of Canvassing, Telephone Calls, and Direct Mail on Voter Turnout: A Field Experiment",2000,tras,RS1523|RS1587|RS1589|RS1627|RS1694|RS1893,0,1,
W2107010060,10.1111/j.1540-5907.2012.00600.x,Televised Exposure to Politics: New Measures for a Fragmented Media Environment,2012,tras,RS1577,0,1,
W2107421356,10.1111/j.1468-2508.2005.00307.x,Campaign Effects and the Dynamics of Turnout Intention in Election 2000,2005,tras,RS1611,0,1,
W2107719281,10.1086/268987,Do Exit Polls Influence Voting Behavior?,1986,tras,RS1522|RS1523|RS1546,0,1,
W2108355281,10.1016/j.electstud.2005.09.002,Explaining voter turnout: A review of aggregate-level research,2005,tras,RS1523|RS1587|RS1694,0,1,
W2108360848,10.2307/1956650,Human Nature in Politics: The Dialogue of Psychology with Political Science,1985,tras,RS1622,0,1,
W2108647191,10.1037/0022-3514.93.5.814,Choice as an act of meaning: The case of social class.,2007,tras,RS1652,0,1,
W2109323312,10.1177/0951629813493210,Exit polls and voter turnout,2013,tras,RS1546,1,0,ja_no_corpus
W2109790075,10.1093/poq/nfp002,The Immensely Inflated News Audience: Assessing Bias in Self-Reported News Exposure,2009,tras,RS1577,0,1,
W2109954531,10.1037/0022-3514.57.3.426,Social utility and decision making in interpersonal contexts.,1989,tras,RS1621,0,1,
W2110468633,10.3982/ecta8852,An Experimental Study of Collective Deliberation,2011,tras,RS1799,0,1,
W2111450458,10.1146/annurev-polisci-060414-035915,"Electoral Rules, Mobilization, and Turnout",2014,tras,RS1587,0,1,
W2111977271,10.1111/j.1467-9221.2010.00806.x,Parsimony and Complexity: Developing and Testing Theories of Affective Intelligence,2011,tras,RS1548,0,1,
W2112490723,10.2307/1956119,Voter Participation and Strategic Uncertainty,1985,tras,RS1563|RS1589|RS1893,0,1,
W2112593979,10.1093/qje/qjt021,Do Political Protests Matter? Evidence from the Tea Party Movement*,2013,tras,RS1601|RS1627|RS1893,0,1,
W2112987370,10.1146/annurev.polisci.9.070204.105121,WHAT AFFECTS VOTER TURNOUT?,2005,tras,RS1893,0,1,
W2113143378,10.1111/j.1540-5907.2008.00332.x,Beliefs and Voting Decisions: A Test of the Pivotal Voter Model,2008,tras,RS1563|RS1587|RS1589|RS1601|RS1627|RS1694|RS1799|RS1893,0,1,
W2113251444,10.1177/0146167294201001,Self-Regulation of Cognitive Inference and Decision Processes,1994,tras,RS1527,0,1,
W2113525204,10.1126/science.1251560,Morality in everyday life,2014,tras,RS1621,0,1,
W2113874765,10.1111/j.1540-5907.2011.00530.x,"Proportional Representation, Majoritarian Legislatures, and Coalitional Voting",2011,frente|tras,RS1527|RS1689,0,1,
W2115090628,10.2307/2130557,"On the Costs, Utilities and Simple Joys of Voting",1980,tras,RS1622,0,1,
W2115864206,10.1016/j.electstud.2005.02.008,Strategic voting in British elections,2005,tras,RS1527|RS1528|RS1625,0,1,
W2116295501,10.1016/j.ejpoleco.2004.12.001,Uncertainty and resistance to reform in laboratory participation games,2005,tras,RS1563|RS1589|RS1694|RS1799,0,1,
W2116609513,10.1111/j.1539-6053.2008.00033.x,Helping Doctors and Patients Make Sense of Health Statistics,2007,tras,RS1523,0,1,
W2117130361,10.1111/j.1741-5705.2012.04021.x,Polls and Elections Understanding Persuasion and Activation in Presidential Campaigns: The Random Walk and Mean Reversion Models,2012,tras,RS1625,0,1,
W2117935976,10.1515/jci-2013-0010,Randomization Inference in the Regression Discontinuity Design: An Application to Party Advantages in the U.S. Senate,2014,tras,RS1705,0,1,
W2118114249,10.1111/jpet.12141,Voter Turnout and Political Rents,2014,tras,RS1563,0,1,
W2118299090,10.1017/s1755773913000271,Comparative determinants of horse-race coverage,2014,tras,RS1587|RS1694|RS1893,0,1,
W2118736924,10.3386/w14303,Does Church Attendance Cause People to Vote? Using Blue Laws' Repeal to Estimate the Effect of Religiosity on Voter Turnout,2008,tras,RS1627|RS1893,0,1,
W2118956656,10.1017/s0022381611000922,Close Elections and Cognitive Engagement,2011,tras,RS1587,0,1,
W2119113701,10.1086/268376,An Experimental Approach to Bandwagon Research,1977,tras,RS1536,0,1,
W2119247754,10.2307/2585760,Information Asymmetries and Simultaneous versus Sequential Voting,1999,tras,RS1522|RS1563,0,1,
W2119298903,10.1093/pan/mpr057,Evaluating Online Labor Markets for Experimental Research: Amazon.com's Mechanical Turk,2012,tras,RS1621,0,1,
W2119432837,10.1037/a0015141,Liberals and conservatives rely on different sets of moral foundations.,2009,tras,RS1621,0,1,
W2119742064,10.1046/j.1467-9221.2003.00347.x,Is Political Cognition Like Riding a Bicycle? How Cognitive Neuroscience Can Inform Research on Political Thinking,2003,tras,RS1621,0,1,
W2119764501,,Media Logic and Electoral Democracy,2013,tras,RS1577,0,1,
W2120130129,10.2307/1963943,"Information, Values, and Opinion",1991,tras,RS1577,0,1,
W2120946888,10.1093/poq/nfi067,Can a Poll Affect Perception of Candidate Traits?,2005,tras,RS1523|RS1625,0,1,
W2121124049,10.1093/ijpor/edq033,Substance Matters: How News Content can Reduce Political Cynicism,2010,tras,RS1577,0,1,
W2121740068,10.1177/1354068813499868,Pre-electoral coalitions and voter turnout,2013,frente,RS1527,0,1,
W2122472737,10.1177/0002716209351526,Enough Already about “Black Box” Experiments: Studying Mediation Is More Difficult than Most Scholars Suppose,2010,tras,RS1548,0,1,
W2122801086,10.1177/1745691610375557,Cultures and Selves,2010,tras,RS1652,0,1,
W2122824958,10.2307/2129541,The Voting Decision: Instrumental and Expressive Aspects,1976,tras,RS1694,0,1,
W2122858889,10.1111/j.1542-4774.2010.01013.x,A STRUCTURAL MODEL OF TURNOUT AND VOTING IN MULTIPLE ELECTIONS,2011,tras,RS1563,0,1,
W2123207567,10.1111/1468-2508.00143,Closeness Counts in Canada: Voter Participation in the 1993 and 1997 Federal Elections,2002,tras,RS1622,0,1,
W2123320848,10.1080/10584609.2011.564605,How the Media Shape Perceptions of Right-Wing Populist Leaders,2011,tras,RS1548,0,1,
W2123513113,10.1080/17457280903073914,Is Voting Habit Forming? The Longitudinal Impact of a GOTV Campaign in the UK,2009,tras,RS1611,0,1,
W2123531371,10.1111/j.1467-937x.2009.00569.x,The Swing Voter's Curse in the Laboratory,2009,tras,RS1563|RS1587|RS1694,0,1,
W2123902309,10.1111/0022-3816.00058,You Must Remember This: A Test of the On-Line Model of Voting,2001,tras,RS1527,0,1,
W2124134804,10.1086/267913,The Influence of Election Night Television Broadcasts in a Close Election,1971,tras,RS1522|RS1536|RS1622,0,1,
W2124758339,,Econometric Analysis of Cross Section and Panel Data,2001,tras,RS1522,0,1,
W2124911764,10.1037/0022-3514.81.1.146,"Fear, anger, and risk.",2001,tras,RS1548,0,1,
W2125021448,10.1177/0002716284472001012,The Impact of Polls on Public Opinion,1984,tras,RS1536|RS1589,0,1,
W2125192117,10.1016/j.obhdp.2008.05.004,Motivated reasoning and verbal vs. numerical probability assessment: Evidence from an accounting context,2008,tras,RS1523,0,1,
W2126322069,10.1177/145749690509400405,Triage: Principles and Practice,2005,tras,RS1548,0,1,
W2126461280,10.1111/ecoj.12116,Turnout and Power Sharing,2013,tras,RS1893,0,1,
W2126665730,10.1016/j.electstud.2012.11.004,"Voter overrepresentation, vote misreporting, and turnout bias in postelection surveys",2012,tras,RS1556,0,1,
W2127363218,10.1006/game.2001.0885,Coordination and Learning Behavior in Large Groups with Asymmetric Players,2002,tras,RS1563,0,1,
W2127546927,10.1017/s0003055411000542,When Natural Experiments Are Neither Natural nor Experiments,2012,tras,RS1522,0,1,
W2128427466,10.1093/sysbio/sys094,Going to Extremes: Contrasting Rates of Diversification in a Recent Radiation of New World Passerine Birds,2012,tras,RS2247,0,1,
W2129613164,10.1007/s11127-005-7166-1,The impact of early media election calls on Republican voting rates in Florida’s western Panhandle counties in 2000,2005,tras,RS1596,0,1,
W2130142026,10.1037/0003-066x.54.7.462,The unbearable automaticity of being.,1999,tras,RS1621,0,1,
W2130449371,10.1111/jasp.12243,Understanding the power of the picture: the effect of image content on emotional and political responses to terrorism,2014,tras,RS1548,0,1,
W2130739970,10.1057/ap.2012.5,Bounded volatility in the Dutch electoral battlefield: A panel study on the structure of changing vote intentions in the Netherlands during 2006–2010,2012,tras,RS1536|RS1577,0,1,
W2130948386,10.1093/restud/rdw056,Voting to Tell Others,2016,tras,RS1587|RS1601|RS1893,0,1,
W2132008242,10.1111/ajps.12215,Turnout Across Democracies,2015,tras,RS1596,0,1,
W2132141880,10.1257/aer.20131063,How Do Voters Respond to Information? Evidence from a Randomized Campaign,2015,tras,RS1587|RS1694,0,1,
W2132324013,10.1111/rssb.12027,Covariate Balancing Propensity Score,2013,tras,RS1611,0,1,
W2132490153,10.1111/j.1540-5907.2006.00214.x,Motivated Skepticism in the Evaluation of Political Beliefs,2006,tras,RS2247,0,1,
W2132774477,10.1017/s0007123411000020,"Expressive Political Behaviour: Foundations, Scope and Implications",2011,tras,RS1587|RS1625|RS1694,0,1,
W2132785247,10.1177/0010414008327427,A Deeper Look at the Proportionality—Turnout Nexus,2008,tras,RS1893,0,1,
W2132953732,10.1111/j.1460-2466.2007.00347.x,"A Test of Rivaling Approaches to Explain News Effects: News on Issue Positions of Parties, Real-World Developments, Support and Criticism, and Success and Failure",2006,tras,RS1524|RS1536|RS1577,0,1,
W2132989490,10.1177/0002716205278450,Mobilizing Asian American Voters: A Field Experiment,2005,tras,RS1587|RS1694,0,1,
W2133344766,10.1037/0278-6133.19.6.586,"Relationship of subjective and objective social status with psychological and physiological functioning: Preliminary data in healthy, White women.",2000,tras,RS1652,0,1,
W2133689495,10.1162/qjec.121.3.931,Television and Voter Turnout*,2006,tras,RS1601|RS1627|RS1893,0,1,
W2133806170,10.1016/s0261-3794(00)00031-7,"Strategic voting, party activity, and candidate effects: testing explanations for split voting in New Zealand's new mixed system",2002,tras,RS1527,0,1,
W2134294818,10.1257/089533004773563458,Rational Choice Theory and the Paradox of Not Voting,2004,tras,RS1563,0,1,
W2134652198,10.1177/0146167200267004,Sentimental Stereotypes: Emotional Expectations for High-and Low-Status Group Members,2000,tras,RS1621,0,1,
W2134972645,10.1007/s11109-008-9056-y,Emotion and the Framing of Risky Choice,2008,tras,RS1548,0,1,
W2135216421,10.1006/game.1997.0610,Extended Poisson Games and the Condorcet Jury Theorem,1998,tras,RS1799,0,1,
W2136400484,10.1177/1065912912449697,"Emotions, Campaigns, and Political Participation",2012,tras,RS1621,0,1,
W2136635144,10.1007/978-0-387-75870-1_32,Experimental Public Choice,2008,frente,RS1589,0,1,
W2137233465,10.1093/ijpor/edt031,Vote Recall: A Panel Study on the Mechanisms That Explain Vote Recall Inconsistency,2013,tras,RS1536,0,1,
W2137622327,10.1111/j.1468-2508.2005.00329.x,"Location, Location, Location: Precinct Placement and the Costs of Voting",2005,tras,RS1622,0,1,
W2137971742,10.1257/aer.20130921,Overconfidence in Political Behavior,2015,tras,RS1601|RS1893,0,1,
W2138401716,10.2307/420189,Of Time and Presidential Election Forecasts,1996,tras,RS1589,0,1,
W2139206471,10.1177/1465116501002003003,How Structural Factors Cause Turnout Variations at European Parliament Elections,2001,tras,RS1611,0,1,
W2139523938,10.1146/annurev.polisci.12.091007.122139,Laboratory Experiments in Political Economy,2009,tras,RS1694,0,1,
W2140252845,10.1086/267129,Information Flow and the Stability of Partisan Attitudes,1962,tras,RS1589,0,1,
W2140622867,10.2307/1964015,“Sophisticated” Voting in the 1988 Presidential Primaries,1992,tras,RS1527|RS1547|RS1625,0,1,
W2141134683,10.1007/bf00116941,The Downsian model of electoral participation: Formal theory and empirical analysis of the constituency size effect,1987,tras,RS1587|RS1694,0,1,
W2141153827,10.2139/ssrn.2396775,Laboratory Elections with Endogenous Turnout: Proportional Representation versus Majoritarian Rule,2014,tras,RS1694|RS1799,0,1,
W2141190608,10.1080/17457289.2015.1016528,"Staying With the Party, Switching or Exiting? A Comparative Analysis of Determinants of Party Switching and Abstaining",2015,tras,RS1577,0,1,
W2141212639,10.1111/j.1460-2466.2008.00399.x,The Effects of Strategic News on Political Cynicism and Vote Choice Among Young Voters,2008,tras,RS1611,0,1,
W2141292470,10.1257/aer.99.4.1508,Narrow Bracketing and Dominated Choices,2009,tras,RS1587,0,1,
W2141708418,10.1177/1745691610393980,Amazon's Mechanical Turk,2011,tras,RS1621,0,1,
W2141845152,10.1016/j.jml.2012.11.001,Random effects structure for confirmatory hypothesis testing: Keep it maximal,2013,tras,RS1652,0,1,
W2142598536,10.1086/209466,"Do Polls Reflect Opinions or Do Opinions Reflect Polls? The Impact of Political Polling on Voters' Expectations, Preferences, and Behavior",1996,tras,RS1536|RS1546|RS1589,0,1,
W2142604507,10.1017/s1930297500001819,Measuring Risk Literacy: The Berlin Numeracy Test,2012,tras,RS1523,0,1,
W2143057477,10.2307/2586119,Negative Campaign Advertising: Demobilizer or Mobilizer?,1999,tras,RS1611,0,1,
W2143304863,,Voter Response to Iterated Poll Information,2011,tras,RS1547,1,0,ja_no_corpus
W2143456070,,When Party and Issue Preferences Clash: Selective Exposure and Attitudinal Depolarization,2012,frente,RS1527,0,1,
W2143481916,10.1177/0265407513477629,The attractive underdog,2013,tras,RS1528,0,1,
W2144412114,10.1016/j.electstud.2011.08.001,More than wishful thinking: Causes and consequences of voters’ electoral expectations about parties and coalitions,2011,frente|tras,RS1524|RS1527|RS1536|RS1548|RS1625|RS1652,0,1,
W2144790682,10.2139/ssrn.307780,Voting When Money and Morals Conflict: An Experimental Test of Expressive Voting,2002,tras,RS1694,0,1,
W2144906278,,"Fatal Attraction: Focality, Naivete, and Sophistication in Experimental ""Hide-and-Seek"" Games",2004,tras,RS1563,0,1,
W2145148619,10.1177/019251219301400204,New Evidence About the Existence of a Bandwagon Effect in the Opinion Formation Process,1993,tras,RS1621|RS1625,0,1,
W2145885996,10.1111/j.1467-9280.2006.01720.x,Numeracy and Decision Making,2006,tras,RS1622,0,1,
W2147160422,10.1177/1940161208319097,Four Phases of Mediatization: An Analysis of the Mediatization of Politics,2008,tras,RS1689,0,1,
W2147332011,10.1016/j.electstud.2012.12.006,The embarrassment of riches? A meta-analysis of individual-level research on voter turnout,2013,tras,RS1611,0,1,
W2147453867,10.1126/science.1121066,Experimental Study of Inequality and Unpredictability in an Artificial Cultural Market,2006,tras,RS1556,0,1,
W2147563197,10.1016/s0899-8256(03)00147-7,"Sampling equilibrium, with an application to strategic voting",2003,tras,RS1544,0,1,
W2148685192,10.1111/1468-2508.00161,Hot Cognition or Cool Consideration? Testing the Effects of Motivated Reasoning on Political Decision Making,2002,tras,RS1527,0,1,
W2148767013,10.1017/s0003055407070281,"Efficiency, Equity, and Timing of Voting Mechanisms",2007,tras,RS1546,0,1,
W2149414305,10.2307/2083077,Economic and Referendum Voting: A Comparison of Gubernatorial and Senatorial Elections,1995,tras,RS1587|RS1694,0,1,
W2149893809,10.1037/0033-2909.108.3.480,The case for motivated reasoning.,1990,tras,RS1527|RS1577,0,1,
W2150047195,10.1111/0022-3816.00143,Campaign Advertising and Voter Turnout: New Evidence for a Stimulation Effect,2002,tras,RS1611,0,1,
W2150957645,10.1086/267990,The Agenda-Setting Function of Mass Media,1972,tras,RS1577,0,1,
W2151083781,10.1177/1948550610378757,When Choice Does Not Equal Freedom,2010,tras,RS1652,0,1,
W2151500900,10.1146/annurev-polisci-051010-111659,The Big Five Personality Traits in the Political Arena,2011,tras,RS1524|RS1528,0,1,
W2152734837,10.1111/j.1467-9221.2004.00359.x,Two Egocentric Sources of the Decision to Vote: The Voter's Illusion and the Belief in Personal Relevance,2004,tras,RS1527,0,1,
W2153362599,10.1111/j.1540-5907.2010.00497.x,Campaign Persuasion and Nascent Partisanship in Mexico's New Democracy,2011,tras,RS1625,0,1,
W2153698261,10.1016/j.jpubeco.2007.08.007,The performance of pivotal-voter models in small-scale elections: Evidence from Texas liquor referenda,2007,tras,RS1546|RS1587|RS1601|RS1627|RS1694|RS1799|RS1893,0,1,
W2154606583,10.1177/1527002508315693,Population and Bandwagon Effects on Local Team Revenues in Major League Baseball,2007,tras,RS1536,0,1,
W2154637800,10.1111/j.1540-5907.2010.00440.x,Civic Engagements: Resolute Partisanship or Reflective Deliberation,2010,tras,RS1548,0,1,
W2155390842,10.1007/bf02425263,Voter turnout as a participation game: An experimental investigation,1996,tras,RS1589,0,1,
W2155439116,10.2139/ssrn.1158651,"Mobilization, Social Networks, and Turnout: Evidence from Japan",2008,tras,RS1694,0,1,
W2155534328,10.2307/2132225,"Reexamining the ""Minimal Effects"" Model in Recent Presidential Campaigns",1993,tras,RS1577|RS1625,0,1,
W2155643382,10.1093/pan/mpl008,The Logic of the Survey Experiment Reexamined,2006,tras,RS1536,0,1,
W2157575411,10.1017/s104909651400208x,Strategic Voting and the Role of Polls: Evidence from an Embedded Web Survey,2015,frente,RS1527,1,0,ja_no_corpus
W2157757011,10.1111/j.1559-1816.1997.tb01629.x,Individual Differences in the Pursuit of Self‐Uniqueness Through Consumption,1997,tras,RS1621,0,1,
W2157765479,10.1093/poq/nfr054,The Evolution of Election Polling in the United States,2011,tras,RS1523|RS1556,1,0,ja_no_corpus
W2157979842,10.2307/2074664,The Nature and Origins of Mass Opinion.,1993,tras,RS1527,0,1,
W2158108150,10.2307/2998217,Mechanisms of Momentum: Does Thinking Make It So?,1997,tras,RS1522|RS1523|RS1524|RS1622,0,1,
W2158111733,10.1177/000271620527860,The Effect of Identity-Based GOTV Direct Mail Appeals on the Turnout of Indian Americans,2005,tras,RS1587|RS1694,0,1,
W2158686665,10.1093/poq/nfq076,Motivated Reasoning and Public Opinion Perception,2011,tras,RS1577,0,1,
W2158812829,10.1016/j.electstud.2010.03.005,Strategic coalition voting: Evidence from Austria,2010,frente|tras,RS1527|RS1625,0,1,
W2158842473,10.1093/cesifo/ifu012,Do Voters Vote in Line with their Policy Preferences?--The Role of Information,2014,tras,RS1556,0,1,
W2158903968,10.1177/1532673x08329464,Party Coalitions and Interest Group Networks,2009,tras,RS1556,0,1,
W2159277541,10.1111/j.1460-2466.2006.00003.x,The Effects of Negativity and Motivated Information Processing During a Political Campaign,2006,tras,RS1527,0,1,
W2159301070,10.1017/psrm.2014.5,Pivotality and Turnout: Evidence from a Field Experiment in the Aftermath of a Tied Election,2014,tras,RS1523|RS1587|RS1601|RS1627|RS1694|RS1893,0,1,
W2159705246,10.1016/j.ejpoleco.2010.06.004,Expressive behavior in economics and politics,2010,tras,RS1587|RS1694,0,1,
W2160170948,10.1086/265091,Recent Developments in the Straw-Poll Field,1937,tras,RS1548,0,1,
W2160622696,10.1016/j.electstud.2010.03.007,Why can voters anticipate post-election coalition formation likelihoods?,2010,tras,RS1527,0,1,
W2161401754,10.4324/9780203166956,Do Political Campaigns Matter?,2003,tras,RS1577,0,1,
W2161430222,10.1146/annurev-psych-010213-115143,Social Class Culture Cycles: How Three Gateway Contexts Shape Selves and Fuel Inequality,2013,tras,RS1652,0,1,
W2161512412,10.1177/0002716205277863,Caught in the Ground Wars: Mobilizing Voters during a Competitive Congressional Campaign,2005,tras,RS1587|RS1627|RS1694|RS1893,0,1,
W2161657594,10.1017/s0003055411000141,Caught in the Draft: The Effects of Vietnam Draft Lottery Status on Political Attitudes,2011,tras,RS1524|RS1528,0,1,
W2162187829,10.1136/bmj.327.7417.741,Simple tools for understanding risks: from innumeracy to insight,2003,tras,RS1523,0,1,
W2162442608,10.1111/j.1475-6765.2006.00641.x,Ticket‐splitting and strategic voting under mixed electoral rules: Evidence from Germany,2006,tras,RS1527|RS1625|RS1689,0,1,
W2162788619,10.1177/2053168014553502,Anchoring the experts: Using vignettes to compare party ideology across countries,2014,tras,RS1524|RS1548,0,1,
W2162854970,10.1017/s0003055407070013,The Paradox of Voter Participation? A Laboratory Study,2007,tras,RS1563|RS1587|RS1589|RS1596|RS1601|RS1627|RS1694|RS1799|RS1893,0,1,
W2163566030,10.1111/1468-2508.00211,The Divided Electorate: Media Use and Political Involvement,2003,tras,RS1611,0,1,
W2163954098,10.1017/s0003055410000420,Coalition-directed Voting in Multiparty Democracies,2010,frente|tras,RS1527|RS1689,0,1,
W2164123392,10.1017/s0003055405051592,When Moderate Voters Prefer Extreme Parties: Policy Balancingin Parliamentary Elections,2005,tras,RS1689,0,1,
W2165084594,10.2307/2171878,Voting Behavior and Information Aggregation in Elections With Private Information,1997,tras,RS1799,0,1,
W2165384165,10.1017/s0007123499000228,"Voter Responses to Electoral Complexity: Ticket Splitting, Rational Voters and Representation in the Federal Republic of Germany",1999,tras,RS1527,0,1,
W2165416221,10.1080/00223980.1995.9914966,Can Accurate Knowledge Reduce Wishful Thinking in Voters' Predictions of Election Outcomes?,1995,tras,RS1527,0,1,
W2165468268,10.1002/9780470755679.ch3,Economy and Society: An Outline of Interpretive Sociology,2002,tras,RS1689,0,1,
W2165558852,10.1126/science.1137651,The New Synthesis in Moral Psychology,2007,tras,RS1621,0,1,
W2165938089,10.1017/s000305540808009x,Social Pressure and Voter Turnout: Evidence from a Large-Scale Field Experiment,2008,tras,RS1587|RS1601,0,1,
W2166119588,10.1162/qjec.122.3.1187,The Fox News Effect: Media Bias and Voting,2007,tras,RS1601,0,1,
W2166730394,10.1016/j.ijforecast.2014.06.001,Forecasting elections with non-representative polls,2014,tras,RS1622,0,1,
W2167163532,10.2307/2586020,An Experimental Study of Jury Decision Rules,2000,tras,RS1799,0,1,
W2167244588,10.1111/j.1467-9248.2006.00617.x,Electoral Volatility and Party Decline in Western Democracies: 1970–1995,2006,tras,RS1577,0,1,
W2167251605,10.1007/s11211-007-0034-z,When Morality Opposes Justice: Conservatives Have Moral Intuitions that Liberals may not Recognize,2007,tras,RS1621,0,1,
W2167618555,10.2139/ssrn.267787,Private Strategies in Finitely Repeated Games with Imperfect Public Monitoring,2001,tras,RS1589,0,1,
W2167737522,10.1086/668838,Mixed Motives and the Optimal Size of Voting Bodies,2012,tras,RS1587|RS1694,0,1,
W2168761870,10.1016/0167-4870(96)00022-0,Why people vote: Experimental evidence,1996,tras,RS1589,0,1,
W2169400393,10.1111/j.1467-9280.2008.02251.x,Signs of Socioeconomic Status,2008,tras,RS1652,0,1,
W2170119402,10.1111/j.1471-6402.1986.tb00747.x,Sex Differences in Conformity: Status and Gender Role Interpretations,1986,tras,RS1556,0,1,
W2172299554,10.2307/2669334,Advantages and Disadvantages of Cognitive Heuristics in Political Decision Making,2001,tras,RS1524|RS1528|RS1548|RS1625,0,1,
W2179098100,10.1080/10584600152647083,A Spiral of Cynicism for Some: The Contingent Effects of Campaign News Frames on Participation and Confidence in Government,2001,tras,RS1611,0,1,
W2185077133,,"Motivated Voters and Campaign Information: Information Selection, Processing, and Effects in a Multiparty System",2011,frente,RS1527,0,1,
W2187201375,10.1515/commun-2012-0008,A mixed report: The effects of strategic and substantive news content on political cynicism and voting,2012,tras,RS1577|RS1611,0,1,
W2196964148,10.1177/2053168015622072,Are samples drawn from Mechanical Turk valid for research on political ideology?,2015,tras,RS1621,0,1,
W2201923324,10.1111/1467-9477.12057,"Tactical Voting in Norway: Context, Motives and Occurrence",2015,tras,RS1524,0,1,
W2238181628,,,,tras,RS1522|RS1546|RS1563,0,0,sem_metadados
W2239306219,10.11648/j.ajtas.20160501.11,Comparison of Convenience Sampling and Purposive Sampling,2016,tras,RS1556,0,1,
W2239471341,10.1257/aer.89.3.525,Follow the Leader: Theory and Evidence on Political Participation,1999,tras,RS1563|RS1587|RS1601|RS1627|RS1694|RS1893,0,1,
W2244569361,10.2139/ssrn.2664262,Intended College Attendance: Evidence from an Experiment on College Returns and Costs,2015,tras,RS1694,0,1,
W2245193660,,,,tras,RS1544|RS1547,0,0,sem_metadados
W2257627725,10.1017/s0007123415000228,Matching Theory and Data: Why Combining Media Content with Survey Data Matters,2015,tras,RS1577,0,1,
W2264065807,10.1086/683609,The Dynamics of Partisan Identification When Party Brands Change: The Case of the Workers Party in Brazil,2015,tras,RS1625,0,1,
W2264897026,10.1006/game.1995.1023,Quantal Response Equilibria for Normal Form Games,1995,tras,RS1544|RS1589,0,1,
W2265653109,10.1017/s0007123415000435,"Campaign Perceptions of Electoral Closeness: Uncertainty, Fear and Over-Confidence",2015,tras,RS1523|RS1622,0,1,
W2270220720,10.2307/2786541,Influence of a Consistent Minority on the Responses of a Majority in a Color Perception Task,1969,tras,RS1621,0,1,
W2271283742,10.2139/ssrn.2619406,Split Ticket Voting and Social Networks in New and Established Democracies: A Quasi-Experiment in the 1990 German Unification Elections,2015,frente,RS1527,0,1,
W2273470132,10.1016/j.jpubeco.2016.10.002,"Compulsory voting, turnout, and government spending: Evidence from Austria",2016,tras,RS1601|RS1627|RS1893,0,1,
W2273763398,10.1177/1940161215596986,Who’s Hot and Who’s Not? Factors Influencing Public Perceptions of Current Party Popularity and Electoral Expectations,2015,frente,RS1527,0,1,
W2276638811,10.1257/aer.20150958,The Political Legacy of Entertainment TV,2019,tras,RS1601,0,1,
W2277684715,10.1371/journal.pone.0148643,Voting Intention and Choices: Are Voters Always Rational and Deliberative?,2016,tras,RS1621,0,1,
W2284299153,10.2139/ssrn.2613987,Political Advertising and Election Outcomes,2015,tras,RS1694,0,1,
W2285786022,10.4324/9781912282562,Judgment under Uncertainty,2017,tras,RS2247,0,1,
W2289880760,10.1086/265040,How Accurate Were the Polls?,1937,tras,RS1622,0,1,
W2291825269,,THE CHARACTERISTICS AND IMPACT OF NON-SOURCE ITEMS IN THE SOCIAL SCIENCES - A PILOT STUDY OF TWO POLITICAL SCIENCE DEPARTMENTS IN GERMANY,2014,frente,RS1527,0,1,
W2292101822,10.17645/pag.v4i1.456,Debating Europe: Effects of the “Eurovision Debate” on EU Attitudes of Young German Voters and the Moderating Role Played by Political Involvement,2016,tras,RS1611,0,1,
W2292624764,10.17645/pag.v4i1.591,Introduction: How Different Were the European Elections of 2014?,2016,tras,RS1611,0,1,
W2297191726,10.2139/ssrn.2696236,Social Media and Protest Participation: Evidence from Russia,2015,tras,RS1627,0,1,
W2298917425,,Strategic voting in mixed electoral systems,2004,tras,RS1527,0,1,
W2299321574,10.1016/j.electstud.2016.03.005,Explaining voter turnout: A meta-analysis of national and subnational elections,2016,tras,RS1523|RS1587|RS1601|RS1627|RS1694|RS1893,0,1,
W2300590012,10.1111/kykl.12111,How Do Voters React to Complex Choices in a Direct Democracy? Evidence from Switzerland,2016,tras,RS1601,0,1,
W2302132707,,Coalition Signals as Voter Cues,2010,frente,RS1527,0,1,
W2303924600,10.1093/poq/nfw006,"Filter Bubbles, Echo Chambers, and Online News Consumption",2016,tras,RS1556,0,1,
W2305383980,10.1177/0146167216634043,Social-Class Differences in Consumer Choices,2016,tras,RS1652,0,1,
W2306318725,10.1086/338632,According to the Polls,2002,tras,RS1527|RS1536,0,1,
W2310922653,,"CBS NEWS COVERAGE OF ELECTION NIGHT 2000 Investigation, Analysis, Recommendations",2001,tras,RS1522,0,1,
W2313234050,10.2307/1954459,Bandwagon and Underdog Effects in Minimal-Information Elections,1971,tras,RS1536|RS1587|RS1589|RS1621|RS1694|RS1799,0,1,
W2314887133,10.2307/2152568,"Third-Party and Independent Candidates in American Politics: Wallace, Anderson, and Perot",1995,tras,RS1527,0,1,
W2316473956,10.2307/1961664,Bargaining in Legislatures,1989,tras,RS1689,0,1,
W2318965656,10.2307/2111322,Candidate Choice and the Dynamics of the Presidential Nominating Process,1987,tras,RS1527|RS1536,0,1,
W2320490396,10.1515/commun-2013-0008,The effects of brand placement disclosures on skepticism and brand memory,2013,tras,RS1548,0,1,
W2322188288,10.2307/2111700,Uninformed Votes: Information Effects in Presidential Elections,1996,tras,RS1536,0,1,
W2323368791,10.1126/science.aad9713,Durably reducing transphobia: A field experiment on door-to-door canvassing,2016,tras,RS1587,0,1,
W2325607679,10.2307/2110913,"A Multivariate Explanation of Decreasing Turnout in Presidential Elections, 1960-1976",1981,tras,RS1611,0,1,
W2325967150,10.1002/polq.12415,"The Impression of Influence: Legislator Communication, Representation, and Democratic Accountability",2015,tras,RS1523,0,1,
W2326387739,10.2307/1953771,An Experimental Method to Measure the Tendency to Equibalance in a Political System,1966,tras,RS1621,0,1,
W2327635556,10.2307/3791448,The Political Psychology of Rational Choice Theory,1995,tras,RS1622,0,1,
W2328027739,10.1093/ijpor/edt040,Who Is Afraid of Preelection Polls? How Perceptions of Polls Influence Support for Polling Regulations among Elites,2014,tras,RS1524|RS1528,1,0,ja_no_corpus
W2328487223,10.2307/2110886,Election Night Reporting and Voter Turnout,1983,tras,RS1522|RS1546,0,1,
W2330910985,10.1177/0032321715607512,The Effect of Pre-Electoral Party Coordination on Vote Choice: Evidence from the Italian Regional Elections,2016,tras,RS1625,0,1,
W2331384579,10.1080/09332480.2005.10722754,Why Most Published Research Findings Are False,2005,tras,RS2247,0,1,
W2331542722,10.1037/h0051801,The people's choice: How the voter makes up his mind in a presidential campaign.,1945,tras,RS1577,0,1,
W2332720234,10.1093/ijpor/edt009,Polling Accuracy in a Multiparty Election,2013,frente,RS1527,1,0,ja_no_corpus
W2337032371,10.2139/ssrn.2740364,"Conformity, Information and Truthful Voting",2016,frente,RS1522,0,1,
W2337812714,10.1037/met0000062,How to compare cross-lagged associations in a multilevel autoregressive model.,2016,tras,RS1652,0,1,
W2342126085,10.1057/9781137016645_7,"Experimental Triangulation of Coalition Signals: Varying Designs, Converging Results",2012,frente|tras,RS1527|RS1689,0,1,
W2390761528,10.1080/10584609.2016.1174760,News Media Use and Political Engagement Among Adolescents: An Analysis of Virtuous Circles Using Panel Data,2016,tras,RS1611,0,1,
W2395685095,10.1016/j.euroecorev.2017.08.011,Can a common currency foster a shared social identity across different nations? The case of the euro,2017,frente,RS1522,0,1,
W2411285494,10.1057/9781137016645_2,Voting Behavior and Political Institutions: An Overview of Challenging Questions in Theory and Experimental Research,2012,frente,RS1527,0,1,
W2417446956,10.1057/9781403983114_3,The Measure and Mismeasure of Emotion,2006,tras,RS1548,0,1,
W2421733940,,Trembling hand equilibria of plurality voting,2015,tras,RS1544,0,1,
W2463057373,10.1007/s11109-011-9158-9,On-line and Memory-based: Revisiting the Relationship Between Candidate Evaluation Processing Models,2011,tras,RS1621,0,1,
W2464870181,10.1177/2053168017720008,Twitter and Facebook are not representative of the general population: Political attitudes and demographics of British social media users,2017,tras,RS2247,1,0,ja_no_corpus
W2465759811,,Strategic voting with incomplete information,2016,tras,RS1544,0,1,
W2465832531,10.1515/commun-2014-0028,Investigating people’s news diets: How online users use offline news,2015,tras,RS1577,0,1,
W2477850404,,,,tras,RS1527,0,0,sem_metadados
W2480935928,10.1201/ebk1439808184,Testing Statistical Hypotheses of Equivalence and Noninferiority,2010,tras,RS1536,0,1,
W2485077912,10.1093/poq/nfw031,For Whom the Poll Airs,2016,tras,RS1523,1,0,ja_no_corpus
W2485686948,10.1007/978-3-658-13213-2_36,"Paul F. Lazarsfeld/Bernard Berelson/Hazel Gaudet: The People’s Choice – How the Voter makes up his Mind in a Presidential Campaign, Duell, Sloan and Pearce: New York 1944, XXXIII + 178 S. (dt. Wahlen und Wähler, Luchterhand: Neuwied/Berlin 1969, 231 S.)",2016,tras,RS1536,0,1,
W2485816861,10.1057/9780230374959_11,Attitudinal and Behavioral Consequences of Published Opinion Polls,2012,frente|tras,RS1527|RS1528|RS1548|RS1611|RS1621|RS1652,0,1,
W2489221033,10.4135/9781848607910.n48,The Effects of Published Polls on Citizens,2008,tras,RS1524|RS1528|RS1536|RS1548|RS1556|RS1577|RS1611|RS1652,0,1,
W2490509301,10.1057/9780230374959_3,Regulation of Opinion Polls: A Comparative Perspective,2012,tras,RS1524,0,1,
W2491618374,10.1007/978-3-658-13677-2_8,Beeinflussen veröffentlichte Umfrageergebnisse die Wählerschaft?,2016,frente,RS1527,0,1,
W2493257624,10.1057/9781403983114_2,"First Steps Toward a Dual-Process Accessibility Model of Political Beliefs, Attitudes, and Behavior",2006,tras,RS1621,0,1,
W2495596707,10.1057/9780230374959.0019,"Published Opinion Polls, Strategic Party Behavior and News Management",2014,tras,RS1548,0,1,
W2496596857,10.1093/acprof:oso/9780199599233.003.0008,"Strategic Defection Across Elections, Parties, and Voters",2010,tras,RS1689,0,1,
W2499435768,10.5771/9783845236728-15,Bundeszentrale für politische Bildung,2012,tras,RS1652,0,1,
W2503458967,10.1177/1536867x1601600205,Inference in Regression Discontinuity Designs under Local Randomization,2016,tras,RS1705,0,1,
W2506983076,10.5860/choice.26-2368,Presidential primaries and the dynamics of public choice,1988,tras,RS1523,0,1,
W2511099103,10.1016/j.electstud.2016.06.011,What drives rental votes? How coalitions signals facilitate strategic coalition voting,2016,frente,RS1527,0,1,
W2511257134,10.1007/978-3-319-40585-8_9,Stopping the Evil or Settling for the Lesser Evil: An Experimental Study of Costly Voting with Negative Payoffs in a TRS Electoral System,2016,frente,RS1522,0,1,
W2512968054,10.1016/j.ejpoleco.2018.10.004,"Complex ballot propositions, individual voting behavior, and status quo bias",2018,frente|tras,RS1601|RS1627|RS1646,0,1,
W2519480913,10.1007/s11558-018-9305-8,Opening hours of polling stations and voter turnout: Evidence from a natural experiment,2018,frente,RS1522,0,1,
W2521117809,10.1057/s41269-016-0038-5,Electoral volatility in Belgium (2009–2014). Is there a difference between stable and volatile voters?,2017,tras,RS1577,0,1,
W2522716780,,"How Partisanship is Strengthened in Election Times: A Longitudinal Analysis using the German Socio-Economic Panel, 1984-2012",2014,frente,RS1527,0,1,
W2524941151,10.1257/app.20140533,Habit Formation in Voting: Evidence from Rainy Elections,2016,tras,RS1601|RS1627|RS1694|RS1893,0,1,
W2526150264,10.1016/j.electstud.2017.06.005,Learning on the job? Adapting party campaign strategy to changing information on the local political context,2017,frente,RS1536,0,1,
W2527453468,10.1080/07907184.2016.1213719,Improving opinion poll reporting: the Irish Polling Indicator,2016,frente,RS1536,1,0,ja_no_corpus
W2529646838,10.1007/978-3-319-40573-5_9,"Polls, Partisanship, and Voter Decision-Making: An Experimental Analysis",2016,frente,RS1527,1,0,ja_no_corpus
W2539175778,10.1016/j.tics.2016.08.013,Issues or Identity? Cognitive Foundations of Voter Choice,2016,tras,RS1621,0,1,
W2543606719,10.1080/10584609.2016.1235640,How Measurement Error in Content Analysis and Self-Reported Media Use Leads to Minimal Media Effect Findings in Linkage Analyses: A Simulation Study,2016,tras,RS1577,0,1,
W2544190864,10.1111/roiw.12442,Beyond Equal Rights: Equality of Opportunity in Political Participation,2019,frente,RS1646|RS1694,0,1,
W2544489044,10.1093/restud/rdy038,Home Price Expectations and Behaviour: Evidence from a Randomized Information Experiment,2018,tras,RS1587,0,1,
W2546408443,10.5860/choice.35-4860,Stanford encyclopedia of philosophy,1998,tras,RS1556,0,1,
W2553362281,10.1515/9781400883172-007,6. Experiments in Political Economy,2016,tras,RS2247,0,1,
W2558176136,10.1111/1467-9477.12087,"Opinion Polls, Coalition Signals and Strategic Voting: Evidence from a Survey Experiment",2016,frente,RS1527,1,0,ja_no_corpus
W2565539736,10.1007/s11127-016-0399-3,The effect of a reduction in the opening hours of polling stations on turnout,2016,frente,RS1522,0,1,
W2568409236,10.1146/annurev-economics-063016-103625,"Social Image and Economic Behavior in the Field: Identifying, Understanding, and Shaping Social Pressure",2017,frente,RS1646,0,1,
W2579815553,10.1177/1354068816668669,"Do citizens vote for parties, policies or the expected winner in proportional representation systems? Evidence from four different countries using a multiple-type model",2016,tras,RS1652,0,1,
W2582408220,10.1007/s11109-017-9389-5,The Impact of Procedural Information Costs on Voting: Evidence from a Natural Experiment in Chile,2017,frente,RS1522,0,1,
W2582561810,10.1257/jep.31.2.211,Social Media and Fake News in the 2016 Election,2017,tras,RS2247,0,1,
W2583021317,10.1086/688678,Weighting Parties and Coalitions: How Coalition Signals Influence Voting Behavior,2017,frente,RS1527,0,1,
W2584353895,10.3386/w23110,Are Protests Games of Strategic Complements or Substitutes? Experimental Evidence from Hong Kong's Democracy Movement,2017,frente,RS1587|RS1694,0,1,
W2587353650,10.1080/01402382.2016.1271598,Ticket-splitting in mixed-member systems: on the importance of seat linkage between electoral tiers,2017,frente,RS1527,0,1,
W2590490570,10.1016/j.ejpoleco.2017.02.001,Single round vs. runoff elections under plurality rule: A theoretical analysis,2017,tras,RS1893,0,1,
W2591820321,10.1007/978-3-658-16714-1_3,Die Auswirkungen von Koalitionssignalen auf das Wahlverhalten. Experimentelle Befunde bezüglich der Landtagswahl in Baden-Württemberg von 2016,2017,frente,RS1527,0,1,
W2592002913,10.1037/rev0000062,"From anomalies to forecasts: Toward a descriptive model of decisions under risk, under ambiguity, and from experience.",2017,tras,RS1544,0,1,
W2595468918,10.3386/w23240,Worker Overconfidence: Field Evidence and Implications for Employee Turnover and Returns from Training,2017,tras,RS1694,0,1,
W2598567701,10.1016/j.jebo.2019.04.024,Social interactions in voting behavior: Evidence from india,2019,frente,RS1522,0,1,
W2598639751,,Stanford Encyclopedia of Philosophy,2017,tras,RS1556,0,1,
W2601709814,10.1080/09644008.2017.1302430,Partisanship and Political Sophistication During and Outside of Election Times: A Longitudinal Analysis Using the German SOEP Survey 1984–2012,2017,frente,RS1527,0,1,
W2601952561,10.1002/pam.21985,Comparing Inference Approaches for RD Designs: A Reexamination of the Effect of Head Start on Child Mortality,2017,tras,RS1705,0,1,
W2604584490,10.3386/w23258,Is the Internet Causing Political Polarization? Evidence from Demographics,2017,tras,RS1627,0,1,
W2605286563,10.1093/ijpor/edx004,Perceived Versus Actual Polling Effects: Biases in Perceptions of Election Poll Effects on Candidate Evaluations,2017,tras,RS1556,1,0,ja_no_corpus
W2605487735,10.1353/jod.2017.0025,Can Democracy Survive the Internet?,2017,tras,RS1556,0,1,
W2605589255,10.1016/j.electstud.2017.03.003,The “timeline” method of studying electoral dynamics,2017,tras,RS1622,1,0,ja_no_corpus
W2608713021,10.2139/ssrn.2939744,Free-Riders and Underdogs: Participation in Corporate Voting,2017,frente,RS1627,0,1,
W2611184572,10.1016/j.jpubeco.2020.104220,Collective action in networks: Evidence from the Chilean student movement,2020,tras,RS1627,0,1,
W2613097910,10.1371/journal.pone.0177385,Validating Bayesian truth serum in large-scale online human experiments,2017,frente,RS1522,0,1,
W2613648890,10.1162/rest_a_00499,The Price Is Right: Updating Inflation Expectations in a Randomized Price Information Experiment,2014,tras,RS1694,0,1,
W2614763930,10.5465/ambpp.2015.15338abstract,It’s Close but We’re Losing: The Motivating Power of Under-Confidence,2015,tras,RS1601|RS1627,1,0,ja_no_corpus
W2618394217,10.1177/1745691616673192,Signs of Social Class: The Experience of Economic Inequality in Everyday Life,2017,tras,RS1652,0,1,
W2619677872,10.1007/s11127-017-0457-5,Risk aversion and bandwagon effect in the pivotal voter model,2017,frente|tras,RS1522|RS1596,1,0,ja_no_corpus
W2621083989,10.3982/ecta15373,Expressive Voting and Its Cost: Evidence From Runoffs With Two or Three Candidates,2018,tras,RS1601|RS1627,0,1,
W2622446058,10.1080/1461670x.2017.1330665,Fact or Fiction?,2017,frente,RS1527,0,1,
W2625659848,10.1080/01973533.2017.1331351,How Indirect Questioning Techniques May Promote Democracy: A Preelection Polling Experiment,2017,frente,RS1527,1,0,ja_no_corpus
W2638111515,10.4135/9781526451248.n14,The Personality Bases of Political Ideology and Behavior,2018,tras,RS1621,0,1,
W2732901375,10.1093/oxfordhb/9780199235476.003.0018,Campaign Effects on Vote Choice,2010,tras,RS1577,0,1,
W2734584787,10.1080/17457289.2017.1350861,Making votes count in parliament or government?,2017,frente,RS1527,0,1,
W2737489384,10.1016/j.adolescence.2017.07.002,Age‐related differences in social influence on risk perception depend on the direction of influence,2017,tras,RS1556,0,1,
W2738666410,10.1080/02185377.2017.1351381,Staying sincere: an experimental analysis of non-strategic voting in South Korea,2017,frente,RS1527,0,1,
W2743415991,10.1145/3106426.3106532,Haste makes waste,2017,tras,RS1544,0,1,
W2746723409,10.1016/j.socec.2018.03.001,Social desirability bias and polling errors in the 2016 presidential election,2018,frente,RS1627,0,1,
W2752237223,10.1086/693369,Show Me Your Friends: A Survey Experiment on the Effect of Coalition Signals,2017,frente,RS1527,0,1,
W2755053175,10.1177/1464884917731655,"The ‘Nate Silver effect’ on political journalism: Gatecrashers, gatekeepers, and changing newsroom practices around coverage of public opinion polls",2017,tras,RS1523,0,1,
W2755177164,10.1007/s10683-019-09620-3,Costly voting: a large-scale real effort experiment,2019,frente,RS1587|RS1694,0,1,
W2757831610,10.1177/0894439317731721,Do Polls Influence Opinions? Investigating Poll Feedback Loops Using the Novel Dynamic Response Feedback Experimental Procedure,2017,frente|tras,RS1522|RS1556,0,1,
W2763849392,10.5771/0032-3470-2017-3-442,Nicht was Du denkst! Was wir wirklich von Wahlvorhersagen lernen können,2017,frente,RS1527,1,0,ja_no_corpus
W2766190131,10.1080/21582041.2017.1393553,Exploring the accuracy of electoral polls during campaigns in 2016: only bad press?,2017,frente,RS1528,0,1,
W2768191372,10.1007/s41025-017-0078-2,Verhaltensökonomische Theorie der Politik und die Robustheit politischer Institutionen,2017,frente,RS1587,0,1,
W2769376701,10.1080/10584609.2017.1384771,"Living in the Past or Living in the Future? Analyzing Parties’ Platform Change In Between Elections,The Netherlands 1997–2014",2017,frente,RS1536,0,1,
W2769601947,10.1111/ecoj.12563,Communication Among Voters Benefits the Majority Party,2017,frente,RS1522,0,1,
W2772786997,10.2139/ssrn.3088530,Assessment Voting in Large Electorates,2017,frente,RS1522|RS1646,0,1,
W2773760279,10.1016/j.electstud.2017.10.001,Voter preferences and party loyalty under cumulative voting: Political behaviour after electoral reform in Bremen and Hamburg,2017,frente,RS1527,0,1,
W2774486220,10.18637/jss.v082.i13,lmerTest Package: Tests in Linear Mixed Effects Models,2017,tras,RS1652,0,1,
W2775777088,,"Political ""Frenemies"". Party Strategies, Electoral Competition & Coalition Cooperation",2017,frente,RS1536,0,1,
W2785025081,10.7146/politica.v50i2.131206,Burde meningsmålinger være ulovlige?,2018,frente,RS1589,0,1,
W2789447140,10.1111/pops.12479,Negative Partisanship: Why Americans Dislike Parties But Behave Like Rabid Partisans,2018,tras,RS1625,0,1,
W2789592855,10.1007/s00355-018-1117-5,Polling in a proportional representation system,2018,frente,RS1522|RS1563,1,0,ja_no_corpus
W2790166484,10.1111/bjso.12251,"The psychology of social class: How socioeconomic status impacts thought, feelings, and behaviour",2018,tras,RS1652,0,1,
W2790918488,,Contesting Europe : a Time-Series Cross-Sectional Analysis of Eurosceptic Influence over Mainstream Political Parties,2017,frente,RS1527,0,1,
W2791119162,10.1080/01621459.2018.1448823,Disentangling Bias and Variance in Election Polls,2018,tras,RS1523|RS2247,0,1,
W2792314235,10.1111/pops.12487,The Strengthening of Partisan Affect,2018,tras,RS1625,0,1,
W2792631818,10.1177/0032321718761177,"Social Networks, Predispositions and Split-Ticket Voting: The Case of the 1990 German Unification Election",2018,frente,RS1527,0,1,
W2793105659,10.1016/j.chb.2018.01.026,Expanding affective intelligence theory through social viewing: Focusing on the South Korea's 2017 presidential election,2018,frente,RS1548,0,1,
W2795019491,10.24834/2043/24789,"Histories of land : politicization, property and belonging in Molo, Kenya",2018,frente,RS1689,0,1,
W2795101134,10.1177/0021909618763950,"Partisanship, Polling and Strategic Voting in East Asia: Evidence From an Experimental Web Survey",2018,frente,RS1527,1,0,ja_no_corpus
W2795313654,10.1016/j.electstud.2018.03.005,A Bayesian explanation for the effect of incumbency,2018,tras,RS1587,0,1,
W2796675324,10.1093/poq/nfy006,"Partisan Media, Electoral Predictions, and Wishful Thinking",2018,frente,RS1527,1,0,ja_no_corpus
W2796863638,10.5860/choice.30-4042,Letting the people decide: dynamics of a Canadian election,1993,tras,RS1527,0,1,
W2797858390,10.2307/3709128,The Effects of Mass Communication,1961,tras,RS1577,0,1,
W2800527737,10.1093/qje/qjy010,Political Advertising and Election Results*,2018,tras,RS1601|RS1627,0,1,
W2801110819,10.7202/1044715ar,L’étude empirique du vote stratégique,2017,frente,RS1527,0,1,
W2802809176,10.1177/0032321718765696,Combined Forces: Thinking and/or Feeling? How News Consumption Affects Anti-Muslim Attitudes through Perceptions and Emotions about the Economy,2018,frente,RS1548,0,1,
W2802835076,10.1016/j.jesp.2018.03.009,"Social class, control, and action: Socioeconomic status differences in antecedents of support for pro-environmental action",2018,tras,RS1652,0,1,
W2803221375,10.1257/pandp.20181122,Is Populism Necessarily Bad Economics?,2018,tras,RS2247,0,1,
W2803367946,10.1257/pandp.20181123,Economic Drivers of Populism,2018,tras,RS2247,0,1,
W2803476114,10.1080/1553118x.2018.1467914,Techniques of Strategic Political Communication: The Egyptian Muslim Brotherhood’s Persuasive Devices,2018,frente,RS1528,0,1,
W2804170574,10.1257/pandp.20181121,A Dialogue between a Populist and an Economist,2018,tras,RS2247,0,1,
W2804387555,10.2139/ssrn.3154431,How Polarized are Citizens? Measuring Ideology from the Ground-Up,2018,tras,RS1601,0,1,
W2820332025,10.31390/gradschool_dissertations.4262,From Products to Politics: Understanding the Effectiveness of a Celebrity Political Endorsement,2017,frente,RS1522,0,1,
W2883504386,10.1093/oxfordhb/9780190258658.013.2,Experimental Research Design in the Study of Electoral Systems,2017,frente,RS1522|RS1527,0,1,
W2883901867,10.1016/j.jpubeco.2018.06.008,Expressive vs. strategic voters: An empirical assessment,2018,frente|tras,RS1587|RS1694,0,1,
W2884962978,10.1016/j.electstud.2018.07.004,Coalitions in the news: How saliency and tone in news coverage influence voters' preferences and expectations about coalitions,2018,frente,RS1527|RS1536|RS1577,0,1,
W2885301717,10.1016/j.electstud.2018.08.008,Insurance strategic considerations in coalition-oriented systems: A consideration set model approach,2018,frente,RS1527|RS1689,0,1,
W2886809187,10.4236/am.2018.97058,Different Rationales of Coalition Formation and Incentives for Strategic Voting,2018,frente,RS1527,0,1,
W2887611375,,The bandwagon effects in networks: a literature review,2018,frente,RS1522|RS1536,0,1,
W2889574918,10.2307/2290263,The Effect of Age at School Entry on Educational Attainment: An Application of Instrumental Variables with Moments from Two Samples,1992,tras,RS1694,0,1,
W2890080527,10.1002/rwm3.20695,Tracking restrictions on the freedom to publish opinion polls,2018,tras,RS1556,0,1,
W2890373521,10.4324/9780203852279,Multilevel Analysis,2010,tras,RS1652,0,1,
W2895065616,10.1073/pnas.1800302115,Using a natural experiment to estimate the electoral consequences of terrorist attacks,2018,tras,RS1705,0,1,
W2899324216,10.1371/journal.pone.0206841,The geographic embedding of online echo chambers: Evidence from the Brexit campaign,2018,tras,RS1556,0,1,
W2899537668,10.1080/00344893.2018.1539027,The Impact of Gender and Nomination Paths on Strategic Voting: Experimental Evidence from South Korea,2018,frente,RS1527,0,1,
W2900062925,10.1080/09644008.2018.1538362,Party Competition and Government Formation in Germany: Business as Usual or New Patterns?,2018,frente,RS1527,0,1,
W2902227858,10.1017/gov.2018.42,"Polarization, Partisan Preferences and Strategic Voting",2018,tras,RS1625,0,1,
W2903076499,,Communicating Public Opinion in Post-Fact Politics: Biased Processing of Public Opinion Reports and Potential Journalistic Correctives,2018,frente,RS1548,0,1,
W2907499077,10.1017/pan.2019.27,Unexpected Event during Survey Design: Promise and Pitfalls for Causal Inference,2019,tras,RS1705,0,1,
W2908367467,10.1111/pops.12562,On the Subjectivity of the Experience of Victory: Who Are the Election Winners?,2018,frente,RS1536,0,1,
W2913791690,10.1016/j.ejpoleco.2018.12.001,Electoral fraud and voter turnout: An experimental study,2018,frente|tras,RS1522|RS1556,0,1,
W2913930471,10.1093/qje/qjz002,Protests as Strategic Games: Experimental Evidence from Hong Kong's Antiauthoritarian Movement*,2019,frente|tras,RS1627|RS1694,0,1,
W2920254292,10.1093/esr/jcz003,Why Income Inequality Is Dissatisfying—Perceptions of Social Status and the Inequality-Satisfaction Link in Europe,2019,tras,RS1652,0,1,
W2921684126,10.1007/s00355-019-01182-w,Conformity and truthful voting under different voting rules,2019,frente,RS1522,0,1,
W2923534105,10.1016/j.electstud.2019.02.014,Do parties respond strategically to opinion polls? Evidence from campaign statements,2019,frente,RS1522|RS1527,0,1,
W2924810849,10.1016/j.ejpoleco.2019.03.004,Voter turnout and government's legitimate mandate,2019,frente,RS1522,0,1,
W2942067926,10.1016/j.electstud.2019.04.003,Labeling candidates as underdogs in political communications: The moderation of candidate-related factors,2019,frente,RS1536,1,0,ja_no_corpus
W2943517838,10.1111/spsr.12352,Compensatory Voting in Direct Legislation. Evidence from Switzerland,2019,frente,RS1528,0,1,
W2944599912,10.1186/s12874-019-0742-8,The relationship between statistical power and predictor distribution in multilevel logistic regression: a simulation-based approach,2019,tras,RS1652,0,1,
W2945499835,,Biased forecasts to affect voting decisions? The Brexit case,2019,tras,RS1893|RS2247,0,1,
W2945839154,10.1093/poq/nfz006,Partisanship and Question-Wording Effects: Experimental Evidence from Latin America,2019,tras,RS1625,0,1,
W2946561414,10.1086/703129,Nonpartisans as False Negatives: The Mismeasurement of Party Identification in Public Opinion Surveys,2019,tras,RS1625,0,1,
W2947331922,10.48550/arxiv.1905.12104,Heuristics in Multi-Winner Approval Voting,2019,frente,RS1544,0,1,
W2948499104,10.1017/psrm.2019.27,Fiscal rules and electoral turnout,2019,frente,RS1694,0,1,
W2949575272,10.1111/ajps.12441,Committed or Conditional Democrats? Opposition Dynamics in Electoral Autocracies,2019,frente,RS1527,0,1,
W2949669465,10.4135/9781526486387.n47,The Regression Discontinuity Design,2020,tras,RS1705,0,1,
W2949919773,,"Demokratie als Leidenschaft: Planung, Entscheidung und Vollzug in der schweizerischen Demokratie",2009,tras,RS1601,0,1,
W2950798596,10.1177/1464884919857347,All in the game: Effects of opinion polls on party coverage in the 2013 German election campaign,2019,frente,RS1536|RS1548,1,0,ja_no_corpus
W2951552516,10.48550/arxiv.1404.4688,A Local-Dominance Theory of Voting Equilibria,2014,tras,RS1544,1,0,ja_no_corpus
W2951918974,10.2139/ssrn.2824507,Learning on the Job? Adapting Party Campaign Strategy to Changing Information on the Local Political Context,2016,frente,RS1536,0,1,
W2952607911,10.1037/pspa0000169,The redundancy in cumulative information and how it biases impressions.,2019,tras,RS1652,0,1,
W2953063750,10.2139/ssrn.3001360,Social Desirability Bias and Polling Errors in the 2016 Presidential Election,2017,frente,RS1627,0,1,
W2955244216,10.35731/kpca.2013..29.002,Mediating Role of Third Person Effects by Biased Media Coverage of Election Opinion Polls on Their Behavioral Consequences,2013,frente,RS1527,0,1,
W2958241529,10.1177/1940161219864295,Transforming Stability into Change: How the Media Select and Report Opinion Polls,2019,frente,RS1536,0,1,
W2960048896,10.2139/ssrn.3009791,Is There Within-outlet Demand for Media Slant? Evidence from US Presidential Campaign News,2017,frente,RS1627,0,1,
W2961394046,,Follow Me: The Impact of Opinion Majorities in Social Networks and the Role of Digital Maturity,2019,frente,RS1522|RS1536,0,1,
W2969457357,10.1016/j.ecolecon.2019.106434,Experimental evidence of an environmental attitude-behavior gap in high-cost situations,2019,tras,RS1556,0,1,
W2972113768,10.1177/1478929919870691,Think Twice before Jumping on the Bandwagon: Clarifying Concepts in Research on the Bandwagon Effect,2019,frente|tras,RS1522|RS1524|RS1527|RS1536|RS1548|RS1556|RS1621|RS1652,0,1,
W2975717116,10.1016/j.jretconser.2019.101903,The bandwagon luxury consumption in Tunisian case: The roles of independent and interdependent self concept,2019,frente,RS1548,0,1,
W2979061281,10.1016/j.jet.2021.105228,The effect of handicaps on turnout for large electorates with an application to assessment voting,2021,frente,RS1522,0,1,
W2979765561,10.17666/bib8901/2019,A influência da mídia em resultados eleitorais: uma revisão sistemática,2019,frente,RS1536,0,1,
W2979983520,10.17705/1cais.04517,Deliberation in Mobile Messaging Application: A Case in Hong Kong,2019,tras,RS1556,0,1,
W2980341473,10.4236/ojps.2019.94040,Opinion Polls and Statistics Conflict—Time for a Change?,2019,frente,RS1528,0,1,
W2984737354,10.48550/arxiv.1911.09511,A Practical Introduction to Regression Discontinuity Designs: Foundations,2019,tras,RS1705,0,1,
W2987072834,10.1257/aer.97.5.1731,"Fatal Attraction: Salience, Naïveté, and Sophistication in Experimental “Hide-and-Seek” Games",2007,tras,RS1563,0,1,
W2989871984,10.65109/bwyg4163,Heuristic Strategies in Uncertain Approval Voting Environments,2020,frente,RS1544,0,1,
W2994974700,10.1093/oso/9780190089450.003.0007,Why Is the Conventional Wisdom Wrong?,2019,frente,RS1524|RS1548,0,1,
W2995061924,10.1093/oso/9780190089450.001.0001,The Turnout Myth,2019,frente,RS1524|RS1548,0,1,
W2995180205,10.1093/oso/9780190089450.003.0006,Congressional District Results,2019,frente,RS1524|RS1548,0,1,
W2995583592,10.1093/oso/9780190089450.003.0004,Turnout and Partisan Vote Choice,2019,frente,RS1524|RS1548,0,1,
W2995733859,10.1093/oso/9780190089450.003.0003,A Theoretical Exploration of Turnout and Voting,2019,frente,RS1524|RS1548,0,1,
W2996043647,10.1093/oso/9780190089450.003.0002,American Voter Turnout,2019,frente,RS1524|RS1548,0,1,
W2996323877,10.1093/oso/9780190089450.003.0009,Some Final Data and Thoughts on the Link between Turnout and Vote Choice,2019,frente,RS1524|RS1548,0,1,
W2996447195,10.1093/oso/9780190089450.003.0001,If Only Our People Had Turned Out!,2019,frente,RS1524|RS1548,0,1,
W2996564556,10.1093/oso/9780190089450.003.0008,"If Turnout Isn’t Driving Election Swings, What Is?",2019,frente,RS1524|RS1548,0,1,
W2997674479,10.3138/cpp.2019-011,Are Pre-Election Polls More Helpful than Harmful? Evidence from the Canadian Case,2020,frente,RS1522|RS1528|RS1536|RS1548,1,0,ja_no_corpus
W2998095451,10.1093/joc/jqz038,The Combined Effects of Mass Media and Social Media on Political Perceptions and Preferences,2019,frente,RS1536|RS1548|RS1577,0,1,
W2998569949,10.26650/connectist2019-0068,A Comparative Discourse Analysis of TRT World and Al Jazeera News Channels on the News Reports of the Syrian War,2019,tras,RS1577,0,1,
W2998628912,10.1177/1464884919894409,Online engagement of active communicative behaviors and news consumption on Internet portal sites,2019,frente,RS1536,0,1,
W2999378814,10.4236/jss.2020.81005,Methods and Rules of Voting and Decision: A Literature Review,2020,frente,RS1694,0,1,
W3001644032,10.2139/ssrn.3195486,The Effect of Opinion Polls on Political Information Seeking,2018,frente,RS1522|RS1527|RS1536|RS1563,1,0,ja_no_corpus
W3003263608,10.3982/qe834,Worker overconfidence: Field evidence and implications for employee turnover and firm profits,2020,tras,RS1587,0,1,
W3003777108,10.1017/9781108777919.008,Natural Experiments,2021,tras,RS1705,0,1,
W3004133000,10.1108/jhti-04-2019-0071,Examining the impact of political candidates on hotel revenue,2019,frente,RS1548,0,1,
W3006269589,10.1017/s0003055419000820,Who Votes More Strategically?,2020,tras,RS1621,0,1,
W3007491602,10.1093/joc/jqz046,Gender Differences in Political Media Coverage: A Meta-Analysis,2020,frente,RS1536,0,1,
W3009136559,10.2139/ssrn.3482344,On the Possibility of Democratic Redistribution in a Two Class Society,2019,frente,RS1522,0,1,
W3011233533,10.1007/s10458-020-09446-x,Strategic voting in the lab: compromise and leader bias behavior,2020,frente,RS1544,1,0,ja_no_corpus
W3011269899,10.1080/17457289.2020.1740716,Electoral fraud and the paradox of political competition,2020,frente,RS1627|RS1646,0,1,
W3011618872,10.14201/rlop.22343,"¿IMPORTAN LAS CAMPAÑAS (EN LAS NUEVAS DEMOCRACIAS)? INTERÉS DE LA CAMPAÑA, ELECCIÓN DEL VOTO Y SATISFACCIÓN DE LA ENCUESTA",2019,tras,RS1625,0,1,
W3013812549,10.1177/0002764220910243,How Fake News Differs From Personal Lies,2020,frente,RS1522,0,1,
W3014632686,10.1155/2020/5051248,Stability and Global Sensitivity Analysis for an Agree-Disagree Model: Partial Rank Correlation Coefficient and Latin Hypercube Sampling Methods,2020,frente,RS1522|RS1527,0,1,
W3015035924,10.1016/j.ijforecast.2020.02.004,A two-stage model to forecast elections in new democracies,2020,frente,RS1522,0,1,
W3015287532,10.1111/socf.12610,"Issue Conclusion: Sociology, Political Inequality, and Democracy Beyond 2020",2020,frente,RS1523,0,1,
W3016111153,10.1016/j.ejpoleco.2020.101877,The supply of media slant across outlets and demand for slant within outlets: Evidence from US presidential campaign news,2020,frente,RS1522|RS1646,0,1,
W3020990796,10.1257/mac.20150147,"Inflation Expectations, Learning, and Supermarket Prices: Evidence from Survey Experiments",2017,tras,RS1587|RS1694,0,1,
W3022808291,10.1162/003355399556151,"A Theory of Fairness, Competition, and Cooperation",1999,tras,RS1621,0,1,
W3023124584,10.1177/0019793915592623,Union Organizing Decisions in a Deteriorating Environment,2015,tras,RS1587,0,1,
W3023251698,10.1017/s0003055403000637,Bargaining in Legislatures: An Experimental Investigation of Open versus Closed Amendment Rules,2003,tras,RS1563,0,1,
W3023283054,10.3386/w27412,Betting on the House: Subjective Expectations and Market Choices,2020,frente,RS1587,0,1,
W3023536119,,,,tras,RS1587,0,0,sem_metadados
W3024590565,10.1016/j.jpubeco.2017.11.002,Intended college attendance: Evidence from an experiment on college returns and costs,2017,tras,RS1587,0,1,
W3025896312,10.3386/w22221,"Compulsory Voting, Turnout, and Government Spending: Evidence from Austria",2016,tras,RS1627,0,1,
W3031538970,10.1080/15205436.2020.1774780,When Pundits Weigh In: Do Expert and Partisan Critiques in News Reports Shape Ordinary Individuals’ Interpretations of Polls?,2020,frente,RS1523,0,1,
W3033406194,10.1093/ijpor/edz021,How Mediated Opinion Polls Influence Political Parties: Revisiting the Arena Framework,2019,frente,RS1524|RS1527,0,1,
W3034282193,10.1007/978-3-030-37250-7_15,Political Science: Moving from Numbers to Words in the Case of Brexit,2020,frente,RS1527,0,1,
W3035855853,10.1111/1475-6765.12407,Institutional constraints on cabinet formation: Veto points and party system dynamics,2020,frente,RS1527,0,1,
W3036670796,10.1016/j.electstud.2020.102166,How do coalition signals shape voting behavior? Revealing the mediating role of coalition expectations,2020,frente|tras,RS1527|RS1621,0,1,
W3038050353,10.1609/icwsm.v14i1.7279,Toward a Better Performance Evaluation Framework for Fake News Classification,2020,frente,RS1536,0,1,
W3038611770,10.18276/ap.2020.49-01,"Some praxeological remarks on the so-called “political correctness”, “group thinking” and related problems",2020,frente,RS1522,0,1,
W3038619515,10.1257/jel.20211658,Designing Information Provision Experiments,2023,frente,RS1587|RS1627,0,1,
W3039432723,10.1016/j.ijforecast.2020.05.006,Playing the synthesizer with Canadian data: Adding polls to a structural forecasting model,2020,frente,RS1577,1,0,ja_no_corpus
W3040746999,10.24963/ijcai.2020/729,Closing the Loop: Bringing Humans into Empirical Computational Social Choice and Preference Reasoning,2020,frente,RS1544,0,1,
W3044567116,10.21308/recp.53.03,¿Quién se expone a los sondeos preelectorales en campaña? Voto estratégico y competencia electoral en España (2011-2019),2020,frente,RS1522|RS1524|RS1528|RS1536|RS1548,1,0,ja_no_corpus
W3045444803,10.1177/1065912920940791,Voter Beliefs and Strategic Voting in Two-Round Elections,2020,frente|tras,RS1527|RS1621,0,1,
W3046546205,10.36253/qoe-9529,"Pollster problems in the 2016 US presidential election: vote intention, vote prediction",2020,frente,RS1523,1,0,ja_no_corpus
W3047598698,10.1016/j.jebo.2021.04.013,Convergence and divergence in dynamic voting with inequality,2021,frente,RS1522,0,1,
W3047944920,,Pollsand Elections: Strategic Respondents and Turnout Implications,2020,frente,RS1522,1,0,ja_no_corpus
W3049671952,10.1093/ej/uead020,Political Activists as Free Riders: Evidence from a Natural Field Experiment,2023,frente,RS1587,0,1,
W3059866688,10.1007/s11127-020-00837-y,Voting for the underdog or jumping on the bandwagon? Evidence from India’s exit poll ban,2020,frente|tras,RS1522|RS1596|RS1621|RS1625,1,0,ja_no_corpus
W3080091448,10.1080/2474736x.2020.1806002,Love is blind. Partisanship and perception of negative campaign messages in a multiparty system,2020,frente,RS1527,0,1,
W3081844602,10.1016/j.jpubeco.2021.104559,"The Heterogeneous Price of a Vote: Evidence from Multiparty Systems, 1993-2017 *",2020,frente,RS1587,0,1,
W3085287811,10.1177/2053168020955106,How do politicians respond to opinion polls? An experiment with Swedish politicians,2020,frente,RS1524|RS1536,1,0,ja_no_corpus
W3086090046,10.1109/tvcg.2020.3030335,Visual Reasoning Strategies for Effect Size Judgments and Decisions,2020,frente,RS1523,0,1,
W3087151825,10.11648/j.ijdsa.20200604.13,Sequential Bayesian Analysis of Bernoulli Opinion Polls; a Simulation-Based Approach,2020,frente,RS1627,0,1,
W3087945764,10.1093/ijpor/edz035,When Polls Disagree: How Competitive Results and Methodological Quality Shape Partisan Perceptions of Polls and Electoral Predictions,2019,frente,RS1548,0,1,
W3090338721,10.3386/w26599,Coordination and Bandwagon Effects: How Past Rankings Shape the Behavior of Voters and Candidates,2019,frente,RS1522,0,1,
W3091253714,10.5565/rev/papers.2711,El efecto de la exposición a los sondeos preelectorales en el comportamiento de los votantes en las elecciones autonómicas en Andalucía de 2018,2020,frente,RS1528,1,0,ja_no_corpus
W3092424041,10.1007/978-3-030-60975-7_30,Jump on the Bandwagon? – Characterizing Bandwagon Phenomenon in Online NBA Fan Communities,2020,frente,RS1536,0,1,
W3092807620,,Mehr oder weniger als fünf Prozent - ist das wirklich die Frage?,1999,tras,RS1527,0,1,
W3093085632,10.1016/j.electstud.2020.102220,Measuring ‘closeness’ in 3-candidate elections: Methodology and an application to strategic voting,2020,frente,RS1527,0,1,
W3093089388,10.1177/1948550620964679,"Social and Economic Political Ideology Consistently Operate as Mutual Suppressors: Implications for Personality, Social, and Political Psychology",2020,tras,RS1621,0,1,
W3093155683,10.3386/w27961,"Elections, Political Polarization, and Economic Uncertainty",2020,tras,RS1893,0,1,
W3093446775,10.1016/j.ejpoleco.2020.101961,Complete information pivotal-voter model with asymmetric group size and asymmetric benefits,2020,frente,RS1522,0,1,
W3093555981,10.1007/s11135-020-01052-z,Conducting quantitative studies with the participation of political elites: best practices for designing the study and soliciting the participation of political elites,2020,frente,RS1611,0,1,
W3095476916,10.1155/2020/5864238,Modeling and Control of the Public Opinion: An Agree-Disagree Opinion Model,2020,frente,RS1522|RS1527,0,1,
W3097266590,10.3386/w27993,"The Risk of Narrow, Disputable Results in the U.S. Electoral College: 1836-2020",2020,frente,RS1587,0,1,
W3097278728,10.1073/pnas.2020107117,Neural polarization and routes to depolarization,2020,frente,RS1523,0,1,
W3099713642,10.1017/s1930297500007981,"Information, incentives, and goals in election forecasts",2020,frente,RS1523,0,1,
W3102981402,10.1177/1948550620969608,Authoritarianism and Social Dominance Predict Annual Increases in Generalized Prejudice,2020,tras,RS1621,0,1,
W3108133122,10.1093/ije/dyaa211,A directed acyclic graph for interactions,2020,tras,RS1652,0,1,
W3109888429,10.1080/10584609.2020.1843571,The Winner-Loser Spiral in Political News Coverage: Investigating the Impact of Poll Coverage on Subsequent Party Coverage,2020,frente,RS1523|RS1524|RS1536|RS1548|RS1637,0,1,
W3110285291,10.1016/j.geb.2020.11.004,Elections under biased candidate endorsements — an experimental study,2020,frente,RS1587|RS1646,0,1,
W3111105567,10.1093/hcr/hqaa013,Sharing the Fun? How Social Information Affects Viewers’ Video Enjoyment and Video Evaluations,2020,frente,RS1524,0,1,
W3112602514,10.1609/aaai.v35i6.16716,Modeling Voters in Multi-Winner Approval Voting,2021,frente,RS1544,0,1,
W3114051958,10.2139/ssrn.3756988,A Simple Test for the Extent of Vote Fraud with Absentee Ballots in the 2020 Presidential Election: Georgia and Pennsylvania Data,2020,frente,RS1646,0,1,
W3119471123,10.1017/s104909652000133x,Why Forecast? The Value of Forecasting to Political Science,2020,frente,RS1523,0,1,
W3119933967,10.31235/osf.io/fy2we,The supply of media slant across outlets and demand for slant within-outlets: Evidence from US presidential campaign news,2018,frente,RS1522|RS1646,0,1,
W3120642320,10.1017/s1049096520001432,Let’s Be Honest about Election Forecasting,2020,frente,RS1523,0,1,
W3121508501,,,,tras,RS1589,0,0,sem_metadados
W3121532389,,,,tras,RS1527|RS1589,0,0,sem_metadados
W3121657052,10.1177/1369148120986092,Blame it on turnout? Citizens’ participation and polls’ accuracy,2021,frente,RS1523,1,0,ja_no_corpus
W3122013492,10.5750/jpm.v10i1.1179,Trading Strategies and Market Microstructure: Evidence from a Prediction Market,2016,frente,RS1536,0,1,
W3122015173,10.2139/ssrn.3695115,Inference from Biased Polls,2020,frente,RS2247,0,1,
W3122095768,10.3386/w19250,Overconfidence in Political Behavior,2013,tras,RS1627|RS1694,0,1,
W3122178585,10.1162/rest.90.3.414,Bootstrap-Based Improvements for Inference with Clustered Errors,2008,tras,RS1548,0,1,
W3122417645,10.1016/s0047-2727(03)00016-1,Voting when money and morals conflict: an experimental test of expressive voting,2003,tras,RS1587|RS1694,0,1,
W3122665364,,,,tras,RS1705,0,0,sem_metadados
W3122757756,,Home Price Expectations and Behavior: Evidence from a Randomized Information Experiment,2016,tras,RS1694,0,1,
W3122896559,,Econometric methods for fractional response variables with an application to 401(k) plan participation rates,1996,tras,RS1522,0,1,
W3122907670,10.1093/jeea/jvaa045,Fanning the Flames of Hate: Social Media and Hate Crime,2020,frente,RS1627|RS1646,0,1,
W3122918674,10.1561/100.00000002,Federalism and Incentives for Success of Democracy,2006,tras,RS1893,0,1,
W3122988455,10.1162/jeea_a_00015,Social Incentives and Voter Turnout: Evidence from the Swiss Mail Ballot System,2010,tras,RS1601|RS1627|RS1893,0,1,
W3123102076,10.2307/1562234,"Probability Neglect: Emotions, Worst Cases, and Law",2002,tras,RS1523,0,1,
W3123572850,10.1017/s0022381609990946,The Blind Leading the Blind: Who Gets Polling Information and Does it Improve Decisions?,2010,tras,RS1523|RS1625,0,1,
W3123615408,10.2139/ssrn.3638879,Designing Information Provision Experiments,2020,frente,RS1587,0,1,
W3123753589,,"The Price of a Vote: Evidence from France, 1993-2014",2018,frente,RS1694,0,1,
W3123754718,10.2139/ssrn.2943760,Collective Action in Networks: Evidence from the Chilean Student Movement,2016,tras,RS1627,0,1,
W3123851096,10.3386/w15544,The Effect of Newspaper Entry and Exit on Electoral Politics,2009,tras,RS1694,0,1,
W3123884638,10.2139/ssrn.3585364,Betting on the House: Subjective Expectations and Market Choices,2020,frente,RS1587,0,1,
W3123927382,10.1017/s0043887100012879,"Mobilization, Social Networks, and Turnout: Evidence from Japan",1998,tras,RS1587|RS1694,0,1,
W3123991653,10.4135/9781526421036921822,Regression Discontinuity Design,2020,tras,RS1705,0,1,
W3124281597,10.2139/ssrn.1638468,Rational Choice and Voter Turnout: Evidence from Union Representation Elections,2010,tras,RS1893,0,1,
W3124296889,,,,tras,RS1694,0,0,sem_metadados
W3124314830,,,,tras,RS1587,0,0,sem_metadados
W3124473222,,,,tras,RS1577|RS1625,0,0,sem_metadados
W3124616463,10.1017/s0003055409090224,Moral Bias in Large Elections: Theory and Experimental Evidence,2009,tras,RS1799,0,1,
W3124687950,10.2139/ssrn.3483834,Optimality of Matched-Pair Designs in Randomized Controlled Trials,2019,frente,RS1587,0,1,
W3124706580,10.1007/s10683-014-9408-x,Laboratory elections with endogenous turnout: proportional representation versus majoritarian rule,2014,tras,RS1587,0,1,
W3124867034,10.2139/ssrn.3117054,Projecting Confidence: How the Probabilistic Horse Race Confuses and Demobilizes the Public,2018,frente,RS1522|RS1694,1,0,ja_no_corpus
W3124994212,10.1016/j.jpubeco.2007.04.004,Inequality and media capture,2007,tras,RS2247,0,1,
W3125026984,,,,tras,RS1601|RS1627|RS1893,0,0,sem_metadados
W3125210770,10.1086/692711,Partisan Interactions: Evidence from a Field Experiment in the United States,2017,tras,RS1627|RS1694,0,1,
W3125365157,,,,tras,RS1893,0,0,sem_metadados
W3125376370,10.1257/aer.101.7.2980,The Effect of Newspaper Entry and Exit on Electoral Politics,2011,tras,RS1601|RS1893,0,1,
W3125521016,,,,tras,RS1587,0,0,sem_metadados
W3125601827,,,,tras,RS1522,0,0,sem_metadados
W3125646645,10.3386/w23013,"Social Image and Economic Behavior in the Field: Identifying, Understanding and Shaping Social Pressure",2016,frente,RS1646,0,1,
W3125796966,10.1257/aer.20131024,Moderating Political Extremism: Single Round versus Runoff Elections under Plurality Rule,2016,tras,RS1893,0,1,
W3125815242,10.1257/aer.103.3.611,The Psychology of Tail Events: Progress and Challenges,2013,tras,RS1523|RS1622,0,1,
W3125820303,10.2139/ssrn.2979942,Worker Overconfidence: Field Evidence and Implications for Employee Turnover and Returns from Training,2017,tras,RS1694,0,1,
W3125923573,,,,tras,RS1621,0,0,sem_metadados
W3126072805,10.1111/0034-6527.00290,Limited Depth of Reasoning and Failure of Cascade Formation in the Laboratory,2004,tras,RS1556,0,1,
W3126119465,10.1111/ajps.12433,Does Direct Democracy Hurt Immigrant Minorities? Evidence from Naturalization Decisions in Switzerland,2019,tras,RS1601,0,1,
W3127488876,,Making Votes Count,1997,tras,RS1527,0,1,
W3127528087,10.1111/joes.12490,The power of public choice in law and economics,2022,frente,RS1522,0,1,
W3128281432,10.3389/fpos.2021.598771,How Polling Trends Influence Compensational Coalition-Voting,2021,frente,RS1527,0,1,
W3129620788,10.1177/0739532921990146,The novelty news frame: How social identity influences policy attention of minority presidential candidates,2021,frente,RS1523,0,1,
W3130512562,10.48550/arxiv.2102.08570,Outside the Echo Chamber: Optimizing the Performative Risk,2021,frente,RS1523,0,1,
W3134164032,10.1111/1475-6765.12441,Voter expectations of government formation in coalition systems: The importance of the information context,2021,frente,RS1527,0,1,
W3136821457,10.1016/j.ssaho.2021.100212,Exploring the drivers and barriers to uptake for digital contact tracing,2021,frente,RS1548,0,1,
W3137271159,10.1007/978-3-030-69036-6_7,Eurosceptic Contagion and European Elections,2021,frente,RS1527,0,1,
W3138052518,10.1093/ijpor/edaa029,"How Do Campaigns Matter? Independents, Political Information, and the Enlightening Role of Campaigns in Mexico",2020,tras,RS1625,0,1,
W3138417305,10.7208/chicago/9780226772875.001.0001,The Reasoning Voter,1991,tras,RS1536,0,1,
W3138457997,10.1016/j.ejpoleco.2021.102012,Too afraid to vote? The effects of COVID-19 on voting behaviour,2021,frente,RS1705,0,1,
W3139080219,10.1177/1948550621999272,Social Class—Not Income Inequality—Predicts Social and Institutional Trust,2021,tras,RS1652,0,1,
W3140586216,,,,tras,RS1694,0,0,sem_metadados
W3150893739,,,,tras,RS1705,0,0,sem_metadados
W3151577140,10.2139/ssrn.3671244,Political Activists as Free-Riders: Evidence from a Natural Field Experiment,2020,frente,RS1587,0,1,
W3153645216,10.1111/1475-6765.12450,Do party supporters accept policy compromises in coalition governments?,2021,frente,RS1527,0,1,
W3158366679,10.33774/apsa-2021-5d090-v2,Casting ballots when knowing results,2021,frente,RS1522|RS1556|RS1589,0,1,
W3160651791,10.3389/fpsyg.2021.656725,"Tell Me Who You Vote for, and I'll Tell You Who You Are? The Associations of Political Orientation With Personality and Prosocial Behavior and the Plausibility of Evolutionary Approaches",2021,tras,RS1621,0,1,
W3161327600,10.1177/10892680211007405,"The Interplay of Social Status and Trust: A Critical Review of Concepts, Operationalizations, and Findings",2021,tras,RS1652,0,1,
W3161617418,,Convergence and divergence in dynamic voting with inequality,,frente,RS1522,0,1,
W3161759232,10.1093/jopart/muab014,Hybrid Governance and the Attribution of Political Responsibility: Experimental Evidence from the United States,2021,frente,RS1536,0,1,
W3161839750,10.31234/osf.io/rj643,Public Election Polls are 95% Confident but only 60% Accurate,2020,frente,RS1523,0,1,
W3165430852,10.2139/ssrn.3448172,High Chances and Close Margins: How Equivalent Forecasts Yield Different Beliefs,2019,frente,RS1523,0,1,
W3165659787,10.1080/1461670x.2021.1925950,The Potentials and Pitfalls of Interactional Speculations by Journalists and Experts in the Media: The Case of Covid-19,2021,frente,RS1523,0,1,
W3166435856,10.1111/1475-4932.12877,Why Waste Your Vote? Informal Voting in Compulsory Elections in Australia,2025,frente,RS1587,0,1,
W3166460744,10.1017/s146810992100013x,Strategic voting revisited: the case of the 2018 Taipei City mayoral election,2021,frente,RS1522,1,0,ja_no_corpus
W3167099924,10.1080/00323187.2021.1931373,Do election polls increase individual understanding of politics?,2020,frente,RS1522|RS1536,1,0,ja_no_corpus
W3172498800,10.25222/larr.638,Short- and Long-Term Partisanship: Campaign Effects and the Stability of Party Identification in Latin America,2021,tras,RS1625,0,1,
W3172660640,10.1016/j.geb.2023.05.012,Minority turnout and representation under cumulative voting. An experiment.,2023,frente,RS1627,0,1,
W3172976894,10.24843/eja.2021.v31.i05.p02,Determinan yang Berpengaruh pada Minat Investasi di Pasar Modal,2021,frente,RS1548,0,1,
W3173730528,10.1038/s41586-021-03660-7,Meaningful measures of human society in the twenty-first century,2021,frente,RS1523,0,1,
W3175892698,10.1057/s41269-021-00208-5,Reporting the polls: the quality of media reporting of vote intention polls in the Netherlands,2021,frente,RS1522|RS1611|RS1637,1,0,ja_no_corpus
W3183809885,10.32689/2617-2224-2021-1(26)-248-260,"УЯВНЕ, АРХЕТИПИ І СОЦІАЛЬНЕ ПРОГНОЗУВАННЯ: МОЖЛИВОСТІ ТА ОБМЕЖЕННЯ ЗАСТОСУВАННЯ",2021,frente,RS1523,0,1,
W3185432773,10.1080/17457289.2021.1952209,"Political predispositions, not popularity: people’s propensity to interact with political content on Facebook",2021,frente,RS1524,0,1,
W3188253912,10.1002/9781118541555.wbiepc015,Bandwagon Effect,2015,tras,RS1652,0,1,
W3188424479,10.1386/nl_00024_1,The media presentation of the migration crisis: An analysis of the discourse on the Croatian women politicians,2021,frente,RS1536,0,1,
W3190146829,10.1109/tvcg.2021.3114842,Visualization Equilibrium,2021,frente,RS1523,0,1,
W3190912047,10.1007/978-3-030-75350-4_6,"Alternatives to Opinion Polls: No Polls, Vox Pop, Poll Aggregators and Social Media",2021,frente,RS1523,0,1,
W3191232029,10.1007/978-3-030-75350-4_5,Reactions and Implications: How Do the Elite and the Public Respond to Polls?,2021,frente,RS1536|RS1556|RS2247,0,1,
W3191753136,10.1007/978-3-030-75350-4_1,Bringing Public Opinion to the Public: From Polls to Media Coverage,2021,frente,RS1523|RS1536,0,1,
W3192514145,10.7458/spp20219720823,The role of journalism in combating fake news: the case of the last day of the 2019 election campaign in Portugal,2021,frente,RS1528,0,1,
W3192675656,10.1016/j.electstud.2021.102379,The effects of election polls in Mexico's 2018 presidential campaign,2021,frente,RS1536|RS1546,1,0,ja_no_corpus
W3193338985,10.1016/j.ejpoleco.2021.102098,Contagious populists: The impact of election information shocks on populist party preferences in Germany,2021,frente,RS1522|RS1528|RS1536|RS1563,1,0,ja_no_corpus
W3194772129,10.1016/j.ijintrel.2021.08.008,"National pride, social trust, and cultural nativism: Findings from East and Southeast Asia",2021,frente,RS1556,0,1,
W3194774764,10.2139/ssrn.3909951,Misperceptions About Others,2021,frente,RS1587,0,1,
W3195770889,10.3386/w29168,Misperceptions about Others,2021,frente,RS1587,0,1,
W3196682613,10.2139/ssrn.3910462,Concurrent Elections and Voting Behaviour: Evidence from an Italian Referendum,2021,frente,RS1627,0,1,
W3196785837,10.1146/annurev-economics-051520-023322,Misperceptions About Others,2022,frente,RS1587,0,1,
W3197109415,10.1080/00344893.2021.1964585,Electoral Reform & Strategic Voting in Chilean Legislative Elections,2021,frente,RS1527,0,1,
W3200923869,10.1016/j.ejpoleco.2021.102116,Populism and propagation of far-right extremism,2021,frente,RS1528|RS1627,0,1,
W3201276067,,The Power of Polls?: A Cross-National Experimental Analysis of the Effects of Campaign Polls,2021,frente,RS1522|RS1524|RS1527|RS1536|RS1548|RS1563|RS1587,1,0,ja_no_corpus
W3203480474,10.1080/00344893.2021.1978531,Hybrid Voters: How the Politics in the Home and the New Country Influences External Voters,2021,frente,RS1524,0,1,
W3207416840,10.1080/03623319.2021.1986320,‘The left is right’: Left and right political orientation across Eastern and Western Europe,2021,tras,RS1621,0,1,
W3210867583,10.1515/openps-2021-0023,Psephological Advancements and Pitfalls of Political Opinion Polls in India,2021,frente,RS1546,1,0,ja_no_corpus
W3211407072,10.18848/2154-8633/cgp/v12i01/33-52,The Spirituality Approach to Electoral Politics in Africa: Evidence from the Presidential Elections in Nigeria’s Fourth Republic,2021,frente,RS1528|RS1548,0,1,
W3215309797,,The effect of neoliberalism on the proliferation of pre-election polls in the Canadian media,2017,frente,RS1527,1,0,ja_no_corpus
W3215598588,10.1016/j.giq.2021.101658,Voting intentions on social media and political opinion polls,2021,frente,RS1527,0,1,
W3216528244,10.1103/physreve.104.054307,How a minority can win: Unrepresentative outcomes in a simple model of voter turnout,2021,frente,RS1587,0,1,
W3216619829,,,,tras,RS1621,0,0,sem_metadados
W3217103878,10.1016/j.electstud.2021.102425,Young trendsetters: How young voters fuel electoral volatility,2021,frente,RS1536|RS1611,0,1,
W3217419789,,Coordination and Bandwagon Effects: How Past Rankings Shape the Behavior of Voters and Candidates,,frente,RS1522,0,1,
W4200513534,10.1017/9781108877428,The Power of Polls?,2021,frente,RS1522|RS1524|RS1527|RS1536|RS1548|RS1556|RS1563|RS1587|RS1646,1,0,ja_no_corpus
W4205104454,10.1017/s000712342100034x,Casting Ballots When Knowing Results,2021,frente|tras,RS1522|RS1556|RS1621,0,1,
W4205148905,10.1017/9781108923323,The Other Divide,2022,frente,RS1523,0,1,
W4205271706,,,,tras,RS1556,0,0,sem_metadados
W4205323204,10.1017/9781108923323.005,The Deeply Involved Are Different,2022,frente,RS1523,0,1,
W4205372131,10.48152/ssrp-ztqr-1663,Reproduction of 'One in a Million: Field Experiments on Perceived Closeness of the Election and Voter Turnout',2022,frente,RS1587,0,1,
W4205457255,10.48152/ssrp-n3qm-kg83,Reproduction of 'One in a Million: Field Experiments on Perceived Closeness of the Election and Voter Turnout',2022,frente,RS1587,0,1,
W4205481574,10.1257/app.20200210,Inversions in US Presidential Elections: 1836–2016,2021,frente,RS1587,0,1,
W4205507870,10.1017/9781108777919,Advances in Experimental Political Science,2021,tras,RS1705,0,1,
W4205631128,10.1017/9781108923323.011,Appendix,2022,frente,RS1523,0,1,
W4205672807,10.1017/9781108923323.008,A New Form of Self-Expression,2022,frente,RS1523,0,1,
W4205876837,10.1017/9781108923323.002,A House Divided against Itself?,2022,frente,RS1523,0,1,
W4205901364,10.2478/plc-2021-0012,Processing of party symbols and names predicts the results of 2019 Indian parliamentary election: Analysing psycholinguistic behavioural incongruency effects,2021,frente,RS1527,0,1,
W4206036815,10.1017/9781108923323.003,Subtleties of Partisan Division,2022,frente,RS1523,0,1,
W4206242051,10.1017/9781108923323.012,References,2022,frente,RS1523,0,1,
W4206247266,10.1017/9781108923323.006,Bubbles of Involvement,2022,frente,RS1523,0,1,
W4206435548,10.2139/ssrn.4009136,Advanced Technologies and Worker Voice,2022,frente,RS1705,0,1,
W4206452896,10.1017/9781108923323.004,Beyond Political Interest,2022,frente,RS1523,0,1,
W4206461979,10.1017/9781108923323.010,Middle Grove,2022,frente,RS1523,0,1,
W4206510098,10.1017/9781108923323.009,The Voice of Which People?,2022,frente,RS1523,0,1,
W4206560472,10.31737/2221-2264-2021-52-4-9,Why do voters vote? Theoretical concepts and experimental results,2021,frente,RS1522,0,1,
W4206576308,10.1017/9781108923323.013,Index,2022,frente,RS1523,0,1,
W4206576479,10.1017/9781108923323.007,Perceptions of the Most Sacred Duty,2022,frente,RS1523,0,1,
W4206655579,10.1017/9781108923323.001,Preface and Acknowledgments,2022,frente,RS1523,0,1,
W4206821879,10.1007/s40505-021-00214-y,Impact of Information Concerning the Popularity of Candidates on Loss-Averse Voters’ Abstention,2022,frente,RS1522,0,1,
W4206839188,10.2139/ssrn.3979018,Swimming with the Tide: Election Polls and Firm Decisions,2021,frente,RS1524,0,1,
W4207021546,10.1515/9780804779821-016,11. Strategic Coordination in the 2000 Mexican Presidential Race,2003,tras,RS1625,0,1,
W4210295609,10.2139/ssrn.3966686,Motivated Optimism and Workplace Risk,2022,frente,RS1587,0,1,
W4210563123,,,,tras,RS1601,0,0,sem_metadados
W4210836876,10.3390/bs12020039,Can We Do Better Next Time? Italians’ Response to the COVID-19 Emergency through a Heuristics and Biases Lens,2022,frente,RS1556,0,1,
W4211177544,10.1080/01621459.1995.10476572,Bayes Factors,1995,tras,RS1556,0,1,
W4211186656,,,,tras,RS1627,0,0,sem_metadados
W4212876428,10.1017/cbo9780511664113,"Citizens, Politics and Social Communication",1995,tras,RS1589,0,1,
W4213021423,10.1017/9781108779104.010,Emotions and Politics,2022,frente,RS1548,0,1,
W4213152945,10.1017/9781108779104.008,The Psychology of Public Opinion,2022,frente,RS1522|RS1524,0,1,
W4213240457,10.1017/9781108779104.001,Foundations of Political Psychology,2022,frente,RS1522|RS1524|RS1548,0,1,
W4213305268,10.1007/s00355-022-01391-w,Voter conformism and inefficient policies,2022,frente,RS1522,0,1,
W4214622610,10.1017/cbo9780511791048,How Voters Decide,2006,tras,RS1527|RS1589,0,1,
W4214662720,10.1017/cbo9781139878425,Post-Broadcast Democracy,2007,tras,RS1611,0,1,
W4214754953,,,,tras,RS1563|RS1589|RS1705,0,0,sem_metadados
W4220679059,10.1177/19401612221086907,Motivated Mobilization: The Role of Emotions in the Processing of Poll Messages,2022,frente,RS1536|RS1548,0,1,
W4220691264,10.1177/19401612221087181,Poll Wars: Perceptions of Poll Credibility and Voting Behaviour,2022,frente,RS1522|RS1548,1,0,ja_no_corpus
W4220762144,10.1016/j.erss.2022.102547,"Actions speak louder than words: Attitudes, behaviour, and partisan identity in a polarised environmental domain",2022,frente,RS1556,0,1,
W4220933225,10.1080/13608746.2022.2038492,Electoral Competition and Partisan Affective Polarisation in Spain,2022,frente,RS1705,0,1,
W4221020691,10.1080/09644008.2022.2056593,"Black–Blue or Bahamas? Explaining CDU, CSU, FDP and AfD Voter Attitudes Towards a Common Governmental Coalition Before the 2017 German Federal Election",2022,frente,RS1527,0,1,
W4221111787,10.1111/ecin.13079,Voting rights and the resilience of Black turnout,2022,frente,RS1646,0,1,
W4224045916,10.1080/08838151.2022.2061491,A Just and Happy Ending: Exploring Viewers’ Judgment of Justice on Enjoyment of Crime Drama in Interactive Movie Events,2022,frente,RS1536|RS1548,0,1,
W4224996645,10.6007/ijarbss/v12-i4/13080,"New Young Voters’ Decision to Vote: Impact of Access, Analysis and Evaluate, Create and Act",2022,frente,RS1611,0,1,
W4225000141,10.1093/hcr/hqac007,Affective forecasting in elections: A socio-communicative perspective,2022,frente,RS1523|RS1548,0,1,
W4226026135,10.2139/ssrn.4045630,A Cognitive Insight into Political Minds: Exploring Cognitive Biases Among Indian Political Representatives,2022,frente,RS1556,0,1,
W4226512197,10.1007/978-3-658-35171-7_8,Koalitionen und ihre Auswirkungen auf das Wahlverhalten in Ost- und Westdeutschland,2022,frente,RS1527,0,1,
W4229914437,,,,tras,RS1577,0,0,sem_metadados
W4230579095,10.1037/0022-3514.78.3.446,Running from the shadow: Psychological distancing from others to deny characteristics people fear in themselves.,2000,tras,RS1621,0,1,
W4230967805,,,,tras,RS1694,0,0,sem_metadados
W4231088406,,,,tras,RS1694,0,0,sem_metadados
W4231383681,10.1093/acprof:oso/9780190628512.001.0001,Democratization and Authoritarian Party Survival,2017,tras,RS1625,0,1,
W4231537973,10.2139/ssrn.3929857,It Takes Money to Make MPs: Evidence from 160 Years of British Campaign Spending,2021,frente,RS1627|RS1694,0,1,
W4231941848,10.4324/9781315495811-3,An Economic Theory of Political Action in a Democracy,2021,tras,RS1627,0,1,
W4232440528,10.5860/choice.44-3546,Capturing campaign effects,2007,tras,RS1577,0,1,
W4232455859,10.1017/cbo9780511617201,Hearing the Other Side,2006,tras,RS1589,0,1,
W4234345158,10.1017/cbo9781139175074,Impersonal Influence,1998,tras,RS1523|RS1527|RS1536|RS1589|RS1625|RS1652,0,1,
W4234634105,10.2307/448850,Comparing Gubernatorial and Senatorial Elections,1994,tras,RS1694,0,1,
W4235473894,10.1515/9783110813203,A Theory and Procedure of Scale Analysis,1971,tras,RS1577,0,1,
W4238082089,10.1177/104346300012001005,EXPRESSIVE VOTING,2000,tras,RS1893,0,1,
W4239809197,10.2139/ssrn.3279218,Voting Game Experiments with Incomplete Information: A Survey,2018,frente,RS1563,0,1,
W4240456517,10.1257/rct.3199,One in a Million: Field Experiments on Perceived Closeness of the Election and Voter Turnout,2018,frente|tras,RS1522|RS1627|RS1646,1,0,ja_no_corpus
W4241054028,10.1037//0278-6133.19.6.586,"Relationship of subjective and objective social status with psychological and physiological functioning: Preliminary data in healthy, White women.",2000,tras,RS1652,0,1,
W4241055154,10.2307/1953324,A Theory of the Calculus of Voting,1968,tras,RS1601|RS1627|RS1694|RS1893,0,1,
W4241684964,10.1257/000282804322970706,Costly Voting,2004,tras,RS1563|RS1799,0,1,
W4243549887,10.1093/obo/9780199756841-0113,Bandwagon Effect,2016,frente,RS1522|RS1524|RS1536|RS1556|RS1621,1,0,ja_no_corpus
W4243557163,10.1086/676141,Spatial Sorting,2014,tras,RS1893,0,1,
W4243803868,10.1257/rct.3199-1.0,One in a Million: Field Experiments on Perceived Closeness of the Election and Voter Turnout,2018,frente,RS1522|RS1646,1,0,ja_no_corpus
W4244301951,10.1093/oso/9780190089450.003.0005,Turnout and Partisan Vote Choice,2019,frente,RS1524|RS1548,0,1,
W4244815223,10.23943/princeton/9780691205779.001.0001,Persuasive Peers,2020,tras,RS1625,0,1,
W4246101786,10.33774/apsa-2021-5d090,Casting ballots when knowing results,2021,frente,RS1522|RS1556|RS1589,0,1,
W4246134889,10.1007/978-1-4684-3659-4,Uniqueness,1980,tras,RS1621,0,1,
W4246275167,10.1177/1536867x1101100407,Causal Mediation Analysis,2011,tras,RS1611,0,1,
W4246849040,10.1257/000282806779468571,A Theory of Participation in Elections,2006,tras,RS1627|RS1694,0,1,
W4248247043,10.1787/459aa7f1-en,Income inequality,2014,tras,RS1652,0,1,
W4249235348,10.1016/j.jet.2006.05.002,Deliberative voting,2006,tras,RS1799,0,1,
W4250322916,10.1007/978-3-319-40573-5_1,Introduction,2016,frente,RS1527,0,1,
W4250589019,10.1057/9780230374959.0018,Attitudinal and Behavioral Consequences of Published Opinion Polls,2014,frente|tras,RS1527|RS1548,0,1,
W4251366449,10.1017/cbo9781139174954,Making Votes Count,1997,tras,RS1527|RS1625,0,1,
W4252031645,10.7146/politica.v47i1.131474,Hvordan påvirkes vælgerne af meningsmålinger? Effekten af meningsmålinger på danskernes stemmeadfærd og sympati for partierne,2015,tras,RS1524|RS1528,0,1,
W4253031832,10.2139/ssrn.3336212,"The Quality of Democratic Choice: An Experimental Study of Expertise, Political Engagement, and Social Knowledge",2018,frente,RS1522,0,1,
W4253060983,10.1007/978-94-010-2288-0_3,Subjective Probability: A Judgment of Representativeness,1972,tras,RS1694,0,1,
W4253501661,10.1037/e573552014-069,Misconceptions of Chance: Evidence from an Integrated Experiment,2014,tras,RS1694,0,1,
W4255060753,10.1787/9789264301085-en,A Broken Social Elevator? How to Promote Social Mobility,2018,tras,RS1652,0,1,
W4255421747,10.1037//0022-3514.57.2.212,"Relations among emotion, appraisal, and emotional action readiness.",1989,tras,RS1548,0,1,
W4255432504,10.1007/978-3-030-22219-2_36,Follow Me:,2019,frente,RS1522|RS1536,0,1,
W4255487317,10.31235/osf.io/32z5j,Attitudinal and Behavioral Consequences of Published Opinion Polls,2018,frente,RS1527,0,1,
W4255529493,10.2139/ssrn.3919789,Los efectos del fin del conflicto armado con las FARC sobre la participación política regional en Colombia (The Effects of the End of the Armed Conflict with the FARC on Regional Political Participation in Colombia),2021,frente,RS1646,0,1,
W4256207607,10.1111/j.1460-2466.2006.00335.x,Curmudgeonly Advice,2007,tras,RS1577,0,1,
W4280567043,10.1215/03616878-9978145,Counting: How We Use Numbers to Decide What Matters,2022,frente,RS1523,0,1,
W4283312241,10.1057/s41269-022-00250-x,The predictive value of polls in a fragmented multi-party system: the Netherlands (1998–2021),2022,frente,RS1527|RS1536,0,1,
W4283318856,10.1177/02633957221104726,"Populism, public opinion, and the mainstreaming of the far right: The ‘immigration issue’ and the construction of a reactionary ‘people’",2022,frente,RS1522,0,1,
W4283752458,10.1371/journal.pone.0270194,Forecasting elections with agent-based modeling: Two live experiments,2022,frente,RS1523,0,1,
W4283760778,10.1017/s1468109922000020,Electoral coalition signals and voter perceptions,2022,frente,RS1527,0,1,
W4283801768,10.1080/21565503.2022.2092015,Getting out the vote in the projects: lessons from a community organizing experiment,2022,frente,RS1587,0,1,
W4283804491,10.1609/aaai.v36i5.20456,Iterative Calculus of Voting under Plurality,2022,frente,RS1544,0,1,
W4285152008,10.2139/ssrn.4123330,Endogenous Popularity: How Perceptions of Support Affect the Popularity of Authoritarian Regimes,2022,frente,RS1556,0,1,
W4285181860,10.2139/ssrn.4120151,"No Surprises, Please: Voting Costs and Electoral Turnout",2022,frente,RS1587|RS1601,0,1,
W4285295202,10.55052/themis.2022.1.99.139,Szeretlek és/vagy nem is! – A hazai taktikai szavazás formáinak hipotetikus modellalkotása és azok kutatására tett módszertani kísérlet a hagyományos fókuszcsoportok szemszögéből,2022,frente,RS1689,0,1,
W4285719527,,,,tras,RS1527|RS1577,0,0,sem_metadados
W4287147356,10.1080/17447143.2022.2102640,Are media covering while women are campaigning? A study of Mexican municipal elections,2022,frente,RS1536,0,1,
W4288010546,10.30794/pausbed.1119635,An Examination of Election Polls in Turkey From the Total Survey Error Paradigm Perspective,2022,frente,RS1522|RS1536,0,1,
W4288068762,10.14324/111.444.2755-0877.1408,"From Preference to Policy: Wealth, Institutions of Government, and the Search for Democracy",2022,frente,RS1522|RS1536,0,1,
W4289443536,10.1007/s11109-022-09811-4,"What Influences Citizen Forecasts? The Effects of Information, Elite Cues, and Social Cues",2022,frente,RS1527,0,1,
W4290759242,10.2139/ssrn.4178350,The Role of Media in Financial Decision-Making,2022,frente,RS1522,0,1,
W4292157289,10.1126/science.185.4157.1124,Judgment under Uncertainty: Heuristics and Biases,1974,tras,RS1621,0,1,
W4292457503,10.1080/17457289.2022.2110885,An institutional safety net? How electoral institutions mediate the fortunes of parties under threat,2022,frente,RS1527,0,1,
W4294118431,10.1016/j.jpubeco.2022.104735,Do social media ads matter for political behavior? A field experiment,2022,frente,RS1627,0,1,
W4294718651,10.31039/jgss.v1i1.80,Federalism and the Challenges of Democratization in Nigeria: Lessons from the Swiss Model,2020,frente,RS1646,0,1,
W4294904955,10.4324/9781003267911-11,Persistent Optimism under Political Uncertainty,2022,frente,RS1523|RS1527|RS1548,0,1,
W4295928236,10.1332/251510821x16602276230640,"More stress, less voice? The gender gap in political participation during the COVID-19 pandemic",2022,frente,RS1536,0,1,
W4296690349,10.1111/ecpo.12226,Higher turnout increases incumbency advantages: Evidence from mayoral elections,2022,frente,RS1522,0,1,
W4299570096,10.1515/9780691221908,Presidential Primaries and the Dynamics of Public Choice,1988,tras,RS1536|RS1621|RS1625,0,1,
W4300132280,10.2307/444355,An Economic Theory of Democracy,1960,tras,RS1611|RS1694,0,1,
W4300170376,10.1017/cbo9780511818691,The Nature and Origins of Mass Opinion,1992,tras,RS1527|RS1589,0,1,
W4300186927,10.3998/mpub.92266,The American Voter Revisited,2008,tras,RS1625,0,1,
W4300469980,10.1017/cbo9780511761515,Personality and the Foundations of Political Behavior,2010,tras,RS1524|RS1528,0,1,
W4300540376,10.5860/choice.34-0582,What Americans know about politics and why it matters,1996,tras,RS1694,0,1,
W4300789871,10.5771/2192-4007-2016-2-129,Media and campaign effects on vote choice at national elections in Europe: A review of a multilingual research landscape Medien- und Kampagneneffekte auf Wahlentscheidungen bei nationalen Hauptwahlen in Europa: Literaturbericht über eine vielsprachige Forschungslandschaft,2016,frente,RS1527,0,1,
W4300962980,10.1016/j.mathsocsci.2022.09.003,When is intergroup herding beneficial?,2022,frente,RS1522,0,1,
W4301004474,,,,tras,RS1627,0,0,sem_metadados
W4301801263,10.3998/mpub.9946117,The Many Faces of Strategic Voting,2018,tras,RS1625,0,1,
W4301958211,10.1017/cbo9780511809477,Judgment under Uncertainty,1982,tras,RS1621,0,1,
W4302198202,10.1515/9780691222417,A Logic of Expressive Choice,2001,tras,RS1601|RS1627,0,1,
W4302411405,10.4135/9781452234410,"Exit Polls: Surveying the American Electorate, 1972-2010",2012,tras,RS1546,0,1,
W4302608484,10.1017/cbo9780511609343,A Virtuous Circle,2000,tras,RS1611,0,1,
W4306787023,10.1111/ecca.12446,Advanced Technologies and Worker Voice,2022,frente,RS1705,0,1,
W4307927276,10.1017/s1537592722003115,Misinformation in Experimental Political Science,2022,frente,RS1524|RS1536,0,1,
W4309190715,10.1177/14614448221135632,Predicting COVID: Understanding audience responses to predictive journalism via online comments,2022,frente,RS1523,0,1,
W4309650761,10.1007/s11615-022-00436-0,Special Issue Introduction,2022,frente,RS1652,0,1,
W4310178212,10.1257/aer.20201856,Optimality of Matched-Pair Designs in Randomized Controlled Trials,2022,frente,RS1587,0,1,
W4311183425,10.1111/pops.12868,The Most Important Election of Our Lifetime: Focalism and Political Participation,2022,frente,RS1694,0,1,
W4311625862,10.1080/23248823.2022.2150934,Giorgia Meloni in the spotlight. Mobilization and competition strategies in the 2022 Italian election campaign on Facebook,2022,frente,RS1556,0,1,
W4311881515,10.1007/s11109-022-09837-8,Learning from Polls During Electoral Campaigns,2022,frente,RS1523|RS1524,0,1,
W4312083902,10.1016/j.jdeveco.2022.103035,Social stigma as a barrier to HIV testing: Evidence from a randomized experiment in Mozambique,2022,frente,RS1587,0,1,
W4312886346,10.7764/cdi.53.48517,Influencia autoreportada de las encuestas en la intención de voto y factores explicativos,2022,frente,RS1536|RS1548,0,1,
W4313531546,10.1016/j.electstud.2022.102570,Does the early bird always get the worm? First round advantages and second round victories in Latin America,2023,frente,RS1522,0,1,
W4317234260,10.1007/s43545-023-00613-x,A comparative analysis of the causes of the protests in Southern Africa,2023,frente,RS1556,0,1,
W4317695568,10.31219/osf.io/z6fcw,Subjective Probability Correction for Uncertainty Representations,2023,frente,RS1523,0,1,
W4317940137,10.48550/arxiv.2301.08958,A Practical Introduction to Regression Discontinuity Designs: Extensions,2023,tras,RS1705,0,1,
W4319787894,10.1177/10659129231156388,An Empirical Evaluation of Explanations for Political System Support,2023,frente,RS1536,0,1,
W4320488497,10.2139/ssrn.4354261,Cross-State Strategic Voting,2023,frente,RS1627,0,1,
W4323275551,10.1016/j.ejpoleco.2023.102383,Can biased polls distort electoral results? Evidence from the lab,2023,frente,RS1527|RS1694,1,0,ja_no_corpus
W4324122873,10.65864/xza7red8np,Regulatory Barriers to Climate Action: Evidence from Conservation Areas in England,2026,tras,RS1893,0,1,
W4327736610,10.1080/17457289.2023.2189730,Social conformity or attitude persistence? The bandwagon effect and the spiral of silence in a polarized context,2023,frente,RS1556|RS1621,1,0,ja_no_corpus
W4362548983,10.1080/2330443x.2023.2199809,The Polls and the U.S. Presidential Election in 2020 …. and 2024,2023,frente,RS1523|RS1556|RS1646,0,1,
W4362634110,10.1016/j.jebo.2023.03.011,Bandwagons in costly elections: The role of loss aversion,2023,frente,RS1522,0,1,
W4366550099,10.1145/3544548.3580998,Subjective Probability Correction for Uncertainty Representations,2023,frente,RS1523,0,1,
W4377137186,10.1177/21582440231174167,Public Perception of Political Opinion Polls and Their Influence on People’s Voting Behavior: The Case of Mwanza City Residents,2023,frente,RS1527,1,0,ja_no_corpus
W4377224993,10.1177/13540688231176975,The psychological partisan effect of electoral systems: How ideology correlates with strategic voting,2023,frente,RS1527,0,1,
W4380088838,10.1111/ecpo.12249,Did the 2016 election cause changes in substance use? An intersectional approach,2023,frente,RS1523,0,1,
W4381513125,10.31219/osf.io/crwq7,Trust in Survey Results. A Cross-country Replication Experiment,2023,frente,RS1923,0,1,
W4381895311,10.2139/ssrn.4484166,Sustainable Investing and Political Behavior,2023,frente,RS1601,0,1,
W4382355802,10.1093/ijpor/edad022,The Regulation of Pre-election Polls: A Citizen’s Perspective,2023,frente,RS1523,0,1,
W4382459827,10.1515/9780773563643,Letting the People Decide,1992,tras,RS1527,0,1,
W4383376337,10.1080/1369118x.2023.2230267,Election predictions in the news: how users perceive and respond to visual election forecasts,2023,frente,RS1523,0,1,
W4383460901,10.1108/ijphm-07-2021-0074,Do not run out of toilet paper! The risk communication on perceived risk on consumer behavior during the crisis COVID-19,2023,frente,RS1536,0,1,
W4383720470,10.2139/ssrn.4505072,Pack-Crack-Pack: Gerrymandering with Differential Turnout,2023,frente,RS1601,0,1,
W4383743824,10.3386/w31442,Pack-Crack-Pack: Gerrymandering with Differential Turnout,2023,frente,RS1601|RS1627,0,1,
W4384406438,10.1002/bdm.2339,Predicting a win by a small margin: The effect of graphic scaling in published polls on voters' predictions,2023,frente,RS1536,0,1,
W4384569715,10.2139/ssrn.4512478,Pack-Crack-Pack: Gerrymandering with Differential Turnout,2023,frente,RS1601,0,1,
W4385242021,10.31219/osf.io/qpyna,"Swaying the Public? Impacts of Election Forecast Visualizations on Emotion, Trust, and Intention in the 2022 U.S. Midterms",2023,frente,RS1523|RS1587,0,1,
W4385245166,10.20940/jae/2022/v21i2a1,Information Controls and Internet Shutdowns in African Elections: The Politics of Electoral Integrity and Abuses of Power,2022,frente,RS1522,0,1,
W4385323174,10.1016/j.electstud.2023.102656,Momentum in the polls raises electoral expectations,2023,frente,RS1523|RS1524|RS1527|RS1536|RS1556,1,0,ja_no_corpus
W4385363195,10.31219/osf.io/mwg7u,Measuring How Information Changes Electoral Uncertainty in a Developing Democracy: Experimental Evidence from the Country of Georgia,2023,frente,RS1522,0,1,
W4385380692,10.1080/1461670x.2023.2241086,“You’d be Right to Indulge Some Skepticism”: Trust-building Strategies in Future-oriented News Discourse,2023,frente,RS1523,0,1,
W4385467461,10.2139/ssrn.4527559,(How) Do Electoral Surprises Drive Business Cycles? Evidence from a New Dataset,2023,tras,RS1893,0,1,
W4385508082,10.20940/jae/2022/v21i2,,2022,frente,RS1522,0,1,
W4385581026,10.1007/s00355-023-01476-0,Ties,2023,frente,RS1522|RS1587,0,1,
W4385589322,10.2139/ssrn.4520859,Blaming Your Predecessor: Government Turnover and External Financial Assistance,2023,frente,RS1601|RS1627,0,1,
W4385977031,10.1016/j.gmod.2023.101191,Representing uncertainty through sentiment and stance visualizations: A survey,2023,frente,RS1556,0,1,
W4386465523,10.31219/osf.io/r8zy9,Polarizing Political Polls: How Visualization Design Choices Can Shape Public Opinion and Increase Political Polarization,2023,frente,RS1589|RS2247,0,1,
W4386740559,10.1080/19312458.2023.2257595,Linkage Analysis Revised – Linking Digital Traces and Survey Data,2023,frente,RS1577,0,1,
W4386743528,10.1177/237946152200800202,Election polls are 95% confident but only 60% accurate,2022,frente,RS1523,0,1,
W4386827878,10.1093/oxfordhb/9780197541296.013.5,Emotion and Political Psychology,2023,frente,RS1548,0,1,
W4387100061,10.1007/s12286-023-00574-8,Downsian closeness hypothesis under investigation: a study on austrian direct mayoral elections,2023,frente,RS1563|RS1627,0,1,
W4387133160,10.1257/app.20210840,Coordination and Bandwagon Effects: How Past Rankings Shape the Behavior of Voters and Candidates,2023,frente,RS1522,1,0,ja_no_corpus
W4387186182,10.1093/oxfordhb/9780197541302.013.5,Emotion and Political Psychology,2023,frente,RS1548,0,1,
W4387189624,10.19145/e-gifder.1341808,Kamuoyu Araştırmaları ve 2023 Seçim Sonuçları Bağlamında Karşılaştırmalı Bir Analiz,2023,frente,RS1528|RS1547,0,1,
W4387418462,10.1016/j.electstud.2023.102692,When information is not enough for strategic voting,2023,frente,RS1527,0,1,
W4387768500,10.1142/s0217595923500343,Competitive Influence Maximization with Uncertain Competitor Sources and the Bandwagon Effect in Social Networks,2023,frente,RS1556,0,1,
W4387871423,10.1177/1532673x231206139,Messages Designed to Increase Perceived Electoral Closeness Increase Turnout,2023,frente,RS1587,0,1,
W4388065894,10.1093/oso/9780195078541.001.0001,Dirty Politics,1992,tras,RS1577,0,1,
W4388137471,10.31219/osf.io/aq5d2,How public opinion shapes individual policy preferences: do the conformists constrain the contrarians?,2023,frente,RS1536,1,0,ja_no_corpus
W4388402571,10.1093/oso/9780195090635.001.0001,Spiral of Cynicism,1997,tras,RS1577|RS1611,0,1,
W4388429686,10.1007/978-3-031-34738-2_4,Improving Evaluation Using Visualization Decision-Making Models: A Practical Guide,2023,frente,RS1523,0,1,
W4388430708,10.1109/tvcg.2023.3327356,"Swaying the Public? Impacts of Election Forecast Visualizations on Emotion, Trust, and Intention in the 2022 U.S. Midterms",2023,frente,RS1523|RS1587,0,1,
W4388990597,10.1111/1475-6765.12633,Should we include margins of error in public opinion polls?,2023,frente,RS1522|RS1523|RS1524|RS1536|RS1548|RS1587,1,0,ja_no_corpus
W4389614146,10.1086/725767,Partisan Gerrymandering and Turnout,2023,frente,RS1587,0,1,
W4390747066,10.1080/2474736x.2024.2303130,"The closer, the better – How perceived ideological proximity between parties affects the emergence of coalition preferences",2024,frente,RS1527,0,1,
W4390764581,10.32609/0042-8736-2024-1-94-114,Microfoundations of dominance of fundamentalism in economic policy: Is there an antidote?,2024,frente,RS1587,0,1,
W4390898638,10.58256/rjah.v4i3.1217,"‘Millennials and centennials' perspective on streaming narratives in Spain and Mexico: Spiral of silence, bandwagon effect, and third person effect",2023,frente,RS1556,0,1,
W4391542647,10.1080/15205436.2024.2308840,Why Do People Underestimate Polling Effects? Examining the Gap Between Actual and Perceived Polling Effects,2024,frente,RS1621,1,0,ja_no_corpus
W4391668597,10.1016/j.jebo.2023.12.016,Pivotal or popular: The effects of social information and feeling pivotal on civic actions,2024,frente,RS1646,0,1,
W4392730722,10.1162/rest_a_01418,"The Risk of Narrow, Disputable Results in the U.S. Electoral College",2024,frente,RS1587,0,1,
W4392730742,10.1162/rest_a_01415,How Big Is the Media Multiplier? Evidence from Dyadic News Data,2024,frente,RS1646,0,1,
W4393163614,10.1093/ijpor/edae015,Divining Elections: Religious Citizens’ Political Projections and Electoral Turnout in Israel and France,2024,frente,RS1523|RS1548,0,1,
W4393180871,10.24275/uam/izt/dcsh/polis/2023v19n1/bellia,Reasons for voting in the municipal election of Puebla (2021),2024,frente,RS1524|RS1536,1,0,ja_no_corpus
W4393209409,10.24275/uam/izt/dcsh/polis/2023v19n1/,,2023,frente,RS1524|RS1536,0,1,
W4394930528,10.1093/poq/nfae009,Misleading Polls in the Media: Does Survey Clickbait Have Social Consequences?,2024,frente,RS1523,0,1,
W4394962760,10.1093/poq/nfae015,Voters’ Expectations in Constituency Elections without Local Polls,2024,frente,RS1524,0,1,
W4394993025,10.31219/osf.io/s7nv4,The Unequal Challenge of Learning from Under-informative News,2024,frente,RS1523,0,1,
W4396685810,10.2139/ssrn.4819920,"Opinion Polls, Turnout and the Demand for Safe Seats",2024,frente,RS1522|RS1587|RS1601|RS1627,1,0,ja_no_corpus
W4396693998,10.3917/reco.752.0353,Exit Polls and Voter Turnout in the 2017 French Elections,2024,frente,RS1522|RS1563|RS1627,1,0,ja_no_corpus
W4396761092,10.1007/978-3-031-54744-7_12,"Polls, Pundits and Religious Leaders: The Politics of Predicting Election Outcomes in Ghana’s Fourth Republic",2024,frente,RS1524,1,0,ja_no_corpus
W4396833136,10.1145/3613904.3642329,Watching the Election Sausage Get Made: How Data Journalists Visualize the Vote Counting Process in U.S. Elections,2024,frente,RS1523,0,1,
W4396833479,10.1145/3613904.3642371,In Dice We Trust: Uncertainty Displays for Maintaining Trust in Election Forecasts Over Time,2024,frente,RS1523|RS1524|RS1528|RS1587,0,1,
W4397026933,10.1093/oso/9780190089450.002.0008,Notes,2020,frente,RS1524|RS1548,0,1,
W4397026934,10.1093/oso/9780190089450.002.0004,Dedication,2020,frente,RS1524|RS1548,0,1,
W4397026935,10.1093/oso/9780190089450.002.0006,Preface,2020,frente,RS1524|RS1548,0,1,
W4397026936,10.1093/oso/9780190089450.005.0001,Appendices,2020,frente,RS1524|RS1548,0,1,
W4397026937,10.1093/oso/9780190089450.002.0003,Copyright Page,2020,frente,RS1524|RS1548,0,1,
W4398152841,10.2139/ssrn.4834498,Reference Dependence in Voting Behavior: Experimental Evidence,2024,frente,RS1556,0,1,
W4398182532,10.1093/ej/ueae033,Motivated Optimism and Workplace Risk,2024,frente,RS1587,0,1,
W4398289952,10.7910/dvn/lbewbr,Replication data for: The causal eeffect of polls on turnout intention: A local randomization regression discontinuity approach,2020,tras,RS1705,1,0,ja_no_corpus
W4399336371,10.1063/5.0182935,Undi18: The impact of media literacy towards decision to vote,2024,frente,RS1611,0,1,
W4399399450,10.2139/ssrn.4850602,Paying Your Fair Share: Perceived Fairness and Tax Compliance,2024,frente,RS1587,0,1,
W4399908830,10.2139/ssrn.4864181,Macroeconomic Impact of Harmonizing Electoral Cycles: Evidence from India,2024,frente,RS1587,0,1,
W4399910031,10.2139/ssrn.4864243,All the Growth We Cannot See: Staggered Elections in World's Largest Democracy,2024,frente,RS1587,0,1,
W4399922101,10.1111/1475-6765.12706,Using movers to identify close election effects,2024,frente,RS1587,0,1,
W4399990059,10.3386/w32588,Paying Your Fair Share: Perceived Fairness and Tax Compliance,2024,frente,RS1587,0,1,
W4400076572,10.1007/978-3-031-60672-4_1,Introduction,2024,frente,RS1523,0,1,
W4400473698,10.1007/s10683-024-09835-z,Calling “Gevald”: on the emergence of negative election forecasts in partisan communications,2024,frente,RS1522|RS1621,0,1,
W4400606289,10.2139/ssrn.4893582,Macroeconomic Impact of Harmonizing Electoral Cycles: Evidence from India,2024,frente,RS1587,0,1,
W4400684374,10.1086/732243,"No Surprises, Please: Voting Costs and Electoral Turnout",2024,frente,RS1601,0,1,
W4400701047,10.33612/diss.1049901276,Is your vote vital?,2024,frente,RS1522|RS1556|RS1587,0,1,
W4400874644,10.1007/s41358-024-00380-y,Theorie und Empirie der Vergleichenden Koalitionsforschung: Stand und Ausblick,2024,frente,RS1527,0,1,
W4400971341,10.31219/osf.io/927vy,The Backstory to “Swaying the Public”: A Design Chronicle of Election Forecast Visualizations,2024,frente,RS1523|RS1536|RS1556|RS1587|RS1622,0,1,
W4401087441,10.1111/pops.13013,Mass political murder: What and where is the hate?,2024,frente,RS1556,0,1,
W4401246648,10.1016/j.jebo.2024.106680,When fortune favors women: Do marginal increases in female representation persist?,2024,frente,RS1587|RS1627,0,1,
W4401294882,10.1177/14789299241266198,Time on Our Side: Is Scottish Independence More Likely in the Future?,2024,frente,RS1522,0,1,
W4401441679,10.1093/ijpor/edae041,Insurance Voting in the Centre: An Experimental Approach,2024,frente,RS1524|RS1527|RS1536,1,0,ja_no_corpus
W4401852518,10.1016/j.bar.2024.101467,"WITHDRAWN: Political uncertainty, corporate social responsibility, and firm performance",2024,frente,RS1646,0,1,
W4401874168,10.31219/osf.io/6g5zq,Assessing the Reliability of Probabilistic US Presidential Election Forecasts May Take Decades,2024,frente,RS1523,0,1,
W4402140652,10.1111/ajae.12492,Cost misperception and voting for public goods,2024,frente,RS1587,0,1,
W4402401999,10.1109/tvcg.2024.3456366,The Backstory to “Swaying the Public”: A Design Chronicle of Election Forecast Visualizations,2024,frente,RS1523|RS1536|RS1556|RS1587,0,1,
W4402543736,10.1093/jcr/ucae055,"People Believe If 90% Prefer A over B, A Must Be Much Better than B. Are They Wrong?",2024,frente,RS1523,0,1,
W4402546370,10.1177/00323217241274893,Innocent Bystanders or the Forgotten Actors? The Role of Parties and Candidates in Building Electoral Campaign Momentum,2024,frente,RS1548,0,1,
W4402682991,10.3982/ecta20579,Historical Self‐Governance and Norms of Cooperation,2024,frente,RS1627,0,1,
W4402906264,10.1016/j.electstud.2024.102864,Does a voter's decision to sit out an election depend upon where others stand?,2024,frente,RS1522|RS1563|RS1587,0,1,
W4403048585,10.1093/ijpor/edae047,Voters Share Polls That Say What They Want to Hear: Experimental Evidence From Spain and the USA,2024,frente,RS1556|RS1705,1,0,ja_no_corpus
W4403607716,10.57120/yalvac.1538868,Sosyal Medya Pazarlamasının Tüketicinin Moda Alanında Satın Alma Davranışına Etkisi,2024,frente,RS1556,0,1,
W4403700994,10.1017/dsj.2024.25,"An Introduction to Radical Biocracy: A relational, autonomous approach to decision-making towards emergent and symbiotic design",2024,frente,RS1556,0,1,
W4403808092,10.1002/mar.22147,Managing Pharmaceutical Promotion Mix in the Rise of Social Media,2024,frente,RS1556,0,1,
W4404094092,10.1016/j.geb.2024.10.007,Inference from biased polls,2024,frente,RS1601,0,1,
W4404197646,10.1007/s11109-024-09992-0,Leaving a Legacy: Shifting Media Use and American Democratic Attitudes,2024,frente,RS1523,0,1,
W4404559925,10.1016/j.jpubeco.2024.105254,Misperceived effectiveness and the demand for psychotherapy,2024,frente,RS1587,0,1,
W4404998192,10.1080/14631369.2024.2436537,"Predicting partisanship and voting behaviour: Ethno-political polarization in Sindh, Pakistan",2024,frente,RS1524,0,1,
W4405022902,10.2139/ssrn.4981101,Pivotality,2024,frente,RS1601,0,1,
W4405177105,10.1086/730450,On the Representativeness of Voter Turnout,2024,frente,RS1587,0,1,
W4405318152,10.69587/sdc/2.2024.51,Communicative techniques of the U.S. presidents for effective nation leader image formation in social consciousness,2024,frente,RS1523,0,1,
W4405440002,10.2139/ssrn.5013507,"Preventing the Misuse of Digital Influence: The Development of Systems for Preserving and Analyzing Big Tech Content, and Why Such Systems Are Essential for Democracy",2024,frente,RS1556,0,1,
W4405797048,10.2139/ssrn.5069466,From Flat to Fair? The Effects of a Progressive Tax Reform,2024,frente,RS1587,0,1,
W4405847204,10.4018/979-8-3693-6945-6.ch004,"Liberal Democracy, Behavioural Governance, and Communication",2024,frente,RS1522,0,1,
W4406118376,10.1038/s44159-024-00398-7,How aggregated opinions shape beliefs,2025,frente,RS1536,0,1,
W4406184946,10.47076/jkpis.v8i1.320,Dominant Power and Its Bandwagoning Effect on Justice in the Middle East,2025,frente,RS1621,0,1,
W4406930046,10.1089/elj.2024.0007,The “Determinative Popular Vote”: Measuring the Margin in U.S. Presidential Elections,2025,frente,RS1587,0,1,
W4407030534,10.2139/ssrn.5053909,From Flat to Fair? The Effects of a Progressive Tax Reform,2025,frente,RS1587,0,1,
W4407409625,10.1016/j.bar.2025.101566,"Reprint of: Political uncertainty, corporate social responsibility, and firm performance",2025,frente,RS1646,0,1,
W4407594076,10.2139/ssrn.5139177,How Do People Perceive Deepfakes?Deepfake User Perception and its Implications for Deepfake Discernment,2025,frente,RS1621,0,1,
W4407827949,10.1016/j.electstud.2025.102910,Magnitude matters: Voter turnout under different electoral systems,2025,frente,RS1705,0,1,
W4407871843,10.2139/ssrn.5116817,Impacts of Third-Party Entry to a Polarized Two-Party Political System: A Structural Analysis of Taiwan General Elections,2025,frente,RS1601,0,1,
W4408171870,10.1007/s11031-025-10111-7,The internal structure of enthusiasm: a prototype analysis,2025,frente,RS1548,0,1,
W4408338952,10.5209/poso.94050,La influencia de los sondeos preelectorales en votantes indecisos y decididos durante las campañas electorales en España,2025,frente,RS1528,1,0,ja_no_corpus
W4408418976,10.1007/s11109-025-10027-5,"Hope, Optimism, and Expectations for the Political Future",2025,frente,RS1523,0,1,
W4408784509,10.1177/08944393251328309,Electoral Forecasting in Volatile Party System Settings: Assessing and Improving Pre-Election Poll Predictions in Italy,2025,frente,RS1522,0,1,
W4409152892,10.1146/annurev-economics-081624-081637,"Voting Rules, Turnout, and Economic Policies",2025,frente,RS1587|RS1627,0,1,
W4409760424,10.3389/fsoc.2025.1527125,How perceptions of labor market opportunities predict happiness: evidence from natural field experiments,2025,frente,RS1587,0,1,
W4410222389,10.1093/poq/nfaf003,The Effects of Forecasts on the Accuracy and Precision of Expectations,2025,frente,RS1523|RS1524|RS1536|RS1548,0,1,
W4411134938,10.1093/ijpor/edaf018,Trust in Election Polls. The Role of the Source Institution and the Results of the Poll,2025,frente,RS1536,0,1,
W4411161361,10.3389/fmars.2025.1549424,"Bandwagon effect, free-rider effect, tragedy of the commons: collaborative governance of marine pollution",2025,frente,RS1548|RS1556,0,1,
W4411370881,10.1080/1369118x.2025.2518260,Seeing through the fake: how users detect and interpret deepfakes,2025,frente,RS1621,0,1,
W4411568685,10.1017/s0007123424001029,Political Activists are Not Driven by Instrumental Motives: Evidence from Two Natural Field Experiments,2025,frente,RS1587|RS1601,0,1,
W4411781533,10.1093/ijpor/edaf031,Survey Nonresponse After Elections: Investigating the Role of Winner-Loser Effects in Panel Attrition,2025,frente,RS1705,0,1,
W4411945783,10.1080/17457289.2025.2513299,"Mobilizing the countryside: rurality, turnout and postal voting",2025,frente,RS1601,0,1,
W4412107880,10.1016/j.jebo.2025.107112,The effect of social pressure when judging favorites and underdogs,2025,frente,RS1522|RS1528,0,1,
W4412191503,10.1017/psrm.2025.10033,Voter turnout and selective abstention in concurrent votes,2025,frente,RS1601,0,1,
W4413022499,10.1177/00323217251359362,Electoral Hope,2025,frente,RS1522,0,1,
W4413062839,10.1515/spp-2024-0061,Estimating Crowd: Electoral Adjustment and Spatial Effects of Turnout During Covid-19 Pandemic,2025,frente,RS1522,0,1,
W4413135251,10.1007/s11238-025-10079-3,What drives voter turnout? Experimental insights on collectivism and probability weighting,2025,frente,RS1522|RS1587,0,1,
W4413459561,10.1177/20531680251363650,Countering online abuse of politicians through information about consequences and norms,2025,frente,RS1522,0,1,
W4413849883,10.1080/17457289.2025.2547178,Bandwagon or backlash? Examining the impact of Trump’s 2016 election on support for the West European far right,2025,frente,RS1522,0,1,
W4413932588,10.1093/ijpor/edaf040,Rally Around the Winner—A Two-Wave Panel Survey on the Impact of the U.S. Election on Foreign Policy Stances,2025,frente,RS1556,0,1,
W4414080281,10.1016/j.ijhm.2025.104411,Measuring hotel leadership’s perception of trust: Development of the trust in governance systems (TGS) scale,2025,frente,RS1536,0,1,
W4414210816,10.1080/01292986.2025.2554070,The horse race and the intruder: media dynamics in three-way election,2025,frente,RS1524|RS1527|RS1536,1,0,ja_no_corpus
W4414329705,10.1080/22041451.2025.2531637,How people perceived and engage with political astroturfing accounts,2025,frente,RS1556|RS1621,0,1,
W4414377517,10.1111/1365-2656.70135,Density dependent habitat selection in response to habitat loss in a coral reef fish,2025,frente,RS1556,0,1,
W4414526108,10.1080/17524032.2025.2560396,From Cold War Repression to Think Tank Communication: The Evolution of Neoliberal Authoritarianism and the Criminalization of Climate Activism,2025,frente,RS1596,0,1,
W4414794607,10.1080/10584609.2025.2556703,Journalists as Reluctant Political Prophets,2025,frente,RS1523,0,1,
W4414903570,10.1007/s12144-025-08479-3,Young adults’ moral double standards toward the advantaged and disadvantaged: the role of power distance,2025,frente,RS1621,0,1,
W6603658136,,,,tras,RS1625,0,0,sem_metadados
W6629156700,,,,tras,RS1799,0,0,sem_metadados
W6629587334,,,,tras,RS1694,0,0,sem_metadados
W6631397496,,,,tras,RS1577,0,0,sem_metadados
W6648550943,,,,tras,RS1694,0,0,sem_metadados
W6654444367,,,,tras,RS1627|RS1694,0,0,sem_metadados
W6657356030,,,,tras,RS1601,0,0,sem_metadados
W6658733371,,,,tras,RS1627,0,0,sem_metadados
W6659865732,,,,tras,RS1522,0,0,sem_metadados
W6660801947,,,,tras,RS1694,0,0,sem_metadados
W6661356937,,,,tras,RS1694|RS1893,0,0,sem_metadados
W6665052290,,,,tras,RS1627|RS1694,0,0,sem_metadados
W6665890914,,,,tras,RS1548,0,0,sem_metadados
W6670789733,,,,tras,RS1627,0,0,sem_metadados
W6671140239,,,,tras,RS1577,0,0,sem_metadados
W6673815255,,,,tras,RS1694,0,0,sem_metadados
W6676028428,,,,tras,RS1621,0,0,sem_metadados
W6676133516,,,,tras,RS1694,0,0,sem_metadados
W6678143159,,,,tras,RS1577,0,0,sem_metadados
W6679710626,,,,tras,RS1694,0,0,sem_metadados
W6679943224,,,,tras,RS1627,0,0,sem_metadados
W6680274760,,,,tras,RS1627|RS1694,0,0,sem_metadados
W6680424015,,,,tras,RS1694|RS1799,0,0,sem_metadados
W6680550477,,,,tras,RS1694,0,0,sem_metadados
W6683577095,,,,tras,RS1694,0,0,sem_metadados
W6683879198,,,,tras,RS1627|RS1694,0,0,sem_metadados
W6684388000,,,,tras,RS1577,0,0,sem_metadados
W6684650130,,,,tras,RS1627,0,0,sem_metadados
W6684878240,,,,tras,RS1694,0,0,sem_metadados
W6694320558,,,,tras,RS1627,0,0,sem_metadados
W6721316894,,,,tras,RS1527,0,0,sem_metadados
W6722781928,,,,tras,RS1556|RS1577,0,0,sem_metadados
W6727435268,,,,tras,RS1601,0,0,sem_metadados
W6733118544,,,,tras,RS1601|RS1705,0,0,sem_metadados
W6751001035,,,,tras,RS1627,0,0,sem_metadados
W6767647160,,,,tras,RS1556,0,0,sem_metadados
W6769086834,,,,tras,RS1556,0,0,sem_metadados
W6769674731,,,,tras,RS1621,0,0,sem_metadados
W6773499010,,,,tras,RS1601,0,0,sem_metadados
W6784473909,,,,tras,RS1527,0,0,sem_metadados
W6929237583,,,,tras,RS1652,0,0,sem_metadados
W7018303586,,,,tras,RS1621,0,0,sem_metadados
W7028267032,,,,tras,RS1577,0,0,sem_metadados
W7033185062,,,,tras,RS1625,0,0,sem_metadados
W7075648147,,,,tras,RS1694,0,0,sem_metadados
W7116093536,10.1111/ssqu.70117,"Predicting Congressional Elections From Expert Ratings, 1964–2022",2025,frente,RS1523,1,0,ja_no_corpus
W7117965837,10.1137/24m1719505,How Time and Pollster History Affect U.S. Election Forecasts under a Compartmental Modeling Approach,2026,frente,RS1523,0,1,
W7117969687,10.1007/978-981-95-2844-8_28,Attacks on DAOs,2025,frente,RS1522,0,1,
W7124970901,10.1111/psj.70098,Issue Attention in Public Opinion Polls: Pollsters as Agenda Responders and Agenda Setters,2026,frente,RS1524,0,1,
W7124993682,10.3389/fpos.2025.1715985,Survey as an instrument of power: a discourse analysis of knowledge production by survey institutions in Indonesia from the perspective of Michel Foucault,2026,frente,RS1556,0,1,
W7126076836,10.1017/s0007123425101191,Three Is a Crowd: Information and Electoral Coordination in Argentina,2026,frente,RS1522|RS1601|RS1625,0,1,
W7126122007,10.1257/pol.20240630,Cross-State Strategic Voting,2026,frente,RS1627,0,1,
W7128424040,10.1140/epjds/s13688-025-00612-3,Generative AI voting: fair collective choice is resilient to LLM biases and inconsistencies,2026,frente,RS1524,0,1,
W7128501601,10.1177/30497841261415621,Framing local democracy: Bengali newspapers’ coverage of the 2023 West Bengal Panchayat Election,2026,frente,RS1577,0,1,
W7128780702,10.21070/acopen.10.2025.7495,Conformity and Interpersonal Drivers of Adolescent Bandwagon Behavior,2025,frente,RS1556|RS1621,0,1,
W7128813919,10.1007/s11615-026-00648-8,Blocking the Radical Right: Evidence from Strategic Candidate Voting Against the AfD in Germany’s 2025 Federal Election,2026,frente,RS1527,0,1,
W7131252194,10.1017/psrm.2026.10094,Measuring inter-party communication: a transformer-based approach,2026,frente,RS1527,0,1,
W7131359411,10.54688/ayd.1760361,ELECTORAL CAMPAIGNS AND VOTER BEHAVIOR: A SYSTEMATIC LITERATURE REVIEW AND AGENDA FOR FUTURE RESEARCH,2026,frente,RS1548,1,0,ja_no_corpus
W7131668341,10.1016/j.electstud.2026.103061,District expectations and strategic defection in two-tiered proportional systems: The case of the 2021 Norwegian election,2026,frente,RS1524|RS1536,0,1,
W7133693586,10.2139/ssrn.6249558,Changing Modes or Changing Pollsters? U.S. Presidential Election Polls From 2016 to 2024,2026,frente,RS1523,0,1,
W7139947172,10.1093/jeea/jvag014,"Political Interdependence: Evidence from Emigrant Voter Turnout in 1,267 Elections Worldwide",2026,frente,RS1601,0,1,
W7140033493,10.1093/poq/nfag006,"Conditioning Public Opinion Perceptions by “Survey Methods 101”: Informing, Engaging, and Motivating Individuals for Critical Processing of Public Opinion Polls",2026,frente,RS1523|RS1536,0,1,
W7141709779,10.3917/e.reco.752.0353,Exit Polls and Voter Turnout in the 2017 French Elections,2024,frente,RS1522|RS1563,1,0,ja_no_corpus
W7147150360,10.1016/j.electstud.2026.103074,Do strategic voters have a strategic personality? Examining the role of machiavellianism in strategic voting,2026,frente,RS1527,1,0,ja_no_corpus
W7151992636,10.1080/17512786.2026.2651972,From the Streets to the Tweets. The Influence of Public Opinion Information on Journalists’ Judgments,2026,frente,RS1528,0,1,
W7154589127,10.1093/jssam/smag006,Toward a Margin of Total Error,2026,frente,RS1523,0,1,
W7155086065,10.1016/j.electstud.2026.103080,Bandwagon or Titanic? How outcome expectations influence voting in direct democracy,2026,frente,RS1524|RS1536,1,0,ja_no_corpus
W7161836617,10.1177/14789299261445001,Does the election closeness message increase voter turnout? Evidence from a field experiment in Japan,2026,frente,RS1587|RS1601,0,1,
W7165177961,10.1016/j.jretconser.2026.104932,"Jumping on the bandwagon: Emotional responses, attitude, and willingness to buy in luxury fine dining choices",2026,frente,RS1621,0,1,
W7165368398,10.1093/rfs/hhag055,Green Investing and Political Behavior,2026,frente,RS1601,0,1,
W7165755613,10.2139/ssrn.6991839,How Elections Reshape Beliefs: Cognitive and Social Dissonance in Political Preference Formation,2026,frente,RS1522,0,1,
W7165941597,10.1287/opre.2024.1167,Combating Gerrymandering with Ranked Choice Voting: An Experimental Analysis of Multimember Districts in the United States,2026,frente,RS1587,0,1,
W7168185816,10.1057/s41295-026-00492-5,Does electoral volatility imply short-term voting motives?,2026,frente,RS1577,0,1,
W7169766704,10.1515/9783111386034-016,"1813.5 Political Parties and Their Voters: Mobilising Their Brethren, Persuading the Likely Converts",2026,frente,RS1591,0,1,
W7171449610,10.1057/s41269-026-00432-x,Assessing voters’ perceptions of candidate electability in preferential list-PR systems: evidence from local elections in Belgium,2026,frente,RS1527,1,0,ja_no_corpus
W7172407724,10.1109/mc.2026.3695675,Betting on the Future in Prediction Markets,2026,frente,RS1556,0,1,
W7197002918,10.1017/s1475676526101625,"Losing elections, losing trust? A quasi-experimental investigation of the winner-loser gap on political trust",2026,frente,RS1528,0,1,
W7204753046,10.1093/ijpor/edag020,Interviewer versus automation in preelection telephone surveys: evidence from South Korea's 2024 National Assembly Election,2026,frente,RS1524|RS1528,1,0,ja_no_corpus
W7208818978,10.1177/13691481261481099,"Do electoral polls explain the winner–loser gap in political trust? A panel study on polls, election results, and political trust in Belgium",2026,frente,RS1523|RS1527,1,0,ja_no_corpus
W7212056320,10.26599/gjms.2026.9330028,Understanding Generative AI-Based Health Information Seeking through the Influence of Presumed Media Influence Model,2026,frente,RS1536,0,1,
W7212310440,10.1016/j.electstud.2026.103142,Polling and parliamentary representation: Strategic voting in the 2025 German federal election,2026,frente,RS1523|RS1524|RS1527,1,0,ja_no_corpus
